ISO-10303-21;
HEADER;
FILE_DESCRIPTION(('Open CASCADE Model'),'2;1');
FILE_NAME('Open CASCADE Shape Model','2026-09-18T22:27:19',('Author'),(
    'Open CASCADE'),'Open CASCADE STEP processor 7.9','Open CASCADE 7.9'
  ,'Unknown');
FILE_SCHEMA(('AUTOMOTIVE_DESIGN { 1 0 10303 214 1 1 1 1 }'));
ENDSEC;
DATA;
#1 = APPLICATION_PROTOCOL_DEFINITION('international standard',
  'automotive_design',2000,#2);
#2 = APPLICATION_CONTEXT(
  'core data for automotive mechanical design processes');
#3 = SHAPE_DEFINITION_REPRESENTATION(#4,#10);
#4 = PRODUCT_DEFINITION_SHAPE('','',#5);
#5 = PRODUCT_DEFINITION('design','',#6,#9);
#6 = PRODUCT_DEFINITION_FORMATION('','',#7);
#7 = PRODUCT('Open CASCADE STEP translator 7.9 1',
  'Open CASCADE STEP translator 7.9 1','',(#8));
#8 = PRODUCT_CONTEXT('',#2,'mechanical');
#9 = PRODUCT_DEFINITION_CONTEXT('part definition',#2,'design');
#10 = ADVANCED_BREP_SHAPE_REPRESENTATION('',(#11,#15),#12425);
#11 = AXIS2_PLACEMENT_3D('',#12,#13,#14);
#12 = CARTESIAN_POINT('',(0.,0.,0.));
#13 = DIRECTION('',(0.,0.,1.));
#14 = DIRECTION('',(1.,0.,-0.));
#15 = MANIFOLD_SOLID_BREP('',#16);
#16 = CLOSED_SHELL('',(#17,#6513,#6610,#6786,#6868,#7063,#7264,#7425,
    #7528,#7555,#7588,#7658,#7788,#7826,#7897,#7922,#7950,#7956,#7963,
    #7989,#8037,#8064,#8092,#8119,#8169,#8194,#8226,#8263,#8269,#8303,
    #8337,#8384,#8411,#8439,#8446,#8543,#8719,#8801,#8996,#9197,#9358,
    #9461,#9488,#9521,#9591,#9721,#9759,#9830,#9855,#9883,#9889,#9896,
    #9922,#9970,#9997,#10025,#10052,#10102,#10127,#10159,#10196,#10202,
    #10236,#10270,#10317,#10344,#10372,#10379,#10440,#10647,#10848,
    #11009,#11112,#11139,#11172,#11254,#11418,#11602,#11673,#11698,
    #11727,#11761,#11808,#11835,#11863,#11890,#11940,#11965,#11993,
    #11999,#12034,#12084,#12092,#12118,#12166,#12193,#12221,#12248,
    #12298,#12323,#12355,#12392,#12398));
#17 = ADVANCED_FACE('',(#18,#2261,#4402),#31,.T.);
#18 = FACE_BOUND('',#19,.F.);
#19 = EDGE_LOOP('',(#20,#53,#76,#109,#164,#225,#254,#627,#656,#999,#1028
    ,#1065,#1111,#1142,#1165,#1192,#1193,#1219,#1265,#1302,#1335,#1678,
    #1707,#2080,#2113,#2174,#2229,#2260));
#20 = ORIENTED_EDGE('',*,*,#21,.F.);
#21 = EDGE_CURVE('',#22,#22,#24,.T.);
#22 = VERTEX_POINT('',#23);
#23 = CARTESIAN_POINT('',(22.2,-2.718715889695E-15,485.));
#24 = SURFACE_CURVE('',#25,(#30,#42),.PCURVE_S1.);
#25 = CIRCLE('',#26,22.2);
#26 = AXIS2_PLACEMENT_3D('',#27,#28,#29);
#27 = CARTESIAN_POINT('',(0.,0.,485.));
#28 = DIRECTION('',(0.,0.,1.));
#29 = DIRECTION('',(1.,0.,0.));
#30 = PCURVE('',#31,#36);
#31 = CYLINDRICAL_SURFACE('',#32,22.2);
#32 = AXIS2_PLACEMENT_3D('',#33,#34,#35);
#33 = CARTESIAN_POINT('',(0.,0.,485.));
#34 = DIRECTION('',(-0.,-0.,-1.));
#35 = DIRECTION('',(1.,0.,0.));
#36 = DEFINITIONAL_REPRESENTATION('',(#37),#41);
#37 = LINE('',#38,#39);
#38 = CARTESIAN_POINT('',(-0.,0.));
#39 = VECTOR('',#40,1.);
#40 = DIRECTION('',(-1.,0.));
#41 = ( GEOMETRIC_REPRESENTATION_CONTEXT(2) 
PARAMETRIC_REPRESENTATION_CONTEXT() REPRESENTATION_CONTEXT('2D SPACE',''
  ) );
#42 = PCURVE('',#43,#48);
#43 = CONICAL_SURFACE('',#44,20.8,0.173245666452);
#44 = AXIS2_PLACEMENT_3D('',#45,#46,#47);
#45 = CARTESIAN_POINT('',(0.,0.,477.));
#46 = DIRECTION('',(0.,0.,1.));
#47 = DIRECTION('',(1.,0.,-0.));
#48 = DEFINITIONAL_REPRESENTATION('',(#49),#52);
#49 = B_SPLINE_CURVE_WITH_KNOTS('',1,(#50,#51),.UNSPECIFIED.,.F.,.F.,(2,
    2),(0.,6.28318530718),.PIECEWISE_BEZIER_KNOTS.);
#50 = CARTESIAN_POINT('',(0.,8.));
#51 = CARTESIAN_POINT('',(6.28318530718,8.));
#52 = ( GEOMETRIC_REPRESENTATION_CONTEXT(2) 
PARAMETRIC_REPRESENTATION_CONTEXT() REPRESENTATION_CONTEXT('2D SPACE',''
  ) );
#53 = ORIENTED_EDGE('',*,*,#54,.T.);
#54 = EDGE_CURVE('',#22,#55,#57,.T.);
#55 = VERTEX_POINT('',#56);
#56 = CARTESIAN_POINT('',(22.2,0.,487.));
#57 = SEAM_CURVE('',#58,(#62,#69),.PCURVE_S1.);
#58 = LINE('',#59,#60);
#59 = CARTESIAN_POINT('',(22.2,0.,485.));
#60 = VECTOR('',#61,1.);
#61 = DIRECTION('',(0.,0.,1.));
#62 = PCURVE('',#31,#63);
#63 = DEFINITIONAL_REPRESENTATION('',(#64),#68);
#64 = LINE('',#65,#66);
#65 = CARTESIAN_POINT('',(-0.,0.));
#66 = VECTOR('',#67,1.);
#67 = DIRECTION('',(-0.,-1.));
#68 = ( GEOMETRIC_REPRESENTATION_CONTEXT(2) 
PARAMETRIC_REPRESENTATION_CONTEXT() REPRESENTATION_CONTEXT('2D SPACE',''
  ) );
#69 = PCURVE('',#31,#70);
#70 = DEFINITIONAL_REPRESENTATION('',(#71),#75);
#71 = LINE('',#72,#73);
#72 = CARTESIAN_POINT('',(-6.28318530718,0.));
#73 = VECTOR('',#74,1.);
#74 = DIRECTION('',(-0.,-1.));
#75 = ( GEOMETRIC_REPRESENTATION_CONTEXT(2) 
PARAMETRIC_REPRESENTATION_CONTEXT() REPRESENTATION_CONTEXT('2D SPACE',''
  ) );
#76 = ORIENTED_EDGE('',*,*,#77,.F.);
#77 = EDGE_CURVE('',#78,#55,#80,.T.);
#78 = VERTEX_POINT('',#79);
#79 = CARTESIAN_POINT('',(22.186513548268,0.773703155309,487.));
#80 = SURFACE_CURVE('',#81,(#86,#93),.PCURVE_S1.);
#81 = CIRCLE('',#82,22.2);
#82 = AXIS2_PLACEMENT_3D('',#83,#84,#85);
#83 = CARTESIAN_POINT('',(0.,0.,487.));
#84 = DIRECTION('',(0.,0.,-1.));
#85 = DIRECTION('',(1.,0.,0.));
#86 = PCURVE('',#31,#87);
#87 = DEFINITIONAL_REPRESENTATION('',(#88),#92);
#88 = LINE('',#89,#90);
#89 = CARTESIAN_POINT('',(-6.28318530718,-2.));
#90 = VECTOR('',#91,1.);
#91 = DIRECTION('',(1.,-0.));
#92 = ( GEOMETRIC_REPRESENTATION_CONTEXT(2) 
PARAMETRIC_REPRESENTATION_CONTEXT() REPRESENTATION_CONTEXT('2D SPACE',''
  ) );
#93 = PCURVE('',#94,#99);
#94 = PLANE('',#95);
#95 = AXIS2_PLACEMENT_3D('',#96,#97,#98);
#96 = CARTESIAN_POINT('',(21.9,0.,487.));
#97 = DIRECTION('',(0.,0.,1.));
#98 = DIRECTION('',(1.,0.,0.));
#99 = DEFINITIONAL_REPRESENTATION('',(#100),#108);
#100 = ( BOUNDED_CURVE() B_SPLINE_CURVE(2,(#101,#102,#103,#104,#105,#106
,#107),.UNSPECIFIED.,.T.,.F.) B_SPLINE_CURVE_WITH_KNOTS((1,2,2,2,2,1),(
    -2.094395102393,0.,2.094395102393,4.188790204786,6.28318530718,
8.377580409573),.UNSPECIFIED.) CURVE() GEOMETRIC_REPRESENTATION_ITEM() 
RATIONAL_B_SPLINE_CURVE((1.,0.5,1.,0.5,1.,0.5,1.)) REPRESENTATION_ITEM(
  '') );
#101 = CARTESIAN_POINT('',(0.3,0.));
#102 = CARTESIAN_POINT('',(0.3,-38.45152792802));
#103 = CARTESIAN_POINT('',(-33.,-19.22576396401));
#104 = CARTESIAN_POINT('',(-66.3,-5.437431788214E-15));
#105 = CARTESIAN_POINT('',(-33.,19.225763964015));
#106 = CARTESIAN_POINT('',(0.3,38.451527928029));
#107 = CARTESIAN_POINT('',(0.3,0.));
#108 = ( GEOMETRIC_REPRESENTATION_CONTEXT(2) 
PARAMETRIC_REPRESENTATION_CONTEXT() REPRESENTATION_CONTEXT('2D SPACE',''
  ) );
#109 = ORIENTED_EDGE('',*,*,#110,.F.);
#110 = EDGE_CURVE('',#111,#78,#113,.T.);
#111 = VERTEX_POINT('',#112);
#112 = CARTESIAN_POINT('',(22.177466041007,1.,487.38907295259));
#113 = SURFACE_CURVE('',#114,(#127,#143),.PCURVE_S1.);
#114 = B_SPLINE_CURVE_WITH_KNOTS('',6,(#115,#116,#117,#118,#119,#120,
    #121,#122,#123,#124,#125,#126),.UNSPECIFIED.,.F.,.F.,(7,5,7),(0.,
    0.524423805752,1.),.UNSPECIFIED.);
#115 = CARTESIAN_POINT('',(22.177466041007,1.,487.38907295259));
#116 = CARTESIAN_POINT('',(22.177466041007,1.,487.33650001888));
#117 = CARTESIAN_POINT('',(22.177732694433,0.994082959691,
    487.28402625777));
#118 = CARTESIAN_POINT('',(22.178269563032,0.982185264151,
    487.23288401476));
#119 = CARTESIAN_POINT('',(22.179064130345,0.964294592938,
    487.18440921396));
#120 = CARTESIAN_POINT('',(22.180086483513,0.940542561115,
    487.14007631106));
#121 = CARTESIAN_POINT('',(22.182377591514,0.884776212377,487.0665802868
    ));
#122 = CARTESIAN_POINT('',(22.183622313409,0.853550693593,
    487.03614163273));
#123 = CARTESIAN_POINT('',(22.184971782762,0.818235793782,
    487.01218312275));
#124 = CARTESIAN_POINT('',(22.186351462429,0.779968928959,
    486.99606716044));
#125 = CARTESIAN_POINT('',(22.187696647034,0.740085070252,
    486.98853450978));
#126 = CARTESIAN_POINT('',(22.188961219489,0.7,486.98971296439));
#127 = PCURVE('',#31,#128);
#128 = DEFINITIONAL_REPRESENTATION('',(#129),#142);
#129 = B_SPLINE_CURVE_WITH_KNOTS('',6,(#130,#131,#132,#133,#134,#135,
    #136,#137,#138,#139,#140,#141),.UNSPECIFIED.,.F.,.F.,(7,5,7),(0.,
    0.524423805752,1.),.UNSPECIFIED.);
#130 = CARTESIAN_POINT('',(-4.506029212466E-02,-2.389072952598));
#131 = CARTESIAN_POINT('',(-4.506029212466E-02,-2.336500018886));
#132 = CARTESIAN_POINT('',(-4.479348839386E-02,-2.284026257772));
#133 = CARTESIAN_POINT('',(-4.425701043926E-02,-2.232884014761));
#134 = CARTESIAN_POINT('',(-4.345033058749E-02,-2.184409213961));
#135 = CARTESIAN_POINT('',(-4.237943052254E-02,-2.140076311062));
#136 = CARTESIAN_POINT('',(-3.986531372507E-02,-2.066580286804));
#137 = CARTESIAN_POINT('',(-3.845764278619E-02,-2.036141632735));
#138 = CARTESIAN_POINT('',(-3.686572408323E-02,-2.012183122756));
#139 = CARTESIAN_POINT('',(-3.514087844249E-02,-1.996067160448));
#140 = CARTESIAN_POINT('',(-3.334329092176E-02,-1.98853450978));
#141 = CARTESIAN_POINT('',(-3.153675884235E-02,-1.989712964399));
#142 = ( GEOMETRIC_REPRESENTATION_CONTEXT(2) 
PARAMETRIC_REPRESENTATION_CONTEXT() REPRESENTATION_CONTEXT('2D SPACE',''
  ) );
#143 = PCURVE('',#144,#149);
#144 = CYLINDRICAL_SURFACE('',#145,0.3);
#145 = AXIS2_PLACEMENT_3D('',#146,#147,#148);
#146 = CARTESIAN_POINT('',(21.995472751085,0.7,487.21947347095));
#147 = DIRECTION('',(0.731578236503,0.,0.681757496383));
#148 = DIRECTION('',(0.,1.,0.));
#149 = DEFINITIONAL_REPRESENTATION('',(#150),#163);
#150 = B_SPLINE_CURVE_WITH_KNOTS('',6,(#151,#152,#153,#154,#155,#156,
    #157,#158,#159,#160,#161,#162),.UNSPECIFIED.,.F.,.F.,(7,5,7),(0.,
    0.524423805752,1.),.UNSPECIFIED.);
#151 = CARTESIAN_POINT('',(9.414691248821E-14,0.248768048092));
#152 = CARTESIAN_POINT('',(-0.128204047111,0.212926056427));
#153 = CARTESIAN_POINT('',(-0.256773496531,0.177346754267));
#154 = CARTESIAN_POINT('',(-0.386495807009,0.142872908096));
#155 = CARTESIAN_POINT('',(-0.518014255668,0.110406137418));
#156 = CARTESIAN_POINT('',(-0.652000169059,8.09297798585E-02));
#157 = CARTESIAN_POINT('',(-0.913858962747,3.249943911686E-02));
#158 = CARTESIAN_POINT('',(-1.042017197463,1.265826997425E-02));
#159 = CARTESIAN_POINT('',(-1.172377450736,-2.688381396895E-03));
#160 = CARTESIAN_POINT('',(-1.304234505684,-1.266621589378E-02));
#161 = CARTESIAN_POINT('',(-1.437179425956,-1.681754917302E-02));
#162 = CARTESIAN_POINT('',(-1.570796326795,-1.508899521599E-02));
#163 = ( GEOMETRIC_REPRESENTATION_CONTEXT(2) 
PARAMETRIC_REPRESENTATION_CONTEXT() REPRESENTATION_CONTEXT('2D SPACE',''
  ) );
#164 = ORIENTED_EDGE('',*,*,#165,.F.);
#165 = EDGE_CURVE('',#166,#111,#168,.T.);
#166 = VERTEX_POINT('',#167);
#167 = CARTESIAN_POINT('',(22.177466041007,1.,487.1));
#168 = SURFACE_CURVE('',#169,(#184,#202),.PCURVE_S1.);
#169 = B_SPLINE_CURVE_WITH_KNOTS('',5,(#170,#171,#172,#173,#174,#175,
    #176,#177,#178,#179,#180,#181,#182,#183),.UNSPECIFIED.,.F.,.F.,(6,4,
    4,6),(0.,5.550801240636E-02,0.555214315676,1.),.UNSPECIFIED.);
#170 = CARTESIAN_POINT('',(22.177466041007,1.,487.1));
#171 = CARTESIAN_POINT('',(22.177466041007,1.,487.10417054189));
#172 = CARTESIAN_POINT('',(22.177466041007,1.,487.10836466604));
#173 = CARTESIAN_POINT('',(22.177466041007,1.,487.11258223087));
#174 = CARTESIAN_POINT('',(22.177466041007,1.,487.11682308163));
#175 = CARTESIAN_POINT('',(22.177466041007,1.,487.15947307782));
#176 = CARTESIAN_POINT('',(22.177466041007,1.,487.19973571165));
#177 = CARTESIAN_POINT('',(22.177466041007,1.,487.24174365262));
#178 = CARTESIAN_POINT('',(22.177466041007,1.,487.28530153267));
#179 = CARTESIAN_POINT('',(22.177466041007,1.,487.3701450394));
#180 = CARTESIAN_POINT('',(22.177466041007,1.,487.41115755692));
#181 = CARTESIAN_POINT('',(22.177466041007,1.,487.45308090118));
#182 = CARTESIAN_POINT('',(22.177466041007,1.,487.49577281331));
#183 = CARTESIAN_POINT('',(22.177466041007,1.,487.53911766157));
#184 = PCURVE('',#31,#185);
#185 = DEFINITIONAL_REPRESENTATION('',(#186),#201);
#186 = B_SPLINE_CURVE_WITH_KNOTS('',5,(#187,#188,#189,#190,#191,#192,
    #193,#194,#195,#196,#197,#198,#199,#200),.UNSPECIFIED.,.F.,.F.,(6,4,
    4,6),(0.,5.550801240636E-02,0.555214315676,1.),.UNSPECIFIED.);
#187 = CARTESIAN_POINT('',(-4.506029212466E-02,-2.1));
#188 = CARTESIAN_POINT('',(-4.506029212466E-02,-2.104170541891));
#189 = CARTESIAN_POINT('',(-4.506029212466E-02,-2.108364666046));
#190 = CARTESIAN_POINT('',(-4.506029212466E-02,-2.112582230875));
#191 = CARTESIAN_POINT('',(-4.506029212466E-02,-2.116823081636));
#192 = CARTESIAN_POINT('',(-4.506029212466E-02,-2.159473077828));
#193 = CARTESIAN_POINT('',(-4.506029212466E-02,-2.199735711656));
#194 = CARTESIAN_POINT('',(-4.506029212466E-02,-2.24174365262));
#195 = CARTESIAN_POINT('',(-4.506029212466E-02,-2.285301532672));
#196 = CARTESIAN_POINT('',(-4.506029212466E-02,-2.370145039402));
#197 = CARTESIAN_POINT('',(-4.506029212466E-02,-2.411157556925));
#198 = CARTESIAN_POINT('',(-4.506029212466E-02,-2.453080901181));
#199 = CARTESIAN_POINT('',(-4.506029212466E-02,-2.495772813314));
#200 = CARTESIAN_POINT('',(-4.506029212466E-02,-2.539117661579));
#201 = ( GEOMETRIC_REPRESENTATION_CONTEXT(2) 
PARAMETRIC_REPRESENTATION_CONTEXT() REPRESENTATION_CONTEXT('2D SPACE',''
  ) );
#202 = PCURVE('',#203,#208);
#203 = B_SPLINE_SURFACE_WITH_KNOTS('',1,1,(
    (#204,#205)
    ,(#206,#207
    )),.UNSPECIFIED.,.F.,.F.,.F.,(2,2),(2,2),(0.,1.769738834666),(0.,1.)
  ,.PIECEWISE_BEZIER_KNOTS.);
#204 = CARTESIAN_POINT('',(21.977260975836,1.,487.1));
#205 = CARTESIAN_POINT('',(21.977260975836,1.,493.));
#206 = CARTESIAN_POINT('',(22.225210910135,1.,487.1));
#207 = CARTESIAN_POINT('',(23.746999810502,1.,493.));
#208 = DEFINITIONAL_REPRESENTATION('',(#209),#224);
#209 = B_SPLINE_CURVE_WITH_KNOTS('',5,(#210,#211,#212,#213,#214,#215,
    #216,#217,#218,#219,#220,#221,#222,#223),.UNSPECIFIED.,.F.,.F.,(6,4,
    4,6),(0.,5.550801240636E-02,0.555214315676,1.),.UNSPECIFIED.);
#210 = CARTESIAN_POINT('',(1.428960567102,0.));
#211 = CARTESIAN_POINT('',(1.42276114603,7.068715069604E-04));
#212 = CARTESIAN_POINT('',(1.416593909535,1.41774000782E-03));
#213 = CARTESIAN_POINT('',(1.410459130408,2.132581504287E-03));
#214 = CARTESIAN_POINT('',(1.404357064057,2.851369768813E-03));
#215 = CARTESIAN_POINT('',(1.343651236421,1.008018268265E-02));
#216 = CARTESIAN_POINT('',(1.291680319878,1.690435790777E-02));
#217 = CARTESIAN_POINT('',(1.242565290021,2.402434790178E-02));
#218 = CARTESIAN_POINT('',(1.196327952154,3.140703943593E-02));
#219 = CARTESIAN_POINT('',(1.114233211398,4.578729481396E-02));
#220 = CARTESIAN_POINT('',(1.077790634495,5.27385689704E-02));
#221 = CARTESIAN_POINT('',(1.043506652101,5.984422053922E-02));
#222 = CARTESIAN_POINT('',(1.011254730339,6.708013784986E-02));
#223 = CARTESIAN_POINT('',(0.980894817166,7.442672230148E-02));
#224 = ( GEOMETRIC_REPRESENTATION_CONTEXT(2) 
PARAMETRIC_REPRESENTATION_CONTEXT() REPRESENTATION_CONTEXT('2D SPACE',''
  ) );
#225 = ORIENTED_EDGE('',*,*,#226,.F.);
#226 = EDGE_CURVE('',#227,#166,#229,.T.);
#227 = VERTEX_POINT('',#228);
#228 = CARTESIAN_POINT('',(22.175266615955,1.047640449438,487.1));
#229 = SURFACE_CURVE('',#230,(#235,#242),.PCURVE_S1.);
#230 = CIRCLE('',#231,22.2);
#231 = AXIS2_PLACEMENT_3D('',#232,#233,#234);
#232 = CARTESIAN_POINT('',(0.,0.,487.1));
#233 = DIRECTION('',(0.,0.,-1.));
#234 = DIRECTION('',(1.,0.,0.));
#235 = PCURVE('',#31,#236);
#236 = DEFINITIONAL_REPRESENTATION('',(#237),#241);
#237 = LINE('',#238,#239);
#238 = CARTESIAN_POINT('',(-6.28318530718,-2.1));
#239 = VECTOR('',#240,1.);
#240 = DIRECTION('',(1.,-0.));
#241 = ( GEOMETRIC_REPRESENTATION_CONTEXT(2) 
PARAMETRIC_REPRESENTATION_CONTEXT() REPRESENTATION_CONTEXT('2D SPACE',''
  ) );
#242 = PCURVE('',#243,#248);
#243 = PLANE('',#244);
#244 = AXIS2_PLACEMENT_3D('',#245,#246,#247);
#245 = CARTESIAN_POINT('',(-6.488102499702E-09,-3.011605409498E-10,487.1
    ));
#246 = DIRECTION('',(0.,0.,-1.));
#247 = DIRECTION('',(0.998885883602,4.719101123571E-02,0.));
#248 = DEFINITIONAL_REPRESENTATION('',(#249),#253);
#249 = CIRCLE('',#250,22.2);
#250 = AXIS2_PLACEMENT_2D('',#251,#252);
#251 = CARTESIAN_POINT('',(6.495086068784E-09,5.355104909364E-12));
#252 = DIRECTION('',(0.998885883602,4.719101123571E-02));
#253 = ( GEOMETRIC_REPRESENTATION_CONTEXT(2) 
PARAMETRIC_REPRESENTATION_CONTEXT() REPRESENTATION_CONTEXT('2D SPACE',''
  ) );
#254 = ORIENTED_EDGE('',*,*,#255,.F.);
#255 = EDGE_CURVE('',#256,#227,#258,.T.);
#256 = VERTEX_POINT('',#257);
#257 = CARTESIAN_POINT('',(22.05788266917,2.507949790795,493.));
#258 = SURFACE_CURVE('',#259,(#374,#492),.PCURVE_S1.);
#259 = B_SPLINE_CURVE_WITH_KNOTS('',8,(#260,#261,#262,#263,#264,#265,
    #266,#267,#268,#269,#270,#271,#272,#273,#274,#275,#276,#277,#278,
    #279,#280,#281,#282,#283,#284,#285,#286,#287,#288,#289,#290,#291,
    #292,#293,#294,#295,#296,#297,#298,#299,#300,#301,#302,#303,#304,
    #305,#306,#307,#308,#309,#310,#311,#312,#313,#314,#315,#316,#317,
    #318,#319,#320,#321,#322,#323,#324,#325,#326,#327,#328,#329,#330,
    #331,#332,#333,#334,#335,#336,#337,#338,#339,#340,#341,#342,#343,
    #344,#345,#346,#347,#348,#349,#350,#351,#352,#353,#354,#355,#356,
    #357,#358,#359,#360,#361,#362,#363,#364,#365,#366,#367,#368,#369,
    #370,#371,#372,#373),.UNSPECIFIED.,.F.,.F.,(9,7,7,7,7,7,7,7,7,7,7,7,
    7,7,7,7,9),(0.,4.711026419825E-03,1.384585220262E-02,
    3.631376547697E-02,5.949723473835E-02,0.130457760532,0.305106099477,
    0.680349419538,0.854419894838,0.904642995971,0.937120853605,
    0.95970568951,0.975089873537,0.985590333293,0.99125834963,
    0.995088542901,1.),.UNSPECIFIED.);
#260 = CARTESIAN_POINT('',(22.05788266917,2.507949790795,493.));
#261 = CARTESIAN_POINT('',(22.05836088026,2.50374383573,493.));
#262 = CARTESIAN_POINT('',(22.05879926274,2.499879616134,492.99851253611
    ));
#263 = CARTESIAN_POINT('',(22.059193510181,2.496398233875,
    492.99622305042));
#264 = CARTESIAN_POINT('',(22.059544230271,2.493296631317,
    492.99361768853));
#265 = CARTESIAN_POINT('',(22.059856944818,2.490527591318,492.9909832996
    ));
#266 = CARTESIAN_POINT('',(22.060142089744,2.487999737233,
    492.98840743634));
#267 = CARTESIAN_POINT('',(22.060415015092,2.485577532911,492.985778355)
  );
#268 = CARTESIAN_POINT('',(22.061240794394,2.478240976407,
    492.97698083731));
#269 = CARTESIAN_POINT('',(22.061732228714,2.473864177235,
    492.97093679637));
#270 = CARTESIAN_POINT('',(22.062190554157,2.469773728864,
    492.96475899895));
#271 = CARTESIAN_POINT('',(22.062626576113,2.465875318523,
    492.95850725502));
#272 = CARTESIAN_POINT('',(22.063044845238,2.462129359203,
    492.95220793636));
#273 = CARTESIAN_POINT('',(22.063446863515,2.458522871875,
    492.94586683485));
#274 = CARTESIAN_POINT('',(22.063834290304,2.455041367701,
    492.93948202072));
#275 = CARTESIAN_POINT('',(22.065141523875,2.443276561187,
    492.91725305731));
#276 = CARTESIAN_POINT('',(22.066002691728,2.435493241482,
    492.90126779789));
#277 = CARTESIAN_POINT('',(22.066823168598,2.428051064556,
    492.88518200416));
#278 = CARTESIAN_POINT('',(22.06760866302,2.420900997002,492.86901873958
    ));
#279 = CARTESIAN_POINT('',(22.0683679182,2.413967220857,492.85280488994)
  );
#280 = CARTESIAN_POINT('',(22.069103714322,2.407225967541,
    492.83654761886));
#281 = CARTESIAN_POINT('',(22.06982001523,2.400642943218,492.82025356777
    ));
#282 = CARTESIAN_POINT('',(22.071240896191,2.387544778339,
    492.78706854062));
#283 = CARTESIAN_POINT('',(22.071944122052,2.381040849311,
    492.77018248708));
#284 = CARTESIAN_POINT('',(22.072631560656,2.374662712929,
    492.75326878256));
#285 = CARTESIAN_POINT('',(22.073305133863,2.368393912055,
    492.73633179525));
#286 = CARTESIAN_POINT('',(22.07396627286,2.362222236682,492.71937473799
    ));
#287 = CARTESIAN_POINT('',(22.074616068672,2.356138414789,
    492.70239995677));
#288 = CARTESIAN_POINT('',(22.075255422687,2.350134803204,
    492.68540921926));
#289 = CARTESIAN_POINT('',(22.077812826197,2.326051172092,
    492.61635402521));
#290 = CARTESIAN_POINT('',(22.079650420225,2.308583715251,
    492.56417157402));
#291 = CARTESIAN_POINT('',(22.081420421342,2.291611671216,
    492.51189710352));
#292 = CARTESIAN_POINT('',(22.083133221356,2.275048675888,
    492.45955055791));
#293 = CARTESIAN_POINT('',(22.084796300946,2.25883300526,492.40714584838
    ));
#294 = CARTESIAN_POINT('',(22.086415803538,2.242914076078,
    492.35469320781));
#295 = CARTESIAN_POINT('',(22.087995698952,2.227259786534,
    492.30219778472));
#296 = CARTESIAN_POINT('',(22.09333977352,2.173888770958,492.12036360973
    ));
#297 = CARTESIAN_POINT('',(22.09692186633,2.137363111285,491.99084083257
    ));
#298 = CARTESIAN_POINT('',(22.10033706597,2.101850846447,491.86116508998
    ));
#299 = CARTESIAN_POINT('',(22.103607852335,2.067179297917,
    491.73136869618));
#300 = CARTESIAN_POINT('',(22.106750716779,2.03322370534,491.6014744019)
  );
#301 = CARTESIAN_POINT('',(22.109779501475,1.999879640678,
    491.47149928409));
#302 = CARTESIAN_POINT('',(22.112702838627,1.967085355147,
    491.34145127246));
#303 = CARTESIAN_POINT('',(22.121601434862,1.86536982977,490.93177413195
    ));
#304 = CARTESIAN_POINT('',(22.12722478848,1.798224517864,490.65192056665
    ));
#305 = CARTESIAN_POINT('',(22.13247657059,1.732788759959,490.37185353546
    ));
#306 = CARTESIAN_POINT('',(22.137395171066,1.668813402065,
    490.09161134421));
#307 = CARTESIAN_POINT('',(22.14201345608,1.606084081546,489.81122546172
    ));
#308 = CARTESIAN_POINT('',(22.146353660402,1.54446712637,489.53071439367
    ));
#309 = CARTESIAN_POINT('',(22.150435347755,1.483844540007,
    489.25009231694));
#310 = CARTESIAN_POINT('',(22.156054730639,1.396427338128,
    488.83914035413));
#311 = CARTESIAN_POINT('',(22.157783127447,1.368921405732,
    488.70889414173));
#312 = CARTESIAN_POINT('',(22.159460784154,1.341601908331,
    488.57862734381));
#313 = CARTESIAN_POINT('',(22.161089097996,1.314461339321,488.448340441)
  );
#314 = CARTESIAN_POINT('',(22.162669356128,1.28749273317,488.31803424089
    ));
#315 = CARTESIAN_POINT('',(22.164202663955,1.260691499732,
    488.18770958443));
#316 = CARTESIAN_POINT('',(22.165690077608,1.234052810669,
    488.05736781433));
#317 = CARTESIAN_POINT('',(22.167548388242,1.199940403666,487.8893978201
    ));
#318 = CARTESIAN_POINT('',(22.167960729503,1.192315807757,487.8517852962
    ));
#319 = CARTESIAN_POINT('',(22.168369322966,1.184704979815,
    487.81417145226));
#320 = CARTESIAN_POINT('',(22.168774181286,1.177108042621,
    487.77655631464));
#321 = CARTESIAN_POINT('',(22.169175312719,1.169525202659,487.7389400314
    ));
#322 = CARTESIAN_POINT('',(22.16957271932,1.161956791106,487.70132287586
    ));
#323 = CARTESIAN_POINT('',(22.169966392475,1.154403362208,487.663705259)
  );
#324 = CARTESIAN_POINT('',(22.170608451641,1.141991552671,
    487.60176157325));
#325 = CARTESIAN_POINT('',(22.170859021178,1.137123990216,
    487.57743581464));
#326 = CARTESIAN_POINT('',(22.171108010763,1.132263346071,
    487.55311032447));
#327 = CARTESIAN_POINT('',(22.17135540877,1.127409967648,487.52878530269
    ));
#328 = CARTESIAN_POINT('',(22.171601196634,1.12256434511,487.50446128385
    ));
#329 = CARTESIAN_POINT('',(22.171845346298,1.117727169303,
    487.48013916755));
#330 = CARTESIAN_POINT('',(22.172087814015,1.112899467895,
    487.45582029502));
#331 = CARTESIAN_POINT('',(22.17249592278,1.104733362044,487.41459900831
    ));
#332 = CARTESIAN_POINT('',(22.172662455667,1.101389500956,
    487.39769517269));
#333 = CARTESIAN_POINT('',(22.172828117385,1.098051538532,
    487.38079463683));
#334 = CARTESIAN_POINT('',(22.172992876206,1.094720186654,
    487.36389819625));
#335 = CARTESIAN_POINT('',(22.173156683589,1.091396506886,
    487.34700779102));
#336 = CARTESIAN_POINT('',(22.173319468921,1.088082029816,
    487.33012663836));
#337 = CARTESIAN_POINT('',(22.173481125897,1.08477905386,487.31325957717
    ));
#338 = CARTESIAN_POINT('',(22.173750726583,1.079251473617,
    487.28493861338));
#339 = CARTESIAN_POINT('',(22.17385932389,1.077019607563,487.27347744298
    ));
#340 = CARTESIAN_POINT('',(22.173967266296,1.074795918127,487.262028799)
  );
#341 = CARTESIAN_POINT('',(22.174074484218,1.072581906336,
    487.25059545285));
#342 = CARTESIAN_POINT('',(22.174180863001,1.070380017714,
    487.23918394367));
#343 = CARTESIAN_POINT('',(22.174286231815,1.06819389481,487.22780503121
    ));
#344 = CARTESIAN_POINT('',(22.174390333046,1.066029046006,
    487.21647491914));
#345 = CARTESIAN_POINT('',(22.174562691946,1.06243660969,487.19753333758
    ));
#346 = CARTESIAN_POINT('',(22.17463173383,1.060995299278,487.18989446039
    ));
#347 = CARTESIAN_POINT('',(22.174699863457,1.059570803619,
    487.18229853235));
#348 = CARTESIAN_POINT('',(22.17476691084,1.058166760757,487.17475558487
    ));
#349 = CARTESIAN_POINT('',(22.174832577393,1.056789530324,
    487.16728760671));
#350 = CARTESIAN_POINT('',(22.174896418852,1.055448588237,487.1599294049
    ));
#351 = CARTESIAN_POINT('',(22.174957804112,1.054157428285,
    487.15273048556));
#352 = CARTESIAN_POINT('',(22.175047182439,1.052275103298,
    487.14199427041));
#353 = CARTESIAN_POINT('',(22.175077513098,1.051635861307,
    487.13829992093));
#354 = CARTESIAN_POINT('',(22.175106701616,1.051020248435,
    487.13468590459));
#355 = CARTESIAN_POINT('',(22.17513454955,1.050432508548,487.13116883075
    ));
#356 = CARTESIAN_POINT('',(22.175160813456,1.049877848243,
    487.12776973391));
#357 = CARTESIAN_POINT('',(22.175185217971,1.049362159527,487.1245128876
    ));
#358 = CARTESIAN_POINT('',(22.175207468889,1.048891742482,
    487.12142461829));
#359 = CARTESIAN_POINT('',(22.17524064442,1.04819007929,487.11657749707)
  );
#360 = CARTESIAN_POINT('',(22.175252902093,1.047930741724,
    487.11471232735));
#361 = CARTESIAN_POINT('',(22.17526394126,1.047697113758,487.11294596746
    ));
#362 = CARTESIAN_POINT('',(22.175273670586,1.047491153274,
    487.11128714132));
#363 = CARTESIAN_POINT('',(22.175282008971,1.047314600528,
    487.10974367374));
#364 = CARTESIAN_POINT('',(22.175288889106,1.047168901156,
    487.10832222466));
#365 = CARTESIAN_POINT('',(22.175294261025,1.047055129181,
    487.10702802354));
#366 = CARTESIAN_POINT('',(22.175303012831,1.046869762676,
    487.10437275008));
#367 = CARTESIAN_POINT('',(22.175305403429,1.046819116479,
    487.10309542443));
#368 = CARTESIAN_POINT('',(22.175305206502,1.04682328586,487.10203994113
    ));
#369 = CARTESIAN_POINT('',(22.175302419053,1.04688233929,487.10120756796
    ));
#370 = CARTESIAN_POINT('',(22.17529708325,1.046995372406,487.10059490286
    ));
#371 = CARTESIAN_POINT('',(22.175289273619,1.04716078114,487.10019525067
    ));
#372 = CARTESIAN_POINT('',(22.175279084243,1.047376534849,487.1));
#373 = CARTESIAN_POINT('',(22.175266615955,1.047640449438,487.1));
#374 = PCURVE('',#31,#375);
#375 = DEFINITIONAL_REPRESENTATION('',(#376),#491);
#376 = B_SPLINE_CURVE_WITH_KNOTS('',8,(#377,#378,#379,#380,#381,#382,
    #383,#384,#385,#386,#387,#388,#389,#390,#391,#392,#393,#394,#395,
    #396,#397,#398,#399,#400,#401,#402,#403,#404,#405,#406,#407,#408,
    #409,#410,#411,#412,#413,#414,#415,#416,#417,#418,#419,#420,#421,
    #422,#423,#424,#425,#426,#427,#428,#429,#430,#431,#432,#433,#434,
    #435,#436,#437,#438,#439,#440,#441,#442,#443,#444,#445,#446,#447,
    #448,#449,#450,#451,#452,#453,#454,#455,#456,#457,#458,#459,#460,
    #461,#462,#463,#464,#465,#466,#467,#468,#469,#470,#471,#472,#473,
    #474,#475,#476,#477,#478,#479,#480,#481,#482,#483,#484,#485,#486,
    #487,#488,#489,#490),.UNSPECIFIED.,.F.,.F.,(9,7,7,7,7,7,7,7,7,7,7,7,
    7,7,7,7,9),(0.,4.711026419825E-03,1.384585220262E-02,
    3.631376547697E-02,5.949723473835E-02,0.130457760532,0.305106099477,
    0.680349419538,0.854419894838,0.904642995971,0.937120853605,
    0.95970568951,0.975089873537,0.985590333293,0.99125834963,
    0.995088542901,1.),.UNSPECIFIED.);
#377 = CARTESIAN_POINT('',(-0.113212397797,-8.));
#378 = CARTESIAN_POINT('',(-0.113021719701,-8.));
#379 = CARTESIAN_POINT('',(-0.112846539226,-7.998512536117));
#380 = CARTESIAN_POINT('',(-0.112688717865,-7.996223050422));
#381 = CARTESIAN_POINT('',(-0.112548115675,-7.993617688532));
#382 = CARTESIAN_POINT('',(-0.112422591271,-7.990983299605));
#383 = CARTESIAN_POINT('',(-0.112308001831,-7.988407436346));
#384 = CARTESIAN_POINT('',(-0.112198203093,-7.985778355));
#385 = CARTESIAN_POINT('',(-0.111865640761,-7.976980837312));
#386 = CARTESIAN_POINT('',(-0.111667248772,-7.97093679637));
#387 = CARTESIAN_POINT('',(-0.111481841329,-7.964758998952));
#388 = CARTESIAN_POINT('',(-0.111305142317,-7.958507255022));
#389 = CARTESIAN_POINT('',(-0.111135356795,-7.952207936367));
#390 = CARTESIAN_POINT('',(-0.110971896221,-7.945866834859));
#391 = CARTESIAN_POINT('',(-0.110814103677,-7.939482020728));
#392 = CARTESIAN_POINT('',(-0.110280896036,-7.917253057311));
#393 = CARTESIAN_POINT('',(-0.109928156625,-7.901267797896));
#394 = CARTESIAN_POINT('',(-0.109590892349,-7.885182004167));
#395 = CARTESIAN_POINT('',(-0.109266879571,-7.869018739585));
#396 = CARTESIAN_POINT('',(-0.108952680425,-7.852804889941));
#397 = CARTESIAN_POINT('',(-0.108647216947,-7.836547618866));
#398 = CARTESIAN_POINT('',(-0.108348934075,-7.820253567773));
#399 = CARTESIAN_POINT('',(-0.107755465263,-7.787068540627));
#400 = CARTESIAN_POINT('',(-0.10746078798,-7.770182487088));
#401 = CARTESIAN_POINT('',(-0.107171820636,-7.753268782569));
#402 = CARTESIAN_POINT('',(-0.106887816872,-7.736331795255));
#403 = CARTESIAN_POINT('',(-0.106608222912,-7.71937473799));
#404 = CARTESIAN_POINT('',(-0.106332618208,-7.702399956772));
#405 = CARTESIAN_POINT('',(-0.106060656078,-7.685409219264));
#406 = CARTESIAN_POINT('',(-0.104969708607,-7.616354025218));
#407 = CARTESIAN_POINT('',(-0.104178544603,-7.564171574021));
#408 = CARTESIAN_POINT('',(-0.103409892393,-7.511897103524));
#409 = CARTESIAN_POINT('',(-0.102659833428,-7.459550557916));
#410 = CARTESIAN_POINT('',(-0.101925566807,-7.407145848388));
#411 = CARTESIAN_POINT('',(-0.101204797072,-7.354693207814));
#412 = CARTESIAN_POINT('',(-0.100496067006,-7.302197784727));
#413 = CARTESIAN_POINT('',(-9.807994533403E-02,-7.12036360973));
#414 = CARTESIAN_POINT('',(-9.642675559952E-02,-6.990840832576));
#415 = CARTESIAN_POINT('',(-9.481972846989E-02,-6.86116508998));
#416 = CARTESIAN_POINT('',(-9.325101801154E-02,-6.731368696188));
#417 = CARTESIAN_POINT('',(-9.171495370393E-02,-6.601474401904));
#418 = CARTESIAN_POINT('',(-9.020678872364E-02,-6.471499284097));
#419 = CARTESIAN_POINT('',(-8.872371311469E-02,-6.341451272468));
#420 = CARTESIAN_POINT('',(-8.412443244539E-02,-5.931774131952));
#421 = CARTESIAN_POINT('',(-8.108930126063E-02,-5.651920566656));
#422 = CARTESIAN_POINT('',(-7.81322956479E-02,-5.371853535454));
#423 = CARTESIAN_POINT('',(-7.524205012857E-02,-5.091611344227));
#424 = CARTESIAN_POINT('',(-7.24087863933E-02,-4.81122546172));
#425 = CARTESIAN_POINT('',(-6.962639333688E-02,-4.530714393677));
#426 = CARTESIAN_POINT('',(-6.688947619526E-02,-4.250092316941));
#427 = CARTESIAN_POINT('',(-6.294363704036E-02,-3.839140354132));
#428 = CARTESIAN_POINT('',(-6.17021886534E-02,-3.708894141737));
#429 = CARTESIAN_POINT('',(-6.046926458292E-02,-3.578627343812));
#430 = CARTESIAN_POINT('',(-5.924452055366E-02,-3.44834044101));
#431 = CARTESIAN_POINT('',(-5.802763707951E-02,-3.318034240891));
#432 = CARTESIAN_POINT('',(-5.681840212251E-02,-3.187709584438));
#433 = CARTESIAN_POINT('',(-5.561659319191E-02,-3.057367814333));
#434 = CARTESIAN_POINT('',(-5.407771993711E-02,-2.8893978201));
#435 = CARTESIAN_POINT('',(-5.373376782152E-02,-2.851785296203));
#436 = CARTESIAN_POINT('',(-5.339044408711E-02,-2.814171452266));
#437 = CARTESIAN_POINT('',(-5.304775416395E-02,-2.776556314645));
#438 = CARTESIAN_POINT('',(-5.270570725873E-02,-2.738940031405));
#439 = CARTESIAN_POINT('',(-5.236431820273E-02,-2.701322875862));
#440 = CARTESIAN_POINT('',(-5.202361188771E-02,-2.663705259008));
#441 = CARTESIAN_POINT('',(-5.146377381538E-02,-2.601761573257));
#442 = CARTESIAN_POINT('',(-5.124422393382E-02,-2.577435814649));
#443 = CARTESIAN_POINT('',(-5.10249889322E-02,-2.553110324479));
#444 = CARTESIAN_POINT('',(-5.080608444983E-02,-2.528785302691));
#445 = CARTESIAN_POINT('',(-5.058753256399E-02,-2.504461283853));
#446 = CARTESIAN_POINT('',(-5.036936440212E-02,-2.480139167555));
#447 = CARTESIAN_POINT('',(-5.015162628028E-02,-2.455820295026));
#448 = CARTESIAN_POINT('',(-4.97833246001E-02,-2.414599008313));
#449 = CARTESIAN_POINT('',(-4.963251354817E-02,-2.397695172695));
#450 = CARTESIAN_POINT('',(-4.948196982408E-02,-2.380794636838));
#451 = CARTESIAN_POINT('',(-4.933172552079E-02,-2.363898196257));
#452 = CARTESIAN_POINT('',(-4.918182850089E-02,-2.34700779102));
#453 = CARTESIAN_POINT('',(-4.903234777768E-02,-2.330126638365));
#454 = CARTESIAN_POINT('',(-4.888338698862E-02,-2.313259577177));
#455 = CARTESIAN_POINT('',(-4.863410090517E-02,-2.284938613381));
#456 = CARTESIAN_POINT('',(-4.853344745832E-02,-2.273477442989));
#457 = CARTESIAN_POINT('',(-4.84331633258E-02,-2.262028799007));
#458 = CARTESIAN_POINT('',(-4.833331619235E-02,-2.25059545285));
#459 = CARTESIAN_POINT('',(-4.823401633609E-02,-2.239183943679));
#460 = CARTESIAN_POINT('',(-4.813542801443E-02,-2.22780503121));
#461 = CARTESIAN_POINT('',(-4.803779962219E-02,-2.216474919141));
#462 = CARTESIAN_POINT('',(-4.787579202398E-02,-2.197533337588));
#463 = CARTESIAN_POINT('',(-4.781079368666E-02,-2.189894460396));
#464 = CARTESIAN_POINT('',(-4.77465538693E-02,-2.182298532359));
#465 = CARTESIAN_POINT('',(-4.768323662591E-02,-2.17475558487));
#466 = CARTESIAN_POINT('',(-4.762112874154E-02,-2.167287606719));
#467 = CARTESIAN_POINT('',(-4.756065752767E-02,-2.159929404909));
#468 = CARTESIAN_POINT('',(-4.750243147641E-02,-2.152730485564));
#469 = CARTESIAN_POINT('',(-4.741754653205E-02,-2.141994270413));
#470 = CARTESIAN_POINT('',(-4.73887194533E-02,-2.138299920931));
#471 = CARTESIAN_POINT('',(-4.736095799152E-02,-2.13468590459));
#472 = CARTESIAN_POINT('',(-4.733445352061E-02,-2.131168830751));
#473 = CARTESIAN_POINT('',(-4.73094408282E-02,-2.127769733914));
#474 = CARTESIAN_POINT('',(-4.728618560954E-02,-2.124512887609));
#475 = CARTESIAN_POINT('',(-4.726497196139E-02,-2.121424618294));
#476 = CARTESIAN_POINT('',(-4.723333020259E-02,-2.116577497078));
#477 = CARTESIAN_POINT('',(-4.72216352888E-02,-2.114712327356));
#478 = CARTESIAN_POINT('',(-4.721109976509E-02,-2.112945967461));
#479 = CARTESIAN_POINT('',(-4.72018119202E-02,-2.111287141324));
#480 = CARTESIAN_POINT('',(-4.719385022909E-02,-2.10974367374));
#481 = CARTESIAN_POINT('',(-4.718727988105E-02,-2.108322224669));
#482 = CARTESIAN_POINT('',(-4.718214930779E-02,-2.107028023545));
#483 = CARTESIAN_POINT('',(-4.717379016401E-02,-2.104372750082));
#484 = CARTESIAN_POINT('',(-4.717150626377E-02,-2.103095424437));
#485 = CARTESIAN_POINT('',(-4.71716942831E-02,-2.102039941133));
#486 = CARTESIAN_POINT('',(-4.717435730921E-02,-2.101207567966));
#487 = CARTESIAN_POINT('',(-4.717945456082E-02,-2.100594902861));
#488 = CARTESIAN_POINT('',(-4.718691370471E-02,-2.100195250672));
#489 = CARTESIAN_POINT('',(-4.719664317231E-02,-2.1));
#490 = CARTESIAN_POINT('',(-4.720854447632E-02,-2.1));
#491 = ( GEOMETRIC_REPRESENTATION_CONTEXT(2) 
PARAMETRIC_REPRESENTATION_CONTEXT() REPRESENTATION_CONTEXT('2D SPACE',''
  ) );
#492 = PCURVE('',#493,#510);
#493 = B_SPLINE_SURFACE_WITH_KNOTS('',7,1,(
    (#494,#495)
    ,(#496,#497)
    ,(#498,#499)
    ,(#500,#501)
    ,(#502,#503)
    ,(#504,#505)
    ,(#506,#507)
    ,(#508,#509
    )),.UNSPECIFIED.,.F.,.F.,.F.,(8,8),(2,2),(0.,1.523587782319),(0.,1.)
  ,.PIECEWISE_BEZIER_KNOTS.);
#494 = CARTESIAN_POINT('',(22.225210910135,1.,487.1));
#495 = CARTESIAN_POINT('',(23.746999810502,1.,493.));
#496 = CARTESIAN_POINT('',(22.214328140262,1.,487.1));
#497 = CARTESIAN_POINT('',(23.393015142032,1.,493.));
#498 = CARTESIAN_POINT('',(22.203446025359,1.002762940297,487.1));
#499 = CARTESIAN_POINT('',(23.039031429311,1.085994941703,
    492.99999999999));
#500 = CARTESIAN_POINT('',(22.193402957146,1.008291676609,487.1));
#501 = CARTESIAN_POINT('',(22.710110345567,1.257975670578,
    493.00000000001));
#502 = CARTESIAN_POINT('',(22.185050104138,1.016259226815,487.1));
#503 = CARTESIAN_POINT('',(22.431345002042,1.506841857039,
    492.99999999998));
#504 = CARTESIAN_POINT('',(22.179053584938,1.026030199223,
    487.09999999999));
#505 = CARTESIAN_POINT('',(22.223306790238,1.814228507473,493.));
#506 = CARTESIAN_POINT('',(22.175780184871,1.036769804237,487.1));
#507 = CARTESIAN_POINT('',(22.097872568955,2.156231219452,
    492.99999999999));
#508 = CARTESIAN_POINT('',(22.175266615955,1.047640449438,487.1));
#509 = CARTESIAN_POINT('',(22.05788266917,2.507949790795,493.));
#510 = DEFINITIONAL_REPRESENTATION('',(#511),#626);
#511 = B_SPLINE_CURVE_WITH_KNOTS('',8,(#512,#513,#514,#515,#516,#517,
    #518,#519,#520,#521,#522,#523,#524,#525,#526,#527,#528,#529,#530,
    #531,#532,#533,#534,#535,#536,#537,#538,#539,#540,#541,#542,#543,
    #544,#545,#546,#547,#548,#549,#550,#551,#552,#553,#554,#555,#556,
    #557,#558,#559,#560,#561,#562,#563,#564,#565,#566,#567,#568,#569,
    #570,#571,#572,#573,#574,#575,#576,#577,#578,#579,#580,#581,#582,
    #583,#584,#585,#586,#587,#588,#589,#590,#591,#592,#593,#594,#595,
    #596,#597,#598,#599,#600,#601,#602,#603,#604,#605,#606,#607,#608,
    #609,#610,#611,#612,#613,#614,#615,#616,#617,#618,#619,#620,#621,
    #622,#623,#624,#625),.UNSPECIFIED.,.F.,.F.,(9,7,7,7,7,7,7,7,7,7,7,7,
    7,7,7,7,9),(0.,4.711026419825E-03,1.384585220262E-02,
    3.631376547697E-02,5.949723473835E-02,0.130457760532,0.305106099477,
    0.680349419538,0.854419894838,0.904642995971,0.937120853605,
    0.95970568951,0.975089873537,0.985590333293,0.99125834963,
    0.995088542901,1.),.UNSPECIFIED.);
#512 = CARTESIAN_POINT('',(1.523587782319,1.));
#513 = CARTESIAN_POINT('',(1.520984994476,1.));
#514 = CARTESIAN_POINT('',(1.518819751784,0.999747887477));
#515 = CARTESIAN_POINT('',(1.51701259428,0.999359839055));
#516 = CARTESIAN_POINT('',(1.515487243535,0.998918252294));
#517 = CARTESIAN_POINT('',(1.514170602654,0.998471745696));
#518 = CARTESIAN_POINT('',(1.512992756273,0.998035158703));
#519 = CARTESIAN_POINT('',(1.511886970563,0.997589551695));
#520 = CARTESIAN_POINT('',(1.508662038572,0.996098447002));
#521 = CARTESIAN_POINT('',(1.506853626876,0.995074033283));
#522 = CARTESIAN_POINT('',(1.505239283248,0.994026948975));
#523 = CARTESIAN_POINT('',(1.503751990352,0.99296733136));
#524 = CARTESIAN_POINT('',(1.502363555988,0.991899650232));
#525 = CARTESIAN_POINT('',(1.501065280683,0.990824887264));
#526 = CARTESIAN_POINT('',(1.499848625271,0.989742715378));
#527 = CARTESIAN_POINT('',(1.495825999744,0.98597509446));
#528 = CARTESIAN_POINT('',(1.493339731649,0.983265728457));
#529 = CARTESIAN_POINT('',(1.491068462144,0.98053932274));
#530 = CARTESIAN_POINT('',(1.488979450184,0.97779978637));
#531 = CARTESIAN_POINT('',(1.48702266173,0.975051676261));
#532 = CARTESIAN_POINT('',(1.485182956989,0.972296206587));
#533 = CARTESIAN_POINT('',(1.483438655934,0.969534503012));
#534 = CARTESIAN_POINT('',(1.480062428275,0.96390992214));
#535 = CARTESIAN_POINT('',(1.478436264222,0.961047879168));
#536 = CARTESIAN_POINT('',(1.476884507044,0.958181149588));
#537 = CARTESIAN_POINT('',(1.475396728915,0.955310473772));
#538 = CARTESIAN_POINT('',(1.473965238343,0.952436396269));
#539 = CARTESIAN_POINT('',(1.472584241321,0.949559314707));
#540 = CARTESIAN_POINT('',(1.471249002487,0.946679528689));
#541 = CARTESIAN_POINT('',(1.465994311257,0.934975258512));
#542 = CARTESIAN_POINT('',(1.462421160669,0.926130775258));
#543 = CARTESIAN_POINT('',(1.459118566635,0.917270695513));
#544 = CARTESIAN_POINT('',(1.456034488569,0.908398399647));
#545 = CARTESIAN_POINT('',(1.453132105664,0.899516245489));
#546 = CARTESIAN_POINT('',(1.450381466958,0.890625967426));
#547 = CARTESIAN_POINT('',(1.447764243544,0.881728438089));
#548 = CARTESIAN_POINT('',(1.439107993326,0.850909086395));
#549 = CARTESIAN_POINT('',(1.433658099443,0.828956073318));
#550 = CARTESIAN_POINT('',(1.428677956991,0.806977133895));
#551 = CARTESIAN_POINT('',(1.424074524994,0.784977745117));
#552 = CARTESIAN_POINT('',(1.419781816469,0.762961763035));
#553 = CARTESIAN_POINT('',(1.415744961766,0.74093208205));
#554 = CARTESIAN_POINT('',(1.411934368308,0.718890046181));
#555 = CARTESIAN_POINT('',(1.400555666892,0.649453242704));
#556 = CARTESIAN_POINT('',(1.393701198975,0.602020435026));
#557 = CARTESIAN_POINT('',(1.387488093764,0.554551446687));
#558 = CARTESIAN_POINT('',(1.381822235692,0.507052770208));
#559 = CARTESIAN_POINT('',(1.376615483053,0.459529739275));
#560 = CARTESIAN_POINT('',(1.371860075234,0.411985490454));
#561 = CARTESIAN_POINT('',(1.367534811686,0.3644224266));
#562 = CARTESIAN_POINT('',(1.362047615435,0.294769551548));
#563 = CARTESIAN_POINT('',(1.360433291863,0.272693922328));
#564 = CARTESIAN_POINT('',(1.358956013052,0.250614804036));
#565 = CARTESIAN_POINT('',(1.357646952534,0.228532278137));
#566 = CARTESIAN_POINT('',(1.356523510982,0.206446481507));
#567 = CARTESIAN_POINT('',(1.355678564439,0.184357556684));
#568 = CARTESIAN_POINT('',(1.355169734287,0.162265731243));
#569 = CARTESIAN_POINT('',(1.355413052941,0.133796240695));
#570 = CARTESIAN_POINT('',(1.355525729633,0.127421236645));
#571 = CARTESIAN_POINT('',(1.355705065939,0.121046008859));
#572 = CARTESIAN_POINT('',(1.355962625573,0.114670561804));
#573 = CARTESIAN_POINT('',(1.356312565017,0.108294920577));
#574 = CARTESIAN_POINT('',(1.356773400981,0.101919131502));
#575 = CARTESIAN_POINT('',(1.357372050227,9.554326423864E-02));
#576 = CARTESIAN_POINT('',(1.358653311508,8.504433445036E-02));
#577 = CARTESIAN_POINT('',(1.359231636166,8.092132451675E-02));
#578 = CARTESIAN_POINT('',(1.359896159436,7.679836008122E-02));
#579 = CARTESIAN_POINT('',(1.360661637802,7.267547503233E-02));
#580 = CARTESIAN_POINT('',(1.361546093778,6.855275997499E-02));
#581 = CARTESIAN_POINT('',(1.362572887244,6.443036738215E-02));
#582 = CARTESIAN_POINT('',(1.363775304881,6.030852458067E-02));
#583 = CARTESIAN_POINT('',(1.366196939456,5.332186581569E-02));
#584 = CARTESIAN_POINT('',(1.367299594853,5.045680893132E-02));
#585 = CARTESIAN_POINT('',(1.368528143032,4.759231132853E-02));
#586 = CARTESIAN_POINT('',(1.369904980421,4.472850784022E-02));
#587 = CARTESIAN_POINT('',(1.371457376347,4.18657272915E-02));
#588 = CARTESIAN_POINT('',(1.373220749902,3.900451497715E-02));
#589 = CARTESIAN_POINT('',(1.375246238028,3.6145691047E-02));
#590 = CARTESIAN_POINT('',(1.379224426315,3.134552769167E-02));
#591 = CARTESIAN_POINT('',(1.380994195782,2.940295643877E-02));
#592 = CARTESIAN_POINT('',(1.382946350893,2.746250830616E-02));
#593 = CARTESIAN_POINT('',(1.385114131872,2.552465302539E-02));
#594 = CARTESIAN_POINT('',(1.387537743517,2.359049892867E-02));
#595 = CARTESIAN_POINT('',(1.390269064833,2.16618696966E-02));
#596 = CARTESIAN_POINT('',(1.393382856264,1.974151171874E-02));
#597 = CARTESIAN_POINT('',(1.399459564227,1.653107416738E-02));
#598 = CARTESIAN_POINT('',(1.40215325485,1.523634921965E-02));
#599 = CARTESIAN_POINT('',(1.405113988339,1.394890378963E-02));
#600 = CARTESIAN_POINT('',(1.408389329201,1.267043811362E-02));
#601 = CARTESIAN_POINT('',(1.412036083949,1.140467910493E-02));
#602 = CARTESIAN_POINT('',(1.416124100008,1.01575262558E-02));
#603 = CARTESIAN_POINT('',(1.420743734104,8.937370434619E-03));
#604 = CARTESIAN_POINT('',(1.428863427541,7.117672951289E-03));
#605 = CARTESIAN_POINT('',(1.431898126375,6.491512022223E-03));
#606 = CARTESIAN_POINT('',(1.43513842202,5.878966879639E-03));
#607 = CARTESIAN_POINT('',(1.438602546918,5.282852669706E-03));
#608 = CARTESIAN_POINT('',(1.44230759048,4.706734561729E-03));
#609 = CARTESIAN_POINT('',(1.446267458992,4.154726713428E-03));
#610 = CARTESIAN_POINT('',(1.450490835518,3.631291236214E-03));
#611 = CARTESIAN_POINT('',(1.458012136157,2.809745267428E-03));
#612 = CARTESIAN_POINT('',(1.46116582339,2.493614806162E-03));
#613 = CARTESIAN_POINT('',(1.464438702965,2.194231773005E-03));
#614 = CARTESIAN_POINT('',(1.467827606839,1.913074800663E-03));
#615 = CARTESIAN_POINT('',(1.471327438119,1.65147012536E-03));
#616 = CARTESIAN_POINT('',(1.47493091172,1.410546553999E-03));
#617 = CARTESIAN_POINT('',(1.478628295022,1.191190431311E-03));
#618 = CARTESIAN_POINT('',(1.487252772646,7.41144081619E-04));
#619 = CARTESIAN_POINT('',(1.492234443803,5.246482096707E-04));
#620 = CARTESIAN_POINT('',(1.497326515205,3.457527343308E-04));
#621 = CARTESIAN_POINT('',(1.5025035437,2.046725366758E-04));
#622 = CARTESIAN_POINT('',(1.507740794945,1.008309933516E-04));
#623 = CARTESIAN_POINT('',(1.513014748568,3.309333422312E-05));
#624 = CARTESIAN_POINT('',(1.518303603337,2.275927980104E-14));
#625 = CARTESIAN_POINT('',(1.523587782319,0.));
#626 = ( GEOMETRIC_REPRESENTATION_CONTEXT(2) 
PARAMETRIC_REPRESENTATION_CONTEXT() REPRESENTATION_CONTEXT('2D SPACE',''
  ) );
#627 = ORIENTED_EDGE('',*,*,#628,.T.);
#628 = EDGE_CURVE('',#256,#629,#631,.T.);
#629 = VERTEX_POINT('',#630);
#630 = CARTESIAN_POINT('',(22.05788266917,2.507949790795,542.));
#631 = SURFACE_CURVE('',#632,(#635,#645),.PCURVE_S1.);
#632 = B_SPLINE_CURVE_WITH_KNOTS('',1,(#633,#634),.UNSPECIFIED.,.F.,.F.,
  (2,2),(0.,1.),.PIECEWISE_BEZIER_KNOTS.);
#633 = CARTESIAN_POINT('',(22.05788266917,2.507949790795,493.));
#634 = CARTESIAN_POINT('',(22.05788266917,2.507949790795,542.));
#635 = PCURVE('',#31,#636);
#636 = DEFINITIONAL_REPRESENTATION('',(#637),#644);
#637 = B_SPLINE_CURVE_WITH_KNOTS('',5,(#638,#639,#640,#641,#642,#643),
  .UNSPECIFIED.,.F.,.F.,(6,6),(0.,1.),.PIECEWISE_BEZIER_KNOTS.);
#638 = CARTESIAN_POINT('',(-0.113212397797,-8.));
#639 = CARTESIAN_POINT('',(-0.113212397797,-17.8));
#640 = CARTESIAN_POINT('',(-0.113212397797,-27.6));
#641 = CARTESIAN_POINT('',(-0.113212397797,-37.4));
#642 = CARTESIAN_POINT('',(-0.113212397797,-47.2));
#643 = CARTESIAN_POINT('',(-0.113212397797,-57.));
#644 = ( GEOMETRIC_REPRESENTATION_CONTEXT(2) 
PARAMETRIC_REPRESENTATION_CONTEXT() REPRESENTATION_CONTEXT('2D SPACE',''
  ) );
#645 = PCURVE('',#646,#651);
#646 = CYLINDRICAL_SURFACE('',#647,1.7);
#647 = AXIS2_PLACEMENT_3D('',#648,#649,#650);
#648 = CARTESIAN_POINT('',(23.746999810502,2.7,493.));
#649 = DIRECTION('',(0.,0.,1.));
#650 = DIRECTION('',(0.,-1.,0.));
#651 = DEFINITIONAL_REPRESENTATION('',(#652),#655);
#652 = B_SPLINE_CURVE_WITH_KNOTS('',1,(#653,#654),.UNSPECIFIED.,.F.,.F.,
  (2,2),(0.,1.),.PIECEWISE_BEZIER_KNOTS.);
#653 = CARTESIAN_POINT('',(-1.457583928998,0.));
#654 = CARTESIAN_POINT('',(-1.457583928998,49.));
#655 = ( GEOMETRIC_REPRESENTATION_CONTEXT(2) 
PARAMETRIC_REPRESENTATION_CONTEXT() REPRESENTATION_CONTEXT('2D SPACE',''
  ) );
#656 = ORIENTED_EDGE('',*,*,#657,.F.);
#657 = EDGE_CURVE('',#658,#629,#660,.T.);
#658 = VERTEX_POINT('',#659);
#659 = CARTESIAN_POINT('',(22.175266615955,1.047640449438,547.9));
#660 = SURFACE_CURVE('',#661,(#766,#874),.PCURVE_S1.);
#661 = B_SPLINE_CURVE_WITH_KNOTS('',7,(#662,#663,#664,#665,#666,#667,
    #668,#669,#670,#671,#672,#673,#674,#675,#676,#677,#678,#679,#680,
    #681,#682,#683,#684,#685,#686,#687,#688,#689,#690,#691,#692,#693,
    #694,#695,#696,#697,#698,#699,#700,#701,#702,#703,#704,#705,#706,
    #707,#708,#709,#710,#711,#712,#713,#714,#715,#716,#717,#718,#719,
    #720,#721,#722,#723,#724,#725,#726,#727,#728,#729,#730,#731,#732,
    #733,#734,#735,#736,#737,#738,#739,#740,#741,#742,#743,#744,#745,
    #746,#747,#748,#749,#750,#751,#752,#753,#754,#755,#756,#757,#758,
    #759,#760,#761,#762,#763,#764,#765),.UNSPECIFIED.,.F.,.F.,(8,6,6,6,6
    ,6,6,6,6,6,6,6,6,6,6,6,6,8),(0.,5.057452090311E-03,
    1.020181343482E-02,1.992633767713E-02,3.223262924631E-02,
    5.085981745822E-02,7.839859447054E-02,0.118767330207,0.188271593253,
    0.319356201298,0.537447957568,0.757095305011,0.89428487503,
    0.951395621486,0.976727863025,0.991190514603,0.997404251875,1.),
  .UNSPECIFIED.);
#662 = CARTESIAN_POINT('',(22.175266615955,1.047640449437,547.9));
#663 = CARTESIAN_POINT('',(22.175281292747,1.047329787741,
    547.89999999999));
#664 = CARTESIAN_POINT('',(22.175292746765,1.047087233699,
    547.89972380029));
#665 = CARTESIAN_POINT('',(22.175300800536,1.046916631144,
    547.89915538991));
#666 = CARTESIAN_POINT('',(22.175305292758,1.046821457475,
    547.89827999832));
#667 = CARTESIAN_POINT('',(22.175306117412,1.046803989575,
    547.89708832622));
#668 = CARTESIAN_POINT('',(22.175303262875,1.046864469736,
    547.89558077649));
#669 = CARTESIAN_POINT('',(22.175290329001,1.047138407099,
    547.89193150527));
#670 = CARTESIAN_POINT('',(22.175280122533,1.047354557166,547.8897782141
    ));
#671 = CARTESIAN_POINT('',(22.175266362897,1.047645898375,
    547.88732746001));
#672 = CARTESIAN_POINT('',(22.175249314961,1.048006741933,
    547.88460550805));
#673 = CARTESIAN_POINT('',(22.175229328727,1.048429578553,
    547.88164537187));
#674 = CARTESIAN_POINT('',(22.175206790868,1.048906123334,
    547.87848294578));
#675 = CARTESIAN_POINT('',(22.17513535761,1.050415559862,547.86885870991
    ));
#676 = CARTESIAN_POINT('',(22.175080943727,1.051564280626,
    547.86197702207));
#677 = CARTESIAN_POINT('',(22.175020990529,1.05282831703,547.85468766589
    ));
#678 = CARTESIAN_POINT('',(22.17495721273,1.05417097036,547.84713701012)
  );
#679 = CARTESIAN_POINT('',(22.174890798827,1.055566891111,
    547.83942446232));
#680 = CARTESIAN_POINT('',(22.17482239758,1.057002272913,547.83159812373
    ));
#681 = CARTESIAN_POINT('',(22.174663311163,1.060335093434,547.8136140112
    ));
#682 = CARTESIAN_POINT('',(22.174571845879,1.062247438901,
    547.80342441669));
#683 = CARTESIAN_POINT('',(22.174478565899,1.064193599647,
    547.79314405996));
#684 = CARTESIAN_POINT('',(22.174383941573,1.066163534312,
    547.78280640606));
#685 = CARTESIAN_POINT('',(22.174288266495,1.0681509952,547.77243164651)
  );
#686 = CARTESIAN_POINT('',(22.174191716787,1.070152219645,
    547.76202942907));
#687 = CARTESIAN_POINT('',(22.173946924683,1.075214907363,
    547.73580878666));
#688 = CARTESIAN_POINT('',(22.173797761797,1.078289694349,
    547.71996954322));
#689 = CARTESIAN_POINT('',(22.17364722539,1.081382439964,547.70409987545
    ));
#690 = CARTESIAN_POINT('',(22.173495532123,1.084488502218,
    547.68821171729));
#691 = CARTESIAN_POINT('',(22.173342815023,1.087605033568,
    547.67231204777));
#692 = CARTESIAN_POINT('',(22.173189158645,1.090730203119,
    547.65640402982));
#693 = CARTESIAN_POINT('',(22.17280606442,1.098495671094,547.61695403044
    ));
#694 = CARTESIAN_POINT('',(22.172575601493,1.103144301842,
    547.59340704214));
#695 = CARTESIAN_POINT('',(22.172343371065,1.107805527719,
    547.56985160379));
#696 = CARTESIAN_POINT('',(22.172109468952,1.112477218836,
    547.54629139102));
#697 = CARTESIAN_POINT('',(22.171873953446,1.117158049643,547.5227285375
    ));
#698 = CARTESIAN_POINT('',(22.171636862701,1.121847113663,
    547.49916394987));
#699 = CARTESIAN_POINT('',(22.171048371038,1.133429158175,
    547.44105102546));
#700 = CARTESIAN_POINT('',(22.170695195751,1.140330744504,
    547.40650218108));
#701 = CARTESIAN_POINT('',(22.170338757169,1.147246910067,
    547.37195229252));
#702 = CARTESIAN_POINT('',(22.169979089028,1.154176638594,
    547.33740238983));
#703 = CARTESIAN_POINT('',(22.169616206176,1.161119314057,
    547.30285306269));
#704 = CARTESIAN_POINT('',(22.169250113848,1.16807451504,547.2683045228)
  );
#705 = CARTESIAN_POINT('',(22.168244954069,1.187038319091,
    547.17427418197));
#706 = CARTESIAN_POINT('',(22.167599579277,1.199070968425,547.1147944695
    ));
#707 = CARTESIAN_POINT('',(22.16694466492,1.211138730733,547.05531795129
    ));
#708 = CARTESIAN_POINT('',(22.166280150391,1.223241242094,
    546.99584499825));
#709 = CARTESIAN_POINT('',(22.165605954846,1.235378517127,
    546.93637582229));
#710 = CARTESIAN_POINT('',(22.164921987178,1.24755072352,546.87691046134
    ));
#711 = CARTESIAN_POINT('',(22.16291955345,1.28278160811,546.7053043948)
  );
#712 = CARTESIAN_POINT('',(22.161575838773,1.3059304766,546.59317372998)
  );
#713 = CARTESIAN_POINT('',(22.160196307036,1.329207242151,
    546.48105702797));
#714 = CARTESIAN_POINT('',(22.158780161147,1.352615721857,
    546.36895482016));
#715 = CARTESIAN_POINT('',(22.157326522753,1.376160508655,
    546.25686770253));
#716 = CARTESIAN_POINT('',(22.155834432193,1.399846780703,
    546.14479625154));
#717 = CARTESIAN_POINT('',(22.151754611819,1.463334038164,
    545.84630949015));
#718 = CARTESIAN_POINT('',(22.149097014947,1.503395783471,
    545.65992340506));
#719 = CARTESIAN_POINT('',(22.146325151744,1.543893340626,
    545.47358596813));
#720 = CARTESIAN_POINT('',(22.143433320474,1.584860287119,
    545.28730153831));
#721 = CARTESIAN_POINT('',(22.14041491912,1.626336497529,545.10107554465
    ));
#722 = CARTESIAN_POINT('',(22.137261937284,1.668371911805,544.9149148522
    ));
#723 = CARTESIAN_POINT('',(22.130642578372,1.754000055991,
    544.54141510677));
#724 = CARTESIAN_POINT('',(22.127174166149,1.797601291807,544.3540786642
    ));
#725 = CARTESIAN_POINT('',(22.123548038897,1.841907810041,
    544.16682725999));
#726 = CARTESIAN_POINT('',(22.11975148639,1.887003751164,543.97967260635
    ));
#727 = CARTESIAN_POINT('',(22.115766800525,1.933011865152,
    543.79263348399));
#728 = CARTESIAN_POINT('',(22.111572644976,1.980080945882,
    543.60573397675));
#729 = CARTESIAN_POINT('',(22.104352937265,2.058762733402,
    543.30240041237));
#730 = CARTESIAN_POINT('',(22.101479952511,2.089542549291,
    543.18585770028));
#731 = CARTESIAN_POINT('',(22.098499136772,2.120931942281,
    543.06939940582));
#732 = CARTESIAN_POINT('',(22.095399365683,2.153013744394,542.9530376481
    ));
#733 = CARTESIAN_POINT('',(22.092158877228,2.185959676327,
    542.83680349566));
#734 = CARTESIAN_POINT('',(22.088757816063,2.219921657292,
    542.72072904051));
#735 = CARTESIAN_POINT('',(22.083621908544,2.270212365786,
    542.55669597406));
#736 = CARTESIAN_POINT('',(22.082073384733,2.285261310246,
    542.50852921599));
#737 = CARTESIAN_POINT('',(22.080480892428,2.300618913952,
    542.46041467711));
#738 = CARTESIAN_POINT('',(22.078838911375,2.316330523561,
    542.41236062748));
#739 = CARTESIAN_POINT('',(22.077137200119,2.332481986802,
    542.36438645059));
#740 = CARTESIAN_POINT('',(22.075365627954,2.349157449264,
    542.31651405078));
#741 = CARTESIAN_POINT('',(22.072663423448,2.37436097898,542.24763892808
    ));
#742 = CARTESIAN_POINT('',(22.071813404751,2.382259183202,
    542.22650993733));
#743 = CARTESIAN_POINT('',(22.070941218937,2.390332250686,
    542.20541745181));
#744 = CARTESIAN_POINT('',(22.070042652967,2.398616338672,
    542.18437012063));
#745 = CARTESIAN_POINT('',(22.069113390408,2.407148350002,
    542.16337912373));
#746 = CARTESIAN_POINT('',(22.068146530601,2.415987577179,
    542.14246335399));
#747 = CARTESIAN_POINT('',(22.066543315395,2.430574943302,
    542.10978870887));
#748 = CARTESIAN_POINT('',(22.06594367384,2.43601731888,542.09796089202)
  );
#749 = CARTESIAN_POINT('',(22.065322914026,2.441636674576,
    542.08618009584));
#750 = CARTESIAN_POINT('',(22.06467847644,2.447455100049,542.07444833877
    ));
#751 = CARTESIAN_POINT('',(22.064000098309,2.453561946268,
    542.06280207101));
#752 = CARTESIAN_POINT('',(22.063284628309,2.459984052324,
    542.05126319142));
#753 = CARTESIAN_POINT('',(22.062159805031,2.470043317503,
    542.03509663659));
#754 = CARTESIAN_POINT('',(22.06180781446,2.473186256702,542.03033307462
    ));
#755 = CARTESIAN_POINT('',(22.061443214826,2.476437601014,
    542.02560404731));
#756 = CARTESIAN_POINT('',(22.061061937731,2.479833032152,
    542.02090843143));
#757 = CARTESIAN_POINT('',(22.060654500521,2.483455403738,542.0163043109
    ));
#758 = CARTESIAN_POINT('',(22.060206006277,2.487434741307,
    542.01190897673));
#759 = CARTESIAN_POINT('',(22.059483152112,2.493833727836,
    542.00622375501));
#760 = CARTESIAN_POINT('',(22.059263971794,2.4957725347,542.00465586159)
  );
#761 = CARTESIAN_POINT('',(22.059028248213,2.497855662871,
    542.00316888114));
#762 = CARTESIAN_POINT('',(22.058770479316,2.500131209544,
    542.00180779729));
#763 = CARTESIAN_POINT('',(22.058490015647,2.502604369132,
    542.00068894287));
#764 = CARTESIAN_POINT('',(22.058191060351,2.505237433266,542.));
#765 = CARTESIAN_POINT('',(22.05788266917,2.507949790795,542.));
#766 = PCURVE('',#31,#767);
#767 = DEFINITIONAL_REPRESENTATION('',(#768),#873);
#768 = B_SPLINE_CURVE_WITH_KNOTS('',7,(#769,#770,#771,#772,#773,#774,
    #775,#776,#777,#778,#779,#780,#781,#782,#783,#784,#785,#786,#787,
    #788,#789,#790,#791,#792,#793,#794,#795,#796,#797,#798,#799,#800,
    #801,#802,#803,#804,#805,#806,#807,#808,#809,#810,#811,#812,#813,
    #814,#815,#816,#817,#818,#819,#820,#821,#822,#823,#824,#825,#826,
    #827,#828,#829,#830,#831,#832,#833,#834,#835,#836,#837,#838,#839,
    #840,#841,#842,#843,#844,#845,#846,#847,#848,#849,#850,#851,#852,
    #853,#854,#855,#856,#857,#858,#859,#860,#861,#862,#863,#864,#865,
    #866,#867,#868,#869,#870,#871,#872),.UNSPECIFIED.,.F.,.F.,(8,6,6,6,6
    ,6,6,6,6,6,6,6,6,6,6,6,6,8),(0.,5.057452090311E-03,
    1.020181343482E-02,1.992633767713E-02,3.223262924631E-02,
    5.085981745822E-02,7.839859447054E-02,0.118767330207,0.188271593253,
    0.319356201298,0.537447957568,0.757095305011,0.89428487503,
    0.951395621486,0.976727863025,0.991190514603,0.997404251875,1.),
  .UNSPECIFIED.);
#769 = CARTESIAN_POINT('',(-4.720854447628E-02,-62.9));
#770 = CARTESIAN_POINT('',(-4.719453509812E-02,-62.89999999999));
#771 = CARTESIAN_POINT('',(-4.718359706497E-02,-62.89972380029));
#772 = CARTESIAN_POINT('',(-4.717590370688E-02,-62.89915538991));
#773 = CARTESIAN_POINT('',(-4.717161183178E-02,-62.89827999832));
#774 = CARTESIAN_POINT('',(-4.71708241131E-02,-62.89708832622));
#775 = CARTESIAN_POINT('',(-4.717355147742E-02,-62.89558077649));
#776 = CARTESIAN_POINT('',(-4.718590474442E-02,-62.89193150527));
#777 = CARTESIAN_POINT('',(-4.719565208247E-02,-62.8897782141));
#778 = CARTESIAN_POINT('',(-4.720879018839E-02,-62.88732746001));
#779 = CARTESIAN_POINT('',(-4.722506253279E-02,-62.88460550805));
#780 = CARTESIAN_POINT('',(-4.724413049229E-02,-62.88164537187));
#781 = CARTESIAN_POINT('',(-4.726562046707E-02,-62.87848294578));
#782 = CARTESIAN_POINT('',(-4.733368919918E-02,-62.86885870991));
#783 = CARTESIAN_POINT('',(-4.738549139777E-02,-62.86197702207));
#784 = CARTESIAN_POINT('',(-4.744249398293E-02,-62.85468766589));
#785 = CARTESIAN_POINT('',(-4.75030420566E-02,-62.84713701012));
#786 = CARTESIAN_POINT('',(-4.756599249544E-02,-62.83942446232));
#787 = CARTESIAN_POINT('',(-4.76307227053E-02,-62.83159812373));
#788 = CARTESIAN_POINT('',(-4.77810206881E-02,-62.8136140112));
#789 = CARTESIAN_POINT('',(-4.786726084796E-02,-62.80342441669));
#790 = CARTESIAN_POINT('',(-4.795502638462E-02,-62.79314405996));
#791 = CARTESIAN_POINT('',(-4.804386449003E-02,-62.78280640606));
#792 = CARTESIAN_POINT('',(-4.813349342724E-02,-62.77243164651));
#793 = CARTESIAN_POINT('',(-4.822374352254E-02,-62.76202942907));
#794 = CARTESIAN_POINT('',(-4.845205894513E-02,-62.73580878666));
#795 = CARTESIAN_POINT('',(-4.859072574185E-02,-62.71996954322));
#796 = CARTESIAN_POINT('',(-4.873020353416E-02,-62.70409987545));
#797 = CARTESIAN_POINT('',(-4.887028300068E-02,-62.68821171729));
#798 = CARTESIAN_POINT('',(-4.901083573856E-02,-62.67231204777));
#799 = CARTESIAN_POINT('',(-4.91517791921E-02,-62.65640402982));
#800 = CARTESIAN_POINT('',(-4.950200044593E-02,-62.61695403044));
#801 = CARTESIAN_POINT('',(-4.97116553955E-02,-62.59340704214));
#802 = CARTESIAN_POINT('',(-4.992188094193E-02,-62.56985160379));
#803 = CARTESIAN_POINT('',(-5.013258106349E-02,-62.54629139102));
#804 = CARTESIAN_POINT('',(-5.03436960096E-02,-62.5227285375));
#805 = CARTESIAN_POINT('',(-5.055518492845E-02,-62.49916394987));
#806 = CARTESIAN_POINT('',(-5.107757167205E-02,-62.44105102546));
#807 = CARTESIAN_POINT('',(-5.138886070357E-02,-62.40650218108));
#808 = CARTESIAN_POINT('',(-5.170081311942E-02,-62.37195229252));
#809 = CARTESIAN_POINT('',(-5.201338317361E-02,-62.33740238983));
#810 = CARTESIAN_POINT('',(-5.23265431696E-02,-62.30285306269));
#811 = CARTESIAN_POINT('',(-5.264027418867E-02,-62.2683045228));
#812 = CARTESIAN_POINT('',(-5.349569870094E-02,-62.17427418197));
#813 = CARTESIAN_POINT('',(-5.403848887909E-02,-62.1147944695));
#814 = CARTESIAN_POINT('',(-5.458288150885E-02,-62.05531795129));
#815 = CARTESIAN_POINT('',(-5.512886063088E-02,-61.99584499825));
#816 = CARTESIAN_POINT('',(-5.567642736806E-02,-61.93637582229));
#817 = CARTESIAN_POINT('',(-5.622558976035E-02,-61.87691046134));
#818 = CARTESIAN_POINT('',(-5.781512783786E-02,-61.7053043948));
#819 = CARTESIAN_POINT('',(-5.885962414112E-02,-61.59317372998));
#820 = CARTESIAN_POINT('',(-5.990996567356E-02,-61.48105702797));
#821 = CARTESIAN_POINT('',(-6.096632805826E-02,-61.36895482016));
#822 = CARTESIAN_POINT('',(-6.202892211659E-02,-61.25686770253));
#823 = CARTESIAN_POINT('',(-6.309798530964E-02,-61.14479625154));
#824 = CARTESIAN_POINT('',(-6.596367049808E-02,-60.84630949015));
#825 = CARTESIAN_POINT('',(-6.777221608561E-02,-60.65992340506));
#826 = CARTESIAN_POINT('',(-6.96006918684E-02,-60.47358596813));
#827 = CARTESIAN_POINT('',(-7.14506339745E-02,-60.28730153831));
#828 = CARTESIAN_POINT('',(-7.332386523924E-02,-60.10107554465));
#829 = CARTESIAN_POINT('',(-7.522266648627E-02,-59.9149148522));
#830 = CARTESIAN_POINT('',(-7.909129770434E-02,-59.54141510677));
#831 = CARTESIAN_POINT('',(-8.106151674656E-02,-59.3540786642));
#832 = CARTESIAN_POINT('',(-8.306397029871E-02,-59.16682725999));
#833 = CARTESIAN_POINT('',(-8.510249475083E-02,-58.97967260635));
#834 = CARTESIAN_POINT('',(-8.718268047783E-02,-58.79263348399));
#835 = CARTESIAN_POINT('',(-8.931130258975E-02,-58.60573397675));
#836 = CARTESIAN_POINT('',(-9.287041643248E-02,-58.30240041237));
#837 = CARTESIAN_POINT('',(-9.426291953825E-02,-58.18585770028));
#838 = CARTESIAN_POINT('',(-9.568321427021E-02,-58.06939940582));
#839 = CARTESIAN_POINT('',(-9.713506661842E-02,-57.9530376481));
#840 = CARTESIAN_POINT('',(-9.862627525808E-02,-57.83680349566));
#841 = CARTESIAN_POINT('',(-0.100163743148,-57.72072904051));
#842 = CARTESIAN_POINT('',(-0.102440872831,-57.55669597406));
#843 = CARTESIAN_POINT('',(-0.10312233234,-57.50852921599));
#844 = CARTESIAN_POINT('',(-0.103817825192,-57.46041467711));
#845 = CARTESIAN_POINT('',(-0.104529409267,-57.41236062748));
#846 = CARTESIAN_POINT('',(-0.105260979183,-57.36438645059));
#847 = CARTESIAN_POINT('',(-0.106016352831,-57.31651405078));
#848 = CARTESIAN_POINT('',(-0.107158153492,-57.24763892808));
#849 = CARTESIAN_POINT('',(-0.107515982869,-57.22650993733));
#850 = CARTESIAN_POINT('',(-0.107881750598,-57.20541745181));
#851 = CARTESIAN_POINT('',(-0.108257096424,-57.18437012063));
#852 = CARTESIAN_POINT('',(-0.108643693989,-57.16337912373));
#853 = CARTESIAN_POINT('',(-0.109044232174,-57.14246335399));
#854 = CARTESIAN_POINT('',(-0.109705277303,-57.10978870887));
#855 = CARTESIAN_POINT('',(-0.109951912888,-57.09796089202));
#856 = CARTESIAN_POINT('',(-0.110206576784,-57.08618009585));
#857 = CARTESIAN_POINT('',(-0.11047027068,-57.07444833877));
#858 = CARTESIAN_POINT('',(-0.11074704586,-57.06280207101));
#859 = CARTESIAN_POINT('',(-0.111038119596,-57.05126319142));
#860 = CARTESIAN_POINT('',(-0.111494063671,-57.03509663659));
#861 = CARTESIAN_POINT('',(-0.111636522601,-57.03033307462));
#862 = CARTESIAN_POINT('',(-0.111783897517,-57.02560404731));
#863 = CARTESIAN_POINT('',(-0.111937806118,-57.02090843143));
#864 = CARTESIAN_POINT('',(-0.112102004915,-57.0163043109));
#865 = CARTESIAN_POINT('',(-0.112282389224,-57.01190897673));
#866 = CARTESIAN_POINT('',(-0.112572465138,-57.00622375501));
#867 = CARTESIAN_POINT('',(-0.112660355075,-57.00465586159));
#868 = CARTESIAN_POINT('',(-0.112754788534,-57.00316888114));
#869 = CARTESIAN_POINT('',(-0.112857946184,-57.00180779729));
#870 = CARTESIAN_POINT('',(-0.112970063818,-57.00068894287));
#871 = CARTESIAN_POINT('',(-0.113089432345,-57.));
#872 = CARTESIAN_POINT('',(-0.113212397797,-57.));
#873 = ( GEOMETRIC_REPRESENTATION_CONTEXT(2) 
PARAMETRIC_REPRESENTATION_CONTEXT() REPRESENTATION_CONTEXT('2D SPACE',''
  ) );
#874 = PCURVE('',#875,#892);
#875 = B_SPLINE_SURFACE_WITH_KNOTS('',7,1,(
    (#876,#877)
    ,(#878,#879)
    ,(#880,#881)
    ,(#882,#883)
    ,(#884,#885)
    ,(#886,#887)
    ,(#888,#889)
    ,(#890,#891
    )),.UNSPECIFIED.,.F.,.F.,.F.,(8,8),(2,2),(0.,1.523587782319),(0.,1.)
  ,.PIECEWISE_BEZIER_KNOTS.);
#876 = CARTESIAN_POINT('',(23.746999810502,1.,542.));
#877 = CARTESIAN_POINT('',(22.225210910135,1.,547.9));
#878 = CARTESIAN_POINT('',(23.393015142032,1.,542.));
#879 = CARTESIAN_POINT('',(22.214328140262,1.,547.9));
#880 = CARTESIAN_POINT('',(23.039031429311,1.085994941703,
    541.99999999999));
#881 = CARTESIAN_POINT('',(22.203446025359,1.002762940297,547.9));
#882 = CARTESIAN_POINT('',(22.710110345567,1.257975670578,
    542.00000000001));
#883 = CARTESIAN_POINT('',(22.193402957146,1.008291676609,547.9));
#884 = CARTESIAN_POINT('',(22.431345002042,1.506841857039,
    541.99999999999));
#885 = CARTESIAN_POINT('',(22.185050104138,1.016259226815,547.9));
#886 = CARTESIAN_POINT('',(22.223306790238,1.814228507473,542.));
#887 = CARTESIAN_POINT('',(22.179053584938,1.026030199223,547.9));
#888 = CARTESIAN_POINT('',(22.097872568955,2.156231219452,
    541.99999999999));
#889 = CARTESIAN_POINT('',(22.175780184871,1.036769804237,547.9));
#890 = CARTESIAN_POINT('',(22.05788266917,2.507949790795,542.));
#891 = CARTESIAN_POINT('',(22.175266615955,1.047640449438,547.9));
#892 = DEFINITIONAL_REPRESENTATION('',(#893),#998);
#893 = B_SPLINE_CURVE_WITH_KNOTS('',7,(#894,#895,#896,#897,#898,#899,
    #900,#901,#902,#903,#904,#905,#906,#907,#908,#909,#910,#911,#912,
    #913,#914,#915,#916,#917,#918,#919,#920,#921,#922,#923,#924,#925,
    #926,#927,#928,#929,#930,#931,#932,#933,#934,#935,#936,#937,#938,
    #939,#940,#941,#942,#943,#944,#945,#946,#947,#948,#949,#950,#951,
    #952,#953,#954,#955,#956,#957,#958,#959,#960,#961,#962,#963,#964,
    #965,#966,#967,#968,#969,#970,#971,#972,#973,#974,#975,#976,#977,
    #978,#979,#980,#981,#982,#983,#984,#985,#986,#987,#988,#989,#990,
    #991,#992,#993,#994,#995,#996,#997),.UNSPECIFIED.,.F.,.F.,(8,6,6,6,6
    ,6,6,6,6,6,6,6,6,6,6,6,6,8),(0.,5.057452090311E-03,
    1.020181343482E-02,1.992633767713E-02,3.223262924631E-02,
    5.085981745822E-02,7.839859447054E-02,0.118767330207,0.188271593253,
    0.319356201298,0.537447957568,0.757095305011,0.89428487503,
    0.951395621486,0.976727863025,0.991190514603,0.997404251875,1.),
  .UNSPECIFIED.);
#894 = CARTESIAN_POINT('',(1.5235877823,1.));
#895 = CARTESIAN_POINT('',(1.517367618392,1.));
#896 = CARTESIAN_POINT('',(1.511140454755,0.99995318649));
#897 = CARTESIAN_POINT('',(1.50494091033,0.999856845748));
#898 = CARTESIAN_POINT('',(1.498808403496,0.999708474291));
#899 = CARTESIAN_POINT('',(1.492785605335,0.999506495971));
#900 = CARTESIAN_POINT('',(1.486916892884,0.999250979066));
#901 = CARTESIAN_POINT('',(1.475479274834,0.998632458521));
#902 = CARTESIAN_POINT('',(1.469913194858,0.998267493915));
#903 = CARTESIAN_POINT('',(1.464597677227,0.997852111866));
#904 = CARTESIAN_POINT('',(1.459561451727,0.997390764077));
#905 = CARTESIAN_POINT('',(1.454817077535,0.99688904608));
#906 = CARTESIAN_POINT('',(1.450365157578,0.996353041659));
#907 = CARTESIAN_POINT('',(1.438322308299,0.994721815239));
#908 = CARTESIAN_POINT('',(1.431479354171,0.99355542747));
#909 = CARTESIAN_POINT('',(1.425537136928,0.992319943371));
#910 = CARTESIAN_POINT('',(1.420346640107,0.991040171208));
#911 = CARTESIAN_POINT('',(1.415774485877,0.989732959715));
#912 = CARTESIAN_POINT('',(1.411712907295,0.988406461651));
#913 = CARTESIAN_POINT('',(1.40345447914,0.985358306983));
#914 = CARTESIAN_POINT('',(1.399524434608,0.983631257067));
#915 = CARTESIAN_POINT('',(1.396104399652,0.981888823723));
#916 = CARTESIAN_POINT('',(1.393090650184,0.980136678995));
#917 = CARTESIAN_POINT('',(1.390410655965,0.978378245171));
#918 = CARTESIAN_POINT('',(1.388005389106,0.976615157471));
#919 = CARTESIAN_POINT('',(1.382542494327,0.972170980791));
#920 = CARTESIAN_POINT('',(1.379786959499,0.969486363259));
#921 = CARTESIAN_POINT('',(1.377417881772,0.96679658906));
#922 = CARTESIAN_POINT('',(1.375352276615,0.964103680898));
#923 = CARTESIAN_POINT('',(1.373534576336,0.961408821657));
#924 = CARTESIAN_POINT('',(1.371919713161,0.958712547429));
#925 = CARTESIAN_POINT('',(1.368342774946,0.952026106854));
#926 = CARTESIAN_POINT('',(1.366584051718,0.948035091889));
#927 = CARTESIAN_POINT('',(1.365097275582,0.94404264471));
#928 = CARTESIAN_POINT('',(1.363824106694,0.94004938831));
#929 = CARTESIAN_POINT('',(1.362725528584,0.936055684322));
#930 = CARTESIAN_POINT('',(1.361770142481,0.932061686419));
#931 = CARTESIAN_POINT('',(1.359713553153,0.922212038214));
#932 = CARTESIAN_POINT('',(1.358751401669,0.916356301879));
#933 = CARTESIAN_POINT('',(1.357979285045,0.910500388564));
#934 = CARTESIAN_POINT('',(1.357356953143,0.904644472854));
#935 = CARTESIAN_POINT('',(1.356857413403,0.898788654694));
#936 = CARTESIAN_POINT('',(1.356459052109,0.892932969967));
#937 = CARTESIAN_POINT('',(1.355609065222,0.876995624063));
#938 = CARTESIAN_POINT('',(1.355326007641,0.866914316866));
#939 = CARTESIAN_POINT('',(1.355219181761,0.856833551066));
#940 = CARTESIAN_POINT('',(1.355248479345,0.846753389535));
#941 = CARTESIAN_POINT('',(1.355388605724,0.836673868186));
#942 = CARTESIAN_POINT('',(1.355618828613,0.826594993447));
#943 = CARTESIAN_POINT('',(1.356505195135,0.797509219458));
#944 = CARTESIAN_POINT('',(1.357356986186,0.778504022032));
#945 = CARTESIAN_POINT('',(1.358389953532,0.759501191182));
#946 = CARTESIAN_POINT('',(1.359565798733,0.740500816977));
#947 = CARTESIAN_POINT('',(1.360863237366,0.72150300043));
#948 = CARTESIAN_POINT('',(1.36226363195,0.702507839244));
#949 = CARTESIAN_POINT('',(1.366245105692,0.651916862738));
#950 = CARTESIAN_POINT('',(1.368991842219,0.620326000858));
#951 = CARTESIAN_POINT('',(1.371953197401,0.58874338443));
#952 = CARTESIAN_POINT('',(1.375118697536,0.557169752257));
#953 = CARTESIAN_POINT('',(1.378490962124,0.525606024517));
#954 = CARTESIAN_POINT('',(1.382078940677,0.49405336478));
#955 = CARTESIAN_POINT('',(1.389760662138,0.430748323182));
#956 = CARTESIAN_POINT('',(1.393857554919,0.398996383763));
#957 = CARTESIAN_POINT('',(1.398220647801,0.367258857627));
#958 = CARTESIAN_POINT('',(1.402883626952,0.335537729891));
#959 = CARTESIAN_POINT('',(1.407902294787,0.303836183728));
#960 = CARTESIAN_POINT('',(1.41334600812,0.272158301145));
#961 = CARTESIAN_POINT('',(1.423132972859,0.220745832606));
#962 = CARTESIAN_POINT('',(1.427121630958,0.200992830557));
#963 = CARTESIAN_POINT('',(1.431377440036,0.181254136581));
#964 = CARTESIAN_POINT('',(1.435942690886,0.161531804763));
#965 = CARTESIAN_POINT('',(1.440913463286,0.14183110096));
#966 = CARTESIAN_POINT('',(1.446371337892,0.122157464495));
#967 = CARTESIAN_POINT('',(1.455231429828,9.43552498422E-02));
#968 = CARTESIAN_POINT('',(1.457973739017,8.619139254142E-02));
#969 = CARTESIAN_POINT('',(1.460878310937,7.803638595143E-02));
#970 = CARTESIAN_POINT('',(1.463971714079,6.989163177715E-02));
#971 = CARTESIAN_POINT('',(1.467306303367,6.176041535483E-02));
#972 = CARTESIAN_POINT('',(1.470933054643,5.364644928513E-02));
#973 = CARTESIAN_POINT('',(1.476824151845,4.197269967553E-02));
#974 = CARTESIAN_POINT('',(1.478723865552,3.839151480221E-02));
#975 = CARTESIAN_POINT('',(1.480725812062,3.481651725697E-02));
#976 = CARTESIAN_POINT('',(1.482852836933,3.124917298913E-02));
#977 = CARTESIAN_POINT('',(1.485128480192,2.769137690336E-02));
#978 = CARTESIAN_POINT('',(1.487590981987,2.41463311848E-02));
#979 = CARTESIAN_POINT('',(1.491894965634,1.860825574223E-02));
#980 = CARTESIAN_POINT('',(1.493547978806,1.660354102164E-02));
#981 = CARTESIAN_POINT('',(1.495311814604,1.460679590667E-02));
#982 = CARTESIAN_POINT('',(1.49720001099,1.261836250431E-02));
#983 = CARTESIAN_POINT('',(1.499272650683,1.064441881645E-02));
#984 = CARTESIAN_POINT('',(1.501548858111,8.688676511967E-03));
#985 = CARTESIAN_POINT('',(1.505382856722,5.948582472978E-03));
#986 = CARTESIAN_POINT('',(1.506621802738,5.141199089402E-03));
#987 = CARTESIAN_POINT('',(1.507931201638,4.339669035722E-03));
#988 = CARTESIAN_POINT('',(1.509332830297,3.543801938152E-03));
#989 = CARTESIAN_POINT('',(1.510886529556,2.763442526373E-03));
#990 = CARTESIAN_POINT('',(1.512690204224,2.01847063354E-03));
#991 = CARTESIAN_POINT('',(1.515794522041,1.054873731932E-03));
#992 = CARTESIAN_POINT('',(1.516758073405,7.891290833824E-04));
#993 = CARTESIAN_POINT('',(1.517822530461,5.370984992744E-04));
#994 = CARTESIAN_POINT('',(1.519024440811,3.064063202505E-04));
#995 = CARTESIAN_POINT('',(1.520384846369,1.167699789458E-04));
#996 = CARTESIAN_POINT('',(1.521909283359,-1.132129086439E-14));
#997 = CARTESIAN_POINT('',(1.523587782319,0.));
#998 = ( GEOMETRIC_REPRESENTATION_CONTEXT(2) 
PARAMETRIC_REPRESENTATION_CONTEXT() REPRESENTATION_CONTEXT('2D SPACE',''
  ) );
#999 = ORIENTED_EDGE('',*,*,#1000,.T.);
#1000 = EDGE_CURVE('',#658,#1001,#1003,.T.);
#1001 = VERTEX_POINT('',#1002);
#1002 = CARTESIAN_POINT('',(22.177466041007,1.,547.9));
#1003 = SURFACE_CURVE('',#1004,(#1009,#1016),.PCURVE_S1.);
#1004 = CIRCLE('',#1005,22.2);
#1005 = AXIS2_PLACEMENT_3D('',#1006,#1007,#1008);
#1006 = CARTESIAN_POINT('',(0.,0.,547.9));
#1007 = DIRECTION('',(0.,0.,-1.));
#1008 = DIRECTION('',(1.,0.,0.));
#1009 = PCURVE('',#31,#1010);
#1010 = DEFINITIONAL_REPRESENTATION('',(#1011),#1015);
#1011 = LINE('',#1012,#1013);
#1012 = CARTESIAN_POINT('',(-6.28318530718,-62.9));
#1013 = VECTOR('',#1014,1.);
#1014 = DIRECTION('',(1.,-0.));
#1015 = ( GEOMETRIC_REPRESENTATION_CONTEXT(2) 
PARAMETRIC_REPRESENTATION_CONTEXT() REPRESENTATION_CONTEXT('2D SPACE',''
  ) );
#1016 = PCURVE('',#1017,#1022);
#1017 = PLANE('',#1018);
#1018 = AXIS2_PLACEMENT_3D('',#1019,#1020,#1021);
#1019 = CARTESIAN_POINT('',(22.225210910135,1.05,547.9));
#1020 = DIRECTION('',(0.,0.,-1.));
#1021 = DIRECTION('',(0.,-1.,0.));
#1022 = DEFINITIONAL_REPRESENTATION('',(#1023),#1027);
#1023 = CIRCLE('',#1024,22.2);
#1024 = AXIS2_PLACEMENT_2D('',#1025,#1026);
#1025 = CARTESIAN_POINT('',(1.05,22.225210910135));
#1026 = DIRECTION('',(0.,-1.));
#1027 = ( GEOMETRIC_REPRESENTATION_CONTEXT(2) 
PARAMETRIC_REPRESENTATION_CONTEXT() REPRESENTATION_CONTEXT('2D SPACE',''
  ) );
#1028 = ORIENTED_EDGE('',*,*,#1029,.F.);
#1029 = EDGE_CURVE('',#1030,#1001,#1032,.T.);
#1030 = VERTEX_POINT('',#1031);
#1031 = CARTESIAN_POINT('',(22.177466041007,1.,547.7));
#1032 = SURFACE_CURVE('',#1033,(#1040,#1050),.PCURVE_S1.);
#1033 = B_SPLINE_CURVE_WITH_KNOTS('',5,(#1034,#1035,#1036,#1037,#1038,
    #1039),.UNSPECIFIED.,.F.,.F.,(6,6),(0.,1.),
  .PIECEWISE_BEZIER_KNOTS.);
#1034 = CARTESIAN_POINT('',(22.177466041007,1.,547.69999646));
#1035 = CARTESIAN_POINT('',(22.177466041007,1.,547.74305520009));
#1036 = CARTESIAN_POINT('',(22.177466041007,1.,547.78476761066));
#1037 = CARTESIAN_POINT('',(22.177466041007,1.,547.82493056693));
#1038 = CARTESIAN_POINT('',(22.177466041007,1.,547.86337605745));
#1039 = CARTESIAN_POINT('',(22.177466041007,1.,547.9));
#1040 = PCURVE('',#31,#1041);
#1041 = DEFINITIONAL_REPRESENTATION('',(#1042),#1049);
#1042 = B_SPLINE_CURVE_WITH_KNOTS('',5,(#1043,#1044,#1045,#1046,#1047,
    #1048),.UNSPECIFIED.,.F.,.F.,(6,6),(0.,1.),
  .PIECEWISE_BEZIER_KNOTS.);
#1043 = CARTESIAN_POINT('',(-4.506029212466E-02,-62.69999646));
#1044 = CARTESIAN_POINT('',(-4.506029212466E-02,-62.74305520009));
#1045 = CARTESIAN_POINT('',(-4.506029212466E-02,-62.78476761066));
#1046 = CARTESIAN_POINT('',(-4.506029212466E-02,-62.82493056693));
#1047 = CARTESIAN_POINT('',(-4.506029212466E-02,-62.86337605745));
#1048 = CARTESIAN_POINT('',(-4.506029212466E-02,-62.9));
#1049 = ( GEOMETRIC_REPRESENTATION_CONTEXT(2) 
PARAMETRIC_REPRESENTATION_CONTEXT() REPRESENTATION_CONTEXT('2D SPACE',''
  ) );
#1050 = PCURVE('',#1051,#1056);
#1051 = B_SPLINE_SURFACE_WITH_KNOTS('',1,1,(
    (#1052,#1053)
    ,(#1054,#1055
    )),.UNSPECIFIED.,.F.,.F.,.F.,(2,2),(2,2),(0.,1.769738834666),(0.,1.)
  ,.PIECEWISE_BEZIER_KNOTS.);
#1052 = CARTESIAN_POINT('',(21.977260975836,1.,542.));
#1053 = CARTESIAN_POINT('',(21.977260975836,1.,547.9));
#1054 = CARTESIAN_POINT('',(23.746999810502,1.,542.));
#1055 = CARTESIAN_POINT('',(22.225210910135,1.,547.9));
#1056 = DEFINITIONAL_REPRESENTATION('',(#1057),#1064);
#1057 = B_SPLINE_CURVE_WITH_KNOTS('',5,(#1058,#1059,#1060,#1061,#1062,
    #1063),.UNSPECIFIED.,.F.,.F.,(6,6),(0.,1.),
  .PIECEWISE_BEZIER_KNOTS.);
#1058 = CARTESIAN_POINT('',(1.182861493129,0.966101094915));
#1059 = CARTESIAN_POINT('',(1.226719335739,0.973399186457));
#1060 = CARTESIAN_POINT('',(1.273270977844,0.980469086554));
#1061 = CARTESIAN_POINT('',(1.322556316569,0.987276367277));
#1062 = CARTESIAN_POINT('',(1.374519862014,0.993792552111));
#1063 = CARTESIAN_POINT('',(1.428960567102,1.));
#1064 = ( GEOMETRIC_REPRESENTATION_CONTEXT(2) 
PARAMETRIC_REPRESENTATION_CONTEXT() REPRESENTATION_CONTEXT('2D SPACE',''
  ) );
#1065 = ORIENTED_EDGE('',*,*,#1066,.T.);
#1066 = EDGE_CURVE('',#1030,#1067,#1069,.T.);
#1067 = VERTEX_POINT('',#1068);
#1068 = CARTESIAN_POINT('',(22.2,0.7,548.));
#1069 = SURFACE_CURVE('',#1070,(#1080,#1093),.PCURVE_S1.);
#1070 = B_SPLINE_CURVE_WITH_KNOTS('',8,(#1071,#1072,#1073,#1074,#1075,
    #1076,#1077,#1078,#1079),.UNSPECIFIED.,.F.,.F.,(9,9),(0.,1.),
  .PIECEWISE_BEZIER_KNOTS.);
#1071 = CARTESIAN_POINT('',(22.177466041007,1.,547.7));
#1072 = CARTESIAN_POINT('',(22.177466041007,1.,547.75725194294));
#1073 = CARTESIAN_POINT('',(22.178029071757,0.98751345443,
    547.81546100549));
#1074 = CARTESIAN_POINT('',(22.179188143243,0.961808073646,
    547.87071798207));
#1075 = CARTESIAN_POINT('',(22.180853304407,0.924003545374,
    547.91941624682));
#1076 = CARTESIAN_POINT('',(22.182849014994,0.875991990892,
    547.95861649804));
#1077 = CARTESIAN_POINT('',(22.184970134806,0.820498154983,
    547.98598264838));
#1078 = CARTESIAN_POINT('',(22.187047661137,0.760656960093,548.));
#1079 = CARTESIAN_POINT('',(22.188961219489,0.7,548.));
#1080 = PCURVE('',#31,#1081);
#1081 = DEFINITIONAL_REPRESENTATION('',(#1082),#1092);
#1082 = B_SPLINE_CURVE_WITH_KNOTS('',8,(#1083,#1084,#1085,#1086,#1087,
    #1088,#1089,#1090,#1091),.UNSPECIFIED.,.F.,.F.,(9,9),(0.,1.),
  .PIECEWISE_BEZIER_KNOTS.);
#1083 = CARTESIAN_POINT('',(-4.506029212466E-02,-62.7));
#1084 = CARTESIAN_POINT('',(-4.506029212466E-02,-62.75725194294));
#1085 = CARTESIAN_POINT('',(-4.449726353405E-02,-62.81546100549));
#1086 = CARTESIAN_POINT('',(-4.333818749648E-02,-62.87071798208));
#1087 = CARTESIAN_POINT('',(-4.163362898322E-02,-62.91941624682));
#1088 = CARTESIAN_POINT('',(-3.946909633022E-02,-62.95861649805));
#1089 = CARTESIAN_POINT('',(-3.696757346208E-02,-62.98598264838));
#1090 = CARTESIAN_POINT('',(-3.427041363099E-02,-63.));
#1091 = CARTESIAN_POINT('',(-3.153675884235E-02,-63.));
#1092 = ( GEOMETRIC_REPRESENTATION_CONTEXT(2) 
PARAMETRIC_REPRESENTATION_CONTEXT() REPRESENTATION_CONTEXT('2D SPACE',''
  ) );
#1093 = PCURVE('',#1094,#1099);
#1094 = CYLINDRICAL_SURFACE('',#1095,0.3);
#1095 = AXIS2_PLACEMENT_3D('',#1096,#1097,#1098);
#1096 = CARTESIAN_POINT('',(22.2,0.7,547.7));
#1097 = DIRECTION('',(-1.,0.,0.));
#1098 = DIRECTION('',(0.,1.,0.));
#1099 = DEFINITIONAL_REPRESENTATION('',(#1100),#1110);
#1100 = B_SPLINE_CURVE_WITH_KNOTS('',8,(#1101,#1102,#1103,#1104,#1105,
    #1106,#1107,#1108,#1109),.UNSPECIFIED.,.F.,.F.,(9,9),(0.,1.),
  .PIECEWISE_BEZIER_KNOTS.);
#1101 = CARTESIAN_POINT('',(0.,2.253395899342E-02));
#1102 = CARTESIAN_POINT('',(-0.190839809799,2.253395899342E-02));
#1103 = CARTESIAN_POINT('',(-0.384865792885,2.197092824314E-02));
#1104 = CARTESIAN_POINT('',(-0.579671685157,2.081185675682E-02));
#1105 = CARTESIAN_POINT('',(-0.775183590063,1.914669559279E-02));
#1106 = CARTESIAN_POINT('',(-0.971554521363,1.715098500586E-02));
#1107 = CARTESIAN_POINT('',(-1.169136859753,1.502986519411E-02));
#1108 = CARTESIAN_POINT('',(-1.368606459819,1.295233886275E-02));
#1109 = CARTESIAN_POINT('',(-1.570796326795,1.10387805107E-02));
#1110 = ( GEOMETRIC_REPRESENTATION_CONTEXT(2) 
PARAMETRIC_REPRESENTATION_CONTEXT() REPRESENTATION_CONTEXT('2D SPACE',''
  ) );
#1111 = ORIENTED_EDGE('',*,*,#1112,.F.);
#1112 = EDGE_CURVE('',#1113,#1067,#1115,.T.);
#1113 = VERTEX_POINT('',#1114);
#1114 = CARTESIAN_POINT('',(22.2,0.,548.));
#1115 = SURFACE_CURVE('',#1116,(#1120,#1130),.PCURVE_S1.);
#1116 = LINE('',#1117,#1118);
#1117 = CARTESIAN_POINT('',(22.2,-1.,548.));
#1118 = VECTOR('',#1119,1.);
#1119 = DIRECTION('',(0.,1.,0.));
#1120 = PCURVE('',#31,#1121);
#1121 = DEFINITIONAL_REPRESENTATION('',(#1122),#1129);
#1122 = B_SPLINE_CURVE_WITH_KNOTS('',5,(#1123,#1124,#1125,#1126,#1127,
    #1128),.UNSPECIFIED.,.F.,.F.,(6,6),(1.,1.7),
  .PIECEWISE_BEZIER_KNOTS.);
#1123 = CARTESIAN_POINT('',(0.,-63.));
#1124 = CARTESIAN_POINT('',(-6.306306306306E-03,-63.));
#1125 = CARTESIAN_POINT('',(-1.260962006054E-02,-63.));
#1126 = CARTESIAN_POINT('',(-1.892369560732E-02,-63.));
#1127 = CARTESIAN_POINT('',(-2.521791415844E-02,-63.));
#1128 = CARTESIAN_POINT('',(-3.152108781745E-02,-63.));
#1129 = ( GEOMETRIC_REPRESENTATION_CONTEXT(2) 
PARAMETRIC_REPRESENTATION_CONTEXT() REPRESENTATION_CONTEXT('2D SPACE',''
  ) );
#1130 = PCURVE('',#1131,#1136);
#1131 = PLANE('',#1132);
#1132 = AXIS2_PLACEMENT_3D('',#1133,#1134,#1135);
#1133 = CARTESIAN_POINT('',(75.853846153846,0.,550.));
#1134 = DIRECTION('',(3.725011514586E-02,0.,-0.999305973625));
#1135 = DIRECTION('',(-0.999305973625,0.,-3.725011514586E-02));
#1136 = DEFINITIONAL_REPRESENTATION('',(#1137),#1141);
#1137 = LINE('',#1138,#1139);
#1138 = CARTESIAN_POINT('',(53.69110919976,-1.));
#1139 = VECTOR('',#1140,1.);
#1140 = DIRECTION('',(0.,1.));
#1141 = ( GEOMETRIC_REPRESENTATION_CONTEXT(2) 
PARAMETRIC_REPRESENTATION_CONTEXT() REPRESENTATION_CONTEXT('2D SPACE',''
  ) );
#1142 = ORIENTED_EDGE('',*,*,#1143,.T.);
#1143 = EDGE_CURVE('',#1113,#1144,#1146,.T.);
#1144 = VERTEX_POINT('',#1145);
#1145 = CARTESIAN_POINT('',(22.2,0.,550.));
#1146 = SEAM_CURVE('',#1147,(#1151,#1158),.PCURVE_S1.);
#1147 = LINE('',#1148,#1149);
#1148 = CARTESIAN_POINT('',(22.2,0.,485.));
#1149 = VECTOR('',#1150,1.);
#1150 = DIRECTION('',(0.,0.,1.));
#1151 = PCURVE('',#31,#1152);
#1152 = DEFINITIONAL_REPRESENTATION('',(#1153),#1157);
#1153 = LINE('',#1154,#1155);
#1154 = CARTESIAN_POINT('',(-0.,0.));
#1155 = VECTOR('',#1156,1.);
#1156 = DIRECTION('',(-0.,-1.));
#1157 = ( GEOMETRIC_REPRESENTATION_CONTEXT(2) 
PARAMETRIC_REPRESENTATION_CONTEXT() REPRESENTATION_CONTEXT('2D SPACE',''
  ) );
#1158 = PCURVE('',#31,#1159);
#1159 = DEFINITIONAL_REPRESENTATION('',(#1160),#1164);
#1160 = LINE('',#1161,#1162);
#1161 = CARTESIAN_POINT('',(-6.28318530718,0.));
#1162 = VECTOR('',#1163,1.);
#1163 = DIRECTION('',(-0.,-1.));
#1164 = ( GEOMETRIC_REPRESENTATION_CONTEXT(2) 
PARAMETRIC_REPRESENTATION_CONTEXT() REPRESENTATION_CONTEXT('2D SPACE',''
  ) );
#1165 = ORIENTED_EDGE('',*,*,#1166,.T.);
#1166 = EDGE_CURVE('',#1144,#1144,#1167,.T.);
#1167 = SURFACE_CURVE('',#1168,(#1173,#1180),.PCURVE_S1.);
#1168 = CIRCLE('',#1169,22.2);
#1169 = AXIS2_PLACEMENT_3D('',#1170,#1171,#1172);
#1170 = CARTESIAN_POINT('',(0.,0.,550.));
#1171 = DIRECTION('',(0.,0.,1.));
#1172 = DIRECTION('',(1.,0.,0.));
#1173 = PCURVE('',#31,#1174);
#1174 = DEFINITIONAL_REPRESENTATION('',(#1175),#1179);
#1175 = LINE('',#1176,#1177);
#1176 = CARTESIAN_POINT('',(-0.,-65.));
#1177 = VECTOR('',#1178,1.);
#1178 = DIRECTION('',(-1.,0.));
#1179 = ( GEOMETRIC_REPRESENTATION_CONTEXT(2) 
PARAMETRIC_REPRESENTATION_CONTEXT() REPRESENTATION_CONTEXT('2D SPACE',''
  ) );
#1180 = PCURVE('',#1181,#1186);
#1181 = PLANE('',#1182);
#1182 = AXIS2_PLACEMENT_3D('',#1183,#1184,#1185);
#1183 = CARTESIAN_POINT('',(-1.478313656799E-15,7.930380649721E-17,550.)
  );
#1184 = DIRECTION('',(0.,0.,1.));
#1185 = DIRECTION('',(1.,0.,-0.));
#1186 = DEFINITIONAL_REPRESENTATION('',(#1187),#1191);
#1187 = CIRCLE('',#1188,22.2);
#1188 = AXIS2_PLACEMENT_2D('',#1189,#1190);
#1189 = CARTESIAN_POINT('',(1.478313656799E-15,-7.930380649721E-17));
#1190 = DIRECTION('',(1.,0.));
#1191 = ( GEOMETRIC_REPRESENTATION_CONTEXT(2) 
PARAMETRIC_REPRESENTATION_CONTEXT() REPRESENTATION_CONTEXT('2D SPACE',''
  ) );
#1192 = ORIENTED_EDGE('',*,*,#1143,.F.);
#1193 = ORIENTED_EDGE('',*,*,#1194,.F.);
#1194 = EDGE_CURVE('',#1195,#1113,#1197,.T.);
#1195 = VERTEX_POINT('',#1196);
#1196 = CARTESIAN_POINT('',(22.2,-0.7,548.));
#1197 = SURFACE_CURVE('',#1198,(#1202,#1212),.PCURVE_S1.);
#1198 = LINE('',#1199,#1200);
#1199 = CARTESIAN_POINT('',(22.2,-1.,548.));
#1200 = VECTOR('',#1201,1.);
#1201 = DIRECTION('',(0.,1.,0.));
#1202 = PCURVE('',#31,#1203);
#1203 = DEFINITIONAL_REPRESENTATION('',(#1204),#1211);
#1204 = B_SPLINE_CURVE_WITH_KNOTS('',5,(#1205,#1206,#1207,#1208,#1209,
    #1210),.UNSPECIFIED.,.F.,.F.,(6,6),(0.3,1.),
  .PIECEWISE_BEZIER_KNOTS.);
#1205 = CARTESIAN_POINT('',(-6.251664219362,-63.));
#1206 = CARTESIAN_POINT('',(-6.257967393021,-63.));
#1207 = CARTESIAN_POINT('',(-6.264261611572,-63.));
#1208 = CARTESIAN_POINT('',(-6.270575687119,-63.));
#1209 = CARTESIAN_POINT('',(-6.276879000873,-63.));
#1210 = CARTESIAN_POINT('',(-6.28318530718,-63.));
#1211 = ( GEOMETRIC_REPRESENTATION_CONTEXT(2) 
PARAMETRIC_REPRESENTATION_CONTEXT() REPRESENTATION_CONTEXT('2D SPACE',''
  ) );
#1212 = PCURVE('',#1131,#1213);
#1213 = DEFINITIONAL_REPRESENTATION('',(#1214),#1218);
#1214 = LINE('',#1215,#1216);
#1215 = CARTESIAN_POINT('',(53.69110919976,-1.));
#1216 = VECTOR('',#1217,1.);
#1217 = DIRECTION('',(0.,1.));
#1218 = ( GEOMETRIC_REPRESENTATION_CONTEXT(2) 
PARAMETRIC_REPRESENTATION_CONTEXT() REPRESENTATION_CONTEXT('2D SPACE',''
  ) );
#1219 = ORIENTED_EDGE('',*,*,#1220,.T.);
#1220 = EDGE_CURVE('',#1195,#1221,#1223,.T.);
#1221 = VERTEX_POINT('',#1222);
#1222 = CARTESIAN_POINT('',(22.177466041007,-1.,547.7));
#1223 = SURFACE_CURVE('',#1224,(#1234,#1247),.PCURVE_S1.);
#1224 = B_SPLINE_CURVE_WITH_KNOTS('',8,(#1225,#1226,#1227,#1228,#1229,
    #1230,#1231,#1232,#1233),.UNSPECIFIED.,.F.,.F.,(9,9),(0.,1.),
  .PIECEWISE_BEZIER_KNOTS.);
#1225 = CARTESIAN_POINT('',(22.188961219489,-0.7,548.));
#1226 = CARTESIAN_POINT('',(22.187047661137,-0.760656960093,548.));
#1227 = CARTESIAN_POINT('',(22.184970134806,-0.820498154983,
    547.98598264838));
#1228 = CARTESIAN_POINT('',(22.182849014994,-0.875991990892,
    547.95861649804));
#1229 = CARTESIAN_POINT('',(22.180853304407,-0.924003545374,
    547.91941624682));
#1230 = CARTESIAN_POINT('',(22.179188143243,-0.961808073646,
    547.87071798207));
#1231 = CARTESIAN_POINT('',(22.178029071757,-0.98751345443,
    547.81546100549));
#1232 = CARTESIAN_POINT('',(22.177466041007,-1.,547.75725194294));
#1233 = CARTESIAN_POINT('',(22.177466041007,-1.,547.7));
#1234 = PCURVE('',#31,#1235);
#1235 = DEFINITIONAL_REPRESENTATION('',(#1236),#1246);
#1236 = B_SPLINE_CURVE_WITH_KNOTS('',8,(#1237,#1238,#1239,#1240,#1241,
    #1242,#1243,#1244,#1245),.UNSPECIFIED.,.F.,.F.,(9,9),(0.,1.),
  .PIECEWISE_BEZIER_KNOTS.);
#1237 = CARTESIAN_POINT('',(-6.251648548337,-63.));
#1238 = CARTESIAN_POINT('',(-6.248914893549,-63.));
#1239 = CARTESIAN_POINT('',(-6.246217733718,-62.98598264838));
#1240 = CARTESIAN_POINT('',(-6.243716210849,-62.95861649805));
#1241 = CARTESIAN_POINT('',(-6.241551678196,-62.91941624682));
#1242 = CARTESIAN_POINT('',(-6.239847119683,-62.87071798208));
#1243 = CARTESIAN_POINT('',(-6.238688043646,-62.81546100549));
#1244 = CARTESIAN_POINT('',(-6.238125015055,-62.75725194294));
#1245 = CARTESIAN_POINT('',(-6.238125015055,-62.7));
#1246 = ( GEOMETRIC_REPRESENTATION_CONTEXT(2) 
PARAMETRIC_REPRESENTATION_CONTEXT() REPRESENTATION_CONTEXT('2D SPACE',''
  ) );
#1247 = PCURVE('',#1248,#1253);
#1248 = CYLINDRICAL_SURFACE('',#1249,0.3);
#1249 = AXIS2_PLACEMENT_3D('',#1250,#1251,#1252);
#1250 = CARTESIAN_POINT('',(22.2,-0.7,547.7));
#1251 = DIRECTION('',(-1.,0.,0.));
#1252 = DIRECTION('',(0.,0.,1.));
#1253 = DEFINITIONAL_REPRESENTATION('',(#1254),#1264);
#1254 = B_SPLINE_CURVE_WITH_KNOTS('',8,(#1255,#1256,#1257,#1258,#1259,
    #1260,#1261,#1262,#1263),.UNSPECIFIED.,.F.,.F.,(9,9),(0.,1.),
  .PIECEWISE_BEZIER_KNOTS.);
#1255 = CARTESIAN_POINT('',(0.,1.10387805107E-02));
#1256 = CARTESIAN_POINT('',(-0.202189866976,1.295233886275E-02));
#1257 = CARTESIAN_POINT('',(-0.401659467042,1.502986519411E-02));
#1258 = CARTESIAN_POINT('',(-0.599241805432,1.715098500586E-02));
#1259 = CARTESIAN_POINT('',(-0.79561273673,1.914669559277E-02));
#1260 = CARTESIAN_POINT('',(-0.991124641639,2.081185675684E-02));
#1261 = CARTESIAN_POINT('',(-1.185930533909,2.197092824313E-02));
#1262 = CARTESIAN_POINT('',(-1.379956516996,2.253395899342E-02));
#1263 = CARTESIAN_POINT('',(-1.570796326795,2.253395899342E-02));
#1264 = ( GEOMETRIC_REPRESENTATION_CONTEXT(2) 
PARAMETRIC_REPRESENTATION_CONTEXT() REPRESENTATION_CONTEXT('2D SPACE',''
  ) );
#1265 = ORIENTED_EDGE('',*,*,#1266,.T.);
#1266 = EDGE_CURVE('',#1221,#1267,#1269,.T.);
#1267 = VERTEX_POINT('',#1268);
#1268 = CARTESIAN_POINT('',(22.177466041007,-1.,547.9));
#1269 = SURFACE_CURVE('',#1270,(#1277,#1287),.PCURVE_S1.);
#1270 = B_SPLINE_CURVE_WITH_KNOTS('',5,(#1271,#1272,#1273,#1274,#1275,
    #1276),.UNSPECIFIED.,.F.,.F.,(6,6),(0.,1.),
  .PIECEWISE_BEZIER_KNOTS.);
#1271 = CARTESIAN_POINT('',(22.177466041007,-1.,547.69999646));
#1272 = CARTESIAN_POINT('',(22.177466041007,-1.,547.74305520009));
#1273 = CARTESIAN_POINT('',(22.177466041007,-1.,547.78476761066));
#1274 = CARTESIAN_POINT('',(22.177466041007,-1.,547.82493056693));
#1275 = CARTESIAN_POINT('',(22.177466041007,-1.,547.86337605745));
#1276 = CARTESIAN_POINT('',(22.177466041007,-1.,547.9));
#1277 = PCURVE('',#31,#1278);
#1278 = DEFINITIONAL_REPRESENTATION('',(#1279),#1286);
#1279 = B_SPLINE_CURVE_WITH_KNOTS('',5,(#1280,#1281,#1282,#1283,#1284,
    #1285),.UNSPECIFIED.,.F.,.F.,(6,6),(0.,1.),
  .PIECEWISE_BEZIER_KNOTS.);
#1280 = CARTESIAN_POINT('',(-6.238125015055,-62.69999646));
#1281 = CARTESIAN_POINT('',(-6.238125015055,-62.74305520009));
#1282 = CARTESIAN_POINT('',(-6.238125015055,-62.78476761066));
#1283 = CARTESIAN_POINT('',(-6.238125015055,-62.82493056693));
#1284 = CARTESIAN_POINT('',(-6.238125015055,-62.86337605745));
#1285 = CARTESIAN_POINT('',(-6.238125015055,-62.9));
#1286 = ( GEOMETRIC_REPRESENTATION_CONTEXT(2) 
PARAMETRIC_REPRESENTATION_CONTEXT() REPRESENTATION_CONTEXT('2D SPACE',''
  ) );
#1287 = PCURVE('',#1288,#1293);
#1288 = B_SPLINE_SURFACE_WITH_KNOTS('',1,1,(
    (#1289,#1290)
    ,(#1291,#1292
    )),.UNSPECIFIED.,.F.,.F.,.F.,(2,2),(2,2),(0.,1.769738834666),(0.,1.)
  ,.PIECEWISE_BEZIER_KNOTS.);
#1289 = CARTESIAN_POINT('',(21.977260975836,-1.,542.));
#1290 = CARTESIAN_POINT('',(21.977260975836,-1.,547.9));
#1291 = CARTESIAN_POINT('',(23.746999810502,-1.,542.));
#1292 = CARTESIAN_POINT('',(22.225210910135,-1.,547.9));
#1293 = DEFINITIONAL_REPRESENTATION('',(#1294),#1301);
#1294 = B_SPLINE_CURVE_WITH_KNOTS('',5,(#1295,#1296,#1297,#1298,#1299,
    #1300),.UNSPECIFIED.,.F.,.F.,(6,6),(0.,1.),
  .PIECEWISE_BEZIER_KNOTS.);
#1295 = CARTESIAN_POINT('',(1.182861493129,0.966101094915));
#1296 = CARTESIAN_POINT('',(1.226719335739,0.973399186457));
#1297 = CARTESIAN_POINT('',(1.273270977844,0.980469086554));
#1298 = CARTESIAN_POINT('',(1.322556316569,0.987276367277));
#1299 = CARTESIAN_POINT('',(1.374519862014,0.993792552111));
#1300 = CARTESIAN_POINT('',(1.428960567102,1.));
#1301 = ( GEOMETRIC_REPRESENTATION_CONTEXT(2) 
PARAMETRIC_REPRESENTATION_CONTEXT() REPRESENTATION_CONTEXT('2D SPACE',''
  ) );
#1302 = ORIENTED_EDGE('',*,*,#1303,.T.);
#1303 = EDGE_CURVE('',#1267,#1304,#1306,.T.);
#1304 = VERTEX_POINT('',#1305);
#1305 = CARTESIAN_POINT('',(22.175266615955,-1.047640449438,547.9));
#1306 = SURFACE_CURVE('',#1307,(#1312,#1319),.PCURVE_S1.);
#1307 = CIRCLE('',#1308,22.2);
#1308 = AXIS2_PLACEMENT_3D('',#1309,#1310,#1311);
#1309 = CARTESIAN_POINT('',(0.,0.,547.9));
#1310 = DIRECTION('',(0.,0.,-1.));
#1311 = DIRECTION('',(1.,0.,0.));
#1312 = PCURVE('',#31,#1313);
#1313 = DEFINITIONAL_REPRESENTATION('',(#1314),#1318);
#1314 = LINE('',#1315,#1316);
#1315 = CARTESIAN_POINT('',(-6.28318530718,-62.9));
#1316 = VECTOR('',#1317,1.);
#1317 = DIRECTION('',(1.,-0.));
#1318 = ( GEOMETRIC_REPRESENTATION_CONTEXT(2) 
PARAMETRIC_REPRESENTATION_CONTEXT() REPRESENTATION_CONTEXT('2D SPACE',''
  ) );
#1319 = PCURVE('',#1320,#1325);
#1320 = PLANE('',#1321);
#1321 = AXIS2_PLACEMENT_3D('',#1322,#1323,#1324);
#1322 = CARTESIAN_POINT('',(22.225210910135,-1.05,547.9));
#1323 = DIRECTION('',(0.,0.,1.));
#1324 = DIRECTION('',(0.,1.,0.));
#1325 = DEFINITIONAL_REPRESENTATION('',(#1326),#1334);
#1326 = ( BOUNDED_CURVE() B_SPLINE_CURVE(2,(#1327,#1328,#1329,#1330,
#1331,#1332,#1333),.UNSPECIFIED.,.T.,.F.) B_SPLINE_CURVE_WITH_KNOTS((1,2
    ,2,2,2,1),(-2.094395102393,0.,2.094395102393,4.188790204786,
6.28318530718,8.377580409573),.UNSPECIFIED.) CURVE() 
GEOMETRIC_REPRESENTATION_ITEM() RATIONAL_B_SPLINE_CURVE((1.,0.5,1.,0.5,
1.,0.5,1.)) REPRESENTATION_ITEM('') );
#1327 = CARTESIAN_POINT('',(1.05,2.521091013536E-02));
#1328 = CARTESIAN_POINT('',(-37.40152792802,2.521091013536E-02));
#1329 = CARTESIAN_POINT('',(-18.17576396401,33.325210910135));
#1330 = CARTESIAN_POINT('',(1.05,66.625210910135));
#1331 = CARTESIAN_POINT('',(20.275763964015,33.325210910135));
#1332 = CARTESIAN_POINT('',(39.501527928029,2.52109101354E-02));
#1333 = CARTESIAN_POINT('',(1.05,2.521091013536E-02));
#1334 = ( GEOMETRIC_REPRESENTATION_CONTEXT(2) 
PARAMETRIC_REPRESENTATION_CONTEXT() REPRESENTATION_CONTEXT('2D SPACE',''
  ) );
#1335 = ORIENTED_EDGE('',*,*,#1336,.T.);
#1336 = EDGE_CURVE('',#1304,#1337,#1339,.T.);
#1337 = VERTEX_POINT('',#1338);
#1338 = CARTESIAN_POINT('',(22.05788266917,-2.507949790795,542.));
#1339 = SURFACE_CURVE('',#1340,(#1445,#1553),.PCURVE_S1.);
#1340 = B_SPLINE_CURVE_WITH_KNOTS('',7,(#1341,#1342,#1343,#1344,#1345,
    #1346,#1347,#1348,#1349,#1350,#1351,#1352,#1353,#1354,#1355,#1356,
    #1357,#1358,#1359,#1360,#1361,#1362,#1363,#1364,#1365,#1366,#1367,
    #1368,#1369,#1370,#1371,#1372,#1373,#1374,#1375,#1376,#1377,#1378,
    #1379,#1380,#1381,#1382,#1383,#1384,#1385,#1386,#1387,#1388,#1389,
    #1390,#1391,#1392,#1393,#1394,#1395,#1396,#1397,#1398,#1399,#1400,
    #1401,#1402,#1403,#1404,#1405,#1406,#1407,#1408,#1409,#1410,#1411,
    #1412,#1413,#1414,#1415,#1416,#1417,#1418,#1419,#1420,#1421,#1422,
    #1423,#1424,#1425,#1426,#1427,#1428,#1429,#1430,#1431,#1432,#1433,
    #1434,#1435,#1436,#1437,#1438,#1439,#1440,#1441,#1442,#1443,#1444),
  .UNSPECIFIED.,.F.,.F.,(8,6,6,6,6,6,6,6,6,6,6,6,6,6,6,6,6,8),(0.,
    5.0574520903E-03,1.02018134348E-02,1.992633767709E-02,
    3.223262924625E-02,5.085981745813E-02,7.839859447025E-02,
    0.118767330206,0.188271593252,0.319356201297,0.537447957568,
    0.757095305011,0.89428487503,0.951395621486,0.976727863025,
    0.991190514603,0.997404251875,1.),.UNSPECIFIED.);
#1341 = CARTESIAN_POINT('',(22.175266615955,-1.047640449437,547.9));
#1342 = CARTESIAN_POINT('',(22.175281292747,-1.047329787741,
    547.89999999999));
#1343 = CARTESIAN_POINT('',(22.175292746765,-1.047087233699,
    547.89972380029));
#1344 = CARTESIAN_POINT('',(22.175300800536,-1.046916631144,
    547.89915538991));
#1345 = CARTESIAN_POINT('',(22.175305292758,-1.046821457475,
    547.89827999832));
#1346 = CARTESIAN_POINT('',(22.175306117412,-1.046803989575,
    547.89708832622));
#1347 = CARTESIAN_POINT('',(22.175303262875,-1.046864469736,
    547.89558077649));
#1348 = CARTESIAN_POINT('',(22.175290329001,-1.047138407099,
    547.89193150527));
#1349 = CARTESIAN_POINT('',(22.175280122533,-1.047354557166,
    547.8897782141));
#1350 = CARTESIAN_POINT('',(22.175266362897,-1.047645898375,
    547.88732746001));
#1351 = CARTESIAN_POINT('',(22.175249314961,-1.048006741933,
    547.88460550805));
#1352 = CARTESIAN_POINT('',(22.175229328727,-1.048429578553,
    547.88164537187));
#1353 = CARTESIAN_POINT('',(22.175206790868,-1.048906123334,
    547.87848294578));
#1354 = CARTESIAN_POINT('',(22.17513535761,-1.050415559862,
    547.86885870991));
#1355 = CARTESIAN_POINT('',(22.175080943727,-1.051564280626,
    547.86197702207));
#1356 = CARTESIAN_POINT('',(22.175020990529,-1.05282831703,
    547.85468766589));
#1357 = CARTESIAN_POINT('',(22.17495721273,-1.05417097036,
    547.84713701012));
#1358 = CARTESIAN_POINT('',(22.174890798827,-1.055566891111,
    547.83942446232));
#1359 = CARTESIAN_POINT('',(22.17482239758,-1.057002272913,
    547.83159812373));
#1360 = CARTESIAN_POINT('',(22.174663311163,-1.060335093434,
    547.8136140112));
#1361 = CARTESIAN_POINT('',(22.174571845879,-1.062247438901,
    547.80342441669));
#1362 = CARTESIAN_POINT('',(22.174478565899,-1.064193599647,
    547.79314405996));
#1363 = CARTESIAN_POINT('',(22.174383941573,-1.066163534312,
    547.78280640606));
#1364 = CARTESIAN_POINT('',(22.174288266495,-1.0681509952,
    547.77243164651));
#1365 = CARTESIAN_POINT('',(22.174191716787,-1.070152219645,
    547.76202942907));
#1366 = CARTESIAN_POINT('',(22.173946924683,-1.075214907363,
    547.73580878666));
#1367 = CARTESIAN_POINT('',(22.173797761797,-1.078289694349,
    547.71996954322));
#1368 = CARTESIAN_POINT('',(22.17364722539,-1.081382439964,
    547.70409987545));
#1369 = CARTESIAN_POINT('',(22.173495532123,-1.084488502218,
    547.68821171729));
#1370 = CARTESIAN_POINT('',(22.173342815023,-1.087605033568,
    547.67231204777));
#1371 = CARTESIAN_POINT('',(22.173189158645,-1.090730203119,
    547.65640402982));
#1372 = CARTESIAN_POINT('',(22.17280606442,-1.098495671094,
    547.61695403044));
#1373 = CARTESIAN_POINT('',(22.172575601493,-1.103144301842,
    547.59340704214));
#1374 = CARTESIAN_POINT('',(22.172343371065,-1.107805527719,
    547.56985160379));
#1375 = CARTESIAN_POINT('',(22.172109468952,-1.112477218835,
    547.54629139102));
#1376 = CARTESIAN_POINT('',(22.171873953446,-1.117158049644,
    547.5227285375));
#1377 = CARTESIAN_POINT('',(22.171636862701,-1.121847113663,
    547.49916394987));
#1378 = CARTESIAN_POINT('',(22.171048371038,-1.133429158175,
    547.44105102546));
#1379 = CARTESIAN_POINT('',(22.170695195751,-1.140330744504,
    547.40650218109));
#1380 = CARTESIAN_POINT('',(22.170338757169,-1.147246910067,
    547.37195229252));
#1381 = CARTESIAN_POINT('',(22.169979089028,-1.154176638594,
    547.33740238983));
#1382 = CARTESIAN_POINT('',(22.169616206176,-1.161119314057,
    547.30285306269));
#1383 = CARTESIAN_POINT('',(22.169250113848,-1.16807451504,
    547.2683045228));
#1384 = CARTESIAN_POINT('',(22.168244954069,-1.187038319091,
    547.17427418197));
#1385 = CARTESIAN_POINT('',(22.167599579277,-1.199070968425,
    547.1147944695));
#1386 = CARTESIAN_POINT('',(22.16694466492,-1.211138730733,
    547.05531795129));
#1387 = CARTESIAN_POINT('',(22.166280150391,-1.223241242094,
    546.99584499825));
#1388 = CARTESIAN_POINT('',(22.165605954846,-1.235378517127,
    546.93637582229));
#1389 = CARTESIAN_POINT('',(22.164921987178,-1.24755072352,
    546.87691046134));
#1390 = CARTESIAN_POINT('',(22.16291955345,-1.28278160811,546.7053043948
    ));
#1391 = CARTESIAN_POINT('',(22.161575838773,-1.3059304766,
    546.59317372998));
#1392 = CARTESIAN_POINT('',(22.160196307036,-1.329207242151,
    546.48105702797));
#1393 = CARTESIAN_POINT('',(22.158780161147,-1.352615721857,
    546.36895482016));
#1394 = CARTESIAN_POINT('',(22.157326522753,-1.376160508655,
    546.25686770253));
#1395 = CARTESIAN_POINT('',(22.155834432193,-1.399846780703,
    546.14479625154));
#1396 = CARTESIAN_POINT('',(22.151754611819,-1.463334038164,
    545.84630949015));
#1397 = CARTESIAN_POINT('',(22.149097014947,-1.503395783471,
    545.65992340506));
#1398 = CARTESIAN_POINT('',(22.146325151744,-1.543893340626,
    545.47358596813));
#1399 = CARTESIAN_POINT('',(22.143433320474,-1.584860287119,
    545.28730153831));
#1400 = CARTESIAN_POINT('',(22.14041491912,-1.626336497529,
    545.10107554465));
#1401 = CARTESIAN_POINT('',(22.137261937284,-1.668371911805,
    544.9149148522));
#1402 = CARTESIAN_POINT('',(22.130642578372,-1.754000055991,
    544.54141510677));
#1403 = CARTESIAN_POINT('',(22.127174166149,-1.797601291807,
    544.3540786642));
#1404 = CARTESIAN_POINT('',(22.123548038897,-1.841907810041,
    544.16682725999));
#1405 = CARTESIAN_POINT('',(22.11975148639,-1.887003751164,
    543.97967260635));
#1406 = CARTESIAN_POINT('',(22.115766800525,-1.933011865152,
    543.79263348399));
#1407 = CARTESIAN_POINT('',(22.111572644976,-1.980080945882,
    543.60573397675));
#1408 = CARTESIAN_POINT('',(22.104352937265,-2.058762733402,
    543.30240041237));
#1409 = CARTESIAN_POINT('',(22.101479952511,-2.089542549291,
    543.18585770028));
#1410 = CARTESIAN_POINT('',(22.098499136772,-2.120931942281,
    543.06939940582));
#1411 = CARTESIAN_POINT('',(22.095399365683,-2.153013744394,
    542.9530376481));
#1412 = CARTESIAN_POINT('',(22.092158877228,-2.185959676327,
    542.83680349566));
#1413 = CARTESIAN_POINT('',(22.088757816063,-2.219921657292,
    542.72072904051));
#1414 = CARTESIAN_POINT('',(22.083621908544,-2.270212365786,
    542.55669597406));
#1415 = CARTESIAN_POINT('',(22.082073384733,-2.285261310246,
    542.50852921599));
#1416 = CARTESIAN_POINT('',(22.080480892428,-2.300618913952,
    542.46041467711));
#1417 = CARTESIAN_POINT('',(22.078838911375,-2.31633052356,
    542.41236062748));
#1418 = CARTESIAN_POINT('',(22.077137200119,-2.332481986802,
    542.36438645059));
#1419 = CARTESIAN_POINT('',(22.075365627954,-2.349157449264,
    542.31651405078));
#1420 = CARTESIAN_POINT('',(22.072663423448,-2.37436097898,
    542.24763892808));
#1421 = CARTESIAN_POINT('',(22.071813404751,-2.382259183202,
    542.22650993733));
#1422 = CARTESIAN_POINT('',(22.070941218937,-2.390332250686,
    542.20541745181));
#1423 = CARTESIAN_POINT('',(22.070042652967,-2.398616338672,
    542.18437012063));
#1424 = CARTESIAN_POINT('',(22.069113390408,-2.407148350002,
    542.16337912373));
#1425 = CARTESIAN_POINT('',(22.068146530601,-2.415987577179,
    542.14246335399));
#1426 = CARTESIAN_POINT('',(22.066543315395,-2.430574943302,
    542.10978870887));
#1427 = CARTESIAN_POINT('',(22.06594367384,-2.43601731888,
    542.09796089202));
#1428 = CARTESIAN_POINT('',(22.065322914026,-2.441636674576,
    542.08618009584));
#1429 = CARTESIAN_POINT('',(22.06467847644,-2.44745510005,
    542.07444833877));
#1430 = CARTESIAN_POINT('',(22.064000098309,-2.453561946268,
    542.06280207101));
#1431 = CARTESIAN_POINT('',(22.063284628309,-2.459984052324,
    542.05126319142));
#1432 = CARTESIAN_POINT('',(22.062159805031,-2.470043317503,
    542.03509663659));
#1433 = CARTESIAN_POINT('',(22.06180781446,-2.473186256702,
    542.03033307462));
#1434 = CARTESIAN_POINT('',(22.061443214826,-2.476437601014,
    542.02560404731));
#1435 = CARTESIAN_POINT('',(22.061061937731,-2.479833032152,
    542.02090843143));
#1436 = CARTESIAN_POINT('',(22.060654500521,-2.483455403738,
    542.0163043109));
#1437 = CARTESIAN_POINT('',(22.060206006277,-2.487434741307,
    542.01190897673));
#1438 = CARTESIAN_POINT('',(22.059483152112,-2.493833727836,
    542.00622375501));
#1439 = CARTESIAN_POINT('',(22.059263971794,-2.4957725347,
    542.00465586159));
#1440 = CARTESIAN_POINT('',(22.059028248213,-2.497855662871,
    542.00316888114));
#1441 = CARTESIAN_POINT('',(22.058770479316,-2.500131209544,
    542.00180779729));
#1442 = CARTESIAN_POINT('',(22.058490015647,-2.502604369132,
    542.00068894287));
#1443 = CARTESIAN_POINT('',(22.058191060351,-2.505237433266,542.));
#1444 = CARTESIAN_POINT('',(22.05788266917,-2.507949790795,542.));
#1445 = PCURVE('',#31,#1446);
#1446 = DEFINITIONAL_REPRESENTATION('',(#1447),#1552);
#1447 = B_SPLINE_CURVE_WITH_KNOTS('',7,(#1448,#1449,#1450,#1451,#1452,
    #1453,#1454,#1455,#1456,#1457,#1458,#1459,#1460,#1461,#1462,#1463,
    #1464,#1465,#1466,#1467,#1468,#1469,#1470,#1471,#1472,#1473,#1474,
    #1475,#1476,#1477,#1478,#1479,#1480,#1481,#1482,#1483,#1484,#1485,
    #1486,#1487,#1488,#1489,#1490,#1491,#1492,#1493,#1494,#1495,#1496,
    #1497,#1498,#1499,#1500,#1501,#1502,#1503,#1504,#1505,#1506,#1507,
    #1508,#1509,#1510,#1511,#1512,#1513,#1514,#1515,#1516,#1517,#1518,
    #1519,#1520,#1521,#1522,#1523,#1524,#1525,#1526,#1527,#1528,#1529,
    #1530,#1531,#1532,#1533,#1534,#1535,#1536,#1537,#1538,#1539,#1540,
    #1541,#1542,#1543,#1544,#1545,#1546,#1547,#1548,#1549,#1550,#1551),
  .UNSPECIFIED.,.F.,.F.,(8,6,6,6,6,6,6,6,6,6,6,6,6,6,6,6,6,8),(0.,
    5.0574520903E-03,1.02018134348E-02,1.992633767709E-02,
    3.223262924625E-02,5.085981745813E-02,7.839859447025E-02,
    0.118767330206,0.188271593252,0.319356201297,0.537447957568,
    0.757095305011,0.89428487503,0.951395621486,0.976727863025,
    0.991190514603,0.997404251875,1.),.UNSPECIFIED.);
#1448 = CARTESIAN_POINT('',(-6.235976762703,-62.9));
#1449 = CARTESIAN_POINT('',(-6.235990772081,-62.89999999999));
#1450 = CARTESIAN_POINT('',(-6.236001710115,-62.89972380029));
#1451 = CARTESIAN_POINT('',(-6.236009403473,-62.89915538991));
#1452 = CARTESIAN_POINT('',(-6.236013695348,-62.89827999832));
#1453 = CARTESIAN_POINT('',(-6.236014483066,-62.89708832622));
#1454 = CARTESIAN_POINT('',(-6.236011755702,-62.89558077649));
#1455 = CARTESIAN_POINT('',(-6.235999402435,-62.89193150527));
#1456 = CARTESIAN_POINT('',(-6.235989655097,-62.8897782141));
#1457 = CARTESIAN_POINT('',(-6.235976516991,-62.88732746001));
#1458 = CARTESIAN_POINT('',(-6.235960244647,-62.88460550805));
#1459 = CARTESIAN_POINT('',(-6.235941176687,-62.88164537187));
#1460 = CARTESIAN_POINT('',(-6.235919686713,-62.87848294578));
#1461 = CARTESIAN_POINT('',(-6.23585161798,-62.86885870991));
#1462 = CARTESIAN_POINT('',(-6.235799815782,-62.86197702207));
#1463 = CARTESIAN_POINT('',(-6.235742813197,-62.85468766589));
#1464 = CARTESIAN_POINT('',(-6.235682265123,-62.84713701012));
#1465 = CARTESIAN_POINT('',(-6.235619314684,-62.83942446232));
#1466 = CARTESIAN_POINT('',(-6.235554584474,-62.83159812373));
#1467 = CARTESIAN_POINT('',(-6.235404286491,-62.8136140112));
#1468 = CARTESIAN_POINT('',(-6.235318046332,-62.80342441669));
#1469 = CARTESIAN_POINT('',(-6.235230280795,-62.79314405996));
#1470 = CARTESIAN_POINT('',(-6.23514144269,-62.78280640606));
#1471 = CARTESIAN_POINT('',(-6.235051813752,-62.77243164651));
#1472 = CARTESIAN_POINT('',(-6.234961563657,-62.76202942907));
#1473 = CARTESIAN_POINT('',(-6.234733248234,-62.73580878666));
#1474 = CARTESIAN_POINT('',(-6.234594581438,-62.71996954322));
#1475 = CARTESIAN_POINT('',(-6.234455103645,-62.70409987545));
#1476 = CARTESIAN_POINT('',(-6.234315024179,-62.68821171729));
#1477 = CARTESIAN_POINT('',(-6.234174471441,-62.67231204777));
#1478 = CARTESIAN_POINT('',(-6.234033527987,-62.65640402982));
#1479 = CARTESIAN_POINT('',(-6.233683306734,-62.61695403044));
#1480 = CARTESIAN_POINT('',(-6.233473651784,-62.59340704214));
#1481 = CARTESIAN_POINT('',(-6.233263426238,-62.56985160379));
#1482 = CARTESIAN_POINT('',(-6.233052726116,-62.54629139102));
#1483 = CARTESIAN_POINT('',(-6.23284161117,-62.5227285375));
#1484 = CARTESIAN_POINT('',(-6.232630122251,-62.49916394987));
#1485 = CARTESIAN_POINT('',(-6.232107735508,-62.44105102546));
#1486 = CARTESIAN_POINT('',(-6.231796446476,-62.40650218108));
#1487 = CARTESIAN_POINT('',(-6.23148449406,-62.37195229252));
#1488 = CARTESIAN_POINT('',(-6.231171924006,-62.33740238983));
#1489 = CARTESIAN_POINT('',(-6.23085876401,-62.30285306269));
#1490 = CARTESIAN_POINT('',(-6.230545032991,-62.2683045228));
#1491 = CARTESIAN_POINT('',(-6.229689608479,-62.17427418197));
#1492 = CARTESIAN_POINT('',(-6.229146818301,-62.1147944695));
#1493 = CARTESIAN_POINT('',(-6.228602425671,-62.05531795129));
#1494 = CARTESIAN_POINT('',(-6.228056446549,-61.99584499825));
#1495 = CARTESIAN_POINT('',(-6.227508879812,-61.93637582229));
#1496 = CARTESIAN_POINT('',(-6.226959717419,-61.87691046134));
#1497 = CARTESIAN_POINT('',(-6.225370179342,-61.7053043948));
#1498 = CARTESIAN_POINT('',(-6.224325683038,-61.59317372998));
#1499 = CARTESIAN_POINT('',(-6.223275341506,-61.48105702797));
#1500 = CARTESIAN_POINT('',(-6.222218979121,-61.36895482016));
#1501 = CARTESIAN_POINT('',(-6.221156385063,-61.25686770253));
#1502 = CARTESIAN_POINT('',(-6.22008732187,-61.14479625154));
#1503 = CARTESIAN_POINT('',(-6.217221636682,-60.84630949015));
#1504 = CARTESIAN_POINT('',(-6.215413091094,-60.65992340506));
#1505 = CARTESIAN_POINT('',(-6.213584615311,-60.47358596813));
#1506 = CARTESIAN_POINT('',(-6.211734673205,-60.28730153831));
#1507 = CARTESIAN_POINT('',(-6.20986144194,-60.10107554465));
#1508 = CARTESIAN_POINT('',(-6.207962640693,-59.9149148522));
#1509 = CARTESIAN_POINT('',(-6.204094009475,-59.54141510677));
#1510 = CARTESIAN_POINT('',(-6.202123790433,-59.3540786642));
#1511 = CARTESIAN_POINT('',(-6.200121336881,-59.16682725999));
#1512 = CARTESIAN_POINT('',(-6.198082812429,-58.97967260635));
#1513 = CARTESIAN_POINT('',(-6.196002626702,-58.79263348399));
#1514 = CARTESIAN_POINT('',(-6.19387400459,-58.60573397675));
#1515 = CARTESIAN_POINT('',(-6.190314890747,-58.30240041237));
#1516 = CARTESIAN_POINT('',(-6.188922387641,-58.18585770028));
#1517 = CARTESIAN_POINT('',(-6.187502092909,-58.06939940582));
#1518 = CARTESIAN_POINT('',(-6.186050240561,-57.9530376481));
#1519 = CARTESIAN_POINT('',(-6.184559031922,-57.83680349566));
#1520 = CARTESIAN_POINT('',(-6.183021564031,-57.72072904051));
#1521 = CARTESIAN_POINT('',(-6.180744434349,-57.55669597406));
#1522 = CARTESIAN_POINT('',(-6.180062974839,-57.50852921599));
#1523 = CARTESIAN_POINT('',(-6.179367481988,-57.46041467711));
#1524 = CARTESIAN_POINT('',(-6.178655897912,-57.41236062748));
#1525 = CARTESIAN_POINT('',(-6.177924327996,-57.36438645059));
#1526 = CARTESIAN_POINT('',(-6.177168954348,-57.31651405078));
#1527 = CARTESIAN_POINT('',(-6.176027153688,-57.24763892808));
#1528 = CARTESIAN_POINT('',(-6.175669324311,-57.22650993733));
#1529 = CARTESIAN_POINT('',(-6.175303556582,-57.20541745181));
#1530 = CARTESIAN_POINT('',(-6.174928210756,-57.18437012063));
#1531 = CARTESIAN_POINT('',(-6.174541613191,-57.16337912373));
#1532 = CARTESIAN_POINT('',(-6.174141075005,-57.14246335399));
#1533 = CARTESIAN_POINT('',(-6.173480029877,-57.10978870887));
#1534 = CARTESIAN_POINT('',(-6.173233394291,-57.09796089202));
#1535 = CARTESIAN_POINT('',(-6.172978730396,-57.08618009585));
#1536 = CARTESIAN_POINT('',(-6.1727150365,-57.07444833877));
#1537 = CARTESIAN_POINT('',(-6.17243826132,-57.06280207101));
#1538 = CARTESIAN_POINT('',(-6.172147187584,-57.05126319142));
#1539 = CARTESIAN_POINT('',(-6.171691243508,-57.03509663659));
#1540 = CARTESIAN_POINT('',(-6.171548784579,-57.03033307462));
#1541 = CARTESIAN_POINT('',(-6.171401409663,-57.02560404731));
#1542 = CARTESIAN_POINT('',(-6.171247501061,-57.02090843143));
#1543 = CARTESIAN_POINT('',(-6.171083302265,-57.0163043109));
#1544 = CARTESIAN_POINT('',(-6.170902917956,-57.01190897673));
#1545 = CARTESIAN_POINT('',(-6.170612842041,-57.00622375501));
#1546 = CARTESIAN_POINT('',(-6.170524952105,-57.00465586159));
#1547 = CARTESIAN_POINT('',(-6.170430518646,-57.00316888114));
#1548 = CARTESIAN_POINT('',(-6.170327360995,-57.00180779729));
#1549 = CARTESIAN_POINT('',(-6.170215243362,-57.00068894287));
#1550 = CARTESIAN_POINT('',(-6.170095874835,-57.));
#1551 = CARTESIAN_POINT('',(-6.169972909382,-57.));
#1552 = ( GEOMETRIC_REPRESENTATION_CONTEXT(2) 
PARAMETRIC_REPRESENTATION_CONTEXT() REPRESENTATION_CONTEXT('2D SPACE',''
  ) );
#1553 = PCURVE('',#1554,#1571);
#1554 = B_SPLINE_SURFACE_WITH_KNOTS('',7,1,(
    (#1555,#1556)
    ,(#1557,#1558)
    ,(#1559,#1560)
    ,(#1561,#1562)
    ,(#1563,#1564)
    ,(#1565,#1566)
    ,(#1567,#1568)
    ,(#1569,#1570
    )),.UNSPECIFIED.,.F.,.F.,.F.,(8,8),(2,2),(0.,1.523587782319),(0.,1.)
  ,.PIECEWISE_BEZIER_KNOTS.);
#1555 = CARTESIAN_POINT('',(23.746999810502,-1.,542.));
#1556 = CARTESIAN_POINT('',(22.225210910135,-1.,547.9));
#1557 = CARTESIAN_POINT('',(23.393015142032,-1.,542.));
#1558 = CARTESIAN_POINT('',(22.214328140262,-1.,547.9));
#1559 = CARTESIAN_POINT('',(23.039031429311,-1.085994941703,
    541.99999999999));
#1560 = CARTESIAN_POINT('',(22.203446025359,-1.002762940297,547.9));
#1561 = CARTESIAN_POINT('',(22.710110345567,-1.257975670578,
    542.00000000001));
#1562 = CARTESIAN_POINT('',(22.193402957146,-1.008291676609,547.9));
#1563 = CARTESIAN_POINT('',(22.431345002042,-1.506841857039,
    541.99999999999));
#1564 = CARTESIAN_POINT('',(22.185050104138,-1.016259226815,547.9));
#1565 = CARTESIAN_POINT('',(22.223306790238,-1.814228507473,542.));
#1566 = CARTESIAN_POINT('',(22.179053584938,-1.026030199223,547.9));
#1567 = CARTESIAN_POINT('',(22.097872568955,-2.156231219452,
    541.99999999999));
#1568 = CARTESIAN_POINT('',(22.175780184871,-1.036769804237,547.9));
#1569 = CARTESIAN_POINT('',(22.05788266917,-2.507949790795,542.));
#1570 = CARTESIAN_POINT('',(22.175266615955,-1.047640449438,547.9));
#1571 = DEFINITIONAL_REPRESENTATION('',(#1572),#1677);
#1572 = B_SPLINE_CURVE_WITH_KNOTS('',7,(#1573,#1574,#1575,#1576,#1577,
    #1578,#1579,#1580,#1581,#1582,#1583,#1584,#1585,#1586,#1587,#1588,
    #1589,#1590,#1591,#1592,#1593,#1594,#1595,#1596,#1597,#1598,#1599,
    #1600,#1601,#1602,#1603,#1604,#1605,#1606,#1607,#1608,#1609,#1610,
    #1611,#1612,#1613,#1614,#1615,#1616,#1617,#1618,#1619,#1620,#1621,
    #1622,#1623,#1624,#1625,#1626,#1627,#1628,#1629,#1630,#1631,#1632,
    #1633,#1634,#1635,#1636,#1637,#1638,#1639,#1640,#1641,#1642,#1643,
    #1644,#1645,#1646,#1647,#1648,#1649,#1650,#1651,#1652,#1653,#1654,
    #1655,#1656,#1657,#1658,#1659,#1660,#1661,#1662,#1663,#1664,#1665,
    #1666,#1667,#1668,#1669,#1670,#1671,#1672,#1673,#1674,#1675,#1676),
  .UNSPECIFIED.,.F.,.F.,(8,6,6,6,6,6,6,6,6,6,6,6,6,6,6,6,6,8),(0.,
    5.0574520903E-03,1.02018134348E-02,1.992633767709E-02,
    3.223262924625E-02,5.085981745813E-02,7.839859447025E-02,
    0.118767330206,0.188271593252,0.319356201297,0.537447957568,
    0.757095305011,0.89428487503,0.951395621486,0.976727863025,
    0.991190514603,0.997404251875,1.),.UNSPECIFIED.);
#1573 = CARTESIAN_POINT('',(1.5235877823,1.));
#1574 = CARTESIAN_POINT('',(1.517367618392,1.));
#1575 = CARTESIAN_POINT('',(1.511140454755,0.99995318649));
#1576 = CARTESIAN_POINT('',(1.50494091033,0.999856845748));
#1577 = CARTESIAN_POINT('',(1.498808403496,0.999708474291));
#1578 = CARTESIAN_POINT('',(1.492785605335,0.999506495971));
#1579 = CARTESIAN_POINT('',(1.486916892884,0.999250979066));
#1580 = CARTESIAN_POINT('',(1.475479274834,0.998632458521));
#1581 = CARTESIAN_POINT('',(1.469913194858,0.998267493915));
#1582 = CARTESIAN_POINT('',(1.464597677227,0.997852111866));
#1583 = CARTESIAN_POINT('',(1.459561451727,0.997390764077));
#1584 = CARTESIAN_POINT('',(1.454817077535,0.99688904608));
#1585 = CARTESIAN_POINT('',(1.450365157578,0.996353041659));
#1586 = CARTESIAN_POINT('',(1.438322308299,0.994721815239));
#1587 = CARTESIAN_POINT('',(1.431479354172,0.99355542747));
#1588 = CARTESIAN_POINT('',(1.425537136928,0.992319943371));
#1589 = CARTESIAN_POINT('',(1.420346640107,0.991040171208));
#1590 = CARTESIAN_POINT('',(1.415774485877,0.989732959715));
#1591 = CARTESIAN_POINT('',(1.411712907295,0.988406461651));
#1592 = CARTESIAN_POINT('',(1.40345447914,0.985358306983));
#1593 = CARTESIAN_POINT('',(1.399524434608,0.983631257067));
#1594 = CARTESIAN_POINT('',(1.396104399652,0.981888823723));
#1595 = CARTESIAN_POINT('',(1.393090650184,0.980136678995));
#1596 = CARTESIAN_POINT('',(1.390410655965,0.978378245171));
#1597 = CARTESIAN_POINT('',(1.388005389106,0.976615157471));
#1598 = CARTESIAN_POINT('',(1.382542494327,0.972170980791));
#1599 = CARTESIAN_POINT('',(1.379786959499,0.969486363259));
#1600 = CARTESIAN_POINT('',(1.377417881772,0.96679658906));
#1601 = CARTESIAN_POINT('',(1.375352276615,0.964103680898));
#1602 = CARTESIAN_POINT('',(1.373534576336,0.961408821657));
#1603 = CARTESIAN_POINT('',(1.371919713161,0.958712547429));
#1604 = CARTESIAN_POINT('',(1.368342774946,0.952026106854));
#1605 = CARTESIAN_POINT('',(1.366584051718,0.948035091889));
#1606 = CARTESIAN_POINT('',(1.365097275582,0.94404264471));
#1607 = CARTESIAN_POINT('',(1.363824106694,0.94004938831));
#1608 = CARTESIAN_POINT('',(1.362725528584,0.936055684322));
#1609 = CARTESIAN_POINT('',(1.361770142482,0.932061686419));
#1610 = CARTESIAN_POINT('',(1.359713553153,0.922212038214));
#1611 = CARTESIAN_POINT('',(1.358751401669,0.91635630188));
#1612 = CARTESIAN_POINT('',(1.357979285045,0.910500388564));
#1613 = CARTESIAN_POINT('',(1.357356953143,0.904644472854));
#1614 = CARTESIAN_POINT('',(1.356857413403,0.898788654694));
#1615 = CARTESIAN_POINT('',(1.356459052109,0.892932969967));
#1616 = CARTESIAN_POINT('',(1.355609065222,0.876995624063));
#1617 = CARTESIAN_POINT('',(1.355326007641,0.866914316866));
#1618 = CARTESIAN_POINT('',(1.355219181761,0.856833551066));
#1619 = CARTESIAN_POINT('',(1.355248479345,0.846753389535));
#1620 = CARTESIAN_POINT('',(1.355388605724,0.836673868186));
#1621 = CARTESIAN_POINT('',(1.355618828613,0.826594993447));
#1622 = CARTESIAN_POINT('',(1.356505195135,0.797509219458));
#1623 = CARTESIAN_POINT('',(1.357356986186,0.778504022032));
#1624 = CARTESIAN_POINT('',(1.358389953532,0.759501191182));
#1625 = CARTESIAN_POINT('',(1.359565798733,0.740500816977));
#1626 = CARTESIAN_POINT('',(1.360863237366,0.72150300043));
#1627 = CARTESIAN_POINT('',(1.36226363195,0.702507839244));
#1628 = CARTESIAN_POINT('',(1.366245105692,0.651916862738));
#1629 = CARTESIAN_POINT('',(1.368991842219,0.620326000858));
#1630 = CARTESIAN_POINT('',(1.371953197401,0.58874338443));
#1631 = CARTESIAN_POINT('',(1.375118697536,0.557169752257));
#1632 = CARTESIAN_POINT('',(1.378490962124,0.525606024517));
#1633 = CARTESIAN_POINT('',(1.382078940677,0.49405336478));
#1634 = CARTESIAN_POINT('',(1.389760662138,0.430748323182));
#1635 = CARTESIAN_POINT('',(1.393857554919,0.398996383763));
#1636 = CARTESIAN_POINT('',(1.398220647801,0.367258857627));
#1637 = CARTESIAN_POINT('',(1.402883626952,0.335537729891));
#1638 = CARTESIAN_POINT('',(1.407902294787,0.303836183728));
#1639 = CARTESIAN_POINT('',(1.41334600812,0.272158301145));
#1640 = CARTESIAN_POINT('',(1.423132972859,0.220745832606));
#1641 = CARTESIAN_POINT('',(1.427121630958,0.200992830558));
#1642 = CARTESIAN_POINT('',(1.431377440036,0.181254136581));
#1643 = CARTESIAN_POINT('',(1.435942690886,0.161531804763));
#1644 = CARTESIAN_POINT('',(1.440913463286,0.14183110096));
#1645 = CARTESIAN_POINT('',(1.446371337892,0.122157464495));
#1646 = CARTESIAN_POINT('',(1.455231429828,9.435524984219E-02));
#1647 = CARTESIAN_POINT('',(1.457973739017,8.619139254145E-02));
#1648 = CARTESIAN_POINT('',(1.460878310937,7.803638595138E-02));
#1649 = CARTESIAN_POINT('',(1.463971714079,6.989163177719E-02));
#1650 = CARTESIAN_POINT('',(1.467306303367,6.176041535482E-02));
#1651 = CARTESIAN_POINT('',(1.470933054643,5.364644928513E-02));
#1652 = CARTESIAN_POINT('',(1.476824151845,4.197269967555E-02));
#1653 = CARTESIAN_POINT('',(1.478723865552,3.839151480216E-02));
#1654 = CARTESIAN_POINT('',(1.480725812062,3.4816517257E-02));
#1655 = CARTESIAN_POINT('',(1.482852836933,3.124917298915E-02));
#1656 = CARTESIAN_POINT('',(1.485128480192,2.769137690332E-02));
#1657 = CARTESIAN_POINT('',(1.487590981987,2.414633118482E-02));
#1658 = CARTESIAN_POINT('',(1.491894965634,1.860825574222E-02));
#1659 = CARTESIAN_POINT('',(1.493547978806,1.660354102166E-02));
#1660 = CARTESIAN_POINT('',(1.495311814604,1.460679590666E-02));
#1661 = CARTESIAN_POINT('',(1.49720001099,1.26183625043E-02));
#1662 = CARTESIAN_POINT('',(1.499272650683,1.064441881647E-02));
#1663 = CARTESIAN_POINT('',(1.501548858111,8.688676511957E-03));
#1664 = CARTESIAN_POINT('',(1.505382856722,5.948582472978E-03));
#1665 = CARTESIAN_POINT('',(1.506621802738,5.141199089402E-03));
#1666 = CARTESIAN_POINT('',(1.507931201638,4.339669035722E-03));
#1667 = CARTESIAN_POINT('',(1.509332830297,3.543801938152E-03));
#1668 = CARTESIAN_POINT('',(1.510886529556,2.763442526373E-03));
#1669 = CARTESIAN_POINT('',(1.512690204224,2.018470633539E-03));
#1670 = CARTESIAN_POINT('',(1.515794522041,1.054873731932E-03));
#1671 = CARTESIAN_POINT('',(1.516758073405,7.891290833826E-04));
#1672 = CARTESIAN_POINT('',(1.517822530461,5.370984992744E-04));
#1673 = CARTESIAN_POINT('',(1.519024440811,3.064063202503E-04));
#1674 = CARTESIAN_POINT('',(1.520384846369,1.167699789457E-04));
#1675 = CARTESIAN_POINT('',(1.521909283359,-1.132520951508E-14));
#1676 = CARTESIAN_POINT('',(1.523587782319,0.));
#1677 = ( GEOMETRIC_REPRESENTATION_CONTEXT(2) 
PARAMETRIC_REPRESENTATION_CONTEXT() REPRESENTATION_CONTEXT('2D SPACE',''
  ) );
#1678 = ORIENTED_EDGE('',*,*,#1679,.F.);
#1679 = EDGE_CURVE('',#1680,#1337,#1682,.T.);
#1680 = VERTEX_POINT('',#1681);
#1681 = CARTESIAN_POINT('',(22.05788266917,-2.507949790795,493.));
#1682 = SURFACE_CURVE('',#1683,(#1686,#1696),.PCURVE_S1.);
#1683 = B_SPLINE_CURVE_WITH_KNOTS('',1,(#1684,#1685),.UNSPECIFIED.,.F.,
  .F.,(2,2),(0.,1.),.PIECEWISE_BEZIER_KNOTS.);
#1684 = CARTESIAN_POINT('',(22.05788266917,-2.507949790795,493.));
#1685 = CARTESIAN_POINT('',(22.05788266917,-2.507949790795,542.));
#1686 = PCURVE('',#31,#1687);
#1687 = DEFINITIONAL_REPRESENTATION('',(#1688),#1695);
#1688 = B_SPLINE_CURVE_WITH_KNOTS('',5,(#1689,#1690,#1691,#1692,#1693,
    #1694),.UNSPECIFIED.,.F.,.F.,(6,6),(0.,1.),
  .PIECEWISE_BEZIER_KNOTS.);
#1689 = CARTESIAN_POINT('',(-6.169972909382,-8.));
#1690 = CARTESIAN_POINT('',(-6.169972909382,-17.8));
#1691 = CARTESIAN_POINT('',(-6.169972909382,-27.6));
#1692 = CARTESIAN_POINT('',(-6.169972909382,-37.4));
#1693 = CARTESIAN_POINT('',(-6.169972909382,-47.2));
#1694 = CARTESIAN_POINT('',(-6.169972909382,-57.));
#1695 = ( GEOMETRIC_REPRESENTATION_CONTEXT(2) 
PARAMETRIC_REPRESENTATION_CONTEXT() REPRESENTATION_CONTEXT('2D SPACE',''
  ) );
#1696 = PCURVE('',#1697,#1702);
#1697 = CYLINDRICAL_SURFACE('',#1698,1.7);
#1698 = AXIS2_PLACEMENT_3D('',#1699,#1700,#1701);
#1699 = CARTESIAN_POINT('',(23.746999810502,-2.7,493.));
#1700 = DIRECTION('',(0.,0.,1.));
#1701 = DIRECTION('',(0.,1.,0.));
#1702 = DEFINITIONAL_REPRESENTATION('',(#1703),#1706);
#1703 = B_SPLINE_CURVE_WITH_KNOTS('',1,(#1704,#1705),.UNSPECIFIED.,.F.,
  .F.,(2,2),(0.,1.),.PIECEWISE_BEZIER_KNOTS.);
#1704 = CARTESIAN_POINT('',(1.457583928998,0.));
#1705 = CARTESIAN_POINT('',(1.457583928998,49.));
#1706 = ( GEOMETRIC_REPRESENTATION_CONTEXT(2) 
PARAMETRIC_REPRESENTATION_CONTEXT() REPRESENTATION_CONTEXT('2D SPACE',''
  ) );
#1707 = ORIENTED_EDGE('',*,*,#1708,.T.);
#1708 = EDGE_CURVE('',#1680,#1709,#1711,.T.);
#1709 = VERTEX_POINT('',#1710);
#1710 = CARTESIAN_POINT('',(22.175266615955,-1.047640449438,487.1));
#1711 = SURFACE_CURVE('',#1712,(#1827,#1945),.PCURVE_S1.);
#1712 = B_SPLINE_CURVE_WITH_KNOTS('',8,(#1713,#1714,#1715,#1716,#1717,
    #1718,#1719,#1720,#1721,#1722,#1723,#1724,#1725,#1726,#1727,#1728,
    #1729,#1730,#1731,#1732,#1733,#1734,#1735,#1736,#1737,#1738,#1739,
    #1740,#1741,#1742,#1743,#1744,#1745,#1746,#1747,#1748,#1749,#1750,
    #1751,#1752,#1753,#1754,#1755,#1756,#1757,#1758,#1759,#1760,#1761,
    #1762,#1763,#1764,#1765,#1766,#1767,#1768,#1769,#1770,#1771,#1772,
    #1773,#1774,#1775,#1776,#1777,#1778,#1779,#1780,#1781,#1782,#1783,
    #1784,#1785,#1786,#1787,#1788,#1789,#1790,#1791,#1792,#1793,#1794,
    #1795,#1796,#1797,#1798,#1799,#1800,#1801,#1802,#1803,#1804,#1805,
    #1806,#1807,#1808,#1809,#1810,#1811,#1812,#1813,#1814,#1815,#1816,
    #1817,#1818,#1819,#1820,#1821,#1822,#1823,#1824,#1825,#1826),
  .UNSPECIFIED.,.F.,.F.,(9,7,7,7,7,7,7,7,7,7,7,7,7,7,7,7,9),(0.,
    4.711026419661E-03,1.384585220214E-02,3.631376547588E-02,
    5.94972347371E-02,0.130457760531,0.305106099475,0.680349419536,
    0.854419894835,0.904642995969,0.937120853603,0.959705689509,
    0.975089873535,0.985590333293,0.991258349629,0.995088542901,1.),
  .UNSPECIFIED.);
#1713 = CARTESIAN_POINT('',(22.05788266917,-2.507949790795,493.));
#1714 = CARTESIAN_POINT('',(22.05836088026,-2.50374383573,493.));
#1715 = CARTESIAN_POINT('',(22.05879926274,-2.499879616134,
    492.99851253611));
#1716 = CARTESIAN_POINT('',(22.059193510181,-2.496398233875,
    492.99622305042));
#1717 = CARTESIAN_POINT('',(22.059544230271,-2.493296631317,
    492.99361768853));
#1718 = CARTESIAN_POINT('',(22.059856944818,-2.490527591318,
    492.9909832996));
#1719 = CARTESIAN_POINT('',(22.060142089744,-2.487999737233,
    492.98840743634));
#1720 = CARTESIAN_POINT('',(22.060415015092,-2.485577532911,
    492.985778355));
#1721 = CARTESIAN_POINT('',(22.061240794394,-2.478240976407,
    492.97698083731));
#1722 = CARTESIAN_POINT('',(22.061732228714,-2.473864177235,
    492.97093679637));
#1723 = CARTESIAN_POINT('',(22.062190554157,-2.469773728864,
    492.96475899895));
#1724 = CARTESIAN_POINT('',(22.062626576113,-2.465875318523,
    492.95850725502));
#1725 = CARTESIAN_POINT('',(22.063044845238,-2.462129359203,
    492.95220793636));
#1726 = CARTESIAN_POINT('',(22.063446863515,-2.458522871875,
    492.94586683485));
#1727 = CARTESIAN_POINT('',(22.063834290304,-2.455041367701,
    492.93948202072));
#1728 = CARTESIAN_POINT('',(22.065141523875,-2.443276561187,
    492.91725305731));
#1729 = CARTESIAN_POINT('',(22.066002691728,-2.435493241482,
    492.90126779789));
#1730 = CARTESIAN_POINT('',(22.066823168598,-2.428051064555,
    492.88518200416));
#1731 = CARTESIAN_POINT('',(22.06760866302,-2.420900997002,
    492.86901873958));
#1732 = CARTESIAN_POINT('',(22.0683679182,-2.413967220856,
    492.85280488993));
#1733 = CARTESIAN_POINT('',(22.069103714322,-2.407225967542,
    492.83654761886));
#1734 = CARTESIAN_POINT('',(22.06982001523,-2.400642943218,
    492.82025356777));
#1735 = CARTESIAN_POINT('',(22.071240896191,-2.387544778339,
    492.78706854062));
#1736 = CARTESIAN_POINT('',(22.071944122052,-2.381040849311,
    492.77018248708));
#1737 = CARTESIAN_POINT('',(22.072631560656,-2.374662712929,
    492.75326878256));
#1738 = CARTESIAN_POINT('',(22.073305133863,-2.368393912055,
    492.73633179525));
#1739 = CARTESIAN_POINT('',(22.07396627286,-2.362222236682,
    492.71937473799));
#1740 = CARTESIAN_POINT('',(22.074616068672,-2.356138414789,
    492.70239995677));
#1741 = CARTESIAN_POINT('',(22.075255422687,-2.350134803204,
    492.68540921926));
#1742 = CARTESIAN_POINT('',(22.077812826197,-2.326051172092,
    492.61635402521));
#1743 = CARTESIAN_POINT('',(22.079650420225,-2.308583715251,
    492.56417157402));
#1744 = CARTESIAN_POINT('',(22.081420421342,-2.291611671215,
    492.51189710352));
#1745 = CARTESIAN_POINT('',(22.083133221356,-2.275048675888,
    492.45955055791));
#1746 = CARTESIAN_POINT('',(22.084796300946,-2.25883300526,
    492.40714584838));
#1747 = CARTESIAN_POINT('',(22.086415803538,-2.242914076078,
    492.35469320781));
#1748 = CARTESIAN_POINT('',(22.087995698952,-2.227259786534,
    492.30219778472));
#1749 = CARTESIAN_POINT('',(22.09333977352,-2.173888770957,
    492.12036360973));
#1750 = CARTESIAN_POINT('',(22.09692186633,-2.137363111285,
    491.99084083257));
#1751 = CARTESIAN_POINT('',(22.10033706597,-2.101850846447,
    491.86116508998));
#1752 = CARTESIAN_POINT('',(22.103607852335,-2.067179297917,
    491.73136869618));
#1753 = CARTESIAN_POINT('',(22.106750716779,-2.03322370534,
    491.6014744019));
#1754 = CARTESIAN_POINT('',(22.109779501475,-1.999879640678,
    491.47149928409));
#1755 = CARTESIAN_POINT('',(22.112702838627,-1.967085355147,
    491.34145127246));
#1756 = CARTESIAN_POINT('',(22.121601434862,-1.86536982977,
    490.93177413195));
#1757 = CARTESIAN_POINT('',(22.12722478848,-1.798224517864,
    490.65192056665));
#1758 = CARTESIAN_POINT('',(22.13247657059,-1.732788759957,
    490.37185353545));
#1759 = CARTESIAN_POINT('',(22.137395171066,-1.668813402067,
    490.09161134422));
#1760 = CARTESIAN_POINT('',(22.14201345608,-1.606084081544,
    489.81122546172));
#1761 = CARTESIAN_POINT('',(22.146353660402,-1.544467126371,
    489.53071439367));
#1762 = CARTESIAN_POINT('',(22.150435347755,-1.483844540007,
    489.25009231694));
#1763 = CARTESIAN_POINT('',(22.156054730639,-1.396427338128,
    488.83914035413));
#1764 = CARTESIAN_POINT('',(22.157783127447,-1.368921405732,
    488.70889414173));
#1765 = CARTESIAN_POINT('',(22.159460784154,-1.341601908331,
    488.57862734381));
#1766 = CARTESIAN_POINT('',(22.161089097996,-1.314461339321,
    488.44834044101));
#1767 = CARTESIAN_POINT('',(22.162669356128,-1.287492733169,
    488.31803424088));
#1768 = CARTESIAN_POINT('',(22.164202663955,-1.260691499733,
    488.18770958444));
#1769 = CARTESIAN_POINT('',(22.165690077608,-1.234052810669,
    488.05736781433));
#1770 = CARTESIAN_POINT('',(22.167548388242,-1.199940403666,
    487.8893978201));
#1771 = CARTESIAN_POINT('',(22.167960729503,-1.192315807757,
    487.8517852962));
#1772 = CARTESIAN_POINT('',(22.168369322966,-1.184704979815,
    487.81417145226));
#1773 = CARTESIAN_POINT('',(22.168774181286,-1.177108042621,
    487.77655631464));
#1774 = CARTESIAN_POINT('',(22.169175312719,-1.169525202659,
    487.7389400314));
#1775 = CARTESIAN_POINT('',(22.16957271932,-1.161956791106,
    487.70132287586));
#1776 = CARTESIAN_POINT('',(22.169966392475,-1.154403362208,
    487.663705259));
#1777 = CARTESIAN_POINT('',(22.170608451641,-1.141991552671,
    487.60176157325));
#1778 = CARTESIAN_POINT('',(22.170859021178,-1.137123990216,
    487.57743581464));
#1779 = CARTESIAN_POINT('',(22.171108010763,-1.132263346071,
    487.55311032447));
#1780 = CARTESIAN_POINT('',(22.17135540877,-1.127409967648,
    487.52878530269));
#1781 = CARTESIAN_POINT('',(22.171601196634,-1.12256434511,
    487.50446128385));
#1782 = CARTESIAN_POINT('',(22.171845346298,-1.117727169303,
    487.48013916755));
#1783 = CARTESIAN_POINT('',(22.172087814015,-1.112899467895,
    487.45582029502));
#1784 = CARTESIAN_POINT('',(22.17249592278,-1.104733362044,
    487.41459900831));
#1785 = CARTESIAN_POINT('',(22.172662455667,-1.101389500956,
    487.39769517269));
#1786 = CARTESIAN_POINT('',(22.172828117385,-1.098051538532,
    487.38079463683));
#1787 = CARTESIAN_POINT('',(22.172992876206,-1.094720186654,
    487.36389819625));
#1788 = CARTESIAN_POINT('',(22.173156683589,-1.091396506886,
    487.34700779102));
#1789 = CARTESIAN_POINT('',(22.173319468921,-1.088082029816,
    487.33012663836));
#1790 = CARTESIAN_POINT('',(22.173481125897,-1.08477905386,
    487.31325957717));
#1791 = CARTESIAN_POINT('',(22.173750726583,-1.079251473617,
    487.28493861338));
#1792 = CARTESIAN_POINT('',(22.17385932389,-1.077019607563,
    487.27347744298));
#1793 = CARTESIAN_POINT('',(22.173967266296,-1.074795918127,
    487.262028799));
#1794 = CARTESIAN_POINT('',(22.174074484218,-1.072581906336,
    487.25059545285));
#1795 = CARTESIAN_POINT('',(22.174180863001,-1.070380017714,
    487.23918394367));
#1796 = CARTESIAN_POINT('',(22.174286231815,-1.06819389481,
    487.22780503121));
#1797 = CARTESIAN_POINT('',(22.174390333046,-1.066029046006,
    487.21647491914));
#1798 = CARTESIAN_POINT('',(22.174562691946,-1.06243660969,
    487.19753333758));
#1799 = CARTESIAN_POINT('',(22.17463173383,-1.060995299278,
    487.18989446039));
#1800 = CARTESIAN_POINT('',(22.174699863457,-1.059570803619,
    487.18229853235));
#1801 = CARTESIAN_POINT('',(22.17476691084,-1.058166760757,
    487.17475558487));
#1802 = CARTESIAN_POINT('',(22.174832577393,-1.056789530324,
    487.16728760671));
#1803 = CARTESIAN_POINT('',(22.174896418852,-1.055448588237,
    487.1599294049));
#1804 = CARTESIAN_POINT('',(22.174957804112,-1.054157428285,
    487.15273048556));
#1805 = CARTESIAN_POINT('',(22.175047182439,-1.052275103298,
    487.14199427041));
#1806 = CARTESIAN_POINT('',(22.175077513098,-1.051635861307,
    487.13829992093));
#1807 = CARTESIAN_POINT('',(22.175106701616,-1.051020248435,
    487.13468590459));
#1808 = CARTESIAN_POINT('',(22.17513454955,-1.050432508548,
    487.13116883075));
#1809 = CARTESIAN_POINT('',(22.175160813456,-1.049877848243,
    487.12776973391));
#1810 = CARTESIAN_POINT('',(22.175185217971,-1.049362159527,
    487.1245128876));
#1811 = CARTESIAN_POINT('',(22.175207468889,-1.048891742482,
    487.12142461829));
#1812 = CARTESIAN_POINT('',(22.17524064442,-1.04819007929,
    487.11657749707));
#1813 = CARTESIAN_POINT('',(22.175252902093,-1.047930741724,
    487.11471232735));
#1814 = CARTESIAN_POINT('',(22.17526394126,-1.047697113758,
    487.11294596746));
#1815 = CARTESIAN_POINT('',(22.175273670586,-1.047491153274,
    487.11128714132));
#1816 = CARTESIAN_POINT('',(22.175282008971,-1.047314600528,
    487.10974367374));
#1817 = CARTESIAN_POINT('',(22.175288889106,-1.047168901156,
    487.10832222466));
#1818 = CARTESIAN_POINT('',(22.175294261025,-1.047055129181,
    487.10702802354));
#1819 = CARTESIAN_POINT('',(22.175303012831,-1.046869762676,
    487.10437275008));
#1820 = CARTESIAN_POINT('',(22.175305403429,-1.046819116479,
    487.10309542443));
#1821 = CARTESIAN_POINT('',(22.175305206502,-1.04682328586,
    487.10203994113));
#1822 = CARTESIAN_POINT('',(22.175302419053,-1.04688233929,
    487.10120756796));
#1823 = CARTESIAN_POINT('',(22.17529708325,-1.046995372406,
    487.10059490286));
#1824 = CARTESIAN_POINT('',(22.175289273619,-1.04716078114,
    487.10019525067));
#1825 = CARTESIAN_POINT('',(22.175279084243,-1.047376534849,487.1));
#1826 = CARTESIAN_POINT('',(22.175266615955,-1.047640449438,487.1));
#1827 = PCURVE('',#31,#1828);
#1828 = DEFINITIONAL_REPRESENTATION('',(#1829),#1944);
#1829 = B_SPLINE_CURVE_WITH_KNOTS('',8,(#1830,#1831,#1832,#1833,#1834,
    #1835,#1836,#1837,#1838,#1839,#1840,#1841,#1842,#1843,#1844,#1845,
    #1846,#1847,#1848,#1849,#1850,#1851,#1852,#1853,#1854,#1855,#1856,
    #1857,#1858,#1859,#1860,#1861,#1862,#1863,#1864,#1865,#1866,#1867,
    #1868,#1869,#1870,#1871,#1872,#1873,#1874,#1875,#1876,#1877,#1878,
    #1879,#1880,#1881,#1882,#1883,#1884,#1885,#1886,#1887,#1888,#1889,
    #1890,#1891,#1892,#1893,#1894,#1895,#1896,#1897,#1898,#1899,#1900,
    #1901,#1902,#1903,#1904,#1905,#1906,#1907,#1908,#1909,#1910,#1911,
    #1912,#1913,#1914,#1915,#1916,#1917,#1918,#1919,#1920,#1921,#1922,
    #1923,#1924,#1925,#1926,#1927,#1928,#1929,#1930,#1931,#1932,#1933,
    #1934,#1935,#1936,#1937,#1938,#1939,#1940,#1941,#1942,#1943),
  .UNSPECIFIED.,.F.,.F.,(9,7,7,7,7,7,7,7,7,7,7,7,7,7,7,7,9),(0.,
    4.711026419661E-03,1.384585220214E-02,3.631376547588E-02,
    5.94972347371E-02,0.130457760531,0.305106099475,0.680349419536,
    0.854419894835,0.904642995969,0.937120853603,0.959705689509,
    0.975089873535,0.985590333293,0.991258349629,0.995088542901,1.),
  .UNSPECIFIED.);
#1830 = CARTESIAN_POINT('',(-6.169972909382,-8.));
#1831 = CARTESIAN_POINT('',(-6.170163587478,-8.));
#1832 = CARTESIAN_POINT('',(-6.170338767954,-7.998512536117));
#1833 = CARTESIAN_POINT('',(-6.170496589315,-7.996223050422));
#1834 = CARTESIAN_POINT('',(-6.170637191505,-7.993617688532));
#1835 = CARTESIAN_POINT('',(-6.170762715909,-7.990983299605));
#1836 = CARTESIAN_POINT('',(-6.170877305348,-7.988407436346));
#1837 = CARTESIAN_POINT('',(-6.170987104087,-7.985778355));
#1838 = CARTESIAN_POINT('',(-6.171319666419,-7.976980837312));
#1839 = CARTESIAN_POINT('',(-6.171518058407,-7.97093679637));
#1840 = CARTESIAN_POINT('',(-6.171703465851,-7.964758998952));
#1841 = CARTESIAN_POINT('',(-6.171880164863,-7.958507255022));
#1842 = CARTESIAN_POINT('',(-6.172049950385,-7.952207936367));
#1843 = CARTESIAN_POINT('',(-6.172213410959,-7.945866834859));
#1844 = CARTESIAN_POINT('',(-6.172371203503,-7.939482020728));
#1845 = CARTESIAN_POINT('',(-6.172904411144,-7.917253057311));
#1846 = CARTESIAN_POINT('',(-6.173257150555,-7.901267797897));
#1847 = CARTESIAN_POINT('',(-6.173594414831,-7.885182004166));
#1848 = CARTESIAN_POINT('',(-6.173918427609,-7.869018739588));
#1849 = CARTESIAN_POINT('',(-6.174232626755,-7.852804889939));
#1850 = CARTESIAN_POINT('',(-6.174538090232,-7.836547618867));
#1851 = CARTESIAN_POINT('',(-6.174836373104,-7.820253567773));
#1852 = CARTESIAN_POINT('',(-6.175429841916,-7.787068540627));
#1853 = CARTESIAN_POINT('',(-6.1757245192,-7.770182487088));
#1854 = CARTESIAN_POINT('',(-6.176013486543,-7.753268782569));
#1855 = CARTESIAN_POINT('',(-6.176297490308,-7.736331795255));
#1856 = CARTESIAN_POINT('',(-6.176577084268,-7.71937473799));
#1857 = CARTESIAN_POINT('',(-6.176852688972,-7.702399956772));
#1858 = CARTESIAN_POINT('',(-6.177124651102,-7.685409219264));
#1859 = CARTESIAN_POINT('',(-6.178215598572,-7.616354025218));
#1860 = CARTESIAN_POINT('',(-6.179006762576,-7.564171574022));
#1861 = CARTESIAN_POINT('',(-6.179775414787,-7.511897103523));
#1862 = CARTESIAN_POINT('',(-6.180525473751,-7.459550557916));
#1863 = CARTESIAN_POINT('',(-6.181259740372,-7.407145848389));
#1864 = CARTESIAN_POINT('',(-6.181980510108,-7.354693207813));
#1865 = CARTESIAN_POINT('',(-6.182689240173,-7.302197784727));
#1866 = CARTESIAN_POINT('',(-6.185105361846,-7.12036360973));
#1867 = CARTESIAN_POINT('',(-6.18675855158,-6.990840832576));
#1868 = CARTESIAN_POINT('',(-6.18836557871,-6.861165089981));
#1869 = CARTESIAN_POINT('',(-6.189934289168,-6.731368696188));
#1870 = CARTESIAN_POINT('',(-6.191470353476,-6.601474401904));
#1871 = CARTESIAN_POINT('',(-6.192978518456,-6.471499284097));
#1872 = CARTESIAN_POINT('',(-6.194461594065,-6.341451272468));
#1873 = CARTESIAN_POINT('',(-6.199060874734,-5.931774131952));
#1874 = CARTESIAN_POINT('',(-6.202096005919,-5.651920566655));
#1875 = CARTESIAN_POINT('',(-6.205053011532,-5.371853535458));
#1876 = CARTESIAN_POINT('',(-6.207943257051,-5.09161134422));
#1877 = CARTESIAN_POINT('',(-6.210776520786,-4.811225461726));
#1878 = CARTESIAN_POINT('',(-6.213558913843,-4.530714393674));
#1879 = CARTESIAN_POINT('',(-6.216295830984,-4.250092316942));
#1880 = CARTESIAN_POINT('',(-6.220241670139,-3.839140354132));
#1881 = CARTESIAN_POINT('',(-6.221483118526,-3.708894141738));
#1882 = CARTESIAN_POINT('',(-6.222716042597,-3.57862734381));
#1883 = CARTESIAN_POINT('',(-6.223940786626,-3.448340441014));
#1884 = CARTESIAN_POINT('',(-6.2251576701,-3.318034240887));
#1885 = CARTESIAN_POINT('',(-6.226366905057,-3.187709584441));
#1886 = CARTESIAN_POINT('',(-6.227568713988,-3.057367814332));
#1887 = CARTESIAN_POINT('',(-6.229107587242,-2.8893978201));
#1888 = CARTESIAN_POINT('',(-6.229451539358,-2.851785296203));
#1889 = CARTESIAN_POINT('',(-6.229794863092,-2.814171452266));
#1890 = CARTESIAN_POINT('',(-6.230137553016,-2.776556314645));
#1891 = CARTESIAN_POINT('',(-6.230479599921,-2.738940031405));
#1892 = CARTESIAN_POINT('',(-6.230820988977,-2.701322875862));
#1893 = CARTESIAN_POINT('',(-6.231161695292,-2.663705259008));
#1894 = CARTESIAN_POINT('',(-6.231721533364,-2.601761573257));
#1895 = CARTESIAN_POINT('',(-6.231941083246,-2.577435814649));
#1896 = CARTESIAN_POINT('',(-6.232160318247,-2.553110324479));
#1897 = CARTESIAN_POINT('',(-6.23237922273,-2.528785302691));
#1898 = CARTESIAN_POINT('',(-6.232597774616,-2.504461283853));
#1899 = CARTESIAN_POINT('',(-6.232815942777,-2.480139167555));
#1900 = CARTESIAN_POINT('',(-6.233033680899,-2.455820295026));
#1901 = CARTESIAN_POINT('',(-6.233401982579,-2.414599008313));
#1902 = CARTESIAN_POINT('',(-6.233552793631,-2.397695172695));
#1903 = CARTESIAN_POINT('',(-6.233703337356,-2.380794636838));
#1904 = CARTESIAN_POINT('',(-6.233853581659,-2.363898196257));
#1905 = CARTESIAN_POINT('',(-6.234003478679,-2.34700779102));
#1906 = CARTESIAN_POINT('',(-6.234152959402,-2.330126638365));
#1907 = CARTESIAN_POINT('',(-6.234301920191,-2.313259577177));
#1908 = CARTESIAN_POINT('',(-6.234551206274,-2.284938613381));
#1909 = CARTESIAN_POINT('',(-6.234651859721,-2.273477442989));
#1910 = CARTESIAN_POINT('',(-6.234752143854,-2.262028799007));
#1911 = CARTESIAN_POINT('',(-6.234851990987,-2.25059545285));
#1912 = CARTESIAN_POINT('',(-6.234951290843,-2.239183943679));
#1913 = CARTESIAN_POINT('',(-6.235049879165,-2.22780503121));
#1914 = CARTESIAN_POINT('',(-6.235147507557,-2.216474919141));
#1915 = CARTESIAN_POINT('',(-6.235309515156,-2.197533337588));
#1916 = CARTESIAN_POINT('',(-6.235374513493,-2.189894460396));
#1917 = CARTESIAN_POINT('',(-6.23543875331,-2.182298532359));
#1918 = CARTESIAN_POINT('',(-6.235502070554,-2.17475558487));
#1919 = CARTESIAN_POINT('',(-6.235564178438,-2.167287606719));
#1920 = CARTESIAN_POINT('',(-6.235624649652,-2.159929404909));
#1921 = CARTESIAN_POINT('',(-6.235682875703,-2.152730485564));
#1922 = CARTESIAN_POINT('',(-6.235767760648,-2.141994270413));
#1923 = CARTESIAN_POINT('',(-6.235796587726,-2.138299920931));
#1924 = CARTESIAN_POINT('',(-6.235824349188,-2.13468590459));
#1925 = CARTESIAN_POINT('',(-6.235850853659,-2.131168830751));
#1926 = CARTESIAN_POINT('',(-6.235875866351,-2.127769733914));
#1927 = CARTESIAN_POINT('',(-6.23589912157,-2.124512887609));
#1928 = CARTESIAN_POINT('',(-6.235920335218,-2.121424618294));
#1929 = CARTESIAN_POINT('',(-6.235951976977,-2.116577497078));
#1930 = CARTESIAN_POINT('',(-6.235963671891,-2.114712327356));
#1931 = CARTESIAN_POINT('',(-6.235974207414,-2.112945967461));
#1932 = CARTESIAN_POINT('',(-6.235983495259,-2.111287141324));
#1933 = CARTESIAN_POINT('',(-6.23599145695,-2.10974367374));
#1934 = CARTESIAN_POINT('',(-6.235998027299,-2.108322224669));
#1935 = CARTESIAN_POINT('',(-6.236003157872,-2.107028023545));
#1936 = CARTESIAN_POINT('',(-6.236011517016,-2.104372750082));
#1937 = CARTESIAN_POINT('',(-6.236013800916,-2.103095424437));
#1938 = CARTESIAN_POINT('',(-6.236013612896,-2.102039941133));
#1939 = CARTESIAN_POINT('',(-6.23601094987,-2.101207567966));
#1940 = CARTESIAN_POINT('',(-6.236005852619,-2.100594902861));
#1941 = CARTESIAN_POINT('',(-6.235998393475,-2.100195250672));
#1942 = CARTESIAN_POINT('',(-6.235988664007,-2.1));
#1943 = CARTESIAN_POINT('',(-6.235976762703,-2.1));
#1944 = ( GEOMETRIC_REPRESENTATION_CONTEXT(2) 
PARAMETRIC_REPRESENTATION_CONTEXT() REPRESENTATION_CONTEXT('2D SPACE',''
  ) );
#1945 = PCURVE('',#1946,#1963);
#1946 = B_SPLINE_SURFACE_WITH_KNOTS('',7,1,(
    (#1947,#1948)
    ,(#1949,#1950)
    ,(#1951,#1952)
    ,(#1953,#1954)
    ,(#1955,#1956)
    ,(#1957,#1958)
    ,(#1959,#1960)
    ,(#1961,#1962
    )),.UNSPECIFIED.,.F.,.F.,.F.,(8,8),(2,2),(0.,1.523587782319),(0.,1.)
  ,.PIECEWISE_BEZIER_KNOTS.);
#1947 = CARTESIAN_POINT('',(22.225210910135,-1.,487.1));
#1948 = CARTESIAN_POINT('',(23.746999810502,-1.,493.));
#1949 = CARTESIAN_POINT('',(22.214328140262,-1.,487.1));
#1950 = CARTESIAN_POINT('',(23.393015142032,-1.,493.));
#1951 = CARTESIAN_POINT('',(22.203446025359,-1.002762940297,487.1));
#1952 = CARTESIAN_POINT('',(23.039031429311,-1.085994941703,
    492.99999999999));
#1953 = CARTESIAN_POINT('',(22.193402957146,-1.008291676609,487.1));
#1954 = CARTESIAN_POINT('',(22.710110345567,-1.257975670578,
    493.00000000001));
#1955 = CARTESIAN_POINT('',(22.185050104138,-1.016259226815,487.1));
#1956 = CARTESIAN_POINT('',(22.431345002042,-1.506841857039,
    492.99999999998));
#1957 = CARTESIAN_POINT('',(22.179053584938,-1.026030199223,
    487.09999999999));
#1958 = CARTESIAN_POINT('',(22.223306790238,-1.814228507473,493.));
#1959 = CARTESIAN_POINT('',(22.175780184871,-1.036769804237,487.1));
#1960 = CARTESIAN_POINT('',(22.097872568955,-2.156231219452,
    492.99999999999));
#1961 = CARTESIAN_POINT('',(22.175266615955,-1.047640449438,487.1));
#1962 = CARTESIAN_POINT('',(22.05788266917,-2.507949790795,493.));
#1963 = DEFINITIONAL_REPRESENTATION('',(#1964),#2079);
#1964 = B_SPLINE_CURVE_WITH_KNOTS('',8,(#1965,#1966,#1967,#1968,#1969,
    #1970,#1971,#1972,#1973,#1974,#1975,#1976,#1977,#1978,#1979,#1980,
    #1981,#1982,#1983,#1984,#1985,#1986,#1987,#1988,#1989,#1990,#1991,
    #1992,#1993,#1994,#1995,#1996,#1997,#1998,#1999,#2000,#2001,#2002,
    #2003,#2004,#2005,#2006,#2007,#2008,#2009,#2010,#2011,#2012,#2013,
    #2014,#2015,#2016,#2017,#2018,#2019,#2020,#2021,#2022,#2023,#2024,
    #2025,#2026,#2027,#2028,#2029,#2030,#2031,#2032,#2033,#2034,#2035,
    #2036,#2037,#2038,#2039,#2040,#2041,#2042,#2043,#2044,#2045,#2046,
    #2047,#2048,#2049,#2050,#2051,#2052,#2053,#2054,#2055,#2056,#2057,
    #2058,#2059,#2060,#2061,#2062,#2063,#2064,#2065,#2066,#2067,#2068,
    #2069,#2070,#2071,#2072,#2073,#2074,#2075,#2076,#2077,#2078),
  .UNSPECIFIED.,.F.,.F.,(9,7,7,7,7,7,7,7,7,7,7,7,7,7,7,7,9),(0.,
    4.711026419661E-03,1.384585220214E-02,3.631376547588E-02,
    5.94972347371E-02,0.130457760531,0.305106099475,0.680349419536,
    0.854419894835,0.904642995969,0.937120853603,0.959705689509,
    0.975089873535,0.985590333293,0.991258349629,0.995088542901,1.),
  .UNSPECIFIED.);
#1965 = CARTESIAN_POINT('',(1.523587782319,1.));
#1966 = CARTESIAN_POINT('',(1.520984994476,1.));
#1967 = CARTESIAN_POINT('',(1.518819751784,0.999747887477));
#1968 = CARTESIAN_POINT('',(1.51701259428,0.999359839055));
#1969 = CARTESIAN_POINT('',(1.515487243535,0.998918252294));
#1970 = CARTESIAN_POINT('',(1.514170602654,0.998471745696));
#1971 = CARTESIAN_POINT('',(1.512992756273,0.998035158703));
#1972 = CARTESIAN_POINT('',(1.511886970563,0.997589551695));
#1973 = CARTESIAN_POINT('',(1.508662038572,0.996098447002));
#1974 = CARTESIAN_POINT('',(1.506853626876,0.995074033283));
#1975 = CARTESIAN_POINT('',(1.505239283248,0.994026948975));
#1976 = CARTESIAN_POINT('',(1.503751990352,0.99296733136));
#1977 = CARTESIAN_POINT('',(1.502363555988,0.991899650232));
#1978 = CARTESIAN_POINT('',(1.501065280683,0.990824887264));
#1979 = CARTESIAN_POINT('',(1.499848625271,0.989742715378));
#1980 = CARTESIAN_POINT('',(1.495825999744,0.98597509446));
#1981 = CARTESIAN_POINT('',(1.493339731649,0.983265728457));
#1982 = CARTESIAN_POINT('',(1.491068462144,0.98053932274));
#1983 = CARTESIAN_POINT('',(1.488979450184,0.977799786371));
#1984 = CARTESIAN_POINT('',(1.48702266173,0.975051676261));
#1985 = CARTESIAN_POINT('',(1.485182956989,0.972296206588));
#1986 = CARTESIAN_POINT('',(1.483438655934,0.969534503012));
#1987 = CARTESIAN_POINT('',(1.480062428275,0.96390992214));
#1988 = CARTESIAN_POINT('',(1.478436264222,0.961047879168));
#1989 = CARTESIAN_POINT('',(1.476884507044,0.958181149588));
#1990 = CARTESIAN_POINT('',(1.475396728915,0.955310473772));
#1991 = CARTESIAN_POINT('',(1.473965238343,0.952436396269));
#1992 = CARTESIAN_POINT('',(1.472584241321,0.949559314707));
#1993 = CARTESIAN_POINT('',(1.471249002487,0.946679528689));
#1994 = CARTESIAN_POINT('',(1.465994311257,0.934975258512));
#1995 = CARTESIAN_POINT('',(1.462421160669,0.926130775258));
#1996 = CARTESIAN_POINT('',(1.459118566635,0.917270695512));
#1997 = CARTESIAN_POINT('',(1.456034488569,0.908398399647));
#1998 = CARTESIAN_POINT('',(1.453132105664,0.89951624549));
#1999 = CARTESIAN_POINT('',(1.450381466958,0.890625967426));
#2000 = CARTESIAN_POINT('',(1.447764243544,0.881728438089));
#2001 = CARTESIAN_POINT('',(1.439107993326,0.850909086395));
#2002 = CARTESIAN_POINT('',(1.433658099443,0.828956073318));
#2003 = CARTESIAN_POINT('',(1.428677956991,0.806977133895));
#2004 = CARTESIAN_POINT('',(1.424074524994,0.784977745117));
#2005 = CARTESIAN_POINT('',(1.419781816469,0.762961763034));
#2006 = CARTESIAN_POINT('',(1.415744961766,0.74093208205));
#2007 = CARTESIAN_POINT('',(1.411934368308,0.718890046181));
#2008 = CARTESIAN_POINT('',(1.400555666892,0.649453242704));
#2009 = CARTESIAN_POINT('',(1.393701198975,0.602020435027));
#2010 = CARTESIAN_POINT('',(1.387488093764,0.554551446686));
#2011 = CARTESIAN_POINT('',(1.381822235692,0.507052770209));
#2012 = CARTESIAN_POINT('',(1.376615483053,0.459529739274));
#2013 = CARTESIAN_POINT('',(1.371860075234,0.411985490454));
#2014 = CARTESIAN_POINT('',(1.367534811686,0.3644224266));
#2015 = CARTESIAN_POINT('',(1.362047615435,0.294769551548));
#2016 = CARTESIAN_POINT('',(1.360433291863,0.272693922328));
#2017 = CARTESIAN_POINT('',(1.358956013052,0.250614804036));
#2018 = CARTESIAN_POINT('',(1.357646952534,0.228532278138));
#2019 = CARTESIAN_POINT('',(1.356523510982,0.206446481506));
#2020 = CARTESIAN_POINT('',(1.355678564439,0.184357556685));
#2021 = CARTESIAN_POINT('',(1.355169734287,0.162265731243));
#2022 = CARTESIAN_POINT('',(1.355413052941,0.133796240695));
#2023 = CARTESIAN_POINT('',(1.355525729633,0.127421236645));
#2024 = CARTESIAN_POINT('',(1.355705065939,0.121046008859));
#2025 = CARTESIAN_POINT('',(1.355962625573,0.114670561804));
#2026 = CARTESIAN_POINT('',(1.356312565017,0.108294920577));
#2027 = CARTESIAN_POINT('',(1.356773400981,0.101919131502));
#2028 = CARTESIAN_POINT('',(1.357372050227,9.554326423864E-02));
#2029 = CARTESIAN_POINT('',(1.358653311508,8.504433445035E-02));
#2030 = CARTESIAN_POINT('',(1.359231636166,8.092132451676E-02));
#2031 = CARTESIAN_POINT('',(1.359896159436,7.679836008122E-02));
#2032 = CARTESIAN_POINT('',(1.360661637802,7.267547503232E-02));
#2033 = CARTESIAN_POINT('',(1.361546093778,6.855275997499E-02));
#2034 = CARTESIAN_POINT('',(1.362572887244,6.443036738216E-02));
#2035 = CARTESIAN_POINT('',(1.363775304881,6.030852458066E-02));
#2036 = CARTESIAN_POINT('',(1.366196939456,5.33218658157E-02));
#2037 = CARTESIAN_POINT('',(1.367299594853,5.04568089313E-02));
#2038 = CARTESIAN_POINT('',(1.368528143032,4.759231132853E-02));
#2039 = CARTESIAN_POINT('',(1.369904980421,4.472850784023E-02));
#2040 = CARTESIAN_POINT('',(1.371457376347,4.18657272915E-02));
#2041 = CARTESIAN_POINT('',(1.373220749902,3.900451497714E-02));
#2042 = CARTESIAN_POINT('',(1.375246238028,3.614569104701E-02));
#2043 = CARTESIAN_POINT('',(1.379224426315,3.134552769167E-02));
#2044 = CARTESIAN_POINT('',(1.380994195781,2.940295643878E-02));
#2045 = CARTESIAN_POINT('',(1.382946350893,2.746250830616E-02));
#2046 = CARTESIAN_POINT('',(1.385114131872,2.552465302538E-02));
#2047 = CARTESIAN_POINT('',(1.387537743517,2.359049892867E-02));
#2048 = CARTESIAN_POINT('',(1.390269064833,2.166186969661E-02));
#2049 = CARTESIAN_POINT('',(1.393382856264,1.974151171873E-02));
#2050 = CARTESIAN_POINT('',(1.399459564227,1.653107416736E-02));
#2051 = CARTESIAN_POINT('',(1.40215325485,1.523634921966E-02));
#2052 = CARTESIAN_POINT('',(1.405113988339,1.394890378963E-02));
#2053 = CARTESIAN_POINT('',(1.408389329201,1.267043811361E-02));
#2054 = CARTESIAN_POINT('',(1.412036083949,1.140467910493E-02));
#2055 = CARTESIAN_POINT('',(1.416124100008,1.015752625581E-02));
#2056 = CARTESIAN_POINT('',(1.420743734105,8.937370434613E-03));
#2057 = CARTESIAN_POINT('',(1.428863427541,7.117672951288E-03));
#2058 = CARTESIAN_POINT('',(1.431898126375,6.491512022222E-03));
#2059 = CARTESIAN_POINT('',(1.43513842202,5.87896687964E-03));
#2060 = CARTESIAN_POINT('',(1.438602546918,5.282852669707E-03));
#2061 = CARTESIAN_POINT('',(1.44230759048,4.706734561729E-03));
#2062 = CARTESIAN_POINT('',(1.446267458992,4.154726713428E-03));
#2063 = CARTESIAN_POINT('',(1.450490835518,3.631291236213E-03));
#2064 = CARTESIAN_POINT('',(1.458012136157,2.809745267429E-03));
#2065 = CARTESIAN_POINT('',(1.46116582339,2.493614806162E-03));
#2066 = CARTESIAN_POINT('',(1.464438702965,2.194231773004E-03));
#2067 = CARTESIAN_POINT('',(1.467827606839,1.913074800662E-03));
#2068 = CARTESIAN_POINT('',(1.471327438119,1.651470125361E-03));
#2069 = CARTESIAN_POINT('',(1.47493091172,1.410546553999E-03));
#2070 = CARTESIAN_POINT('',(1.478628295022,1.191190431311E-03));
#2071 = CARTESIAN_POINT('',(1.487252772646,7.411440816194E-04));
#2072 = CARTESIAN_POINT('',(1.492234443803,5.246482096708E-04));
#2073 = CARTESIAN_POINT('',(1.497326515205,3.457527343306E-04));
#2074 = CARTESIAN_POINT('',(1.5025035437,2.046725366756E-04));
#2075 = CARTESIAN_POINT('',(1.507740794945,1.008309933517E-04));
#2076 = CARTESIAN_POINT('',(1.513014748568,3.309333422327E-05));
#2077 = CARTESIAN_POINT('',(1.518303603337,2.275867296845E-14));
#2078 = CARTESIAN_POINT('',(1.523587782319,0.));
#2079 = ( GEOMETRIC_REPRESENTATION_CONTEXT(2) 
PARAMETRIC_REPRESENTATION_CONTEXT() REPRESENTATION_CONTEXT('2D SPACE',''
  ) );
#2080 = ORIENTED_EDGE('',*,*,#2081,.F.);
#2081 = EDGE_CURVE('',#2082,#1709,#2084,.T.);
#2082 = VERTEX_POINT('',#2083);
#2083 = CARTESIAN_POINT('',(22.177466041007,-1.,487.1));
#2084 = SURFACE_CURVE('',#2085,(#2090,#2097),.PCURVE_S1.);
#2085 = CIRCLE('',#2086,22.2);
#2086 = AXIS2_PLACEMENT_3D('',#2087,#2088,#2089);
#2087 = CARTESIAN_POINT('',(0.,0.,487.1));
#2088 = DIRECTION('',(0.,0.,-1.));
#2089 = DIRECTION('',(1.,0.,0.));
#2090 = PCURVE('',#31,#2091);
#2091 = DEFINITIONAL_REPRESENTATION('',(#2092),#2096);
#2092 = LINE('',#2093,#2094);
#2093 = CARTESIAN_POINT('',(-6.28318530718,-2.1));
#2094 = VECTOR('',#2095,1.);
#2095 = DIRECTION('',(1.,-0.));
#2096 = ( GEOMETRIC_REPRESENTATION_CONTEXT(2) 
PARAMETRIC_REPRESENTATION_CONTEXT() REPRESENTATION_CONTEXT('2D SPACE',''
  ) );
#2097 = PCURVE('',#2098,#2103);
#2098 = PLANE('',#2099);
#2099 = AXIS2_PLACEMENT_3D('',#2100,#2101,#2102);
#2100 = CARTESIAN_POINT('',(-6.488102499702E-09,3.011605409498E-10,487.1
    ));
#2101 = DIRECTION('',(0.,0.,1.));
#2102 = DIRECTION('',(0.998885883602,-4.719101123571E-02,0.));
#2103 = DEFINITIONAL_REPRESENTATION('',(#2104),#2112);
#2104 = ( BOUNDED_CURVE() B_SPLINE_CURVE(2,(#2105,#2106,#2107,#2108,
#2109,#2110,#2111),.UNSPECIFIED.,.T.,.F.) B_SPLINE_CURVE_WITH_KNOTS((1,2
    ,2,2,2,1),(-2.094395102393,0.,2.094395102393,4.188790204786,
6.28318530718,8.377580409573),.UNSPECIFIED.) CURVE() 
GEOMETRIC_REPRESENTATION_ITEM() RATIONAL_B_SPLINE_CURVE((1.,0.5,1.,0.5,
1.,0.5,1.)) REPRESENTATION_ITEM('') );
#2105 = CARTESIAN_POINT('',(22.175266622451,1.047640449438));
#2106 = CARTESIAN_POINT('',(23.989833108933,-37.36104800078));
#2107 = CARTESIAN_POINT('',(-10.18035005824,-19.72816444982));
#2108 = CARTESIAN_POINT('',(-44.35053322541,-2.09528089886));
#2109 = CARTESIAN_POINT('',(-11.99491654472,18.680524000399));
#2110 = CARTESIAN_POINT('',(20.360700135969,39.456328899659));
#2111 = CARTESIAN_POINT('',(22.175266622451,1.047640449438));
#2112 = ( GEOMETRIC_REPRESENTATION_CONTEXT(2) 
PARAMETRIC_REPRESENTATION_CONTEXT() REPRESENTATION_CONTEXT('2D SPACE',''
  ) );
#2113 = ORIENTED_EDGE('',*,*,#2114,.T.);
#2114 = EDGE_CURVE('',#2082,#2115,#2117,.T.);
#2115 = VERTEX_POINT('',#2116);
#2116 = CARTESIAN_POINT('',(22.177466041007,-1.,487.38907295259));
#2117 = SURFACE_CURVE('',#2118,(#2133,#2151),.PCURVE_S1.);
#2118 = B_SPLINE_CURVE_WITH_KNOTS('',5,(#2119,#2120,#2121,#2122,#2123,
    #2124,#2125,#2126,#2127,#2128,#2129,#2130,#2131,#2132),
  .UNSPECIFIED.,.F.,.F.,(6,4,4,6),(0.,5.550801240636E-02,0.555214315676,
    1.),.UNSPECIFIED.);
#2119 = CARTESIAN_POINT('',(22.177466041007,-1.,487.1));
#2120 = CARTESIAN_POINT('',(22.177466041007,-1.,487.10417054189));
#2121 = CARTESIAN_POINT('',(22.177466041007,-1.,487.10836466604));
#2122 = CARTESIAN_POINT('',(22.177466041007,-1.,487.11258223087));
#2123 = CARTESIAN_POINT('',(22.177466041007,-1.,487.11682308163));
#2124 = CARTESIAN_POINT('',(22.177466041007,-1.,487.15947307782));
#2125 = CARTESIAN_POINT('',(22.177466041007,-1.,487.19973571165));
#2126 = CARTESIAN_POINT('',(22.177466041007,-1.,487.24174365262));
#2127 = CARTESIAN_POINT('',(22.177466041007,-1.,487.28530153267));
#2128 = CARTESIAN_POINT('',(22.177466041007,-1.,487.3701450394));
#2129 = CARTESIAN_POINT('',(22.177466041007,-1.,487.41115755692));
#2130 = CARTESIAN_POINT('',(22.177466041007,-1.,487.45308090118));
#2131 = CARTESIAN_POINT('',(22.177466041007,-1.,487.49577281331));
#2132 = CARTESIAN_POINT('',(22.177466041007,-1.,487.53911766157));
#2133 = PCURVE('',#31,#2134);
#2134 = DEFINITIONAL_REPRESENTATION('',(#2135),#2150);
#2135 = B_SPLINE_CURVE_WITH_KNOTS('',5,(#2136,#2137,#2138,#2139,#2140,
    #2141,#2142,#2143,#2144,#2145,#2146,#2147,#2148,#2149),
  .UNSPECIFIED.,.F.,.F.,(6,4,4,6),(0.,5.550801240636E-02,0.555214315676,
    1.),.UNSPECIFIED.);
#2136 = CARTESIAN_POINT('',(-6.238125015055,-2.1));
#2137 = CARTESIAN_POINT('',(-6.238125015055,-2.104170541891));
#2138 = CARTESIAN_POINT('',(-6.238125015055,-2.108364666046));
#2139 = CARTESIAN_POINT('',(-6.238125015055,-2.112582230875));
#2140 = CARTESIAN_POINT('',(-6.238125015055,-2.116823081636));
#2141 = CARTESIAN_POINT('',(-6.238125015055,-2.159473077828));
#2142 = CARTESIAN_POINT('',(-6.238125015055,-2.199735711656));
#2143 = CARTESIAN_POINT('',(-6.238125015055,-2.24174365262));
#2144 = CARTESIAN_POINT('',(-6.238125015055,-2.285301532672));
#2145 = CARTESIAN_POINT('',(-6.238125015055,-2.370145039402));
#2146 = CARTESIAN_POINT('',(-6.238125015055,-2.411157556925));
#2147 = CARTESIAN_POINT('',(-6.238125015055,-2.453080901181));
#2148 = CARTESIAN_POINT('',(-6.238125015055,-2.495772813314));
#2149 = CARTESIAN_POINT('',(-6.238125015055,-2.539117661579));
#2150 = ( GEOMETRIC_REPRESENTATION_CONTEXT(2) 
PARAMETRIC_REPRESENTATION_CONTEXT() REPRESENTATION_CONTEXT('2D SPACE',''
  ) );
#2151 = PCURVE('',#2152,#2157);
#2152 = B_SPLINE_SURFACE_WITH_KNOTS('',1,1,(
    (#2153,#2154)
    ,(#2155,#2156
    )),.UNSPECIFIED.,.F.,.F.,.F.,(2,2),(2,2),(0.,1.769738834666),(0.,1.)
  ,.PIECEWISE_BEZIER_KNOTS.);
#2153 = CARTESIAN_POINT('',(21.977260975836,-1.,487.1));
#2154 = CARTESIAN_POINT('',(21.977260975836,-1.,493.));
#2155 = CARTESIAN_POINT('',(22.225210910135,-1.,487.1));
#2156 = CARTESIAN_POINT('',(23.746999810502,-1.,493.));
#2157 = DEFINITIONAL_REPRESENTATION('',(#2158),#2173);
#2158 = B_SPLINE_CURVE_WITH_KNOTS('',5,(#2159,#2160,#2161,#2162,#2163,
    #2164,#2165,#2166,#2167,#2168,#2169,#2170,#2171,#2172),
  .UNSPECIFIED.,.F.,.F.,(6,4,4,6),(0.,5.550801240636E-02,0.555214315676,
    1.),.UNSPECIFIED.);
#2159 = CARTESIAN_POINT('',(1.428960567102,0.));
#2160 = CARTESIAN_POINT('',(1.42276114603,7.068715069604E-04));
#2161 = CARTESIAN_POINT('',(1.416593909535,1.41774000782E-03));
#2162 = CARTESIAN_POINT('',(1.410459130408,2.132581504287E-03));
#2163 = CARTESIAN_POINT('',(1.404357064057,2.851369768813E-03));
#2164 = CARTESIAN_POINT('',(1.343651236421,1.008018268265E-02));
#2165 = CARTESIAN_POINT('',(1.291680319878,1.690435790777E-02));
#2166 = CARTESIAN_POINT('',(1.242565290021,2.402434790178E-02));
#2167 = CARTESIAN_POINT('',(1.196327952154,3.140703943593E-02));
#2168 = CARTESIAN_POINT('',(1.114233211398,4.578729481396E-02));
#2169 = CARTESIAN_POINT('',(1.077790634495,5.27385689704E-02));
#2170 = CARTESIAN_POINT('',(1.043506652101,5.984422053922E-02));
#2171 = CARTESIAN_POINT('',(1.011254730339,6.708013784986E-02));
#2172 = CARTESIAN_POINT('',(0.980894817166,7.442672230148E-02));
#2173 = ( GEOMETRIC_REPRESENTATION_CONTEXT(2) 
PARAMETRIC_REPRESENTATION_CONTEXT() REPRESENTATION_CONTEXT('2D SPACE',''
  ) );
#2174 = ORIENTED_EDGE('',*,*,#2175,.F.);
#2175 = EDGE_CURVE('',#2176,#2115,#2178,.T.);
#2176 = VERTEX_POINT('',#2177);
#2177 = CARTESIAN_POINT('',(22.186513548268,-0.773703155309,487.));
#2178 = SURFACE_CURVE('',#2179,(#2192,#2208),.PCURVE_S1.);
#2179 = B_SPLINE_CURVE_WITH_KNOTS('',6,(#2180,#2181,#2182,#2183,#2184,
    #2185,#2186,#2187,#2188,#2189,#2190,#2191),.UNSPECIFIED.,.F.,.F.,(7,
    5,7),(0.,0.475576193299,1.),.UNSPECIFIED.);
#2180 = CARTESIAN_POINT('',(22.188961219489,-0.7,486.98971296439));
#2181 = CARTESIAN_POINT('',(22.187696647173,-0.740085065841,
    486.98853450991));
#2182 = CARTESIAN_POINT('',(22.186351462595,-0.779968924258,
    486.99606715875));
#2183 = CARTESIAN_POINT('',(22.184971782871,-0.818235791188,
    487.01218312011));
#2184 = CARTESIAN_POINT('',(22.183622313358,-0.853550695022,
    487.03614163257));
#2185 = CARTESIAN_POINT('',(22.182377591417,-0.884776214748,
    487.06658028992));
#2186 = CARTESIAN_POINT('',(22.180086483616,-0.940542558612,
    487.14007630776));
#2187 = CARTESIAN_POINT('',(22.17906413027,-0.964294594757,
    487.18440921863));
#2188 = CARTESIAN_POINT('',(22.178269562987,-0.982185265241,
    487.23288401433));
#2189 = CARTESIAN_POINT('',(22.177732694489,-0.994082958325,
    487.28402625286));
#2190 = CARTESIAN_POINT('',(22.177466041007,-1.,487.33650002303));
#2191 = CARTESIAN_POINT('',(22.177466041007,-1.,487.38907295259));
#2192 = PCURVE('',#31,#2193);
#2193 = DEFINITIONAL_REPRESENTATION('',(#2194),#2207);
#2194 = B_SPLINE_CURVE_WITH_KNOTS('',6,(#2195,#2196,#2197,#2198,#2199,
    #2200,#2201,#2202,#2203,#2204,#2205,#2206),.UNSPECIFIED.,.F.,.F.,(7,
    5,7),(0.,0.475576193299,1.),.UNSPECIFIED.);
#2195 = CARTESIAN_POINT('',(-6.251648548337,-1.989712964399));
#2196 = CARTESIAN_POINT('',(-6.249842016457,-1.98853450991));
#2197 = CARTESIAN_POINT('',(-6.248044428949,-1.996067158757));
#2198 = CARTESIAN_POINT('',(-6.246319583213,-2.012183120117));
#2199 = CARTESIAN_POINT('',(-6.244727664329,-2.036141632575));
#2200 = CARTESIAN_POINT('',(-6.243319993348,-2.066580289928));
#2201 = CARTESIAN_POINT('',(-6.24080587677,-2.140076307764));
#2202 = CARTESIAN_POINT('',(-6.23973497651,-2.184409218632));
#2203 = CARTESIAN_POINT('',(-6.238928296691,-2.23288401433));
#2204 = CARTESIAN_POINT('',(-6.238391818847,-2.284026252868));
#2205 = CARTESIAN_POINT('',(-6.238125015055,-2.336500023039));
#2206 = CARTESIAN_POINT('',(-6.238125015055,-2.389072952598));
#2207 = ( GEOMETRIC_REPRESENTATION_CONTEXT(2) 
PARAMETRIC_REPRESENTATION_CONTEXT() REPRESENTATION_CONTEXT('2D SPACE',''
  ) );
#2208 = PCURVE('',#2209,#2214);
#2209 = CYLINDRICAL_SURFACE('',#2210,0.3);
#2210 = AXIS2_PLACEMENT_3D('',#2211,#2212,#2213);
#2211 = CARTESIAN_POINT('',(21.995472751085,-0.7,487.21947347095));
#2212 = DIRECTION('',(0.731578236503,0.,0.681757496383));
#2213 = DIRECTION('',(0.681757496383,0.,-0.731578236503));
#2214 = DEFINITIONAL_REPRESENTATION('',(#2215),#2228);
#2215 = B_SPLINE_CURVE_WITH_KNOTS('',6,(#2216,#2217,#2218,#2219,#2220,
    #2221,#2222,#2223,#2224,#2225,#2226,#2227),.UNSPECIFIED.,.F.,.F.,(7,
    5,7),(0.,0.475576193299,1.),.UNSPECIFIED.);
#2216 = CARTESIAN_POINT('',(0.,-1.508899521599E-02));
#2217 = CARTESIAN_POINT('',(-0.133616886138,-1.681754898283E-02));
#2218 = CARTESIAN_POINT('',(-0.26656180547,-1.266621692481E-02));
#2219 = CARTESIAN_POINT('',(-0.398418865949,-2.688383115979E-03));
#2220 = CARTESIAN_POINT('',(-0.528779132594,1.265826982754E-02));
#2221 = CARTESIAN_POINT('',(-0.65693737518,3.249944117579E-02));
#2222 = CARTESIAN_POINT('',(-0.918796145984,8.092977768487E-02));
#2223 = CARTESIAN_POINT('',(-1.052782085218,0.110406140548));
#2224 = CARTESIAN_POINT('',(-1.18430052036,0.142872907769));
#2225 = CARTESIAN_POINT('',(-1.314022816289,0.177346750965));
#2226 = CARTESIAN_POINT('',(-1.442592289813,0.212926059258));
#2227 = CARTESIAN_POINT('',(-1.570796326795,0.248768048092));
#2228 = ( GEOMETRIC_REPRESENTATION_CONTEXT(2) 
PARAMETRIC_REPRESENTATION_CONTEXT() REPRESENTATION_CONTEXT('2D SPACE',''
  ) );
#2229 = ORIENTED_EDGE('',*,*,#2230,.F.);
#2230 = EDGE_CURVE('',#55,#2176,#2231,.T.);
#2231 = SURFACE_CURVE('',#2232,(#2237,#2244),.PCURVE_S1.);
#2232 = CIRCLE('',#2233,22.2);
#2233 = AXIS2_PLACEMENT_3D('',#2234,#2235,#2236);
#2234 = CARTESIAN_POINT('',(0.,0.,487.));
#2235 = DIRECTION('',(0.,0.,-1.));
#2236 = DIRECTION('',(1.,0.,0.));
#2237 = PCURVE('',#31,#2238);
#2238 = DEFINITIONAL_REPRESENTATION('',(#2239),#2243);
#2239 = LINE('',#2240,#2241);
#2240 = CARTESIAN_POINT('',(-6.28318530718,-2.));
#2241 = VECTOR('',#2242,1.);
#2242 = DIRECTION('',(1.,-0.));
#2243 = ( GEOMETRIC_REPRESENTATION_CONTEXT(2) 
PARAMETRIC_REPRESENTATION_CONTEXT() REPRESENTATION_CONTEXT('2D SPACE',''
  ) );
#2244 = PCURVE('',#2245,#2250);
#2245 = PLANE('',#2246);
#2246 = AXIS2_PLACEMENT_3D('',#2247,#2248,#2249);
#2247 = CARTESIAN_POINT('',(21.9,0.,487.));
#2248 = DIRECTION('',(0.,0.,1.));
#2249 = DIRECTION('',(1.,0.,0.));
#2250 = DEFINITIONAL_REPRESENTATION('',(#2251),#2259);
#2251 = ( BOUNDED_CURVE() B_SPLINE_CURVE(2,(#2252,#2253,#2254,#2255,
#2256,#2257,#2258),.UNSPECIFIED.,.T.,.F.) B_SPLINE_CURVE_WITH_KNOTS((1,2
    ,2,2,2,1),(-2.094395102393,0.,2.094395102393,4.188790204786,
6.28318530718,8.377580409573),.UNSPECIFIED.) CURVE() 
GEOMETRIC_REPRESENTATION_ITEM() RATIONAL_B_SPLINE_CURVE((1.,0.5,1.,0.5,
1.,0.5,1.)) REPRESENTATION_ITEM('') );
#2252 = CARTESIAN_POINT('',(0.3,0.));
#2253 = CARTESIAN_POINT('',(0.3,-38.45152792802));
#2254 = CARTESIAN_POINT('',(-33.,-19.22576396401));
#2255 = CARTESIAN_POINT('',(-66.3,-5.437431788214E-15));
#2256 = CARTESIAN_POINT('',(-33.,19.225763964015));
#2257 = CARTESIAN_POINT('',(0.3,38.451527928029));
#2258 = CARTESIAN_POINT('',(0.3,0.));
#2259 = ( GEOMETRIC_REPRESENTATION_CONTEXT(2) 
PARAMETRIC_REPRESENTATION_CONTEXT() REPRESENTATION_CONTEXT('2D SPACE',''
  ) );
#2260 = ORIENTED_EDGE('',*,*,#54,.F.);
#2261 = FACE_BOUND('',#2262,.F.);
#2262 = EDGE_LOOP('',(#2263,#2294,#2667,#2700,#2761,#2816,#2849,#2882,
    #2937,#2998,#3027,#3400,#3429,#3772,#3801,#3838,#3884,#3915,#3961,
    #3998,#4031));
#2263 = ORIENTED_EDGE('',*,*,#2264,.F.);
#2264 = EDGE_CURVE('',#2265,#2267,#2269,.T.);
#2265 = VERTEX_POINT('',#2266);
#2266 = CARTESIAN_POINT('',(-8.85699310434,20.356661640595,493.));
#2267 = VERTEX_POINT('',#2268);
#2268 = CARTESIAN_POINT('',(-8.85699310434,20.356661640595,542.));
#2269 = SURFACE_CURVE('',#2270,(#2273,#2283),.PCURVE_S1.);
#2270 = B_SPLINE_CURVE_WITH_KNOTS('',1,(#2271,#2272),.UNSPECIFIED.,.F.,
  .F.,(2,2),(0.,1.),.PIECEWISE_BEZIER_KNOTS.);
#2271 = CARTESIAN_POINT('',(-8.85699310434,20.356661640595,493.));
#2272 = CARTESIAN_POINT('',(-8.85699310434,20.356661640595,542.));
#2273 = PCURVE('',#31,#2274);
#2274 = DEFINITIONAL_REPRESENTATION('',(#2275),#2282);
#2275 = B_SPLINE_CURVE_WITH_KNOTS('',5,(#2276,#2277,#2278,#2279,#2280,
    #2281),.UNSPECIFIED.,.F.,.F.,(6,6),(0.,1.),
  .PIECEWISE_BEZIER_KNOTS.);
#2276 = CARTESIAN_POINT('',(-1.981182704596,-8.));
#2277 = CARTESIAN_POINT('',(-1.981182704596,-17.8));
#2278 = CARTESIAN_POINT('',(-1.981182704596,-27.6));
#2279 = CARTESIAN_POINT('',(-1.981182704596,-37.4));
#2280 = CARTESIAN_POINT('',(-1.981182704596,-47.2));
#2281 = CARTESIAN_POINT('',(-1.981182704596,-57.));
#2282 = ( GEOMETRIC_REPRESENTATION_CONTEXT(2) 
PARAMETRIC_REPRESENTATION_CONTEXT() REPRESENTATION_CONTEXT('2D SPACE',''
  ) );
#2283 = PCURVE('',#2284,#2289);
#2284 = CYLINDRICAL_SURFACE('',#2285,1.7);
#2285 = AXIS2_PLACEMENT_3D('',#2286,#2287,#2288);
#2286 = CARTESIAN_POINT('',(-9.535231315033,21.915505099559,493.));
#2287 = DIRECTION('',(0.,0.,1.));
#2288 = DIRECTION('',(-0.866025403784,-0.5,0.));
#2289 = DEFINITIONAL_REPRESENTATION('',(#2290),#2293);
#2290 = B_SPLINE_CURVE_WITH_KNOTS('',1,(#2291,#2292),.UNSPECIFIED.,.F.,
  .F.,(2,2),(0.,1.),.PIECEWISE_BEZIER_KNOTS.);
#2291 = CARTESIAN_POINT('',(1.457583928998,0.));
#2292 = CARTESIAN_POINT('',(1.457583928998,49.));
#2293 = ( GEOMETRIC_REPRESENTATION_CONTEXT(2) 
PARAMETRIC_REPRESENTATION_CONTEXT() REPRESENTATION_CONTEXT('2D SPACE',''
  ) );
#2294 = ORIENTED_EDGE('',*,*,#2295,.T.);
#2295 = EDGE_CURVE('',#2265,#2296,#2298,.T.);
#2296 = VERTEX_POINT('',#2297);
#2297 = CARTESIAN_POINT('',(-10.18035006473,19.728164449829,487.1));
#2298 = SURFACE_CURVE('',#2299,(#2414,#2532),.PCURVE_S1.);
#2299 = B_SPLINE_CURVE_WITH_KNOTS('',8,(#2300,#2301,#2302,#2303,#2304,
    #2305,#2306,#2307,#2308,#2309,#2310,#2311,#2312,#2313,#2314,#2315,
    #2316,#2317,#2318,#2319,#2320,#2321,#2322,#2323,#2324,#2325,#2326,
    #2327,#2328,#2329,#2330,#2331,#2332,#2333,#2334,#2335,#2336,#2337,
    #2338,#2339,#2340,#2341,#2342,#2343,#2344,#2345,#2346,#2347,#2348,
    #2349,#2350,#2351,#2352,#2353,#2354,#2355,#2356,#2357,#2358,#2359,
    #2360,#2361,#2362,#2363,#2364,#2365,#2366,#2367,#2368,#2369,#2370,
    #2371,#2372,#2373,#2374,#2375,#2376,#2377,#2378,#2379,#2380,#2381,
    #2382,#2383,#2384,#2385,#2386,#2387,#2388,#2389,#2390,#2391,#2392,
    #2393,#2394,#2395,#2396,#2397,#2398,#2399,#2400,#2401,#2402,#2403,
    #2404,#2405,#2406,#2407,#2408,#2409,#2410,#2411,#2412,#2413),
  .UNSPECIFIED.,.F.,.F.,(9,7,7,7,7,7,7,7,7,7,7,7,7,7,7,7,9),(0.,
    4.711025690401E-03,1.384585130385E-02,3.631376460057E-02,
    5.949723387069E-02,0.13045775968,0.305106098651,0.68034941876,
    0.854419894845,0.904642995985,0.937120853624,0.959705689533,
    0.975089873561,0.98559033332,0.991258349658,0.995088542929,1.),
  .UNSPECIFIED.);
#2300 = CARTESIAN_POINT('',(-8.85699310434,20.356661640595,493.));
#2301 = CARTESIAN_POINT('',(-8.860874673252,20.354972806262,493.));
#2302 = CARTESIAN_POINT('',(-8.864440376386,20.353420347021,
    492.99851253649));
#2303 = CARTESIAN_POINT('',(-8.867652465243,20.352021084339,
    492.99622305133));
#2304 = CARTESIAN_POINT('',(-8.870513891634,20.350774015682,
    492.99361768997));
#2305 = CARTESIAN_POINT('',(-8.873068307679,20.349660314516,
    492.9909833015));
#2306 = CARTESIAN_POINT('',(-8.875400065807,20.348643330307,
    492.98840743863));
#2307 = CARTESIAN_POINT('',(-8.877634218755,20.347668588519,
    492.98577835767));
#2308 = CARTESIAN_POINT('',(-8.88440075259,20.344715456176,
    492.97698084075));
#2309 = CARTESIAN_POINT('',(-8.888436889082,20.342952651169,
    492.97093679999));
#2310 = CARTESIAN_POINT('',(-8.89220848404,20.341304348445,
    492.96475900273));
#2311 = CARTESIAN_POINT('',(-8.895802617431,20.339732749356,
    492.95850725896));
#2312 = CARTESIAN_POINT('',(-8.899255847941,20.338222001378,
    492.95220794046));
#2313 = CARTESIAN_POINT('',(-8.902580166729,20.336766915753,
    492.9458668391));
#2314 = CARTESIAN_POINT('',(-8.905788951176,20.33536168511,
    492.93948202511));
#2315 = CARTESIAN_POINT('',(-8.916631189409,20.330611379276,
    492.91725306187));
#2316 = CARTESIAN_POINT('',(-8.923802326022,20.32746551262,
    492.90126780247));
#2317 = CARTESIAN_POINT('',(-8.930657678804,20.324454977939,
    492.88518200875));
#2318 = CARTESIAN_POINT('',(-8.937242566227,20.321560202256,
    492.86901874416));
#2319 = CARTESIAN_POINT('',(-8.943627020148,20.318750848438,
    492.85280489453));
#2320 = CARTESIAN_POINT('',(-8.949833014883,20.316017439892,
    492.83654762344));
#2321 = CARTESIAN_POINT('',(-8.955892231674,20.313346262498,
    492.82025357235));
#2322 = CARTESIAN_POINT('',(-8.967946015753,20.308027699035,
    492.7870685452));
#2323 = CARTESIAN_POINT('',(-8.973930196476,20.30538474597,
    492.77018249166));
#2324 = CARTESIAN_POINT('',(-8.97979754394,20.302791017062,
    492.75326878715));
#2325 = CARTESIAN_POINT('',(-8.985563271376,20.300239948123,
    492.73633179983));
#2326 = CARTESIAN_POINT('',(-8.991238668554,20.297726673594,
    492.71937474257));
#2327 = CARTESIAN_POINT('',(-8.996832310791,20.29524750232,
    492.70239996135));
#2328 = CARTESIAN_POINT('',(-9.002351267965,20.292799393338,
    492.68540922384));
#2329 = CARTESIAN_POINT('',(-9.024487006146,20.282972354161,
    492.6163540298));
#2330 = CARTESIAN_POINT('',(-9.040533064564,20.275830028835,
    492.56417157861));
#2331 = CARTESIAN_POINT('',(-9.056116286443,20.268876872736,
    492.51189710811));
#2332 = CARTESIAN_POINT('',(-9.071316661195,20.262078703384,
    492.4595505625));
#2333 = CARTESIAN_POINT('',(-9.086191383718,20.255411137234,
    492.40714585297));
#2334 = CARTESIAN_POINT('',(-9.100787332109,20.24885420302,
    492.3546932124));
#2335 = CARTESIAN_POINT('',(-9.115134292259,20.242395287804,
    492.30219778931));
#2336 = CARTESIAN_POINT('',(-9.164026984919,20.220337884328,
    492.12036361431));
#2337 = CARTESIAN_POINT('',(-9.197450180523,20.205177237852,
    491.99084083716));
#2338 = CARTESIAN_POINT('',(-9.229912303865,20.190378755069,
    491.86116509457));
#2339 = CARTESIAN_POINT('',(-9.261574138887,20.175875564878,
    491.73136870077));
#2340 = CARTESIAN_POINT('',(-9.292551976902,20.161619569031,
    491.60147440649));
#2341 = CARTESIAN_POINT('',(-9.322943176331,20.147570541183,
    491.47149928868));
#2342 = CARTESIAN_POINT('',(-9.352805529293,20.133705082649,
    491.34145127705));
#2343 = CARTESIAN_POINT('',(-9.445343056393,20.090553730342,
    490.93177413654));
#2344 = CARTESIAN_POINT('',(-9.506304279084,20.061851041467,
    490.65192057123));
#2345 = CARTESIAN_POINT('',(-9.56559919882,20.033681339231,
    490.37185354005));
#2346 = CARTESIAN_POINT('',(-9.623462784235,20.005953293241,
    490.09161134879));
#2347 = CARTESIAN_POINT('',(-9.680097111886,19.978588185121,
    489.81122546632));
#2348 = CARTESIAN_POINT('',(-9.735629062552,19.951538434729,
    489.53071439825));
#2349 = CARTESIAN_POINT('',(-9.790170606075,19.924761986481,
    489.25009232152));
#2350 = CARTESIAN_POINT('',(-9.868685815201,19.885919913814,
    488.83914035814));
#2351 = CARTESIAN_POINT('',(-9.893370849929,19.873663783104,
    488.70889414517));
#2352 = CARTESIAN_POINT('',(-9.917869057161,19.861456927675,
    488.57862734668));
#2353 = CARTESIAN_POINT('',(-9.942187636429,19.849296804269,
    488.44834044329));
#2354 = CARTESIAN_POINT('',(-9.966333263635,19.837181044826,
    488.31803424261));
#2355 = CARTESIAN_POINT('',(-9.990310466665,19.825108311584,
    488.18770958558));
#2356 = CARTESIAN_POINT('',(-10.01412395504,19.813077105009,
    488.0573678149));
#2357 = CARTESIAN_POINT('',(-10.04459532151,19.797630245671,
    487.88939782009));
#2358 = CARTESIAN_POINT('',(-10.0514045859,19.794175045724,
    487.8517852962));
#2359 = CARTESIAN_POINT('',(-10.05820005297,19.790723484072,
    487.81417145226));
#2360 = CARTESIAN_POINT('',(-10.06498162273,19.787275633065,
    487.77655631464));
#2361 = CARTESIAN_POINT('',(-10.07174912049,19.783831603095,
    487.7389400314));
#2362 = CARTESIAN_POINT('',(-10.07850226046,19.78039156153,
    487.70132287586));
#2363 = CARTESIAN_POINT('',(-10.08524055835,19.776955778035,
    487.663705259));
#2364 = CARTESIAN_POINT('',(-10.0963105303,19.771305912815,
    487.60176157325));
#2365 = CARTESIAN_POINT('',(-10.1006512478,19.769089131171,
    487.57743581464));
#2366 = CARTESIAN_POINT('',(-10.10498518391,19.766874440405,
    487.55311032447));
#2367 = CARTESIAN_POINT('',(-10.10931203192,19.764662004152,
    487.52878530269));
#2368 = CARTESIAN_POINT('',(-10.11363135806,19.762452051417,
    487.50446128385));
#2369 = CARTESIAN_POINT('',(-10.11794255003,19.760244903325,
    487.48013916755));
#2370 = CARTESIAN_POINT('',(-10.12224469595,19.758041035824,
    487.45582029502));
#2371 = CARTESIAN_POINT('',(-10.12952080545,19.754311415456,
    487.41459900831));
#2372 = CARTESIAN_POINT('',(-10.13249994054,19.752783706623,
    487.39769517269));
#2373 = CARTESIAN_POINT('',(-10.13547353165,19.751258192667,
    487.38079463683));
#2374 = CARTESIAN_POINT('',(-10.13844094642,19.749735202053,
    487.36389819625));
#2375 = CARTESIAN_POINT('',(-10.14140124123,19.748215223523,
    487.34700779102));
#2376 = CARTESIAN_POINT('',(-10.14435305523,19.746698961222,
    487.33012663836));
#2377 = CARTESIAN_POINT('',(-10.14729434481,19.745187472291,
    487.31325957717));
#2378 = CARTESIAN_POINT('',(-10.15221617006,19.742657163213,
    487.28493861338));
#2379 = CARTESIAN_POINT('',(-10.15420332142,19.741635278213,
    487.27347744298));
#2380 = CARTESIAN_POINT('',(-10.15618306416,19.740616914361,
    487.262028799));
#2381 = CARTESIAN_POINT('',(-10.15815406358,19.739602761909,
    487.25059545285));
#2382 = CARTESIAN_POINT('',(-10.16011414445,19.738593944327,
    487.23918394368));
#2383 = CARTESIAN_POINT('',(-10.16206006683,19.737592134944,
    487.22780503121));
#2384 = CARTESIAN_POINT('',(-10.16398693151,19.736599864853,
    487.21647491914));
#2385 = CARTESIAN_POINT('',(-10.16718425207,19.734952913881,
    487.19753333758));
#2386 = CARTESIAN_POINT('',(-10.16846698444,19.734292050701,
    487.18989446039));
#2387 = CARTESIAN_POINT('',(-10.16973469868,19.733638804859,
    487.18229853235));
#2388 = CARTESIAN_POINT('',(-10.17098415916,19.732994848164,
    487.17475558487));
#2389 = CARTESIAN_POINT('',(-10.17220970898,19.732363101851,
    487.16728760671));
#2390 = CARTESIAN_POINT('',(-10.17340291962,19.731747919133,
    487.1599294049));
#2391 = CARTESIAN_POINT('',(-10.17455178957,19.731155500352,
    487.15273048556));
#2392 = CARTESIAN_POINT('',(-10.17622661999,19.73029174176,
    487.14199427041));
#2393 = CARTESIAN_POINT('',(-10.17679538512,19.729998387885,
    487.13829992093));
#2394 = CARTESIAN_POINT('',(-10.17734311577,19.729715859447,
    487.13468590459));
#2395 = CARTESIAN_POINT('',(-10.17786603741,19.729446106522,
    487.13116883075));
#2396 = CARTESIAN_POINT('',(-10.17835951927,19.72919152158,
    487.12776973391));
#2397 = CARTESIAN_POINT('',(-10.17881832106,19.728954812151,
    487.1245128876));
#2398 = CARTESIAN_POINT('',(-10.17923683963,19.728738873489,
    487.12142461829));
#2399 = CARTESIAN_POINT('',(-10.17986108555,19.728416772746,
    487.11657749707));
#2400 = CARTESIAN_POINT('',(-10.1800918073,19.728297719419,
    487.11471232735));
#2401 = CARTESIAN_POINT('',(-10.18029965464,19.728190465635,
    487.11294596746));
#2402 = CARTESIAN_POINT('',(-10.18048288631,19.728095911236,
    487.11128714132));
#2403 = CARTESIAN_POINT('',(-10.18063995467,19.728014856117,
    487.10974367374));
#2404 = CARTESIAN_POINT('',(-10.18076957409,19.727947964803,
    487.10832222466));
#2405 = CARTESIAN_POINT('',(-10.18087078947,19.727895731034,
    487.10702802354));
#2406 = CARTESIAN_POINT('',(-10.18103569748,19.727810627067,
    487.10437275009));
#2407 = CARTESIAN_POINT('',(-10.18108075367,19.727787374288,
    487.10309542445));
#2408 = CARTESIAN_POINT('',(-10.18107704442,19.727789288434,
    487.10203994115));
#2409 = CARTESIAN_POINT('',(-10.18102450892,19.727816401147,
    487.10120756798));
#2410 = CARTESIAN_POINT('',(-10.18092395148,19.727868296762,
    487.10059490287));
#2411 = CARTESIAN_POINT('',(-10.1807767985,19.72794423779,
    487.10019525068));
#2412 = CARTESIAN_POINT('',(-10.18058485562,19.728043290384,487.1));
#2413 = CARTESIAN_POINT('',(-10.18035006474,19.728164449824,487.1));
#2414 = PCURVE('',#31,#2415);
#2415 = DEFINITIONAL_REPRESENTATION('',(#2416),#2531);
#2416 = B_SPLINE_CURVE_WITH_KNOTS('',8,(#2417,#2418,#2419,#2420,#2421,
    #2422,#2423,#2424,#2425,#2426,#2427,#2428,#2429,#2430,#2431,#2432,
    #2433,#2434,#2435,#2436,#2437,#2438,#2439,#2440,#2441,#2442,#2443,
    #2444,#2445,#2446,#2447,#2448,#2449,#2450,#2451,#2452,#2453,#2454,
    #2455,#2456,#2457,#2458,#2459,#2460,#2461,#2462,#2463,#2464,#2465,
    #2466,#2467,#2468,#2469,#2470,#2471,#2472,#2473,#2474,#2475,#2476,
    #2477,#2478,#2479,#2480,#2481,#2482,#2483,#2484,#2485,#2486,#2487,
    #2488,#2489,#2490,#2491,#2492,#2493,#2494,#2495,#2496,#2497,#2498,
    #2499,#2500,#2501,#2502,#2503,#2504,#2505,#2506,#2507,#2508,#2509,
    #2510,#2511,#2512,#2513,#2514,#2515,#2516,#2517,#2518,#2519,#2520,
    #2521,#2522,#2523,#2524,#2525,#2526,#2527,#2528,#2529,#2530),
  .UNSPECIFIED.,.F.,.F.,(9,7,7,7,7,7,7,7,7,7,7,7,7,7,7,7,9),(0.,
    4.711025690401E-03,1.384585130385E-02,3.631376460057E-02,
    5.949723387069E-02,0.13045775968,0.305106098651,0.68034941876,
    0.854419894845,0.904642995985,0.937120853624,0.959705689533,
    0.975089873561,0.98559033332,0.991258349658,0.995088542929,1.),
  .UNSPECIFIED.);
#2417 = CARTESIAN_POINT('',(-1.981182704596,-8.));
#2418 = CARTESIAN_POINT('',(-1.981373382664,-8.));
#2419 = CARTESIAN_POINT('',(-1.981548563118,-7.998512536494));
#2420 = CARTESIAN_POINT('',(-1.981706384462,-7.99622305133));
#2421 = CARTESIAN_POINT('',(-1.981846986639,-7.993617689974));
#2422 = CARTESIAN_POINT('',(-1.981972511033,-7.990983301508));
#2423 = CARTESIAN_POINT('',(-1.982087100463,-7.988407438635));
#2424 = CARTESIAN_POINT('',(-1.982196899192,-7.985778357675));
#2425 = CARTESIAN_POINT('',(-1.982529461517,-7.976980840751));
#2426 = CARTESIAN_POINT('',(-1.982727853509,-7.970936799993));
#2427 = CARTESIAN_POINT('',(-1.982913260954,-7.964759002735));
#2428 = CARTESIAN_POINT('',(-1.983089959968,-7.958507258961));
#2429 = CARTESIAN_POINT('',(-1.98325974549,-7.95220794046));
#2430 = CARTESIAN_POINT('',(-1.983423206064,-7.945866839103));
#2431 = CARTESIAN_POINT('',(-1.983580998608,-7.939482025118));
#2432 = CARTESIAN_POINT('',(-1.984114206256,-7.917253061875));
#2433 = CARTESIAN_POINT('',(-1.984466945672,-7.901267802472));
#2434 = CARTESIAN_POINT('',(-1.984804209951,-7.885182008757));
#2435 = CARTESIAN_POINT('',(-1.985128222732,-7.869018744166));
#2436 = CARTESIAN_POINT('',(-1.98544242188,-7.852804894533));
#2437 = CARTESIAN_POINT('',(-1.98574788536,-7.836547623448));
#2438 = CARTESIAN_POINT('',(-1.986046168234,-7.820253572355));
#2439 = CARTESIAN_POINT('',(-1.98663963705,-7.787068545205));
#2440 = CARTESIAN_POINT('',(-1.986934314335,-7.770182491669));
#2441 = CARTESIAN_POINT('',(-1.98722328168,-7.753268787152));
#2442 = CARTESIAN_POINT('',(-1.987507285445,-7.736331799839));
#2443 = CARTESIAN_POINT('',(-1.987786879406,-7.719374742573));
#2444 = CARTESIAN_POINT('',(-1.988062484111,-7.702399961355));
#2445 = CARTESIAN_POINT('',(-1.988334446242,-7.685409223846));
#2446 = CARTESIAN_POINT('',(-1.989425393716,-7.616354029805));
#2447 = CARTESIAN_POINT('',(-1.990216557722,-7.56417157861));
#2448 = CARTESIAN_POINT('',(-1.990985209934,-7.511897108114));
#2449 = CARTESIAN_POINT('',(-1.9917352689,-7.459550562506));
#2450 = CARTESIAN_POINT('',(-1.992469535522,-7.407145852977));
#2451 = CARTESIAN_POINT('',(-1.993190305259,-7.354693212402));
#2452 = CARTESIAN_POINT('',(-1.993899035325,-7.302197789313));
#2453 = CARTESIAN_POINT('',(-1.996315157,-7.120363614318));
#2454 = CARTESIAN_POINT('',(-1.997968346736,-6.990840837164));
#2455 = CARTESIAN_POINT('',(-1.999575373867,-6.861165094571));
#2456 = CARTESIAN_POINT('',(-2.001144084327,-6.731368700778));
#2457 = CARTESIAN_POINT('',(-2.002680148635,-6.601474406492));
#2458 = CARTESIAN_POINT('',(-2.004188313617,-6.471499288685));
#2459 = CARTESIAN_POINT('',(-2.005671389226,-6.341451277055));
#2460 = CARTESIAN_POINT('',(-2.010270669898,-5.931774136539));
#2461 = CARTESIAN_POINT('',(-2.013305801084,-5.651920571239));
#2462 = CARTESIAN_POINT('',(-2.016262806698,-5.371853540055));
#2463 = CARTESIAN_POINT('',(-2.019153052218,-5.091611348796));
#2464 = CARTESIAN_POINT('',(-2.021986315954,-4.811225466323));
#2465 = CARTESIAN_POINT('',(-2.024768709011,-4.530714398256));
#2466 = CARTESIAN_POINT('',(-2.027505626153,-4.250092321529));
#2467 = CARTESIAN_POINT('',(-2.031451465315,-3.839140358145));
#2468 = CARTESIAN_POINT('',(-2.032692913707,-3.708894145175));
#2469 = CARTESIAN_POINT('',(-2.033925837783,-3.578627346683));
#2470 = CARTESIAN_POINT('',(-2.035150581818,-3.448340443299));
#2471 = CARTESIAN_POINT('',(-2.036367465298,-3.318034242615));
#2472 = CARTESIAN_POINT('',(-2.03757670026,-3.187709585584));
#2473 = CARTESIAN_POINT('',(-2.038778509196,-3.057367814906));
#2474 = CARTESIAN_POINT('',(-2.040317382456,-2.889397820099));
#2475 = CARTESIAN_POINT('',(-2.040661334572,-2.851785296203));
#2476 = CARTESIAN_POINT('',(-2.041004658306,-2.814171452265));
#2477 = CARTESIAN_POINT('',(-2.041347348229,-2.776556314645));
#2478 = CARTESIAN_POINT('',(-2.041689395134,-2.738940031405));
#2479 = CARTESIAN_POINT('',(-2.04203078419,-2.701322875862));
#2480 = CARTESIAN_POINT('',(-2.042371490505,-2.663705259008));
#2481 = CARTESIAN_POINT('',(-2.042931328578,-2.601761573257));
#2482 = CARTESIAN_POINT('',(-2.043150878459,-2.577435814649));
#2483 = CARTESIAN_POINT('',(-2.043370113461,-2.553110324479));
#2484 = CARTESIAN_POINT('',(-2.043589017943,-2.528785302691));
#2485 = CARTESIAN_POINT('',(-2.043807569829,-2.504461283852));
#2486 = CARTESIAN_POINT('',(-2.044025737991,-2.480139167554));
#2487 = CARTESIAN_POINT('',(-2.044243476113,-2.455820295026));
#2488 = CARTESIAN_POINT('',(-2.044611777793,-2.414599008312));
#2489 = CARTESIAN_POINT('',(-2.044762588845,-2.397695172695));
#2490 = CARTESIAN_POINT('',(-2.044913132569,-2.380794636838));
#2491 = CARTESIAN_POINT('',(-2.045063376872,-2.363898196257));
#2492 = CARTESIAN_POINT('',(-2.045213273892,-2.34700779102));
#2493 = CARTESIAN_POINT('',(-2.045362754616,-2.330126638365));
#2494 = CARTESIAN_POINT('',(-2.045511715405,-2.313259577178));
#2495 = CARTESIAN_POINT('',(-2.045761001488,-2.284938613381));
#2496 = CARTESIAN_POINT('',(-2.045861654935,-2.273477442989));
#2497 = CARTESIAN_POINT('',(-2.045961939067,-2.262028799007));
#2498 = CARTESIAN_POINT('',(-2.046061786201,-2.250595452851));
#2499 = CARTESIAN_POINT('',(-2.046161086057,-2.23918394368));
#2500 = CARTESIAN_POINT('',(-2.046259674379,-2.227805031211));
#2501 = CARTESIAN_POINT('',(-2.046357302771,-2.216474919142));
#2502 = CARTESIAN_POINT('',(-2.046519310369,-2.197533337588));
#2503 = CARTESIAN_POINT('',(-2.046584308707,-2.189894460397));
#2504 = CARTESIAN_POINT('',(-2.046648548524,-2.182298532359));
#2505 = CARTESIAN_POINT('',(-2.046711865767,-2.174755584871));
#2506 = CARTESIAN_POINT('',(-2.046773973652,-2.167287606719));
#2507 = CARTESIAN_POINT('',(-2.046834444866,-2.159929404909));
#2508 = CARTESIAN_POINT('',(-2.046892670917,-2.152730485564));
#2509 = CARTESIAN_POINT('',(-2.046977555861,-2.141994270413));
#2510 = CARTESIAN_POINT('',(-2.04700638294,-2.138299920931));
#2511 = CARTESIAN_POINT('',(-2.047034144402,-2.13468590459));
#2512 = CARTESIAN_POINT('',(-2.047060648873,-2.131168830751));
#2513 = CARTESIAN_POINT('',(-2.047085661565,-2.127769733914));
#2514 = CARTESIAN_POINT('',(-2.047108916784,-2.124512887609));
#2515 = CARTESIAN_POINT('',(-2.047130130432,-2.121424618294));
#2516 = CARTESIAN_POINT('',(-2.047161772191,-2.116577497078));
#2517 = CARTESIAN_POINT('',(-2.047173467104,-2.114712327357));
#2518 = CARTESIAN_POINT('',(-2.047184002628,-2.112945967461));
#2519 = CARTESIAN_POINT('',(-2.047193290473,-2.111287141324));
#2520 = CARTESIAN_POINT('',(-2.047201252164,-2.10974367374));
#2521 = CARTESIAN_POINT('',(-2.047207822512,-2.108322224668));
#2522 = CARTESIAN_POINT('',(-2.047212953085,-2.107028023545));
#2523 = CARTESIAN_POINT('',(-2.047221312229,-2.10437275009));
#2524 = CARTESIAN_POINT('',(-2.047223596129,-2.103095424451));
#2525 = CARTESIAN_POINT('',(-2.04722340811,-2.10203994115));
#2526 = CARTESIAN_POINT('',(-2.047220745084,-2.101207567985));
#2527 = CARTESIAN_POINT('',(-2.047215647833,-2.100594902878));
#2528 = CARTESIAN_POINT('',(-2.047208188689,-2.100195250685));
#2529 = CARTESIAN_POINT('',(-2.047198459221,-2.100000000008));
#2530 = CARTESIAN_POINT('',(-2.047186557917,-2.1));
#2531 = ( GEOMETRIC_REPRESENTATION_CONTEXT(2) 
PARAMETRIC_REPRESENTATION_CONTEXT() REPRESENTATION_CONTEXT('2D SPACE',''
  ) );
#2532 = PCURVE('',#2533,#2550);
#2533 = B_SPLINE_SURFACE_WITH_KNOTS('',7,1,(
    (#2534,#2535)
    ,(#2536,#2537)
    ,(#2538,#2539)
    ,(#2540,#2541)
    ,(#2542,#2543)
    ,(#2544,#2545)
    ,(#2546,#2547)
    ,(#2548,#2549
    )),.UNSPECIFIED.,.F.,.F.,.F.,(8,8),(2,2),(0.,1.523587782319),(0.,1.)
  ,.PIECEWISE_BEZIER_KNOTS.);
#2534 = CARTESIAN_POINT('',(-10.24658005128,19.747597252644,487.1));
#2535 = CARTESIAN_POINT('',(-11.00747450146,21.065505099559,493.));
#2536 = CARTESIAN_POINT('',(-10.24113866634,19.73817249747,487.1));
#2537 = CARTESIAN_POINT('',(-10.83048216723,20.758945384113,493.));
#2538 = CARTESIAN_POINT('',(-10.2333048324,19.730129779666,487.1));
#2539 = CARTESIAN_POINT('',(-10.57901650675,20.495383967223,
    492.99999999999));
#2540 = CARTESIAN_POINT('',(-10.2234952722,19.724196595618,487.1));
#2541 = CARTESIAN_POINT('',(-10.26561628472,20.296520317298,
    493.00000000001));
#2542 = CARTESIAN_POINT('',(-10.21241874481,19.720946587822,487.1));
#2543 = CARTESIAN_POINT('',(-9.91070917334,20.179535541341,
    492.99999999998));
#2544 = CARTESIAN_POINT('',(-10.20095857489,19.720638936064,
    487.09999999999));
#2545 = CARTESIAN_POINT('',(-9.540485419378,20.153062490178,493.));
#2546 = CARTESIAN_POINT('',(-10.19002110409,19.723173890956,487.1));
#2547 = CARTESIAN_POINT('',(-9.181585271999,20.215434624032,
    492.99999999999));
#2548 = CARTESIAN_POINT('',(-10.18035006473,19.728164449829,487.1));
#2549 = CARTESIAN_POINT('',(-8.85699310434,20.356661640595,493.));
#2550 = DEFINITIONAL_REPRESENTATION('',(#2551),#2666);
#2551 = B_SPLINE_CURVE_WITH_KNOTS('',8,(#2552,#2553,#2554,#2555,#2556,
    #2557,#2558,#2559,#2560,#2561,#2562,#2563,#2564,#2565,#2566,#2567,
    #2568,#2569,#2570,#2571,#2572,#2573,#2574,#2575,#2576,#2577,#2578,
    #2579,#2580,#2581,#2582,#2583,#2584,#2585,#2586,#2587,#2588,#2589,
    #2590,#2591,#2592,#2593,#2594,#2595,#2596,#2597,#2598,#2599,#2600,
    #2601,#2602,#2603,#2604,#2605,#2606,#2607,#2608,#2609,#2610,#2611,
    #2612,#2613,#2614,#2615,#2616,#2617,#2618,#2619,#2620,#2621,#2622,
    #2623,#2624,#2625,#2626,#2627,#2628,#2629,#2630,#2631,#2632,#2633,
    #2634,#2635,#2636,#2637,#2638,#2639,#2640,#2641,#2642,#2643,#2644,
    #2645,#2646,#2647,#2648,#2649,#2650,#2651,#2652,#2653,#2654,#2655,
    #2656,#2657,#2658,#2659,#2660,#2661,#2662,#2663,#2664,#2665),
  .UNSPECIFIED.,.F.,.F.,(9,7,7,7,7,7,7,7,7,7,7,7,7,7,7,7,9),(0.,
    4.711025690401E-03,1.384585130385E-02,3.631376460057E-02,
    5.949723387069E-02,0.13045775968,0.305106098651,0.68034941876,
    0.854419894845,0.904642995985,0.937120853624,0.959705689533,
    0.975089873561,0.98559033332,0.991258349658,0.995088542929,1.),
  .UNSPECIFIED.);
#2552 = CARTESIAN_POINT('',(1.523587782319,1.));
#2553 = CARTESIAN_POINT('',(1.520984994856,1.));
#2554 = CARTESIAN_POINT('',(1.518819752404,0.999747887541));
#2555 = CARTESIAN_POINT('',(1.517012595048,0.999359839209));
#2556 = CARTESIAN_POINT('',(1.515487244398,0.998918252538));
#2557 = CARTESIAN_POINT('',(1.51417060359,0.998471746018));
#2558 = CARTESIAN_POINT('',(1.512992757279,0.998035159091));
#2559 = CARTESIAN_POINT('',(1.511886971648,0.997589552148));
#2560 = CARTESIAN_POINT('',(1.508662039629,0.996098447585));
#2561 = CARTESIAN_POINT('',(1.506853627866,0.995074033897));
#2562 = CARTESIAN_POINT('',(1.505239284193,0.994026949616));
#2563 = CARTESIAN_POINT('',(1.503751991259,0.992967332027));
#2564 = CARTESIAN_POINT('',(1.502363556865,0.991899650925));
#2565 = CARTESIAN_POINT('',(1.501065281536,0.990824887984));
#2566 = CARTESIAN_POINT('',(1.499848626107,0.989742716122));
#2567 = CARTESIAN_POINT('',(1.495826000468,0.985975095233));
#2568 = CARTESIAN_POINT('',(1.493339732311,0.983265729233));
#2569 = CARTESIAN_POINT('',(1.491068462759,0.980539323518));
#2570 = CARTESIAN_POINT('',(1.488979450755,0.977799787147));
#2571 = CARTESIAN_POINT('',(1.487022662271,0.97505167704));
#2572 = CARTESIAN_POINT('',(1.4851829575,0.972296207364));
#2573 = CARTESIAN_POINT('',(1.483438656421,0.969534503789));
#2574 = CARTESIAN_POINT('',(1.480062428719,0.963909922916));
#2575 = CARTESIAN_POINT('',(1.478436264648,0.961047879944));
#2576 = CARTESIAN_POINT('',(1.476884507453,0.958181150365));
#2577 = CARTESIAN_POINT('',(1.47539672931,0.955310474549));
#2578 = CARTESIAN_POINT('',(1.473965238724,0.952436397046));
#2579 = CARTESIAN_POINT('',(1.47258424169,0.949559315484));
#2580 = CARTESIAN_POINT('',(1.471249002845,0.946679529466));
#2581 = CARTESIAN_POINT('',(1.465994311575,0.934975259289));
#2582 = CARTESIAN_POINT('',(1.462421160965,0.926130776036));
#2583 = CARTESIAN_POINT('',(1.459118566913,0.917270696291));
#2584 = CARTESIAN_POINT('',(1.456034488831,0.908398400425));
#2585 = CARTESIAN_POINT('',(1.453132105913,0.899516246267));
#2586 = CARTESIAN_POINT('',(1.450381467196,0.890625968204));
#2587 = CARTESIAN_POINT('',(1.447764243771,0.881728438867));
#2588 = CARTESIAN_POINT('',(1.439107993522,0.850909087173));
#2589 = CARTESIAN_POINT('',(1.433658099624,0.828956074096));
#2590 = CARTESIAN_POINT('',(1.428677957158,0.806977134673));
#2591 = CARTESIAN_POINT('',(1.424074525151,0.784977745895));
#2592 = CARTESIAN_POINT('',(1.419781816617,0.762961763812));
#2593 = CARTESIAN_POINT('',(1.415744961907,0.740932082828));
#2594 = CARTESIAN_POINT('',(1.411934368441,0.718890046958));
#2595 = CARTESIAN_POINT('',(1.400555667006,0.649453243481));
#2596 = CARTESIAN_POINT('',(1.393701199079,0.602020435803));
#2597 = CARTESIAN_POINT('',(1.38748809386,0.554551447467));
#2598 = CARTESIAN_POINT('',(1.38182223578,0.507052770982));
#2599 = CARTESIAN_POINT('',(1.376615483136,0.459529740055));
#2600 = CARTESIAN_POINT('',(1.37186007531,0.41198549123));
#2601 = CARTESIAN_POINT('',(1.367534811755,0.364422427378));
#2602 = CARTESIAN_POINT('',(1.362047615485,0.294769552228));
#2603 = CARTESIAN_POINT('',(1.360433291902,0.272693922911));
#2604 = CARTESIAN_POINT('',(1.358956013081,0.250614804522));
#2605 = CARTESIAN_POINT('',(1.357646952554,0.228532278525));
#2606 = CARTESIAN_POINT('',(1.356523510993,0.206446481799));
#2607 = CARTESIAN_POINT('',(1.355678564444,0.184357556879));
#2608 = CARTESIAN_POINT('',(1.355169734286,0.16226573134));
#2609 = CARTESIAN_POINT('',(1.355413052941,0.133796240695));
#2610 = CARTESIAN_POINT('',(1.355525729633,0.127421236645));
#2611 = CARTESIAN_POINT('',(1.355705065938,0.121046008859));
#2612 = CARTESIAN_POINT('',(1.355962625573,0.114670561804));
#2613 = CARTESIAN_POINT('',(1.356312565017,0.108294920577));
#2614 = CARTESIAN_POINT('',(1.356773400981,0.101919131502));
#2615 = CARTESIAN_POINT('',(1.357372050227,9.554326423858E-02));
#2616 = CARTESIAN_POINT('',(1.358653311508,8.504433445032E-02));
#2617 = CARTESIAN_POINT('',(1.359231636166,8.09213245167E-02));
#2618 = CARTESIAN_POINT('',(1.359896159436,7.679836008116E-02));
#2619 = CARTESIAN_POINT('',(1.360661637802,7.267547503227E-02));
#2620 = CARTESIAN_POINT('',(1.361546093778,6.855275997493E-02));
#2621 = CARTESIAN_POINT('',(1.362572887245,6.443036738209E-02));
#2622 = CARTESIAN_POINT('',(1.363775304881,6.030852458059E-02));
#2623 = CARTESIAN_POINT('',(1.366196939456,5.332186581563E-02));
#2624 = CARTESIAN_POINT('',(1.367299594853,5.045680893126E-02));
#2625 = CARTESIAN_POINT('',(1.368528143032,4.759231132848E-02));
#2626 = CARTESIAN_POINT('',(1.36990498042,4.472850784019E-02));
#2627 = CARTESIAN_POINT('',(1.371457376346,4.186572729148E-02));
#2628 = CARTESIAN_POINT('',(1.373220749902,3.900451497716E-02));
#2629 = CARTESIAN_POINT('',(1.375246238028,3.614569104703E-02));
#2630 = CARTESIAN_POINT('',(1.379224426315,3.134552769173E-02));
#2631 = CARTESIAN_POINT('',(1.380994195781,2.940295643881E-02));
#2632 = CARTESIAN_POINT('',(1.382946350894,2.746250830625E-02));
#2633 = CARTESIAN_POINT('',(1.385114131872,2.552465302551E-02));
#2634 = CARTESIAN_POINT('',(1.387537743516,2.359049892876E-02));
#2635 = CARTESIAN_POINT('',(1.390269064831,2.166186969667E-02));
#2636 = CARTESIAN_POINT('',(1.393382856264,1.974151171891E-02));
#2637 = CARTESIAN_POINT('',(1.399459564227,1.653107416748E-02));
#2638 = CARTESIAN_POINT('',(1.402153254849,1.523634921973E-02));
#2639 = CARTESIAN_POINT('',(1.405113988338,1.394890378969E-02));
#2640 = CARTESIAN_POINT('',(1.408389329201,1.267043811367E-02));
#2641 = CARTESIAN_POINT('',(1.412036083949,1.140467910496E-02));
#2642 = CARTESIAN_POINT('',(1.416124100008,1.015752625579E-02));
#2643 = CARTESIAN_POINT('',(1.420743734104,8.937370434553E-03));
#2644 = CARTESIAN_POINT('',(1.428863427541,7.117672951263E-03));
#2645 = CARTESIAN_POINT('',(1.431898126376,6.491512022193E-03));
#2646 = CARTESIAN_POINT('',(1.43513842202,5.878966879594E-03));
#2647 = CARTESIAN_POINT('',(1.438602546918,5.282852669653E-03));
#2648 = CARTESIAN_POINT('',(1.442307590479,4.706734561688E-03));
#2649 = CARTESIAN_POINT('',(1.446267458991,4.154726713415E-03));
#2650 = CARTESIAN_POINT('',(1.450490835518,3.631291236233E-03));
#2651 = CARTESIAN_POINT('',(1.458012136157,2.809745267467E-03));
#2652 = CARTESIAN_POINT('',(1.46116582339,2.493614806199E-03));
#2653 = CARTESIAN_POINT('',(1.464438702965,2.194231773031E-03));
#2654 = CARTESIAN_POINT('',(1.467827606839,1.913074800668E-03));
#2655 = CARTESIAN_POINT('',(1.471327438119,1.651470125343E-03));
#2656 = CARTESIAN_POINT('',(1.47493091172,1.410546553963E-03));
#2657 = CARTESIAN_POINT('',(1.478628295022,1.191190431268E-03));
#2658 = CARTESIAN_POINT('',(1.487252772619,7.411440829826E-04));
#2659 = CARTESIAN_POINT('',(1.492234443748,5.246482120359E-04));
#2660 = CARTESIAN_POINT('',(1.49732651512,3.457527372778E-04));
#2661 = CARTESIAN_POINT('',(1.502503543585,2.046725397856E-04));
#2662 = CARTESIAN_POINT('',(1.5077407948,1.008309962206E-04));
#2663 = CARTESIAN_POINT('',(1.513014748393,3.309333647246E-05));
#2664 = CARTESIAN_POINT('',(1.518303603132,1.304671223939E-12));
#2665 = CARTESIAN_POINT('',(1.523587782084,0.));
#2666 = ( GEOMETRIC_REPRESENTATION_CONTEXT(2) 
PARAMETRIC_REPRESENTATION_CONTEXT() REPRESENTATION_CONTEXT('2D SPACE',''
  ) );
#2667 = ORIENTED_EDGE('',*,*,#2668,.F.);
#2668 = EDGE_CURVE('',#2669,#2296,#2671,.T.);
#2669 = VERTEX_POINT('',#2670);
#2670 = CARTESIAN_POINT('',(-10.22270761671,19.706248983078,487.1));
#2671 = SURFACE_CURVE('',#2672,(#2677,#2684),.PCURVE_S1.);
#2672 = CIRCLE('',#2673,22.2);
#2673 = AXIS2_PLACEMENT_3D('',#2674,#2675,#2676);
#2674 = CARTESIAN_POINT('',(0.,0.,487.1));
#2675 = DIRECTION('',(0.,0.,-1.));
#2676 = DIRECTION('',(1.,0.,0.));
#2677 = PCURVE('',#31,#2678);
#2678 = DEFINITIONAL_REPRESENTATION('',(#2679),#2683);
#2679 = LINE('',#2680,#2681);
#2680 = CARTESIAN_POINT('',(-6.28318530718,-2.1));
#2681 = VECTOR('',#2682,1.);
#2682 = DIRECTION('',(1.,-0.));
#2683 = ( GEOMETRIC_REPRESENTATION_CONTEXT(2) 
PARAMETRIC_REPRESENTATION_CONTEXT() REPRESENTATION_CONTEXT('2D SPACE',''
  ) );
#2684 = PCURVE('',#2685,#2690);
#2685 = PLANE('',#2686);
#2686 = AXIS2_PLACEMENT_3D('',#2687,#2688,#2689);
#2687 = CARTESIAN_POINT('',(2.983238570771E-09,-5.769441857574E-09,487.1
    ));
#2688 = DIRECTION('',(0.,0.,1.));
#2689 = DIRECTION('',(-0.45857432724,0.888656056299,0.));
#2690 = DEFINITIONAL_REPRESENTATION('',(#2691),#2699);
#2691 = ( BOUNDED_CURVE() B_SPLINE_CURVE(2,(#2692,#2693,#2694,#2695,
#2696,#2697,#2698),.UNSPECIFIED.,.T.,.F.) B_SPLINE_CURVE_WITH_KNOTS((1,2
    ,2,2,2,1),(-2.094395102393,0.,2.094395102393,4.188790204786,
6.28318530718,8.377580409573),.UNSPECIFIED.) CURVE() 
GEOMETRIC_REPRESENTATION_ITEM() RATIONAL_B_SPLINE_CURVE((1.,0.5,1.,0.5,
1.,0.5,1.)) REPRESENTATION_ITEM('') );
#2692 = CARTESIAN_POINT('',(-10.18035005824,-19.72816444982));
#2693 = CARTESIAN_POINT('',(-44.35053322541,-2.09528089886));
#2694 = CARTESIAN_POINT('',(-11.99491654472,18.680524000399));
#2695 = CARTESIAN_POINT('',(20.360700135969,39.456328899659));
#2696 = CARTESIAN_POINT('',(22.175266622451,1.047640449438));
#2697 = CARTESIAN_POINT('',(23.989833108933,-37.36104800078));
#2698 = CARTESIAN_POINT('',(-10.18035005824,-19.72816444982));
#2699 = ( GEOMETRIC_REPRESENTATION_CONTEXT(2) 
PARAMETRIC_REPRESENTATION_CONTEXT() REPRESENTATION_CONTEXT('2D SPACE',''
  ) );
#2700 = ORIENTED_EDGE('',*,*,#2701,.T.);
#2701 = EDGE_CURVE('',#2669,#2702,#2704,.T.);
#2702 = VERTEX_POINT('',#2703);
#2703 = CARTESIAN_POINT('',(-10.22270761671,19.706248983078,
    487.38907295259));
#2704 = SURFACE_CURVE('',#2705,(#2720,#2738),.PCURVE_S1.);
#2705 = B_SPLINE_CURVE_WITH_KNOTS('',5,(#2706,#2707,#2708,#2709,#2710,
    #2711,#2712,#2713,#2714,#2715,#2716,#2717,#2718,#2719),
  .UNSPECIFIED.,.F.,.F.,(6,4,4,6),(0.,5.550801240566E-02,0.555214315676,
    1.),.UNSPECIFIED.);
#2706 = CARTESIAN_POINT('',(-10.22270761671,19.706248983078,487.1));
#2707 = CARTESIAN_POINT('',(-10.22270761671,19.706248983078,
    487.10417054189));
#2708 = CARTESIAN_POINT('',(-10.22270761671,19.706248983078,
    487.10836466604));
#2709 = CARTESIAN_POINT('',(-10.22270761671,19.706248983078,
    487.11258223087));
#2710 = CARTESIAN_POINT('',(-10.22270761671,19.706248983078,
    487.11682308163));
#2711 = CARTESIAN_POINT('',(-10.22270761671,19.706248983078,
    487.15947307782));
#2712 = CARTESIAN_POINT('',(-10.22270761671,19.706248983078,
    487.19973571165));
#2713 = CARTESIAN_POINT('',(-10.22270761671,19.706248983078,
    487.24174365262));
#2714 = CARTESIAN_POINT('',(-10.22270761671,19.706248983078,
    487.28530153267));
#2715 = CARTESIAN_POINT('',(-10.22270761671,19.706248983078,
    487.3701450394));
#2716 = CARTESIAN_POINT('',(-10.22270761671,19.706248983078,
    487.41115755692));
#2717 = CARTESIAN_POINT('',(-10.22270761671,19.706248983078,
    487.45308090118));
#2718 = CARTESIAN_POINT('',(-10.22270761671,19.706248983078,
    487.49577281331));
#2719 = CARTESIAN_POINT('',(-10.22270761671,19.706248983078,
    487.53911766157));
#2720 = PCURVE('',#31,#2721);
#2721 = DEFINITIONAL_REPRESENTATION('',(#2722),#2737);
#2722 = B_SPLINE_CURVE_WITH_KNOTS('',5,(#2723,#2724,#2725,#2726,#2727,
    #2728,#2729,#2730,#2731,#2732,#2733,#2734,#2735,#2736),
  .UNSPECIFIED.,.F.,.F.,(6,4,4,6),(0.,5.550801240566E-02,0.555214315676,
    1.),.UNSPECIFIED.);
#2723 = CARTESIAN_POINT('',(-2.049334810269,-2.1));
#2724 = CARTESIAN_POINT('',(-2.049334810269,-2.104170541891));
#2725 = CARTESIAN_POINT('',(-2.049334810269,-2.108364666046));
#2726 = CARTESIAN_POINT('',(-2.049334810269,-2.112582230875));
#2727 = CARTESIAN_POINT('',(-2.049334810269,-2.116823081636));
#2728 = CARTESIAN_POINT('',(-2.049334810269,-2.159473077828));
#2729 = CARTESIAN_POINT('',(-2.049334810269,-2.199735711656));
#2730 = CARTESIAN_POINT('',(-2.049334810269,-2.241743652621));
#2731 = CARTESIAN_POINT('',(-2.049334810269,-2.285301532672));
#2732 = CARTESIAN_POINT('',(-2.049334810269,-2.370145039402));
#2733 = CARTESIAN_POINT('',(-2.049334810269,-2.411157556925));
#2734 = CARTESIAN_POINT('',(-2.049334810269,-2.453080901181));
#2735 = CARTESIAN_POINT('',(-2.049334810269,-2.495772813314));
#2736 = CARTESIAN_POINT('',(-2.049334810269,-2.539117661579));
#2737 = ( GEOMETRIC_REPRESENTATION_CONTEXT(2) 
PARAMETRIC_REPRESENTATION_CONTEXT() REPRESENTATION_CONTEXT('2D SPACE',''
  ) );
#2738 = PCURVE('',#2739,#2744);
#2739 = B_SPLINE_SURFACE_WITH_KNOTS('',1,1,(
    (#2740,#2741)
    ,(#2742,#2743
    )),.UNSPECIFIED.,.F.,.F.,.F.,(2,2),(2,2),(0.,1.769738834666),(0.,1.)
  ,.PIECEWISE_BEZIER_KNOTS.);
#2740 = CARTESIAN_POINT('',(-10.12260508413,19.532866310674,487.1));
#2741 = CARTESIAN_POINT('',(-10.12260508413,19.532866310674,493.));
#2742 = CARTESIAN_POINT('',(-10.24658005128,19.747597252644,487.1));
#2743 = CARTESIAN_POINT('',(-11.00747450146,21.065505099559,493.));
#2744 = DEFINITIONAL_REPRESENTATION('',(#2745),#2760);
#2745 = B_SPLINE_CURVE_WITH_KNOTS('',5,(#2746,#2747,#2748,#2749,#2750,
    #2751,#2752,#2753,#2754,#2755,#2756,#2757,#2758,#2759),
  .UNSPECIFIED.,.F.,.F.,(6,4,4,6),(0.,5.550801240566E-02,0.555214315676,
    1.),.UNSPECIFIED.);
#2746 = CARTESIAN_POINT('',(1.428960567102,0.));
#2747 = CARTESIAN_POINT('',(1.42276114603,7.068715069611E-04));
#2748 = CARTESIAN_POINT('',(1.416593909535,1.417740007824E-03));
#2749 = CARTESIAN_POINT('',(1.410459130408,2.132581504292E-03));
#2750 = CARTESIAN_POINT('',(1.404357064057,2.851369768815E-03));
#2751 = CARTESIAN_POINT('',(1.343651236421,1.008018268266E-02));
#2752 = CARTESIAN_POINT('',(1.291680319878,1.690435790777E-02));
#2753 = CARTESIAN_POINT('',(1.242565290021,2.402434790178E-02));
#2754 = CARTESIAN_POINT('',(1.196327952154,3.140703943593E-02));
#2755 = CARTESIAN_POINT('',(1.114233211398,4.578729481396E-02));
#2756 = CARTESIAN_POINT('',(1.077790634495,5.27385689704E-02));
#2757 = CARTESIAN_POINT('',(1.043506652101,5.984422053922E-02));
#2758 = CARTESIAN_POINT('',(1.011254730339,6.708013784986E-02));
#2759 = CARTESIAN_POINT('',(0.980894817166,7.442672230148E-02));
#2760 = ( GEOMETRIC_REPRESENTATION_CONTEXT(2) 
PARAMETRIC_REPRESENTATION_CONTEXT() REPRESENTATION_CONTEXT('2D SPACE',''
  ) );
#2761 = ORIENTED_EDGE('',*,*,#2762,.F.);
#2762 = EDGE_CURVE('',#2763,#2702,#2765,.T.);
#2763 = VERTEX_POINT('',#2764);
#2764 = CARTESIAN_POINT('',(-10.42321018664,19.600935931862,487.));
#2765 = SURFACE_CURVE('',#2766,(#2779,#2795),.PCURVE_S1.);
#2766 = B_SPLINE_CURVE_WITH_KNOTS('',6,(#2767,#2768,#2769,#2770,#2771,
    #2772,#2773,#2774,#2775,#2776,#2777,#2778),.UNSPECIFIED.,.F.,.F.,(7,
    5,7),(0.,0.475576193298,1.),.UNSPECIFIED.);
#2767 = CARTESIAN_POINT('',(-10.48826282709,19.566204099665,
    486.98971296439));
#2768 = CARTESIAN_POINT('',(-10.4529158556,19.585151480835,
    486.98853450991));
#2769 = CARTESIAN_POINT('',(-10.41770282872,19.603928446026,
    486.99606715875));
#2770 = CARTESIAN_POINT('',(-10.38387290998,19.621867041801,
    487.01218312011));
#2771 = CARTESIAN_POINT('',(-10.35261457137,19.638355818838,
    487.03614163257));
#2772 = CARTESIAN_POINT('',(-10.32495011707,19.65289061788,
    487.06658028992));
#2773 = CARTESIAN_POINT('',(-10.27550949271,19.678789632254,
    487.14007630776));
#2774 = CARTESIAN_POINT('',(-10.25442844934,19.689780266356,
    487.18440921863));
#2775 = CARTESIAN_POINT('',(-10.23853739057,19.698037486147,
    487.23288401433));
#2776 = CARTESIAN_POINT('',(-10.22796525186,19.703521390931,
    487.28402625286));
#2777 = CARTESIAN_POINT('',(-10.22270761671,19.706248983078,
    487.33650002303));
#2778 = CARTESIAN_POINT('',(-10.22270761671,19.706248983078,
    487.38907295259));
#2779 = PCURVE('',#31,#2780);
#2780 = DEFINITIONAL_REPRESENTATION('',(#2781),#2794);
#2781 = B_SPLINE_CURVE_WITH_KNOTS('',6,(#2782,#2783,#2784,#2785,#2786,
    #2787,#2788,#2789,#2790,#2791,#2792,#2793),.UNSPECIFIED.,.F.,.F.,(7,
    5,7),(0.,0.475576193298,1.),.UNSPECIFIED.);
#2782 = CARTESIAN_POINT('',(-2.062858343551,-1.989712964399));
#2783 = CARTESIAN_POINT('',(-2.06105181167,-1.98853450991));
#2784 = CARTESIAN_POINT('',(-2.059254224163,-1.996067158757));
#2785 = CARTESIAN_POINT('',(-2.057529378427,-2.012183120117));
#2786 = CARTESIAN_POINT('',(-2.055937459543,-2.036141632575));
#2787 = CARTESIAN_POINT('',(-2.054529788561,-2.066580289928));
#2788 = CARTESIAN_POINT('',(-2.052015671983,-2.140076307764));
#2789 = CARTESIAN_POINT('',(-2.050944771724,-2.184409218632));
#2790 = CARTESIAN_POINT('',(-2.050138091905,-2.23288401433));
#2791 = CARTESIAN_POINT('',(-2.049601614061,-2.284026252868));
#2792 = CARTESIAN_POINT('',(-2.049334810269,-2.336500023039));
#2793 = CARTESIAN_POINT('',(-2.049334810269,-2.389072952598));
#2794 = ( GEOMETRIC_REPRESENTATION_CONTEXT(2) 
PARAMETRIC_REPRESENTATION_CONTEXT() REPRESENTATION_CONTEXT('2D SPACE',''
  ) );
#2795 = PCURVE('',#2796,#2801);
#2796 = CYLINDRICAL_SURFACE('',#2797,0.3);
#2797 = AXIS2_PLACEMENT_3D('',#2798,#2799,#2800);
#2798 = CARTESIAN_POINT('',(-10.39151859289,19.398638170688,
    487.21947347095));
#2799 = DIRECTION('',(-0.365789118252,0.633565337668,0.681757496383));
#2800 = DIRECTION('',(-0.340878748192,0.590419311088,-0.731578236503));
#2801 = DEFINITIONAL_REPRESENTATION('',(#2802),#2815);
#2802 = B_SPLINE_CURVE_WITH_KNOTS('',6,(#2803,#2804,#2805,#2806,#2807,
    #2808,#2809,#2810,#2811,#2812,#2813,#2814),.UNSPECIFIED.,.F.,.F.,(7,
    5,7),(0.,0.475576193298,1.),.UNSPECIFIED.);
#2803 = CARTESIAN_POINT('',(0.,-1.508899521598E-02));
#2804 = CARTESIAN_POINT('',(-0.133616886137,-1.681754898282E-02));
#2805 = CARTESIAN_POINT('',(-0.266561805471,-1.266621692481E-02));
#2806 = CARTESIAN_POINT('',(-0.398418865949,-2.688383115956E-03));
#2807 = CARTESIAN_POINT('',(-0.528779132594,1.265826982752E-02));
#2808 = CARTESIAN_POINT('',(-0.65693737518,3.249944117582E-02));
#2809 = CARTESIAN_POINT('',(-0.918796145984,8.092977768488E-02));
#2810 = CARTESIAN_POINT('',(-1.052782085218,0.110406140548));
#2811 = CARTESIAN_POINT('',(-1.18430052036,0.142872907769));
#2812 = CARTESIAN_POINT('',(-1.314022816289,0.177346750965));
#2813 = CARTESIAN_POINT('',(-1.442592289813,0.212926059258));
#2814 = CARTESIAN_POINT('',(-1.570796326795,0.248768048092));
#2815 = ( GEOMETRIC_REPRESENTATION_CONTEXT(2) 
PARAMETRIC_REPRESENTATION_CONTEXT() REPRESENTATION_CONTEXT('2D SPACE',''
  ) );
#2816 = ORIENTED_EDGE('',*,*,#2817,.F.);
#2817 = EDGE_CURVE('',#2818,#2763,#2820,.T.);
#2818 = VERTEX_POINT('',#2819);
#2819 = CARTESIAN_POINT('',(-11.1,19.225763964015,487.));
#2820 = SURFACE_CURVE('',#2821,(#2826,#2833),.PCURVE_S1.);
#2821 = CIRCLE('',#2822,22.2);
#2822 = AXIS2_PLACEMENT_3D('',#2823,#2824,#2825);
#2823 = CARTESIAN_POINT('',(0.,0.,487.));
#2824 = DIRECTION('',(0.,0.,-1.));
#2825 = DIRECTION('',(1.,0.,0.));
#2826 = PCURVE('',#31,#2827);
#2827 = DEFINITIONAL_REPRESENTATION('',(#2828),#2832);
#2828 = LINE('',#2829,#2830);
#2829 = CARTESIAN_POINT('',(-6.28318530718,-2.));
#2830 = VECTOR('',#2831,1.);
#2831 = DIRECTION('',(1.,-0.));
#2832 = ( GEOMETRIC_REPRESENTATION_CONTEXT(2) 
PARAMETRIC_REPRESENTATION_CONTEXT() REPRESENTATION_CONTEXT('2D SPACE',''
  ) );
#2833 = PCURVE('',#2834,#2839);
#2834 = PLANE('',#2835);
#2835 = AXIS2_PLACEMENT_3D('',#2836,#2837,#2838);
#2836 = CARTESIAN_POINT('',(-10.95,18.965956342879,487.));
#2837 = DIRECTION('',(0.,0.,1.));
#2838 = DIRECTION('',(-0.5,0.866025403784,0.));
#2839 = DEFINITIONAL_REPRESENTATION('',(#2840),#2848);
#2840 = ( BOUNDED_CURVE() B_SPLINE_CURVE(2,(#2841,#2842,#2843,#2844,
#2845,#2846,#2847),.UNSPECIFIED.,.T.,.F.) B_SPLINE_CURVE_WITH_KNOTS((1,2
    ,2,2,2,1),(-2.094395102393,0.,2.094395102393,4.188790204786,
6.28318530718,8.377580409573),.UNSPECIFIED.) CURVE() 
GEOMETRIC_REPRESENTATION_ITEM() RATIONAL_B_SPLINE_CURVE((1.,0.5,1.,0.5,
1.,0.5,1.)) REPRESENTATION_ITEM('') );
#2841 = CARTESIAN_POINT('',(-33.,-19.22576396401));
#2842 = CARTESIAN_POINT('',(-66.3,-1.42108547152E-14));
#2843 = CARTESIAN_POINT('',(-33.,19.225763964015));
#2844 = CARTESIAN_POINT('',(0.3,38.451527928029));
#2845 = CARTESIAN_POINT('',(0.3,1.7763568394E-14));
#2846 = CARTESIAN_POINT('',(0.3,-38.45152792802));
#2847 = CARTESIAN_POINT('',(-33.,-19.22576396401));
#2848 = ( GEOMETRIC_REPRESENTATION_CONTEXT(2) 
PARAMETRIC_REPRESENTATION_CONTEXT() REPRESENTATION_CONTEXT('2D SPACE',''
  ) );
#2849 = ORIENTED_EDGE('',*,*,#2850,.F.);
#2850 = EDGE_CURVE('',#2851,#2818,#2853,.T.);
#2851 = VERTEX_POINT('',#2852);
#2852 = CARTESIAN_POINT('',(-11.76330336161,18.827232776553,487.));
#2853 = SURFACE_CURVE('',#2854,(#2859,#2866),.PCURVE_S1.);
#2854 = CIRCLE('',#2855,22.2);
#2855 = AXIS2_PLACEMENT_3D('',#2856,#2857,#2858);
#2856 = CARTESIAN_POINT('',(0.,0.,487.));
#2857 = DIRECTION('',(0.,0.,-1.));
#2858 = DIRECTION('',(1.,0.,0.));
#2859 = PCURVE('',#31,#2860);
#2860 = DEFINITIONAL_REPRESENTATION('',(#2861),#2865);
#2861 = LINE('',#2862,#2863);
#2862 = CARTESIAN_POINT('',(-6.28318530718,-2.));
#2863 = VECTOR('',#2864,1.);
#2864 = DIRECTION('',(1.,-0.));
#2865 = ( GEOMETRIC_REPRESENTATION_CONTEXT(2) 
PARAMETRIC_REPRESENTATION_CONTEXT() REPRESENTATION_CONTEXT('2D SPACE',''
  ) );
#2866 = PCURVE('',#2867,#2872);
#2867 = PLANE('',#2868);
#2868 = AXIS2_PLACEMENT_3D('',#2869,#2870,#2871);
#2869 = CARTESIAN_POINT('',(-10.95,18.965956342879,487.));
#2870 = DIRECTION('',(0.,0.,1.));
#2871 = DIRECTION('',(-0.5,0.866025403784,0.));
#2872 = DEFINITIONAL_REPRESENTATION('',(#2873),#2881);
#2873 = ( BOUNDED_CURVE() B_SPLINE_CURVE(2,(#2874,#2875,#2876,#2877,
#2878,#2879,#2880),.UNSPECIFIED.,.T.,.F.) B_SPLINE_CURVE_WITH_KNOTS((1,2
    ,2,2,2,1),(-2.094395102393,0.,2.094395102393,4.188790204786,
6.28318530718,8.377580409573),.UNSPECIFIED.) CURVE() 
GEOMETRIC_REPRESENTATION_ITEM() RATIONAL_B_SPLINE_CURVE((1.,0.5,1.,0.5,
1.,0.5,1.)) REPRESENTATION_ITEM('') );
#2874 = CARTESIAN_POINT('',(-33.,-19.22576396401));
#2875 = CARTESIAN_POINT('',(-66.3,-1.42108547152E-14));
#2876 = CARTESIAN_POINT('',(-33.,19.225763964015));
#2877 = CARTESIAN_POINT('',(0.3,38.451527928029));
#2878 = CARTESIAN_POINT('',(0.3,1.7763568394E-14));
#2879 = CARTESIAN_POINT('',(0.3,-38.45152792802));
#2880 = CARTESIAN_POINT('',(-33.,-19.22576396401));
#2881 = ( GEOMETRIC_REPRESENTATION_CONTEXT(2) 
PARAMETRIC_REPRESENTATION_CONTEXT() REPRESENTATION_CONTEXT('2D SPACE',''
  ) );
#2882 = ORIENTED_EDGE('',*,*,#2883,.F.);
#2883 = EDGE_CURVE('',#2884,#2851,#2886,.T.);
#2884 = VERTEX_POINT('',#2885);
#2885 = CARTESIAN_POINT('',(-11.95475842428,18.706248983078,
    487.38907295259));
#2886 = SURFACE_CURVE('',#2887,(#2900,#2916),.PCURVE_S1.);
#2887 = B_SPLINE_CURVE_WITH_KNOTS('',6,(#2888,#2889,#2890,#2891,#2892,
    #2893,#2894,#2895,#2896,#2897,#2898,#2899),.UNSPECIFIED.,.F.,.F.,(7,
    5,7),(0.,0.52442380576,1.),.UNSPECIFIED.);
#2888 = CARTESIAN_POINT('',(-11.95475842428,18.706248983078,
    487.38907295259));
#2889 = CARTESIAN_POINT('',(-11.95475842428,18.706248983078,
    487.33650001888));
#2890 = CARTESIAN_POINT('',(-11.94976744377,18.709438431874,
    487.28402625777));
#2891 = CARTESIAN_POINT('',(-11.93973217149,18.71585222149,
    487.23288401476));
#2892 = CARTESIAN_POINT('',(-11.92463567938,18.725485672574,
    487.18440921395));
#2893 = CARTESIAN_POINT('',(-11.90457699302,18.7382470723,
    487.14007631106));
#2894 = CARTESIAN_POINT('',(-11.85742747234,18.768114404402,
    487.0665802868));
#2895 = CARTESIAN_POINT('',(-11.83100774077,18.784805124575,
    487.03614163273));
#2896 = CARTESIAN_POINT('',(-11.80109887508,18.803631249221,
    487.01218312275));
#2897 = CARTESIAN_POINT('',(-11.76864863785,18.823959519274,
    486.99606716044));
#2898 = CARTESIAN_POINT('',(-11.73478079531,18.845066412668,
    486.98853450978));
#2899 = CARTESIAN_POINT('',(-11.70069839239,18.866204099665,
    486.98971296439));
#2900 = PCURVE('',#31,#2901);
#2901 = DEFINITIONAL_REPRESENTATION('',(#2902),#2915);
#2902 = B_SPLINE_CURVE_WITH_KNOTS('',6,(#2903,#2904,#2905,#2906,#2907,
    #2908,#2909,#2910,#2911,#2912,#2913,#2914),.UNSPECIFIED.,.F.,.F.,(7,
    5,7),(0.,0.52442380576,1.),.UNSPECIFIED.);
#2903 = CARTESIAN_POINT('',(-2.139455394518,-2.389072952598));
#2904 = CARTESIAN_POINT('',(-2.139455394518,-2.336500018884));
#2905 = CARTESIAN_POINT('',(-2.139188590787,-2.284026257774));
#2906 = CARTESIAN_POINT('',(-2.138652112832,-2.232884014761));
#2907 = CARTESIAN_POINT('',(-2.137845432981,-2.184409213959));
#2908 = CARTESIAN_POINT('',(-2.136774532916,-2.140076311063));
#2909 = CARTESIAN_POINT('',(-2.134260416118,-2.066580286804));
#2910 = CARTESIAN_POINT('',(-2.132852745179,-2.036141632735));
#2911 = CARTESIAN_POINT('',(-2.131260826476,-2.012183122756));
#2912 = CARTESIAN_POINT('',(-2.129535980836,-1.996067160448));
#2913 = CARTESIAN_POINT('',(-2.127738393315,-1.988534509781));
#2914 = CARTESIAN_POINT('',(-2.125931861236,-1.989712964399));
#2915 = ( GEOMETRIC_REPRESENTATION_CONTEXT(2) 
PARAMETRIC_REPRESENTATION_CONTEXT() REPRESENTATION_CONTEXT('2D SPACE',''
  ) );
#2916 = PCURVE('',#2917,#2922);
#2917 = CYLINDRICAL_SURFACE('',#2918,0.3);
#2918 = AXIS2_PLACEMENT_3D('',#2919,#2920,#2921);
#2919 = CARTESIAN_POINT('',(-11.60395415819,18.698638170688,
    487.21947347095));
#2920 = DIRECTION('',(-0.365789118252,0.633565337668,0.681757496383));
#2921 = DIRECTION('',(-0.866025403784,-0.5,0.));
#2922 = DEFINITIONAL_REPRESENTATION('',(#2923),#2936);
#2923 = B_SPLINE_CURVE_WITH_KNOTS('',6,(#2924,#2925,#2926,#2927,#2928,
    #2929,#2930,#2931,#2932,#2933,#2934,#2935),.UNSPECIFIED.,.F.,.F.,(7,
    5,7),(0.,0.52442380576,1.),.UNSPECIFIED.);
#2924 = CARTESIAN_POINT('',(0.,0.248768048092));
#2925 = CARTESIAN_POINT('',(-0.128204047115,0.212926056425));
#2926 = CARTESIAN_POINT('',(-0.256773496525,0.177346754269));
#2927 = CARTESIAN_POINT('',(-0.38649580701,0.142872908096));
#2928 = CARTESIAN_POINT('',(-0.518014255674,0.110406137417));
#2929 = CARTESIAN_POINT('',(-0.652000169054,8.09297798593E-02));
#2930 = CARTESIAN_POINT('',(-0.913858962747,3.249943911687E-02));
#2931 = CARTESIAN_POINT('',(-1.042017197463,1.265826997425E-02));
#2932 = CARTESIAN_POINT('',(-1.172377450736,-2.688381396888E-03));
#2933 = CARTESIAN_POINT('',(-1.304234505684,-1.266621589377E-02));
#2934 = CARTESIAN_POINT('',(-1.437179425956,-1.681754917301E-02));
#2935 = CARTESIAN_POINT('',(-1.570796326795,-1.508899521598E-02));
#2936 = ( GEOMETRIC_REPRESENTATION_CONTEXT(2) 
PARAMETRIC_REPRESENTATION_CONTEXT() REPRESENTATION_CONTEXT('2D SPACE',''
  ) );
#2937 = ORIENTED_EDGE('',*,*,#2938,.F.);
#2938 = EDGE_CURVE('',#2939,#2884,#2941,.T.);
#2939 = VERTEX_POINT('',#2940);
#2940 = CARTESIAN_POINT('',(-11.95475842428,18.706248983078,487.1));
#2941 = SURFACE_CURVE('',#2942,(#2957,#2975),.PCURVE_S1.);
#2942 = B_SPLINE_CURVE_WITH_KNOTS('',5,(#2943,#2944,#2945,#2946,#2947,
    #2948,#2949,#2950,#2951,#2952,#2953,#2954,#2955,#2956),
  .UNSPECIFIED.,.F.,.F.,(6,4,4,6),(0.,5.550801240566E-02,0.555214315676,
    1.),.UNSPECIFIED.);
#2943 = CARTESIAN_POINT('',(-11.95475842428,18.706248983078,487.1));
#2944 = CARTESIAN_POINT('',(-11.95475842428,18.706248983078,
    487.10417054189));
#2945 = CARTESIAN_POINT('',(-11.95475842428,18.706248983078,
    487.10836466604));
#2946 = CARTESIAN_POINT('',(-11.95475842428,18.706248983078,
    487.11258223087));
#2947 = CARTESIAN_POINT('',(-11.95475842428,18.706248983078,
    487.11682308163));
#2948 = CARTESIAN_POINT('',(-11.95475842428,18.706248983078,
    487.15947307782));
#2949 = CARTESIAN_POINT('',(-11.95475842428,18.706248983078,
    487.19973571165));
#2950 = CARTESIAN_POINT('',(-11.95475842428,18.706248983078,
    487.24174365262));
#2951 = CARTESIAN_POINT('',(-11.95475842428,18.706248983078,
    487.28530153267));
#2952 = CARTESIAN_POINT('',(-11.95475842428,18.706248983078,
    487.3701450394));
#2953 = CARTESIAN_POINT('',(-11.95475842428,18.706248983078,
    487.41115755692));
#2954 = CARTESIAN_POINT('',(-11.95475842428,18.706248983078,
    487.45308090118));
#2955 = CARTESIAN_POINT('',(-11.95475842428,18.706248983078,
    487.49577281331));
#2956 = CARTESIAN_POINT('',(-11.95475842428,18.706248983078,
    487.53911766157));
#2957 = PCURVE('',#31,#2958);
#2958 = DEFINITIONAL_REPRESENTATION('',(#2959),#2974);
#2959 = B_SPLINE_CURVE_WITH_KNOTS('',5,(#2960,#2961,#2962,#2963,#2964,
    #2965,#2966,#2967,#2968,#2969,#2970,#2971,#2972,#2973),
  .UNSPECIFIED.,.F.,.F.,(6,4,4,6),(0.,5.550801240566E-02,0.555214315676,
    1.),.UNSPECIFIED.);
#2960 = CARTESIAN_POINT('',(-2.139455394518,-2.1));
#2961 = CARTESIAN_POINT('',(-2.139455394518,-2.104170541891));
#2962 = CARTESIAN_POINT('',(-2.139455394518,-2.108364666046));
#2963 = CARTESIAN_POINT('',(-2.139455394518,-2.112582230875));
#2964 = CARTESIAN_POINT('',(-2.139455394518,-2.116823081636));
#2965 = CARTESIAN_POINT('',(-2.139455394518,-2.159473077828));
#2966 = CARTESIAN_POINT('',(-2.139455394518,-2.199735711656));
#2967 = CARTESIAN_POINT('',(-2.139455394518,-2.241743652621));
#2968 = CARTESIAN_POINT('',(-2.139455394518,-2.285301532672));
#2969 = CARTESIAN_POINT('',(-2.139455394518,-2.370145039402));
#2970 = CARTESIAN_POINT('',(-2.139455394518,-2.411157556925));
#2971 = CARTESIAN_POINT('',(-2.139455394518,-2.453080901181));
#2972 = CARTESIAN_POINT('',(-2.139455394518,-2.495772813314));
#2973 = CARTESIAN_POINT('',(-2.139455394518,-2.539117661579));
#2974 = ( GEOMETRIC_REPRESENTATION_CONTEXT(2) 
PARAMETRIC_REPRESENTATION_CONTEXT() REPRESENTATION_CONTEXT('2D SPACE',''
  ) );
#2975 = PCURVE('',#2976,#2981);
#2976 = B_SPLINE_SURFACE_WITH_KNOTS('',1,1,(
    (#2977,#2978)
    ,(#2979,#2980
    )),.UNSPECIFIED.,.F.,.F.,.F.,(2,2),(2,2),(0.,1.769738834666),(0.,1.)
  ,.PIECEWISE_BEZIER_KNOTS.);
#2977 = CARTESIAN_POINT('',(-11.8546558917,18.532866310674,487.1));
#2978 = CARTESIAN_POINT('',(-11.8546558917,18.532866310674,493.));
#2979 = CARTESIAN_POINT('',(-11.97863085885,18.747597252644,487.1));
#2980 = CARTESIAN_POINT('',(-12.73952530903,20.065505099559,493.));
#2981 = DEFINITIONAL_REPRESENTATION('',(#2982),#2997);
#2982 = B_SPLINE_CURVE_WITH_KNOTS('',5,(#2983,#2984,#2985,#2986,#2987,
    #2988,#2989,#2990,#2991,#2992,#2993,#2994,#2995,#2996),
  .UNSPECIFIED.,.F.,.F.,(6,4,4,6),(0.,5.550801240566E-02,0.555214315676,
    1.),.UNSPECIFIED.);
#2983 = CARTESIAN_POINT('',(1.428960567102,0.));
#2984 = CARTESIAN_POINT('',(1.42276114603,7.068715069609E-04));
#2985 = CARTESIAN_POINT('',(1.416593909535,1.417740007824E-03));
#2986 = CARTESIAN_POINT('',(1.410459130408,2.132581504292E-03));
#2987 = CARTESIAN_POINT('',(1.404357064057,2.851369768815E-03));
#2988 = CARTESIAN_POINT('',(1.343651236421,1.008018268266E-02));
#2989 = CARTESIAN_POINT('',(1.291680319878,1.690435790777E-02));
#2990 = CARTESIAN_POINT('',(1.242565290021,2.402434790178E-02));
#2991 = CARTESIAN_POINT('',(1.196327952154,3.140703943593E-02));
#2992 = CARTESIAN_POINT('',(1.114233211398,4.578729481396E-02));
#2993 = CARTESIAN_POINT('',(1.077790634495,5.27385689704E-02));
#2994 = CARTESIAN_POINT('',(1.043506652101,5.984422053921E-02));
#2995 = CARTESIAN_POINT('',(1.011254730339,6.708013784986E-02));
#2996 = CARTESIAN_POINT('',(0.980894817166,7.442672230148E-02));
#2997 = ( GEOMETRIC_REPRESENTATION_CONTEXT(2) 
PARAMETRIC_REPRESENTATION_CONTEXT() REPRESENTATION_CONTEXT('2D SPACE',''
  ) );
#2998 = ORIENTED_EDGE('',*,*,#2999,.F.);
#2999 = EDGE_CURVE('',#3000,#2939,#3002,.T.);
#3000 = VERTEX_POINT('',#3001);
#3001 = CARTESIAN_POINT('',(-11.99491655122,18.680524000391,487.1));
#3002 = SURFACE_CURVE('',#3003,(#3008,#3015),.PCURVE_S1.);
#3003 = CIRCLE('',#3004,22.2);
#3004 = AXIS2_PLACEMENT_3D('',#3005,#3006,#3007);
#3005 = CARTESIAN_POINT('',(0.,0.,487.1));
#3006 = DIRECTION('',(0.,0.,-1.));
#3007 = DIRECTION('',(1.,0.,0.));
#3008 = PCURVE('',#31,#3009);
#3009 = DEFINITIONAL_REPRESENTATION('',(#3010),#3014);
#3010 = LINE('',#3011,#3012);
#3011 = CARTESIAN_POINT('',(-6.28318530718,-2.1));
#3012 = VECTOR('',#3013,1.);
#3013 = DIRECTION('',(1.,-0.));
#3014 = ( GEOMETRIC_REPRESENTATION_CONTEXT(2) 
PARAMETRIC_REPRESENTATION_CONTEXT() REPRESENTATION_CONTEXT('2D SPACE',''
  ) );
#3015 = PCURVE('',#3016,#3021);
#3016 = PLANE('',#3017);
#3017 = AXIS2_PLACEMENT_3D('',#3018,#3019,#3020);
#3018 = CARTESIAN_POINT('',(3.504863928931E-09,-5.468281316624E-09,487.1
    ));
#3019 = DIRECTION('',(-0.,0.,-1.));
#3020 = DIRECTION('',(-0.540311556361,0.841465045063,0.));
#3021 = DEFINITIONAL_REPRESENTATION('',(#3022),#3026);
#3022 = CIRCLE('',#3023,22.2);
#3023 = AXIS2_PLACEMENT_2D('',#3024,#3025);
#3024 = CARTESIAN_POINT('',(6.495086068784E-09,5.355104909363E-12));
#3025 = DIRECTION('',(-0.540311556361,0.841465045063));
#3026 = ( GEOMETRIC_REPRESENTATION_CONTEXT(2) 
PARAMETRIC_REPRESENTATION_CONTEXT() REPRESENTATION_CONTEXT('2D SPACE',''
  ) );
#3027 = ORIENTED_EDGE('',*,*,#3028,.F.);
#3028 = EDGE_CURVE('',#3029,#3000,#3031,.T.);
#3029 = VERTEX_POINT('',#3030);
#3030 = CARTESIAN_POINT('',(-13.20088956482,17.8487118498,493.));
#3031 = SURFACE_CURVE('',#3032,(#3147,#3265),.PCURVE_S1.);
#3032 = B_SPLINE_CURVE_WITH_KNOTS('',8,(#3033,#3034,#3035,#3036,#3037,
    #3038,#3039,#3040,#3041,#3042,#3043,#3044,#3045,#3046,#3047,#3048,
    #3049,#3050,#3051,#3052,#3053,#3054,#3055,#3056,#3057,#3058,#3059,
    #3060,#3061,#3062,#3063,#3064,#3065,#3066,#3067,#3068,#3069,#3070,
    #3071,#3072,#3073,#3074,#3075,#3076,#3077,#3078,#3079,#3080,#3081,
    #3082,#3083,#3084,#3085,#3086,#3087,#3088,#3089,#3090,#3091,#3092,
    #3093,#3094,#3095,#3096,#3097,#3098,#3099,#3100,#3101,#3102,#3103,
    #3104,#3105,#3106,#3107,#3108,#3109,#3110,#3111,#3112,#3113,#3114,
    #3115,#3116,#3117,#3118,#3119,#3120,#3121,#3122,#3123,#3124,#3125,
    #3126,#3127,#3128,#3129,#3130,#3131,#3132,#3133,#3134,#3135,#3136,
    #3137,#3138,#3139,#3140,#3141,#3142,#3143,#3144,#3145,#3146),
  .UNSPECIFIED.,.F.,.F.,(9,7,7,7,7,7,7,7,7,7,7,7,7,7,7,7,9),(0.,
    4.711025922134E-03,1.384585182481E-02,3.631376577842E-02,
    5.949723572886E-02,0.130457763622,0.305106107725,0.680349438862,
    0.854419919966,0.904643022583,0.937120881177,0.959705717749,
    0.97508990223,0.985590362298,0.991258378802,0.995088572186,1.),
  .UNSPECIFIED.);
#3033 = CARTESIAN_POINT('',(-13.20088956482,17.8487118498,493.));
#3034 = CARTESIAN_POINT('',(-13.19748620687,17.851228969965,493.));
#3035 = CARTESIAN_POINT('',(-13.19435888611,17.853540729877,
    492.99851253644));
#3036 = CARTESIAN_POINT('',(-13.19154104462,17.855622849114,
    492.99622305121));
#3037 = CARTESIAN_POINT('',(-13.18903033825,17.857477382753,
    492.99361768978));
#3038 = CARTESIAN_POINT('',(-13.18678863671,17.859132721374,
    492.99098330126));
#3039 = CARTESIAN_POINT('',(-13.18474202346,17.86064359106,
    492.98840743834));
#3040 = CARTESIAN_POINT('',(-13.18278079581,17.862091053392,
    492.98577835733));
#3041 = CARTESIAN_POINT('',(-13.17684004125,17.866474477427,
    492.97698084031));
#3042 = CARTESIAN_POINT('',(-13.17329533909,17.869088471653,
    492.97093679952));
#3043 = CARTESIAN_POINT('',(-13.16998206959,17.871530617335,
    492.96475900224));
#3044 = CARTESIAN_POINT('',(-13.16682395816,17.87385742861,
    492.95850725845));
#3045 = CARTESIAN_POINT('',(-13.16378899678,17.876092639966,
    492.95220793993));
#3046 = CARTESIAN_POINT('',(-13.16086669627,17.878244041674,
    492.94586683855));
#3047 = CARTESIAN_POINT('',(-13.15804533861,17.880320315199,
    492.93948202455));
#3048 = CARTESIAN_POINT('',(-13.14851033398,17.887334816015,
    492.91725306128));
#3049 = CARTESIAN_POINT('',(-13.14220036524,17.891972269158,
    492.90126780188));
#3050 = CARTESIAN_POINT('',(-13.13616548934,17.896403911477,
    492.88518200815));
#3051 = CARTESIAN_POINT('',(-13.13036609637,17.900659203414,
    492.86901874358));
#3052 = CARTESIAN_POINT('',(-13.12474089763,17.904783625789,
    492.85280489393));
#3053 = CARTESIAN_POINT('',(-13.11927069903,17.908791470607,
    492.83654762286));
#3054 = CARTESIAN_POINT('',(-13.11392778316,17.912703317575,
    492.82025357176));
#3055 = CARTESIAN_POINT('',(-13.10329488006,17.920482919062,
    492.78706854461));
#3056 = CARTESIAN_POINT('',(-13.0980139252,17.924343895054,
    492.77018249108));
#3057 = CARTESIAN_POINT('',(-13.09283401635,17.928128302555,
    492.75326878656));
#3058 = CARTESIAN_POINT('',(-13.08774186213,17.931846034514,
    492.73633179925));
#3059 = CARTESIAN_POINT('',(-13.08272760395,17.93550443538,
    492.71937474198));
#3060 = CARTESIAN_POINT('',(-13.07778375753,17.939109086019,
    492.70239996076));
#3061 = CARTESIAN_POINT('',(-13.07290415438,17.942664588641,
    492.68540922325));
#3062 = CARTESIAN_POINT('',(-13.05332581972,17.956921180643,
    492.61635402921));
#3063 = CARTESIAN_POINT('',(-13.03911735534,17.967246312197,
    492.56417157802));
#3064 = CARTESIAN_POINT('',(-13.02530413459,17.977265200165,
    492.51189710752));
#3065 = CARTESIAN_POINT('',(-13.01181655986,17.987030026169,
    492.45955056191));
#3066 = CARTESIAN_POINT('',(-12.99860491693,17.996578130671,
    492.40714585238));
#3067 = CARTESIAN_POINT('',(-12.98562847114,18.005940125661,
    492.35469321181));
#3068 = CARTESIAN_POINT('',(-12.97286140641,18.015135500008,
    492.30219778872));
#3069 = CARTESIAN_POINT('',(-12.92931278833,18.046449112168,
    492.12036361372));
#3070 = CARTESIAN_POINT('',(-12.89947168555,18.067814125395,
    491.99084083657));
#3071 = CARTESIAN_POINT('',(-12.87042476185,18.088527907477,
    491.86116509397));
#3072 = CARTESIAN_POINT('',(-12.8420337132,18.108696265839,
    491.73136870018));
#3073 = CARTESIAN_POINT('',(-12.81419873964,18.128395862588,
    491.6014744059));
#3074 = CARTESIAN_POINT('',(-12.78683632491,18.14769089942,
    491.47149928809));
#3075 = CARTESIAN_POINT('',(-12.7598973091,18.166619726433,
    491.34145127646));
#3076 = CARTESIAN_POINT('',(-12.67625837825,18.225183899548,
    490.93177413594));
#3077 = CARTESIAN_POINT('',(-12.62092050919,18.263626522603,
    490.65192057065));
#3078 = CARTESIAN_POINT('',(-12.56687737157,18.300892578294,
    490.37185353944));
#3079 = CARTESIAN_POINT('',(-12.51393238664,18.337139890213,
    490.09161134823));
#3080 = CARTESIAN_POINT('',(-12.461916344,18.372504102631,
    489.81122546571));
#3081 = CARTESIAN_POINT('',(-12.41072459767,18.407071307427,
    489.53071439767));
#3082 = CARTESIAN_POINT('',(-12.3602647415,18.440917445557,
    489.25009232093));
#3083 = CARTESIAN_POINT('',(-12.28736891529,18.489492574898,
    488.83914035762));
#3084 = CARTESIAN_POINT('',(-12.26441227739,18.504742376702,
    488.70889414473));
#3085 = CARTESIAN_POINT('',(-12.24159172689,18.51985501879,
    488.57862734631));
#3086 = CARTESIAN_POINT('',(-12.21890146148,18.534835464506,
    488.44834044301));
#3087 = CARTESIAN_POINT('',(-12.19633609243,18.549688311328,
    488.31803424238));
#3088 = CARTESIAN_POINT('',(-12.17389219725,18.564416811633,
    488.18770958543));
#3089 = CARTESIAN_POINT('',(-12.15156612254,18.579024294231,
    488.05736781483));
#3090 = CARTESIAN_POINT('',(-12.12295306672,18.597689842005,
    487.88939782009));
#3091 = CARTESIAN_POINT('',(-12.1165561436,18.601859237967,
    487.8517852962));
#3092 = CARTESIAN_POINT('',(-12.11016926999,18.606018504257,
    487.81417145226));
#3093 = CARTESIAN_POINT('',(-12.10379255855,18.610167590444,
    487.77655631464));
#3094 = CARTESIAN_POINT('',(-12.09742619222,18.614306400436,
    487.7389400314));
#3095 = CARTESIAN_POINT('',(-12.09107045885,18.618434770424,
    487.70132287586));
#3096 = CARTESIAN_POINT('',(-12.08472583412,18.622552415826,
    487.663705259));
#3097 = CARTESIAN_POINT('',(-12.07429792134,18.629314360143,
    487.60176157325));
#3098 = CARTESIAN_POINT('',(-12.07020777336,18.631965140955,
    487.57743581464));
#3099 = CARTESIAN_POINT('',(-12.06612282685,18.634611094334,
    487.55311032447));
#3100 = CARTESIAN_POINT('',(-12.06204337684,18.637252036504,
    487.52878530269));
#3101 = CARTESIAN_POINT('',(-12.05796983856,18.639887706307,
    487.50446128385));
#3102 = CARTESIAN_POINT('',(-12.05390279626,18.642517734022,
    487.48013916755));
#3103 = CARTESIAN_POINT('',(-12.04984311806,18.645141567929,
    487.45582029502));
#3104 = CARTESIAN_POINT('',(-12.04297511732,18.649578053412,
    487.41459900831));
#3105 = CARTESIAN_POINT('',(-12.04016251512,18.651394205667,
    487.39769517269));
#3106 = CARTESIAN_POINT('',(-12.03735458572,18.653206654135,
    487.38079463683));
#3107 = CARTESIAN_POINT('',(-12.03455192978,18.655015015399,
    487.36389819625));
#3108 = CARTESIAN_POINT('',(-12.03175544235,18.656818716638,
    487.34700779102));
#3109 = CARTESIAN_POINT('',(-12.02896641368,18.658616931406,
    487.33012663836));
#3110 = CARTESIAN_POINT('',(-12.02618678108,18.660408418432,
    487.31325957717));
#3111 = CARTESIAN_POINT('',(-12.02153455651,18.663405689597,
    487.28493861338));
#3112 = CARTESIAN_POINT('',(-12.01965600246,18.664615670649,
    487.27347744298));
#3113 = CARTESIAN_POINT('',(-12.01778420213,18.665820996234,
    487.262028799));
#3114 = CARTESIAN_POINT('',(-12.01592042063,18.667020855573,
    487.25059545285));
#3115 = CARTESIAN_POINT('',(-12.01406671854,18.668213926613,
    487.23918394367));
#3116 = CARTESIAN_POINT('',(-12.01222616498,18.669398240134,
    487.22780503121));
#3117 = CARTESIAN_POINT('',(-12.01040340153,18.670570818847,
    487.21647491914));
#3118 = CARTESIAN_POINT('',(-12.00737843987,18.672516304191,
    487.19753333758));
#3119 = CARTESIAN_POINT('',(-12.00616474938,18.673296751423,
    487.18989446039));
#3120 = CARTESIAN_POINT('',(-12.00496516477,18.67406800124,
    487.18229853235));
#3121 = CARTESIAN_POINT('',(-12.00378275167,18.674828087408,
    487.17475558487));
#3122 = CARTESIAN_POINT('',(-12.00262286841,18.675573571527,
    487.16728760671));
#3123 = CARTESIAN_POINT('',(-12.00149349922,18.676299330896,
    487.1599294049));
#3124 = CARTESIAN_POINT('',(-12.00040601453,18.676998072067,
    487.15273048556));
#3125 = CARTESIAN_POINT('',(-11.99882056244,18.678016638462,
    487.14199427041));
#3126 = CARTESIAN_POINT('',(-11.99828212797,18.678362526578,
    487.13829992093));
#3127 = CARTESIAN_POINT('',(-11.99776358584,18.678695611012,
    487.13468590459));
#3128 = CARTESIAN_POINT('',(-11.99726851213,18.679013597974,
    487.13116883075));
#3129 = CARTESIAN_POINT('',(-11.99680129417,18.679313673337,
    487.12776973391));
#3130 = CARTESIAN_POINT('',(-11.9963668969,18.679592652625,
    487.1245128876));
#3131 = CARTESIAN_POINT('',(-11.99597062925,18.679847131007,
    487.12142461829));
#3132 = CARTESIAN_POINT('',(-11.99537955887,18.680226693456,
    487.11657749707));
#3133 = CARTESIAN_POINT('',(-11.99516109478,18.680366977696,
    487.11471232735));
#3134 = CARTESIAN_POINT('',(-11.99496428661,18.680493351877,
    487.11294596746));
#3135 = CARTESIAN_POINT('',(-11.99479078426,18.680604757962,
    487.11128714132));
#3136 = CARTESIAN_POINT('',(-11.99464205429,18.680700255589,
    487.10974367374));
#3137 = CARTESIAN_POINT('',(-11.994519315,18.680779063647,
    487.10832222466));
#3138 = CARTESIAN_POINT('',(-11.99442347154,18.680840601853,
    487.10702802354));
#3139 = CARTESIAN_POINT('',(-11.99426731587,18.680940864054,
    487.10437275902));
#3140 = CARTESIAN_POINT('',(-11.99422465026,18.680968257481,
    487.10309543973));
#3141 = CARTESIAN_POINT('',(-11.99422816201,18.680966002615,
    487.10203996009));
#3142 = CARTESIAN_POINT('',(-11.99427790893,18.680934062623,
    487.1012075879));
#3143 = CARTESIAN_POINT('',(-11.99437312892,18.680872926189,
    487.10059492121));
#3144 = CARTESIAN_POINT('',(-11.99451247011,18.680783459867,
    487.10019526503));
#3145 = CARTESIAN_POINT('',(-11.994694221,18.680666760433,
    487.10000000818));
#3146 = CARTESIAN_POINT('',(-11.99491654056,18.680524007234,487.1));
#3147 = PCURVE('',#31,#3148);
#3148 = DEFINITIONAL_REPRESENTATION('',(#3149),#3264);
#3149 = B_SPLINE_CURVE_WITH_KNOTS('',8,(#3150,#3151,#3152,#3153,#3154,
    #3155,#3156,#3157,#3158,#3159,#3160,#3161,#3162,#3163,#3164,#3165,
    #3166,#3167,#3168,#3169,#3170,#3171,#3172,#3173,#3174,#3175,#3176,
    #3177,#3178,#3179,#3180,#3181,#3182,#3183,#3184,#3185,#3186,#3187,
    #3188,#3189,#3190,#3191,#3192,#3193,#3194,#3195,#3196,#3197,#3198,
    #3199,#3200,#3201,#3202,#3203,#3204,#3205,#3206,#3207,#3208,#3209,
    #3210,#3211,#3212,#3213,#3214,#3215,#3216,#3217,#3218,#3219,#3220,
    #3221,#3222,#3223,#3224,#3225,#3226,#3227,#3228,#3229,#3230,#3231,
    #3232,#3233,#3234,#3235,#3236,#3237,#3238,#3239,#3240,#3241,#3242,
    #3243,#3244,#3245,#3246,#3247,#3248,#3249,#3250,#3251,#3252,#3253,
    #3254,#3255,#3256,#3257,#3258,#3259,#3260,#3261,#3262,#3263),
  .UNSPECIFIED.,.F.,.F.,(9,7,7,7,7,7,7,7,7,7,7,7,7,7,7,7,9),(0.,
    4.711025922134E-03,1.384585182481E-02,3.631376577842E-02,
    5.949723572886E-02,0.130457763622,0.305106107725,0.680349438862,
    0.854419919966,0.904643022583,0.937120881177,0.959705717749,
    0.97508990223,0.985590362298,0.991258378802,0.995088572186,1.),
  .UNSPECIFIED.);
#3150 = CARTESIAN_POINT('',(-2.20760750019,-8.));
#3151 = CARTESIAN_POINT('',(-2.207416822119,-8.));
#3152 = CARTESIAN_POINT('',(-2.207241641662,-7.998512536446));
#3153 = CARTESIAN_POINT('',(-2.207083820316,-7.996223051213));
#3154 = CARTESIAN_POINT('',(-2.206943218137,-7.993617689788));
#3155 = CARTESIAN_POINT('',(-2.206817693742,-7.990983301263));
#3156 = CARTESIAN_POINT('',(-2.20670310431,-7.988407438341));
#3157 = CARTESIAN_POINT('',(-2.206593305581,-7.985778357331));
#3158 = CARTESIAN_POINT('',(-2.206260743254,-7.976980840309));
#3159 = CARTESIAN_POINT('',(-2.206062351263,-7.970936799527));
#3160 = CARTESIAN_POINT('',(-2.205876943818,-7.964759002249));
#3161 = CARTESIAN_POINT('',(-2.205700244805,-7.958507258455));
#3162 = CARTESIAN_POINT('',(-2.205530459282,-7.952207939934));
#3163 = CARTESIAN_POINT('',(-2.205366998708,-7.945866838558));
#3164 = CARTESIAN_POINT('',(-2.205209206165,-7.939482024554));
#3165 = CARTESIAN_POINT('',(-2.204675998518,-7.917253061288));
#3166 = CARTESIAN_POINT('',(-2.204323259103,-7.901267801887));
#3167 = CARTESIAN_POINT('',(-2.203985994823,-7.885182008161));
#3168 = CARTESIAN_POINT('',(-2.203661982043,-7.869018743584));
#3169 = CARTESIAN_POINT('',(-2.203347782895,-7.852804893938));
#3170 = CARTESIAN_POINT('',(-2.203042319415,-7.836547622861));
#3171 = CARTESIAN_POINT('',(-2.202744036541,-7.820253571766));
#3172 = CARTESIAN_POINT('',(-2.202150567726,-7.787068544617));
#3173 = CARTESIAN_POINT('',(-2.201855890442,-7.77018249108));
#3174 = CARTESIAN_POINT('',(-2.201566923097,-7.753268786563));
#3175 = CARTESIAN_POINT('',(-2.201282919331,-7.73633179925));
#3176 = CARTESIAN_POINT('',(-2.201003325371,-7.719374741984));
#3177 = CARTESIAN_POINT('',(-2.200727720666,-7.702399960766));
#3178 = CARTESIAN_POINT('',(-2.200455758535,-7.685409223257));
#3179 = CARTESIAN_POINT('',(-2.199364811061,-7.616354029216));
#3180 = CARTESIAN_POINT('',(-2.198573647056,-7.564171578021));
#3181 = CARTESIAN_POINT('',(-2.197804994844,-7.511897107524));
#3182 = CARTESIAN_POINT('',(-2.197054935878,-7.459550561916));
#3183 = CARTESIAN_POINT('',(-2.196320669256,-7.407145852388));
#3184 = CARTESIAN_POINT('',(-2.19559989952,-7.354693211812));
#3185 = CARTESIAN_POINT('',(-2.194891169453,-7.302197788724));
#3186 = CARTESIAN_POINT('',(-2.192475047779,-7.120363613729));
#3187 = CARTESIAN_POINT('',(-2.190821858043,-6.990840836575));
#3188 = CARTESIAN_POINT('',(-2.189214830912,-6.86116509398));
#3189 = CARTESIAN_POINT('',(-2.187646120453,-6.731368700188));
#3190 = CARTESIAN_POINT('',(-2.186110056144,-6.601474405903));
#3191 = CARTESIAN_POINT('',(-2.184601891163,-6.471499288094));
#3192 = CARTESIAN_POINT('',(-2.183118815553,-6.341451276466));
#3193 = CARTESIAN_POINT('',(-2.178519534882,-5.931774135948));
#3194 = CARTESIAN_POINT('',(-2.175484403696,-5.651920570659));
#3195 = CARTESIAN_POINT('',(-2.172527398083,-5.371853539444));
#3196 = CARTESIAN_POINT('',(-2.169637152563,-5.091611348234));
#3197 = CARTESIAN_POINT('',(-2.166803888827,-4.811225465712));
#3198 = CARTESIAN_POINT('',(-2.16402149577,-4.530714397677));
#3199 = CARTESIAN_POINT('',(-2.161284578627,-4.250092320937));
#3200 = CARTESIAN_POINT('',(-2.157338739467,-3.839140357629));
#3201 = CARTESIAN_POINT('',(-2.156097291075,-3.708894144735));
#3202 = CARTESIAN_POINT('',(-2.154864367,-3.57862734631));
#3203 = CARTESIAN_POINT('',(-2.153639622966,-3.448340443012));
#3204 = CARTESIAN_POINT('',(-2.152422739487,-3.318034242387));
#3205 = CARTESIAN_POINT('',(-2.151213504525,-3.187709585439));
#3206 = CARTESIAN_POINT('',(-2.15001169559,-3.057367814832));
#3207 = CARTESIAN_POINT('',(-2.14847282233,-2.889397820099));
#3208 = CARTESIAN_POINT('',(-2.148128870215,-2.851785296203));
#3209 = CARTESIAN_POINT('',(-2.14778554648,-2.814171452265));
#3210 = CARTESIAN_POINT('',(-2.147442856557,-2.776556314645));
#3211 = CARTESIAN_POINT('',(-2.147100809652,-2.738940031405));
#3212 = CARTESIAN_POINT('',(-2.146759420596,-2.701322875862));
#3213 = CARTESIAN_POINT('',(-2.146418714281,-2.663705259008));
#3214 = CARTESIAN_POINT('',(-2.145858876209,-2.601761573257));
#3215 = CARTESIAN_POINT('',(-2.145639326327,-2.577435814649));
#3216 = CARTESIAN_POINT('',(-2.145420091325,-2.553110324479));
#3217 = CARTESIAN_POINT('',(-2.145201186843,-2.528785302691));
#3218 = CARTESIAN_POINT('',(-2.144982634957,-2.504461283852));
#3219 = CARTESIAN_POINT('',(-2.144764466795,-2.480139167555));
#3220 = CARTESIAN_POINT('',(-2.144546728673,-2.455820295026));
#3221 = CARTESIAN_POINT('',(-2.144178426993,-2.414599008312));
#3222 = CARTESIAN_POINT('',(-2.144027615941,-2.397695172695));
#3223 = CARTESIAN_POINT('',(-2.143877072217,-2.380794636838));
#3224 = CARTESIAN_POINT('',(-2.143726827914,-2.363898196257));
#3225 = CARTESIAN_POINT('',(-2.143576930894,-2.34700779102));
#3226 = CARTESIAN_POINT('',(-2.143427450171,-2.330126638366));
#3227 = CARTESIAN_POINT('',(-2.143278489382,-2.313259577178));
#3228 = CARTESIAN_POINT('',(-2.143029203298,-2.284938613381));
#3229 = CARTESIAN_POINT('',(-2.142928549852,-2.273477442989));
#3230 = CARTESIAN_POINT('',(-2.142828265719,-2.262028799007));
#3231 = CARTESIAN_POINT('',(-2.142728418586,-2.25059545285));
#3232 = CARTESIAN_POINT('',(-2.142629118729,-2.239183943679));
#3233 = CARTESIAN_POINT('',(-2.142530530408,-2.22780503121));
#3234 = CARTESIAN_POINT('',(-2.142432902015,-2.21647491914));
#3235 = CARTESIAN_POINT('',(-2.142270894417,-2.197533337587));
#3236 = CARTESIAN_POINT('',(-2.14220589608,-2.189894460396));
#3237 = CARTESIAN_POINT('',(-2.142141656262,-2.182298532359));
#3238 = CARTESIAN_POINT('',(-2.142078339019,-2.17475558487));
#3239 = CARTESIAN_POINT('',(-2.142016231135,-2.167287606719));
#3240 = CARTESIAN_POINT('',(-2.141955759921,-2.159929404909));
#3241 = CARTESIAN_POINT('',(-2.14189753387,-2.152730485564));
#3242 = CARTESIAN_POINT('',(-2.141812648925,-2.141994270412));
#3243 = CARTESIAN_POINT('',(-2.141783821846,-2.138299920931));
#3244 = CARTESIAN_POINT('',(-2.141756060385,-2.13468590459));
#3245 = CARTESIAN_POINT('',(-2.141729555914,-2.131168830751));
#3246 = CARTESIAN_POINT('',(-2.141704543221,-2.127769733914));
#3247 = CARTESIAN_POINT('',(-2.141681288003,-2.124512887609));
#3248 = CARTESIAN_POINT('',(-2.141660074355,-2.121424618294));
#3249 = CARTESIAN_POINT('',(-2.141628432596,-2.116577497078));
#3250 = CARTESIAN_POINT('',(-2.141616737682,-2.114712327356));
#3251 = CARTESIAN_POINT('',(-2.141606202158,-2.11294596746));
#3252 = CARTESIAN_POINT('',(-2.141596914313,-2.111287141324));
#3253 = CARTESIAN_POINT('',(-2.141588952622,-2.10974367374));
#3254 = CARTESIAN_POINT('',(-2.141582382274,-2.108322224669));
#3255 = CARTESIAN_POINT('',(-2.141577251701,-2.107028023544));
#3256 = CARTESIAN_POINT('',(-2.141568892585,-2.10437275902));
#3257 = CARTESIAN_POINT('',(-2.141566608684,-2.10309543974));
#3258 = CARTESIAN_POINT('',(-2.141566796673,-2.102039960098));
#3259 = CARTESIAN_POINT('',(-2.141569459639,-2.101207587909));
#3260 = CARTESIAN_POINT('',(-2.141574556801,-2.100594921209));
#3261 = CARTESIAN_POINT('',(-2.14158201583,-2.100195265034));
#3262 = CARTESIAN_POINT('',(-2.141591745158,-2.100000008184));
#3263 = CARTESIAN_POINT('',(-2.141603646299,-2.1));
#3264 = ( GEOMETRIC_REPRESENTATION_CONTEXT(2) 
PARAMETRIC_REPRESENTATION_CONTEXT() REPRESENTATION_CONTEXT('2D SPACE',''
  ) );
#3265 = PCURVE('',#3266,#3283);
#3266 = B_SPLINE_SURFACE_WITH_KNOTS('',7,1,(
    (#3267,#3268)
    ,(#3269,#3270)
    ,(#3271,#3272)
    ,(#3273,#3274)
    ,(#3275,#3276)
    ,(#3277,#3278)
    ,(#3279,#3280)
    ,(#3281,#3282
    )),.UNSPECIFIED.,.F.,.F.,.F.,(8,8),(2,2),(0.,1.523587782319),(0.,1.)
  ,.PIECEWISE_BEZIER_KNOTS.);
#3267 = CARTESIAN_POINT('',(-11.97863085885,18.747597252644,487.1));
#3268 = CARTESIAN_POINT('',(-12.73952530903,20.065505099559,493.));
#3269 = CARTESIAN_POINT('',(-11.97318947391,18.73817249747,487.1));
#3270 = CARTESIAN_POINT('',(-12.5625329748,19.758945384113,493.));
#3271 = CARTESIAN_POINT('',(-11.97014119295,18.727366839368,487.1));
#3272 = CARTESIAN_POINT('',(-12.46001492255,19.40938902552,
    492.99999999999));
#3273 = CARTESIAN_POINT('',(-11.96990768494,18.715904919009,487.1));
#3274 = CARTESIAN_POINT('',(-12.44449406084,19.03854464672,
    493.00000000001));
#3275 = CARTESIAN_POINT('',(-11.97263135932,18.704687361007,487.1));
#3276 = CARTESIAN_POINT('',(-12.5206358287,18.672693684302,
    492.99999999998));
#3277 = CARTESIAN_POINT('',(-11.97809501004,18.694608736841,
    487.09999999999));
#3278 = CARTESIAN_POINT('',(-12.68282137086,18.338833982705,493.));
#3279 = CARTESIAN_POINT('',(-11.98575908078,18.686404086719,487.1));
#3280 = CARTESIAN_POINT('',(-12.91628729695,18.05920340458,
    492.99999999999));
#3281 = CARTESIAN_POINT('',(-11.99491655122,18.680524000391,487.1));
#3282 = CARTESIAN_POINT('',(-13.20088956482,17.8487118498,493.));
#3283 = DEFINITIONAL_REPRESENTATION('',(#3284),#3399);
#3284 = B_SPLINE_CURVE_WITH_KNOTS('',8,(#3285,#3286,#3287,#3288,#3289,
    #3290,#3291,#3292,#3293,#3294,#3295,#3296,#3297,#3298,#3299,#3300,
    #3301,#3302,#3303,#3304,#3305,#3306,#3307,#3308,#3309,#3310,#3311,
    #3312,#3313,#3314,#3315,#3316,#3317,#3318,#3319,#3320,#3321,#3322,
    #3323,#3324,#3325,#3326,#3327,#3328,#3329,#3330,#3331,#3332,#3333,
    #3334,#3335,#3336,#3337,#3338,#3339,#3340,#3341,#3342,#3343,#3344,
    #3345,#3346,#3347,#3348,#3349,#3350,#3351,#3352,#3353,#3354,#3355,
    #3356,#3357,#3358,#3359,#3360,#3361,#3362,#3363,#3364,#3365,#3366,
    #3367,#3368,#3369,#3370,#3371,#3372,#3373,#3374,#3375,#3376,#3377,
    #3378,#3379,#3380,#3381,#3382,#3383,#3384,#3385,#3386,#3387,#3388,
    #3389,#3390,#3391,#3392,#3393,#3394,#3395,#3396,#3397,#3398),
  .UNSPECIFIED.,.F.,.F.,(9,7,7,7,7,7,7,7,7,7,7,7,7,7,7,7,9),(0.,
    4.711025922134E-03,1.384585182481E-02,3.631376577842E-02,
    5.949723572886E-02,0.130457763622,0.305106107725,0.680349438862,
    0.854419919966,0.904643022583,0.937120881177,0.959705717749,
    0.97508990223,0.985590362298,0.991258378802,0.995088572186,1.),
  .UNSPECIFIED.);
#3285 = CARTESIAN_POINT('',(1.523587782319,1.));
#3286 = CARTESIAN_POINT('',(1.520984994807,1.));
#3287 = CARTESIAN_POINT('',(1.518819752324,0.999747887533));
#3288 = CARTESIAN_POINT('',(1.517012594949,0.999359839189));
#3289 = CARTESIAN_POINT('',(1.515487244288,0.998918252506));
#3290 = CARTESIAN_POINT('',(1.51417060347,0.998471745977));
#3291 = CARTESIAN_POINT('',(1.51299275715,0.998035159041));
#3292 = CARTESIAN_POINT('',(1.511886971509,0.99758955209));
#3293 = CARTESIAN_POINT('',(1.508662039493,0.99609844751));
#3294 = CARTESIAN_POINT('',(1.506853627739,0.995074033818));
#3295 = CARTESIAN_POINT('',(1.505239284071,0.994026949534));
#3296 = CARTESIAN_POINT('',(1.503751991143,0.992967331942));
#3297 = CARTESIAN_POINT('',(1.502363556752,0.991899650836));
#3298 = CARTESIAN_POINT('',(1.501065281426,0.990824887891));
#3299 = CARTESIAN_POINT('',(1.499848626,0.989742716026));
#3300 = CARTESIAN_POINT('',(1.495826000374,0.985975095134));
#3301 = CARTESIAN_POINT('',(1.493339732227,0.983265729133));
#3302 = CARTESIAN_POINT('',(1.491068462678,0.980539323417));
#3303 = CARTESIAN_POINT('',(1.488979450683,0.977799787048));
#3304 = CARTESIAN_POINT('',(1.487022662201,0.975051676939));
#3305 = CARTESIAN_POINT('',(1.485182957435,0.972296207265));
#3306 = CARTESIAN_POINT('',(1.483438656358,0.969534503689));
#3307 = CARTESIAN_POINT('',(1.480062428662,0.963909922816));
#3308 = CARTESIAN_POINT('',(1.478436264593,0.961047879844));
#3309 = CARTESIAN_POINT('',(1.4768845074,0.958181150265));
#3310 = CARTESIAN_POINT('',(1.475396729259,0.955310474449));
#3311 = CARTESIAN_POINT('',(1.473965238675,0.952436396946));
#3312 = CARTESIAN_POINT('',(1.472584241643,0.949559315384));
#3313 = CARTESIAN_POINT('',(1.471249002799,0.946679529366));
#3314 = CARTESIAN_POINT('',(1.465994311534,0.934975259189));
#3315 = CARTESIAN_POINT('',(1.462421160927,0.926130775936));
#3316 = CARTESIAN_POINT('',(1.459118566877,0.91727069619));
#3317 = CARTESIAN_POINT('',(1.456034488797,0.908398400325));
#3318 = CARTESIAN_POINT('',(1.453132105881,0.899516246167));
#3319 = CARTESIAN_POINT('',(1.450381467165,0.890625968104));
#3320 = CARTESIAN_POINT('',(1.447764243742,0.881728438767));
#3321 = CARTESIAN_POINT('',(1.439107993497,0.850909087073));
#3322 = CARTESIAN_POINT('',(1.433658099601,0.828956073996));
#3323 = CARTESIAN_POINT('',(1.428677957137,0.806977134573));
#3324 = CARTESIAN_POINT('',(1.424074525131,0.784977745795));
#3325 = CARTESIAN_POINT('',(1.419781816598,0.762961763713));
#3326 = CARTESIAN_POINT('',(1.415744961889,0.740932082728));
#3327 = CARTESIAN_POINT('',(1.411934368424,0.718890046859));
#3328 = CARTESIAN_POINT('',(1.400555666992,0.649453243381));
#3329 = CARTESIAN_POINT('',(1.393701199066,0.602020435705));
#3330 = CARTESIAN_POINT('',(1.387488093847,0.554551447364));
#3331 = CARTESIAN_POINT('',(1.38182223577,0.507052770887));
#3332 = CARTESIAN_POINT('',(1.376615483125,0.459529739951));
#3333 = CARTESIAN_POINT('',(1.3718600753,0.411985491132));
#3334 = CARTESIAN_POINT('',(1.367534811746,0.364422427277));
#3335 = CARTESIAN_POINT('',(1.362047615478,0.294769552141));
#3336 = CARTESIAN_POINT('',(1.360433291897,0.272693922836));
#3337 = CARTESIAN_POINT('',(1.358956013078,0.250614804459));
#3338 = CARTESIAN_POINT('',(1.357646952551,0.228532278477));
#3339 = CARTESIAN_POINT('',(1.356523510992,0.206446481761));
#3340 = CARTESIAN_POINT('',(1.355678564443,0.184357556854));
#3341 = CARTESIAN_POINT('',(1.355169734286,0.162265731327));
#3342 = CARTESIAN_POINT('',(1.355413052941,0.133796240695));
#3343 = CARTESIAN_POINT('',(1.355525729633,0.127421236645));
#3344 = CARTESIAN_POINT('',(1.355705065938,0.121046008859));
#3345 = CARTESIAN_POINT('',(1.355962625573,0.114670561804));
#3346 = CARTESIAN_POINT('',(1.356312565017,0.108294920577));
#3347 = CARTESIAN_POINT('',(1.356773400981,0.101919131502));
#3348 = CARTESIAN_POINT('',(1.357372050227,9.554326423859E-02));
#3349 = CARTESIAN_POINT('',(1.358653311508,8.504433445031E-02));
#3350 = CARTESIAN_POINT('',(1.359231636166,8.092132451672E-02));
#3351 = CARTESIAN_POINT('',(1.359896159436,7.679836008118E-02));
#3352 = CARTESIAN_POINT('',(1.360661637802,7.267547503227E-02));
#3353 = CARTESIAN_POINT('',(1.361546093778,6.855275997494E-02));
#3354 = CARTESIAN_POINT('',(1.362572887244,6.443036738211E-02));
#3355 = CARTESIAN_POINT('',(1.363775304881,6.030852458059E-02));
#3356 = CARTESIAN_POINT('',(1.366196939456,5.332186581563E-02));
#3357 = CARTESIAN_POINT('',(1.367299594853,5.04568089313E-02));
#3358 = CARTESIAN_POINT('',(1.368528143032,4.75923113285E-02));
#3359 = CARTESIAN_POINT('',(1.36990498042,4.472850784019E-02));
#3360 = CARTESIAN_POINT('',(1.371457376346,4.186572729151E-02));
#3361 = CARTESIAN_POINT('',(1.373220749902,3.900451497721E-02));
#3362 = CARTESIAN_POINT('',(1.375246238028,3.614569104703E-02));
#3363 = CARTESIAN_POINT('',(1.379224426315,3.134552769171E-02));
#3364 = CARTESIAN_POINT('',(1.380994195781,2.940295643878E-02));
#3365 = CARTESIAN_POINT('',(1.382946350893,2.746250830617E-02));
#3366 = CARTESIAN_POINT('',(1.385114131872,2.55246530254E-02));
#3367 = CARTESIAN_POINT('',(1.387537743517,2.359049892865E-02));
#3368 = CARTESIAN_POINT('',(1.390269064832,2.166186969655E-02));
#3369 = CARTESIAN_POINT('',(1.393382856264,1.974151171869E-02));
#3370 = CARTESIAN_POINT('',(1.399459564227,1.653107416729E-02));
#3371 = CARTESIAN_POINT('',(1.40215325485,1.523634921958E-02));
#3372 = CARTESIAN_POINT('',(1.405113988338,1.394890378957E-02));
#3373 = CARTESIAN_POINT('',(1.408389329201,1.267043811355E-02));
#3374 = CARTESIAN_POINT('',(1.412036083949,1.140467910486E-02));
#3375 = CARTESIAN_POINT('',(1.416124100007,1.015752625572E-02));
#3376 = CARTESIAN_POINT('',(1.420743734104,8.93737043453E-03));
#3377 = CARTESIAN_POINT('',(1.428863427541,7.117672951199E-03));
#3378 = CARTESIAN_POINT('',(1.431898126375,6.491512022185E-03));
#3379 = CARTESIAN_POINT('',(1.43513842202,5.878966879609E-03));
#3380 = CARTESIAN_POINT('',(1.438602546917,5.282852669643E-03));
#3381 = CARTESIAN_POINT('',(1.442307590479,4.706734561643E-03));
#3382 = CARTESIAN_POINT('',(1.446267458991,4.154726713372E-03));
#3383 = CARTESIAN_POINT('',(1.450490835517,3.631291236229E-03));
#3384 = CARTESIAN_POINT('',(1.458012136157,2.809745267434E-03));
#3385 = CARTESIAN_POINT('',(1.461165823389,2.493614806086E-03));
#3386 = CARTESIAN_POINT('',(1.464438702964,2.194231772911E-03));
#3387 = CARTESIAN_POINT('',(1.467827606839,1.913074800618E-03));
#3388 = CARTESIAN_POINT('',(1.471327438119,1.651470125362E-03));
#3389 = CARTESIAN_POINT('',(1.47493091172,1.410546553978E-03));
#3390 = CARTESIAN_POINT('',(1.478628295022,1.191190431206E-03));
#3391 = CARTESIAN_POINT('',(1.487252743612,7.411455966016E-04));
#3392 = CARTESIAN_POINT('',(1.492234384108,5.246508033197E-04));
#3393 = CARTESIAN_POINT('',(1.497326423691,3.457559488659E-04));
#3394 = CARTESIAN_POINT('',(1.502503419665,2.046759167638E-04));
#3395 = CARTESIAN_POINT('',(1.507740638116,1.008341032905E-04));
#3396 = CARTESIAN_POINT('',(1.513014559058,3.309576849033E-05));
#3397 = CARTESIAN_POINT('',(1.518303381591,1.387187508741E-09));
#3398 = CARTESIAN_POINT('',(1.523587529043,0.));
#3399 = ( GEOMETRIC_REPRESENTATION_CONTEXT(2) 
PARAMETRIC_REPRESENTATION_CONTEXT() REPRESENTATION_CONTEXT('2D SPACE',''
  ) );
#3400 = ORIENTED_EDGE('',*,*,#3401,.T.);
#3401 = EDGE_CURVE('',#3029,#3402,#3404,.T.);
#3402 = VERTEX_POINT('',#3403);
#3403 = CARTESIAN_POINT('',(-13.20088956482,17.8487118498,542.));
#3404 = SURFACE_CURVE('',#3405,(#3408,#3418),.PCURVE_S1.);
#3405 = B_SPLINE_CURVE_WITH_KNOTS('',1,(#3406,#3407),.UNSPECIFIED.,.F.,
  .F.,(2,2),(0.,1.),.PIECEWISE_BEZIER_KNOTS.);
#3406 = CARTESIAN_POINT('',(-13.20088956482,17.8487118498,493.));
#3407 = CARTESIAN_POINT('',(-13.20088956482,17.8487118498,542.));
#3408 = PCURVE('',#31,#3409);
#3409 = DEFINITIONAL_REPRESENTATION('',(#3410),#3417);
#3410 = B_SPLINE_CURVE_WITH_KNOTS('',5,(#3411,#3412,#3413,#3414,#3415,
    #3416),.UNSPECIFIED.,.F.,.F.,(6,6),(0.,1.),
  .PIECEWISE_BEZIER_KNOTS.);
#3411 = CARTESIAN_POINT('',(-2.20760750019,-8.));
#3412 = CARTESIAN_POINT('',(-2.20760750019,-17.8));
#3413 = CARTESIAN_POINT('',(-2.20760750019,-27.6));
#3414 = CARTESIAN_POINT('',(-2.20760750019,-37.4));
#3415 = CARTESIAN_POINT('',(-2.20760750019,-47.2));
#3416 = CARTESIAN_POINT('',(-2.20760750019,-57.));
#3417 = ( GEOMETRIC_REPRESENTATION_CONTEXT(2) 
PARAMETRIC_REPRESENTATION_CONTEXT() REPRESENTATION_CONTEXT('2D SPACE',''
  ) );
#3418 = PCURVE('',#3419,#3424);
#3419 = CYLINDRICAL_SURFACE('',#3420,1.7);
#3420 = AXIS2_PLACEMENT_3D('',#3421,#3422,#3423);
#3421 = CARTESIAN_POINT('',(-14.21176849546,19.215505099559,493.));
#3422 = DIRECTION('',(0.,0.,1.));
#3423 = DIRECTION('',(0.866025403784,0.5,0.));
#3424 = DEFINITIONAL_REPRESENTATION('',(#3425),#3428);
#3425 = B_SPLINE_CURVE_WITH_KNOTS('',1,(#3426,#3427),.UNSPECIFIED.,.F.,
  .F.,(2,2),(0.,1.),.PIECEWISE_BEZIER_KNOTS.);
#3426 = CARTESIAN_POINT('',(-1.457583928998,0.));
#3427 = CARTESIAN_POINT('',(-1.457583928998,49.));
#3428 = ( GEOMETRIC_REPRESENTATION_CONTEXT(2) 
PARAMETRIC_REPRESENTATION_CONTEXT() REPRESENTATION_CONTEXT('2D SPACE',''
  ) );
#3429 = ORIENTED_EDGE('',*,*,#3430,.F.);
#3430 = EDGE_CURVE('',#3431,#3402,#3433,.T.);
#3431 = VERTEX_POINT('',#3432);
#3432 = CARTESIAN_POINT('',(-11.99491655122,18.680524000391,547.9));
#3433 = SURFACE_CURVE('',#3434,(#3539,#3647),.PCURVE_S1.);
#3434 = B_SPLINE_CURVE_WITH_KNOTS('',7,(#3435,#3436,#3437,#3438,#3439,
    #3440,#3441,#3442,#3443,#3444,#3445,#3446,#3447,#3448,#3449,#3450,
    #3451,#3452,#3453,#3454,#3455,#3456,#3457,#3458,#3459,#3460,#3461,
    #3462,#3463,#3464,#3465,#3466,#3467,#3468,#3469,#3470,#3471,#3472,
    #3473,#3474,#3475,#3476,#3477,#3478,#3479,#3480,#3481,#3482,#3483,
    #3484,#3485,#3486,#3487,#3488,#3489,#3490,#3491,#3492,#3493,#3494,
    #3495,#3496,#3497,#3498,#3499,#3500,#3501,#3502,#3503,#3504,#3505,
    #3506,#3507,#3508,#3509,#3510,#3511,#3512,#3513,#3514,#3515,#3516,
    #3517,#3518,#3519,#3520,#3521,#3522,#3523,#3524,#3525,#3526,#3527,
    #3528,#3529,#3530,#3531,#3532,#3533,#3534,#3535,#3536,#3537,#3538),
  .UNSPECIFIED.,.F.,.F.,(8,6,6,6,6,6,6,6,6,6,6,6,6,6,6,6,6,8),(0.,
    5.057452109444E-03,1.02018134741E-02,1.992633780165E-02,
    3.223262948457E-02,5.085981769791E-02,7.83985947115E-02,
    0.118767330449,0.188271593225,0.319356201274,0.537447957551,
    0.757095305002,0.894284875025,0.951395621483,0.976727863023,
    0.991190514602,0.997404251875,1.),.UNSPECIFIED.);
#3435 = CARTESIAN_POINT('',(-11.99491655121,18.6805240004,547.9));
#3436 = CARTESIAN_POINT('',(-11.99465484868,18.680692041721,
    547.89999999998));
#3437 = CARTESIAN_POINT('',(-11.99445051773,18.680823238212,
    547.89972380026));
#3438 = CARTESIAN_POINT('',(-11.99430679847,18.680915514258,
    547.89915538987));
#3439 = CARTESIAN_POINT('',(-11.99422662177,18.680966991469,
    547.89827999825));
#3440 = CARTESIAN_POINT('',(-11.99421190646,18.680976439588,
    547.89708832614));
#3441 = CARTESIAN_POINT('',(-11.99426285655,18.680943727403,
    547.89558077638));
#3442 = CARTESIAN_POINT('',(-11.99449362633,18.680795557653,
    547.89193150511));
#3443 = CARTESIAN_POINT('',(-11.99467571456,18.680678643555,
    547.88977821391));
#3444 = CARTESIAN_POINT('',(-11.99492114363,18.680521056753,
    547.88732745979));
#3445 = CARTESIAN_POINT('',(-11.99522511936,18.680325871025,
    547.88460550781));
#3446 = CARTESIAN_POINT('',(-11.9955813135,18.680097144126,
    547.8816453716));
#3447 = CARTESIAN_POINT('',(-11.99598274446,18.679839353373,
    547.87848294548));
#3448 = CARTESIAN_POINT('',(-11.99725423823,18.679022772081,
    547.8688587095));
#3449 = CARTESIAN_POINT('',(-11.99822185266,18.678401287885,
    547.86197702157));
#3450 = CARTESIAN_POINT('',(-11.99928656372,18.677717348682,
    547.85468766531));
#3451 = CARTESIAN_POINT('',(-12.00041744672,18.676990788812,
    547.84713700946));
#3452 = CARTESIAN_POINT('',(-12.00159314262,18.676235312302,
    547.83942446157));
#3453 = CARTESIAN_POINT('',(-12.00280201911,18.675458384174,
    547.83159812291));
#3454 = CARTESIAN_POINT('',(-12.00560878317,18.673654201015,
    547.81361401019));
#3455 = CARTESIAN_POINT('',(-12.0072191903,18.672618817011,
    547.80342441558));
#3456 = CARTESIAN_POINT('',(-12.00885797498,18.671564953795,
    547.79314405875));
#3457 = CARTESIAN_POINT('',(-12.01051667629,18.67049803938,
    547.78280640475));
#3458 = CARTESIAN_POINT('',(-12.01219003039,18.669421451878,
    547.77243164509));
#3459 = CARTESIAN_POINT('',(-12.01387486676,18.668337225144,
    547.76202942756));
#3460 = CARTESIAN_POINT('',(-12.0181368869,18.665593885092,
    547.73580878505));
#3461 = CARTESIAN_POINT('',(-12.0207251491,18.663927312749,
    547.7199695416));
#3462 = CARTESIAN_POINT('',(-12.02332827717,18.662250571589,
    547.70409987383));
#3463 = CARTESIAN_POINT('',(-12.02594235936,18.660566170238,
    547.68821171567));
#3464 = CARTESIAN_POINT('',(-12.02856499613,18.658875647674,
    547.67231204614));
#3465 = CARTESIAN_POINT('',(-12.03119464416,18.657179992571,
    547.6564040282));
#3466 = CARTESIAN_POINT('',(-12.03772818959,18.652965489252,
    547.6169540288));
#3467 = CARTESIAN_POINT('',(-12.04163879045,18.650441587128,
    547.59340704051));
#3468 = CARTESIAN_POINT('',(-12.04555941526,18.647909856738,
    547.56985160215));
#3469 = CARTESIAN_POINT('',(-12.04948826739,18.645371446008,
    547.54629138939));
#3470 = CARTESIAN_POINT('',(-12.05342422803,18.642827068193,
    547.52272853586));
#3471 = CARTESIAN_POINT('',(-12.05736653121,18.640277209574,
    547.49916394823));
#3472 = CARTESIAN_POINT('',(-12.06710263016,18.633976538587,
    547.44105102382));
#3473 = CARTESIAN_POINT('',(-12.0729029916,18.630219886652,
    547.40650217945));
#3474 = CARTESIAN_POINT('',(-12.07871434739,18.626453119003,
    547.37195229089));
#3475 = CARTESIAN_POINT('',(-12.08453583426,18.622676772992,
    547.3374023882));
#3476 = CARTESIAN_POINT('',(-12.09036692616,18.618891169492,
    547.30285306106));
#3477 = CARTESIAN_POINT('',(-12.09620726073,18.615096523744,
    547.26830452117));
#3478 = CARTESIAN_POINT('',(-12.11212781687,18.60474412784,
    547.17427418057));
#3479 = CARTESIAN_POINT('',(-12.12222570943,18.598168892233,
    547.11479446834));
#3480 = CARTESIAN_POINT('',(-12.13234924094,18.591567838634,
    547.05531795035));
#3481 = CARTESIAN_POINT('',(-12.14249806592,18.584941096516,
    546.99584499755));
#3482 = CARTESIAN_POINT('',(-12.15267215662,18.578288588556,
    546.93637582182));
#3483 = CARTESIAN_POINT('',(-12.1628716127,18.57161015201,546.8769104611
    ));
#3484 = CARTESIAN_POINT('',(-12.19238123685,18.552260551263,
    546.7053043948));
#3485 = CARTESIAN_POINT('',(-12.21175688769,18.539522425973,
    546.59317372998));
#3486 = CARTESIAN_POINT('',(-12.23122539211,18.526689333668,
    546.48105702797));
#3487 = CARTESIAN_POINT('',(-12.25078965726,18.5137586755,
    546.36895482016));
#3488 = CARTESIAN_POINT('',(-12.27045322155,18.500727394323,
    546.25686770253));
#3489 = CARTESIAN_POINT('',(-12.29022008959,18.48759206997,
    546.14479625154));
#3490 = CARTESIAN_POINT('',(-12.34316175718,18.452315213152,
    545.84630949015));
#3491 = CARTESIAN_POINT('',(-12.3765274479,18.429982794095,
    545.65992340506));
#3492 = CARTESIAN_POINT('',(-12.41021342958,18.407333511567,
    545.47358596813));
#3493 = CARTESIAN_POINT('',(-12.44424593033,18.384345638978,
    545.28730153831));
#3494 = CARTESIAN_POINT('',(-12.47865618152,18.360993521522,
    545.10107554465));
#3495 = CARTESIAN_POINT('',(-12.51348342722,18.337245252015,
    544.9149148522));
#3496 = CARTESIAN_POINT('',(-12.58432989591,18.288698646948,
    544.54141510677));
#3497 = CARTESIAN_POINT('',(-12.62035546765,18.263894295944,
    544.3540786642));
#3498 = CARTESIAN_POINT('',(-12.65691297437,18.23860071851,
    544.16682725999));
#3499 = CARTESIAN_POINT('',(-12.69406892874,18.21276483703,
    543.97967260635));
#3500 = CARTESIAN_POINT('',(-12.7319207813,18.186309940851,
    543.79263348399));
#3501 = CARTESIAN_POINT('',(-12.77058672317,18.159143155233,
    543.60573397675));
#3502 = CARTESIAN_POINT('',(-12.83511729612,18.113549811187,
    543.30240041237));
#3503 = CARTESIAN_POINT('',(-12.86033690623,18.095671825462,
    543.18585770028));
#3504 = CARTESIAN_POINT('',(-12.88603051009,18.077395666812,
    543.06939940582));
#3505 = CARTESIAN_POINT('',(-12.91226428018,18.058670285247,
    542.9530376481));
#3506 = CARTESIAN_POINT('',(-12.93917604996,18.039390973958,
    542.83680349566));
#3507 = CARTESIAN_POINT('',(-12.96688745765,18.019464578106,
    542.72072904051));
#3508 = CARTESIAN_POINT('',(-13.00787253502,17.989871397477,
    542.55669597406));
#3509 = CARTESIAN_POINT('',(-13.02013104132,17.981005864288,
    542.50852921599));
#3510 = CARTESIAN_POINT('',(-13.03263487012,17.971947923643,
    542.46041467711));
#3511 = CARTESIAN_POINT('',(-13.04542053265,17.962670121535,
    542.41236062748));
#3512 = CARTESIAN_POINT('',(-13.05855725449,17.953120664737,
    542.36438645059));
#3513 = CARTESIAN_POINT('',(-13.07211284252,17.943248707006,
    542.31651405078));
#3514 = CARTESIAN_POINT('',(-13.09258863727,17.9283067644,
    542.24763892808));
#3515 = CARTESIAN_POINT('',(-13.09900367342,17.923621524503,
    542.22650993733));
#3516 = CARTESIAN_POINT('',(-13.10555906204,17.91882965569,
    542.20541745181));
#3517 = CARTESIAN_POINT('',(-13.1122840097,17.91390943074,
    542.18437012063));
#3518 = CARTESIAN_POINT('',(-13.11920831698,17.908838660091,
    542.16337912373));
#3519 = CARTESIAN_POINT('',(-13.12637988236,17.903581721348,
    542.14246335399));
#3520 = CARTESIAN_POINT('',(-13.13821130439,17.894899613191,
    542.10978870887));
#3521 = CARTESIAN_POINT('',(-13.14262471912,17.891659120582,
    542.09796089202));
#3522 = CARTESIAN_POINT('',(-13.147180844,17.888311848965,
    542.08618009584));
#3523 = CARTESIAN_POINT('',(-13.15189752948,17.884844536908,
    542.07444833877));
#3524 = CARTESIAN_POINT('',(-13.15684702438,17.881203621104,
    542.06280207101));
#3525 = CARTESIAN_POINT('',(-13.16205099637,17.87737295288,
    542.05126319142));
#3526 = CARTESIAN_POINT('',(-13.17020016392,17.871369194757,
    542.03509663659));
#3527 = CARTESIAN_POINT('',(-13.17274603382,17.869492892382,
    542.03033307462));
#3528 = CARTESIAN_POINT('',(-13.17537948077,17.86755146768,
    542.02560404731));
#3529 = CARTESIAN_POINT('',(-13.17812937185,17.865523556462,
    542.02090843143));
#3530 = CARTESIAN_POINT('',(-13.18106271906,17.863359519694,
    542.0163043109));
#3531 = CARTESIAN_POINT('',(-13.18428467936,17.860981443501,
    542.01190897673));
#3532 = CARTESIAN_POINT('',(-13.18946493717,17.857155940166,
    542.00622375501));
#3533 = CARTESIAN_POINT('',(-13.19103440301,17.85599672101,
    542.00465586159));
#3534 = CARTESIAN_POINT('',(-13.19272058314,17.854751014315,
    542.00316888114));
#3535 = CARTESIAN_POINT('',(-13.19456237991,17.853390006566,
    542.00180779729));
#3536 = CARTESIAN_POINT('',(-13.19656396711,17.85191053811,
    542.00068894287));
#3537 = CARTESIAN_POINT('',(-13.19869478989,17.850335103162,542.));
#3538 = CARTESIAN_POINT('',(-13.20088956482,17.8487118498,542.));
#3539 = PCURVE('',#31,#3540);
#3540 = DEFINITIONAL_REPRESENTATION('',(#3541),#3646);
#3541 = B_SPLINE_CURVE_WITH_KNOTS('',7,(#3542,#3543,#3544,#3545,#3546,
    #3547,#3548,#3549,#3550,#3551,#3552,#3553,#3554,#3555,#3556,#3557,
    #3558,#3559,#3560,#3561,#3562,#3563,#3564,#3565,#3566,#3567,#3568,
    #3569,#3570,#3571,#3572,#3573,#3574,#3575,#3576,#3577,#3578,#3579,
    #3580,#3581,#3582,#3583,#3584,#3585,#3586,#3587,#3588,#3589,#3590,
    #3591,#3592,#3593,#3594,#3595,#3596,#3597,#3598,#3599,#3600,#3601,
    #3602,#3603,#3604,#3605,#3606,#3607,#3608,#3609,#3610,#3611,#3612,
    #3613,#3614,#3615,#3616,#3617,#3618,#3619,#3620,#3621,#3622,#3623,
    #3624,#3625,#3626,#3627,#3628,#3629,#3630,#3631,#3632,#3633,#3634,
    #3635,#3636,#3637,#3638,#3639,#3640,#3641,#3642,#3643,#3644,#3645),
  .UNSPECIFIED.,.F.,.F.,(8,6,6,6,6,6,6,6,6,6,6,6,6,6,6,6,6,8),(0.,
    5.057452109444E-03,1.02018134741E-02,1.992633780165E-02,
    3.223262948457E-02,5.085981769791E-02,7.83985947115E-02,
    0.118767330449,0.188271593225,0.319356201274,0.537447957551,
    0.757095305002,0.894284875025,0.951395621483,0.976727863023,
    0.991190514602,0.997404251875,1.),.UNSPECIFIED.);
#3542 = CARTESIAN_POINT('',(-2.141603646869,-62.9));
#3543 = CARTESIAN_POINT('',(-2.141589637491,-62.89999999998));
#3544 = CARTESIAN_POINT('',(-2.141578699458,-62.89972380026));
#3545 = CARTESIAN_POINT('',(-2.1415710061,-62.89915538987));
#3546 = CARTESIAN_POINT('',(-2.141566714225,-62.89827999825));
#3547 = CARTESIAN_POINT('',(-2.141565926506,-62.89708832614));
#3548 = CARTESIAN_POINT('',(-2.141568653871,-62.89558077638));
#3549 = CARTESIAN_POINT('',(-2.141581007138,-62.89193150511));
#3550 = CARTESIAN_POINT('',(-2.141590754477,-62.88977821391));
#3551 = CARTESIAN_POINT('',(-2.141603892583,-62.88732745979));
#3552 = CARTESIAN_POINT('',(-2.141620164927,-62.88460550781));
#3553 = CARTESIAN_POINT('',(-2.141639232887,-62.8816453716));
#3554 = CARTESIAN_POINT('',(-2.141660722862,-62.87848294548));
#3555 = CARTESIAN_POINT('',(-2.141728791595,-62.8688587095));
#3556 = CARTESIAN_POINT('',(-2.141780593795,-62.86197702157));
#3557 = CARTESIAN_POINT('',(-2.141837596381,-62.85468766531));
#3558 = CARTESIAN_POINT('',(-2.141898144455,-62.84713700946));
#3559 = CARTESIAN_POINT('',(-2.141961094895,-62.83942446157));
#3560 = CARTESIAN_POINT('',(-2.142025825105,-62.83159812291));
#3561 = CARTESIAN_POINT('',(-2.14217612309,-62.81361401019));
#3562 = CARTESIAN_POINT('',(-2.142262363251,-62.80342441558));
#3563 = CARTESIAN_POINT('',(-2.142350128788,-62.79314405875));
#3564 = CARTESIAN_POINT('',(-2.142438966895,-62.78280640475));
#3565 = CARTESIAN_POINT('',(-2.142528595833,-62.77243164509));
#3566 = CARTESIAN_POINT('',(-2.142618845929,-62.76202942756));
#3567 = CARTESIAN_POINT('',(-2.142847161352,-62.73580878505));
#3568 = CARTESIAN_POINT('',(-2.142985828149,-62.7199695416));
#3569 = CARTESIAN_POINT('',(-2.143125305942,-62.70409987383));
#3570 = CARTESIAN_POINT('',(-2.143265385408,-62.68821171567));
#3571 = CARTESIAN_POINT('',(-2.143405938146,-62.67231204614));
#3572 = CARTESIAN_POINT('',(-2.1435468816,-62.6564040282));
#3573 = CARTESIAN_POINT('',(-2.143897102854,-62.6169540288));
#3574 = CARTESIAN_POINT('',(-2.144106757803,-62.59340704051));
#3575 = CARTESIAN_POINT('',(-2.14431698335,-62.56985160215));
#3576 = CARTESIAN_POINT('',(-2.144527683471,-62.54629138939));
#3577 = CARTESIAN_POINT('',(-2.144738798417,-62.52272853586));
#3578 = CARTESIAN_POINT('',(-2.144950287336,-62.49916394823));
#3579 = CARTESIAN_POINT('',(-2.14547267408,-62.44105102382));
#3580 = CARTESIAN_POINT('',(-2.145783963112,-62.40650217945));
#3581 = CARTESIAN_POINT('',(-2.146095915527,-62.37195229089));
#3582 = CARTESIAN_POINT('',(-2.146408485582,-62.3374023882));
#3583 = CARTESIAN_POINT('',(-2.146721645578,-62.30285306106));
#3584 = CARTESIAN_POINT('',(-2.147035376597,-62.26830452117));
#3585 = CARTESIAN_POINT('',(-2.147890801107,-62.17427418057));
#3586 = CARTESIAN_POINT('',(-2.148433591283,-62.11479446834));
#3587 = CARTESIAN_POINT('',(-2.148977983911,-62.05531795035));
#3588 = CARTESIAN_POINT('',(-2.149523963031,-61.99584499755));
#3589 = CARTESIAN_POINT('',(-2.150071529766,-61.93637582182));
#3590 = CARTESIAN_POINT('',(-2.150620692156,-61.8769104611));
#3591 = CARTESIAN_POINT('',(-2.152210230231,-61.7053043948));
#3592 = CARTESIAN_POINT('',(-2.153254726534,-61.59317372998));
#3593 = CARTESIAN_POINT('',(-2.154305068067,-61.48105702797));
#3594 = CARTESIAN_POINT('',(-2.155361430451,-61.36895482016));
#3595 = CARTESIAN_POINT('',(-2.15642402451,-61.25686770253));
#3596 = CARTESIAN_POINT('',(-2.157493087703,-61.14479625154));
#3597 = CARTESIAN_POINT('',(-2.160358772891,-60.84630949015));
#3598 = CARTESIAN_POINT('',(-2.162167318479,-60.65992340506));
#3599 = CARTESIAN_POINT('',(-2.163995794262,-60.47358596813));
#3600 = CARTESIAN_POINT('',(-2.165845736368,-60.28730153831));
#3601 = CARTESIAN_POINT('',(-2.167718967632,-60.10107554465));
#3602 = CARTESIAN_POINT('',(-2.169617768879,-59.9149148522));
#3603 = CARTESIAN_POINT('',(-2.173486400098,-59.54141510677));
#3604 = CARTESIAN_POINT('',(-2.17545661914,-59.3540786642));
#3605 = CARTESIAN_POINT('',(-2.177459072692,-59.16682725999));
#3606 = CARTESIAN_POINT('',(-2.179497597144,-58.97967260635));
#3607 = CARTESIAN_POINT('',(-2.181577782871,-58.79263348399));
#3608 = CARTESIAN_POINT('',(-2.183706404983,-58.60573397675));
#3609 = CARTESIAN_POINT('',(-2.187265518826,-58.30240041237));
#3610 = CARTESIAN_POINT('',(-2.188658021931,-58.18585770028));
#3611 = CARTESIAN_POINT('',(-2.190078316663,-58.06939940582));
#3612 = CARTESIAN_POINT('',(-2.191530169012,-57.95303764809));
#3613 = CARTESIAN_POINT('',(-2.193021377651,-57.83680349566));
#3614 = CARTESIAN_POINT('',(-2.194558845542,-57.72072904051));
#3615 = CARTESIAN_POINT('',(-2.196835975224,-57.55669597406));
#3616 = CARTESIAN_POINT('',(-2.197517434733,-57.50852921599));
#3617 = CARTESIAN_POINT('',(-2.198212927585,-57.46041467711));
#3618 = CARTESIAN_POINT('',(-2.198924511661,-57.41236062748));
#3619 = CARTESIAN_POINT('',(-2.199656081577,-57.36438645059));
#3620 = CARTESIAN_POINT('',(-2.200411455224,-57.31651405078));
#3621 = CARTESIAN_POINT('',(-2.201553255885,-57.24763892808));
#3622 = CARTESIAN_POINT('',(-2.201911085262,-57.22650993733));
#3623 = CARTESIAN_POINT('',(-2.202276852991,-57.20541745181));
#3624 = CARTESIAN_POINT('',(-2.202652198817,-57.18437012063));
#3625 = CARTESIAN_POINT('',(-2.203038796382,-57.16337912373));
#3626 = CARTESIAN_POINT('',(-2.203439334567,-57.14246335399));
#3627 = CARTESIAN_POINT('',(-2.204100379696,-57.10978870887));
#3628 = CARTESIAN_POINT('',(-2.204347015282,-57.09796089202));
#3629 = CARTESIAN_POINT('',(-2.204601679177,-57.08618009584));
#3630 = CARTESIAN_POINT('',(-2.204865373073,-57.07444833877));
#3631 = CARTESIAN_POINT('',(-2.205142148253,-57.06280207101));
#3632 = CARTESIAN_POINT('',(-2.205433221989,-57.05126319142));
#3633 = CARTESIAN_POINT('',(-2.205889166064,-57.03509663659));
#3634 = CARTESIAN_POINT('',(-2.206031624994,-57.03033307462));
#3635 = CARTESIAN_POINT('',(-2.20617899991,-57.02560404731));
#3636 = CARTESIAN_POINT('',(-2.206332908512,-57.02090843143));
#3637 = CARTESIAN_POINT('',(-2.206497107308,-57.0163043109));
#3638 = CARTESIAN_POINT('',(-2.206677491617,-57.01190897673));
#3639 = CARTESIAN_POINT('',(-2.206967567532,-57.00622375501));
#3640 = CARTESIAN_POINT('',(-2.207055457468,-57.00465586159));
#3641 = CARTESIAN_POINT('',(-2.207149890927,-57.00316888114));
#3642 = CARTESIAN_POINT('',(-2.207253048578,-57.00180779728));
#3643 = CARTESIAN_POINT('',(-2.207365166211,-57.00068894287));
#3644 = CARTESIAN_POINT('',(-2.207484534738,-57.));
#3645 = CARTESIAN_POINT('',(-2.20760750019,-57.));
#3646 = ( GEOMETRIC_REPRESENTATION_CONTEXT(2) 
PARAMETRIC_REPRESENTATION_CONTEXT() REPRESENTATION_CONTEXT('2D SPACE',''
  ) );
#3647 = PCURVE('',#3648,#3665);
#3648 = B_SPLINE_SURFACE_WITH_KNOTS('',7,1,(
    (#3649,#3650)
    ,(#3651,#3652)
    ,(#3653,#3654)
    ,(#3655,#3656)
    ,(#3657,#3658)
    ,(#3659,#3660)
    ,(#3661,#3662)
    ,(#3663,#3664
    )),.UNSPECIFIED.,.F.,.F.,.F.,(8,8),(2,2),(0.,1.523587782319),(0.,1.)
  ,.PIECEWISE_BEZIER_KNOTS.);
#3649 = CARTESIAN_POINT('',(-12.73952530903,20.065505099559,542.));
#3650 = CARTESIAN_POINT('',(-11.97863085885,18.747597252644,547.9));
#3651 = CARTESIAN_POINT('',(-12.5625329748,19.758945384113,542.));
#3652 = CARTESIAN_POINT('',(-11.97318947391,18.73817249747,547.9));
#3653 = CARTESIAN_POINT('',(-12.46001492255,19.40938902552,
    541.99999999999));
#3654 = CARTESIAN_POINT('',(-11.97014119295,18.727366839368,547.9));
#3655 = CARTESIAN_POINT('',(-12.44449406084,19.03854464672,
    542.00000000001));
#3656 = CARTESIAN_POINT('',(-11.96990768494,18.715904919009,547.9));
#3657 = CARTESIAN_POINT('',(-12.5206358287,18.672693684302,
    541.99999999999));
#3658 = CARTESIAN_POINT('',(-11.97263135932,18.704687361007,547.9));
#3659 = CARTESIAN_POINT('',(-12.68282137086,18.338833982705,542.));
#3660 = CARTESIAN_POINT('',(-11.97809501004,18.694608736841,547.9));
#3661 = CARTESIAN_POINT('',(-12.91628729695,18.05920340458,
    541.99999999999));
#3662 = CARTESIAN_POINT('',(-11.98575908078,18.686404086719,547.9));
#3663 = CARTESIAN_POINT('',(-13.20088956482,17.8487118498,542.));
#3664 = CARTESIAN_POINT('',(-11.99491655122,18.680524000391,547.9));
#3665 = DEFINITIONAL_REPRESENTATION('',(#3666),#3771);
#3666 = B_SPLINE_CURVE_WITH_KNOTS('',7,(#3667,#3668,#3669,#3670,#3671,
    #3672,#3673,#3674,#3675,#3676,#3677,#3678,#3679,#3680,#3681,#3682,
    #3683,#3684,#3685,#3686,#3687,#3688,#3689,#3690,#3691,#3692,#3693,
    #3694,#3695,#3696,#3697,#3698,#3699,#3700,#3701,#3702,#3703,#3704,
    #3705,#3706,#3707,#3708,#3709,#3710,#3711,#3712,#3713,#3714,#3715,
    #3716,#3717,#3718,#3719,#3720,#3721,#3722,#3723,#3724,#3725,#3726,
    #3727,#3728,#3729,#3730,#3731,#3732,#3733,#3734,#3735,#3736,#3737,
    #3738,#3739,#3740,#3741,#3742,#3743,#3744,#3745,#3746,#3747,#3748,
    #3749,#3750,#3751,#3752,#3753,#3754,#3755,#3756,#3757,#3758,#3759,
    #3760,#3761,#3762,#3763,#3764,#3765,#3766,#3767,#3768,#3769,#3770),
  .UNSPECIFIED.,.F.,.F.,(8,6,6,6,6,6,6,6,6,6,6,6,6,6,6,6,6,8),(0.,
    5.057452109444E-03,1.02018134741E-02,1.992633780165E-02,
    3.223262948457E-02,5.085981769791E-02,7.83985947115E-02,
    0.118767330449,0.188271593225,0.319356201274,0.537447957551,
    0.757095305002,0.894284875025,0.951395621483,0.976727863023,
    0.991190514602,0.997404251875,1.),.UNSPECIFIED.);
#3667 = CARTESIAN_POINT('',(1.52358778201,1.));
#3668 = CARTESIAN_POINT('',(1.517367618078,0.999999999998));
#3669 = CARTESIAN_POINT('',(1.511140454418,0.999953186486));
#3670 = CARTESIAN_POINT('',(1.504940909973,0.999856845742));
#3671 = CARTESIAN_POINT('',(1.498808403122,0.999708474281));
#3672 = CARTESIAN_POINT('',(1.492785604945,0.999506495957));
#3673 = CARTESIAN_POINT('',(1.486916892479,0.999250979049));
#3674 = CARTESIAN_POINT('',(1.475479274412,0.998632458494));
#3675 = CARTESIAN_POINT('',(1.469913194429,0.998267493884));
#3676 = CARTESIAN_POINT('',(1.464597676795,0.997852111829));
#3677 = CARTESIAN_POINT('',(1.459561451297,0.997390764036));
#3678 = CARTESIAN_POINT('',(1.454817077109,0.996889046034));
#3679 = CARTESIAN_POINT('',(1.450365157158,0.996353041608));
#3680 = CARTESIAN_POINT('',(1.438322307862,0.99472181517));
#3681 = CARTESIAN_POINT('',(1.431479353727,0.993555427386));
#3682 = CARTESIAN_POINT('',(1.425537136483,0.992319943273));
#3683 = CARTESIAN_POINT('',(1.420346639667,0.991040171096));
#3684 = CARTESIAN_POINT('',(1.415774485446,0.989732959589));
#3685 = CARTESIAN_POINT('',(1.411712906872,0.988406461511));
#3686 = CARTESIAN_POINT('',(1.403454478736,0.985358306813));
#3687 = CARTESIAN_POINT('',(1.399524434217,0.983631256879));
#3688 = CARTESIAN_POINT('',(1.39610439927,0.981888823518));
#3689 = CARTESIAN_POINT('',(1.393090649814,0.980136678773));
#3690 = CARTESIAN_POINT('',(1.390410655608,0.978378244932));
#3691 = CARTESIAN_POINT('',(1.38800538876,0.976615157215));
#3692 = CARTESIAN_POINT('',(1.382542494038,0.972170980517));
#3693 = CARTESIAN_POINT('',(1.379786959246,0.969486362984));
#3694 = CARTESIAN_POINT('',(1.377417881548,0.966796588785));
#3695 = CARTESIAN_POINT('',(1.375352276414,0.964103680623));
#3696 = CARTESIAN_POINT('',(1.373534576156,0.961408821381));
#3697 = CARTESIAN_POINT('',(1.371919712998,0.958712547153));
#3698 = CARTESIAN_POINT('',(1.36834277482,0.952026106578));
#3699 = CARTESIAN_POINT('',(1.366584051609,0.948035091612));
#3700 = CARTESIAN_POINT('',(1.365097275487,0.944042644434));
#3701 = CARTESIAN_POINT('',(1.363824106612,0.940049388033));
#3702 = CARTESIAN_POINT('',(1.36272552851,0.936055684045));
#3703 = CARTESIAN_POINT('',(1.361770142416,0.932061686142));
#3704 = CARTESIAN_POINT('',(1.359713553106,0.922212037937));
#3705 = CARTESIAN_POINT('',(1.35875140163,0.916356301602));
#3706 = CARTESIAN_POINT('',(1.357979285013,0.910500388286));
#3707 = CARTESIAN_POINT('',(1.357356953116,0.904644472576));
#3708 = CARTESIAN_POINT('',(1.35685741338,0.898788654417));
#3709 = CARTESIAN_POINT('',(1.35645905209,0.89293296969));
#3710 = CARTESIAN_POINT('',(1.355609065215,0.876995623825));
#3711 = CARTESIAN_POINT('',(1.355326007638,0.866914316668));
#3712 = CARTESIAN_POINT('',(1.355219181761,0.856833550908));
#3713 = CARTESIAN_POINT('',(1.355248479347,0.846753389416));
#3714 = CARTESIAN_POINT('',(1.355388605726,0.836673868106));
#3715 = CARTESIAN_POINT('',(1.355618828615,0.826594993408));
#3716 = CARTESIAN_POINT('',(1.356505195135,0.797509219458));
#3717 = CARTESIAN_POINT('',(1.357356986186,0.778504022032));
#3718 = CARTESIAN_POINT('',(1.358389953532,0.759501191182));
#3719 = CARTESIAN_POINT('',(1.359565798733,0.740500816977));
#3720 = CARTESIAN_POINT('',(1.360863237366,0.72150300043));
#3721 = CARTESIAN_POINT('',(1.36226363195,0.702507839244));
#3722 = CARTESIAN_POINT('',(1.366245105692,0.651916862738));
#3723 = CARTESIAN_POINT('',(1.368991842219,0.620326000858));
#3724 = CARTESIAN_POINT('',(1.371953197401,0.588743384429));
#3725 = CARTESIAN_POINT('',(1.375118697536,0.557169752257));
#3726 = CARTESIAN_POINT('',(1.378490962124,0.525606024517));
#3727 = CARTESIAN_POINT('',(1.382078940677,0.49405336478));
#3728 = CARTESIAN_POINT('',(1.389760662138,0.430748323182));
#3729 = CARTESIAN_POINT('',(1.393857554919,0.398996383763));
#3730 = CARTESIAN_POINT('',(1.398220647801,0.367258857627));
#3731 = CARTESIAN_POINT('',(1.402883626953,0.335537729891));
#3732 = CARTESIAN_POINT('',(1.407902294787,0.303836183728));
#3733 = CARTESIAN_POINT('',(1.41334600812,0.272158301145));
#3734 = CARTESIAN_POINT('',(1.423132972859,0.220745832606));
#3735 = CARTESIAN_POINT('',(1.427121630958,0.200992830557));
#3736 = CARTESIAN_POINT('',(1.431377440036,0.181254136581));
#3737 = CARTESIAN_POINT('',(1.435942690887,0.161531804763));
#3738 = CARTESIAN_POINT('',(1.440913463286,0.14183110096));
#3739 = CARTESIAN_POINT('',(1.446371337892,0.122157464495));
#3740 = CARTESIAN_POINT('',(1.455231429828,9.43552498422E-02));
#3741 = CARTESIAN_POINT('',(1.457973739017,8.619139254137E-02));
#3742 = CARTESIAN_POINT('',(1.460878310937,7.803638595156E-02));
#3743 = CARTESIAN_POINT('',(1.463971714079,6.989163177701E-02));
#3744 = CARTESIAN_POINT('',(1.467306303367,6.176041535493E-02));
#3745 = CARTESIAN_POINT('',(1.470933054643,5.364644928511E-02));
#3746 = CARTESIAN_POINT('',(1.476824151845,4.197269967555E-02));
#3747 = CARTESIAN_POINT('',(1.478723865552,3.83915148022E-02));
#3748 = CARTESIAN_POINT('',(1.480725812062,3.481651725698E-02));
#3749 = CARTESIAN_POINT('',(1.482852836933,3.124917298914E-02));
#3750 = CARTESIAN_POINT('',(1.485128480192,2.769137690336E-02));
#3751 = CARTESIAN_POINT('',(1.487590981987,2.414633118478E-02));
#3752 = CARTESIAN_POINT('',(1.491894965634,1.860825574218E-02));
#3753 = CARTESIAN_POINT('',(1.493547978806,1.660354102182E-02));
#3754 = CARTESIAN_POINT('',(1.495311814605,1.460679590645E-02));
#3755 = CARTESIAN_POINT('',(1.49720001099,1.261836250451E-02));
#3756 = CARTESIAN_POINT('',(1.499272650683,1.064441881641E-02));
#3757 = CARTESIAN_POINT('',(1.501548858111,8.688676512036E-03));
#3758 = CARTESIAN_POINT('',(1.505382856722,5.948582472997E-03));
#3759 = CARTESIAN_POINT('',(1.506621802738,5.141199089412E-03));
#3760 = CARTESIAN_POINT('',(1.507931201638,4.339669035726E-03));
#3761 = CARTESIAN_POINT('',(1.509332830297,3.543801938139E-03));
#3762 = CARTESIAN_POINT('',(1.510886529556,2.763442526336E-03));
#3763 = CARTESIAN_POINT('',(1.512690204224,2.018470633481E-03));
#3764 = CARTESIAN_POINT('',(1.515794522041,1.054873731912E-03));
#3765 = CARTESIAN_POINT('',(1.516758073405,7.891290833744E-04));
#3766 = CARTESIAN_POINT('',(1.517822530461,5.370984992692E-04));
#3767 = CARTESIAN_POINT('',(1.519024440811,3.064063202457E-04));
#3768 = CARTESIAN_POINT('',(1.520384846369,1.167699789427E-04));
#3769 = CARTESIAN_POINT('',(1.521909283359,-1.172020987956E-14));
#3770 = CARTESIAN_POINT('',(1.523587782319,0.));
#3771 = ( GEOMETRIC_REPRESENTATION_CONTEXT(2) 
PARAMETRIC_REPRESENTATION_CONTEXT() REPRESENTATION_CONTEXT('2D SPACE',''
  ) );
#3772 = ORIENTED_EDGE('',*,*,#3773,.T.);
#3773 = EDGE_CURVE('',#3431,#3774,#3776,.T.);
#3774 = VERTEX_POINT('',#3775);
#3775 = CARTESIAN_POINT('',(-11.95475842428,18.706248983078,547.9));
#3776 = SURFACE_CURVE('',#3777,(#3782,#3789),.PCURVE_S1.);
#3777 = CIRCLE('',#3778,22.2);
#3778 = AXIS2_PLACEMENT_3D('',#3779,#3780,#3781);
#3779 = CARTESIAN_POINT('',(0.,0.,547.9));
#3780 = DIRECTION('',(0.,0.,-1.));
#3781 = DIRECTION('',(1.,0.,0.));
#3782 = PCURVE('',#31,#3783);
#3783 = DEFINITIONAL_REPRESENTATION('',(#3784),#3788);
#3784 = LINE('',#3785,#3786);
#3785 = CARTESIAN_POINT('',(-6.28318530718,-62.9));
#3786 = VECTOR('',#3787,1.);
#3787 = DIRECTION('',(1.,-0.));
#3788 = ( GEOMETRIC_REPRESENTATION_CONTEXT(2) 
PARAMETRIC_REPRESENTATION_CONTEXT() REPRESENTATION_CONTEXT('2D SPACE',''
  ) );
#3789 = PCURVE('',#3790,#3795);
#3790 = PLANE('',#3791);
#3791 = AXIS2_PLACEMENT_3D('',#3792,#3793,#3794);
#3792 = CARTESIAN_POINT('',(-12.02193212904,18.722597252644,547.9));
#3793 = DIRECTION('',(-0.,0.,-1.));
#3794 = DIRECTION('',(0.866025403784,0.5,0.));
#3795 = DEFINITIONAL_REPRESENTATION('',(#3796),#3800);
#3796 = CIRCLE('',#3797,22.2);
#3797 = AXIS2_PLACEMENT_2D('',#3798,#3799);
#3798 = CARTESIAN_POINT('',(1.05,22.225210910135));
#3799 = DIRECTION('',(0.866025403784,0.5));
#3800 = ( GEOMETRIC_REPRESENTATION_CONTEXT(2) 
PARAMETRIC_REPRESENTATION_CONTEXT() REPRESENTATION_CONTEXT('2D SPACE',''
  ) );
#3801 = ORIENTED_EDGE('',*,*,#3802,.F.);
#3802 = EDGE_CURVE('',#3803,#3774,#3805,.T.);
#3803 = VERTEX_POINT('',#3804);
#3804 = CARTESIAN_POINT('',(-11.95475842428,18.706248983078,547.7));
#3805 = SURFACE_CURVE('',#3806,(#3813,#3823),.PCURVE_S1.);
#3806 = B_SPLINE_CURVE_WITH_KNOTS('',5,(#3807,#3808,#3809,#3810,#3811,
    #3812),.UNSPECIFIED.,.F.,.F.,(6,6),(0.,1.),
  .PIECEWISE_BEZIER_KNOTS.);
#3807 = CARTESIAN_POINT('',(-11.95475842428,18.706248983078,547.69999646
    ));
#3808 = CARTESIAN_POINT('',(-11.95475842428,18.706248983078,
    547.74305520009));
#3809 = CARTESIAN_POINT('',(-11.95475842428,18.706248983078,
    547.78476761066));
#3810 = CARTESIAN_POINT('',(-11.95475842428,18.706248983078,
    547.82493056693));
#3811 = CARTESIAN_POINT('',(-11.95475842428,18.706248983078,
    547.86337605746));
#3812 = CARTESIAN_POINT('',(-11.95475842428,18.706248983078,547.9));
#3813 = PCURVE('',#31,#3814);
#3814 = DEFINITIONAL_REPRESENTATION('',(#3815),#3822);
#3815 = B_SPLINE_CURVE_WITH_KNOTS('',5,(#3816,#3817,#3818,#3819,#3820,
    #3821),.UNSPECIFIED.,.F.,.F.,(6,6),(0.,1.),
  .PIECEWISE_BEZIER_KNOTS.);
#3816 = CARTESIAN_POINT('',(-2.139455394518,-62.69999646));
#3817 = CARTESIAN_POINT('',(-2.139455394518,-62.74305520009));
#3818 = CARTESIAN_POINT('',(-2.139455394518,-62.78476761066));
#3819 = CARTESIAN_POINT('',(-2.139455394518,-62.82493056693));
#3820 = CARTESIAN_POINT('',(-2.139455394518,-62.86337605746));
#3821 = CARTESIAN_POINT('',(-2.139455394518,-62.9));
#3822 = ( GEOMETRIC_REPRESENTATION_CONTEXT(2) 
PARAMETRIC_REPRESENTATION_CONTEXT() REPRESENTATION_CONTEXT('2D SPACE',''
  ) );
#3823 = PCURVE('',#3824,#3829);
#3824 = B_SPLINE_SURFACE_WITH_KNOTS('',1,1,(
    (#3825,#3826)
    ,(#3827,#3828
    )),.UNSPECIFIED.,.F.,.F.,.F.,(2,2),(2,2),(0.,1.769738834666),(0.,1.)
  ,.PIECEWISE_BEZIER_KNOTS.);
#3825 = CARTESIAN_POINT('',(-11.8546558917,18.532866310674,542.));
#3826 = CARTESIAN_POINT('',(-11.8546558917,18.532866310674,547.9));
#3827 = CARTESIAN_POINT('',(-12.73952530903,20.065505099559,542.));
#3828 = CARTESIAN_POINT('',(-11.97863085885,18.747597252644,547.9));
#3829 = DEFINITIONAL_REPRESENTATION('',(#3830),#3837);
#3830 = B_SPLINE_CURVE_WITH_KNOTS('',5,(#3831,#3832,#3833,#3834,#3835,
    #3836),.UNSPECIFIED.,.F.,.F.,(6,6),(0.,1.),
  .PIECEWISE_BEZIER_KNOTS.);
#3831 = CARTESIAN_POINT('',(1.182861493129,0.966101094915));
#3832 = CARTESIAN_POINT('',(1.226719335741,0.973399186457));
#3833 = CARTESIAN_POINT('',(1.273270977843,0.980469086554));
#3834 = CARTESIAN_POINT('',(1.32255631657,0.987276367277));
#3835 = CARTESIAN_POINT('',(1.374519862024,0.993792552112));
#3836 = CARTESIAN_POINT('',(1.428960567102,1.));
#3837 = ( GEOMETRIC_REPRESENTATION_CONTEXT(2) 
PARAMETRIC_REPRESENTATION_CONTEXT() REPRESENTATION_CONTEXT('2D SPACE',''
  ) );
#3838 = ORIENTED_EDGE('',*,*,#3839,.T.);
#3839 = EDGE_CURVE('',#3803,#3840,#3842,.T.);
#3840 = VERTEX_POINT('',#3841);
#3841 = CARTESIAN_POINT('',(-11.70621778264,18.875763964015,548.));
#3842 = SURFACE_CURVE('',#3843,(#3853,#3866),.PCURVE_S1.);
#3843 = B_SPLINE_CURVE_WITH_KNOTS('',8,(#3844,#3845,#3846,#3847,#3848,
    #3849,#3850,#3851,#3852),.UNSPECIFIED.,.F.,.F.,(9,9),(0.,1.),
  .PIECEWISE_BEZIER_KNOTS.);
#3844 = CARTESIAN_POINT('',(-11.95475842428,18.706248983078,547.7));
#3845 = CARTESIAN_POINT('',(-11.95475842428,18.706248983078,
    547.75716299937));
#3846 = CARTESIAN_POINT('',(-11.94425901272,18.712958932992,
    547.81536941489));
#3847 = CARTESIAN_POINT('',(-11.92258779181,18.726808531802,
    547.87066986989));
#3848 = CARTESIAN_POINT('',(-11.8906629403,18.747164507035,
    547.91941768658));
#3849 = CARTESIAN_POINT('',(-11.85004496861,18.772921986868,
    547.95864607982));
#3850 = CARTESIAN_POINT('',(-11.80301206435,18.802527107648,
    547.98600801877));
#3851 = CARTESIAN_POINT('',(-11.75222558905,18.834247263839,548.));
#3852 = CARTESIAN_POINT('',(-11.70069839239,18.866204099665,548.));
#3853 = PCURVE('',#31,#3854);
#3854 = DEFINITIONAL_REPRESENTATION('',(#3855),#3865);
#3855 = B_SPLINE_CURVE_WITH_KNOTS('',8,(#3856,#3857,#3858,#3859,#3860,
    #3861,#3862,#3863,#3864),.UNSPECIFIED.,.F.,.F.,(9,9),(0.,1.),
  .PIECEWISE_BEZIER_KNOTS.);
#3856 = CARTESIAN_POINT('',(-2.139455394518,-62.7));
#3857 = CARTESIAN_POINT('',(-2.139455394518,-62.75716299937));
#3858 = CARTESIAN_POINT('',(-2.138894116043,-62.81536941489));
#3859 = CARTESIAN_POINT('',(-2.137735615143,-62.87066986989));
#3860 = CARTESIAN_POINT('',(-2.136030100431,-62.91941768658));
#3861 = CARTESIAN_POINT('',(-2.133863611961,-62.95864607982));
#3862 = CARTESIAN_POINT('',(-2.131360267864,-62.98600801877));
#3863 = CARTESIAN_POINT('',(-2.128663051696,-63.));
#3864 = CARTESIAN_POINT('',(-2.125931861236,-63.));
#3865 = ( GEOMETRIC_REPRESENTATION_CONTEXT(2) 
PARAMETRIC_REPRESENTATION_CONTEXT() REPRESENTATION_CONTEXT('2D SPACE',''
  ) );
#3866 = PCURVE('',#3867,#3872);
#3867 = CYLINDRICAL_SURFACE('',#3868,0.3);
#3868 = AXIS2_PLACEMENT_3D('',#3869,#3870,#3871);
#3869 = CARTESIAN_POINT('',(-11.70621778264,18.875763964015,547.7));
#3870 = DIRECTION('',(0.5,-0.866025403784,0.));
#3871 = DIRECTION('',(-0.866025403784,-0.5,0.));
#3872 = DEFINITIONAL_REPRESENTATION('',(#3873),#3883);
#3873 = B_SPLINE_CURVE_WITH_KNOTS('',8,(#3874,#3875,#3876,#3877,#3878,
    #3879,#3880,#3881,#3882),.UNSPECIFIED.,.F.,.F.,(9,9),(0.,1.),
  .PIECEWISE_BEZIER_KNOTS.);
#3874 = CARTESIAN_POINT('',(0.,2.253395899343E-02));
#3875 = CARTESIAN_POINT('',(-0.190543331249,2.253395899343E-02));
#3876 = CARTESIAN_POINT('',(-0.384559813946,2.197267769267E-02));
#3877 = CARTESIAN_POINT('',(-0.57946407542,2.081418374448E-02));
#3878 = CARTESIAN_POINT('',(-0.775117991379,1.914781782795E-02));
#3879 = CARTESIAN_POINT('',(-0.971632193663,1.715017179965E-02));
#3880 = CARTESIAN_POINT('',(-1.169314853585,1.502783725163E-02));
#3881 = CARTESIAN_POINT('',(-1.36878872945,1.295061383281E-02));
#3882 = CARTESIAN_POINT('',(-1.570796326795,1.103878051071E-02));
#3883 = ( GEOMETRIC_REPRESENTATION_CONTEXT(2) 
PARAMETRIC_REPRESENTATION_CONTEXT() REPRESENTATION_CONTEXT('2D SPACE',''
  ) );
#3884 = ORIENTED_EDGE('',*,*,#3885,.F.);
#3885 = EDGE_CURVE('',#3886,#3840,#3888,.T.);
#3886 = VERTEX_POINT('',#3887);
#3887 = CARTESIAN_POINT('',(-10.49378221735,19.575763964015,548.));
#3888 = SURFACE_CURVE('',#3889,(#3893,#3903),.PCURVE_S1.);
#3889 = LINE('',#3890,#3891);
#3890 = CARTESIAN_POINT('',(-10.49378221735,19.575763964015,548.));
#3891 = VECTOR('',#3892,1.);
#3892 = DIRECTION('',(-0.866025403784,-0.5,0.));
#3893 = PCURVE('',#31,#3894);
#3894 = DEFINITIONAL_REPRESENTATION('',(#3895),#3902);
#3895 = B_SPLINE_CURVE_WITH_KNOTS('',5,(#3896,#3897,#3898,#3899,#3900,
    #3901),.UNSPECIFIED.,.F.,.F.,(6,6),(0.,1.4),
  .PIECEWISE_BEZIER_KNOTS.);
#3896 = CARTESIAN_POINT('',(-2.062874014576,-63.));
#3897 = CARTESIAN_POINT('',(-2.075480361894,-63.));
#3898 = CARTESIAN_POINT('',(-2.08805088878,-63.));
#3899 = CARTESIAN_POINT('',(-2.100748913013,-62.99999999999));
#3900 = CARTESIAN_POINT('',(-2.11325226085,-63.));
#3901 = CARTESIAN_POINT('',(-2.125916190211,-63.));
#3902 = ( GEOMETRIC_REPRESENTATION_CONTEXT(2) 
PARAMETRIC_REPRESENTATION_CONTEXT() REPRESENTATION_CONTEXT('2D SPACE',''
  ) );
#3903 = PCURVE('',#3904,#3909);
#3904 = PLANE('',#3905);
#3905 = AXIS2_PLACEMENT_3D('',#3906,#3907,#3908);
#3906 = CARTESIAN_POINT('',(-37.92692307692,65.691357743987,550.));
#3907 = DIRECTION('',(-1.862505757293E-02,3.225954601021E-02,
    -0.999305973625));
#3908 = DIRECTION('',(0.499652986812,-0.865424359312,-3.725011514586E-02
    ));
#3909 = DEFINITIONAL_REPRESENTATION('',(#3910),#3914);
#3910 = LINE('',#3911,#3912);
#3911 = CARTESIAN_POINT('',(53.69110919976,-0.7));
#3912 = VECTOR('',#3913,1.);
#3913 = DIRECTION('',(1.889832946346E-15,1.));
#3914 = ( GEOMETRIC_REPRESENTATION_CONTEXT(2) 
PARAMETRIC_REPRESENTATION_CONTEXT() REPRESENTATION_CONTEXT('2D SPACE',''
  ) );
#3915 = ORIENTED_EDGE('',*,*,#3916,.T.);
#3916 = EDGE_CURVE('',#3886,#3917,#3919,.T.);
#3917 = VERTEX_POINT('',#3918);
#3918 = CARTESIAN_POINT('',(-10.22270761671,19.706248983078,547.7));
#3919 = SURFACE_CURVE('',#3920,(#3930,#3943),.PCURVE_S1.);
#3920 = B_SPLINE_CURVE_WITH_KNOTS('',8,(#3921,#3922,#3923,#3924,#3925,
    #3926,#3927,#3928,#3929),.UNSPECIFIED.,.F.,.F.,(9,9),(0.,1.),
  .PIECEWISE_BEZIER_KNOTS.);
#3921 = CARTESIAN_POINT('',(-10.48826282709,19.566204099665,548.));
#3922 = CARTESIAN_POINT('',(-10.43477557956,19.594875389567,548.));
#3923 = CARTESIAN_POINT('',(-10.38191282142,19.622996796433,
    547.98598264838));
#3924 = CARTESIAN_POINT('',(-10.33279318987,19.648906770745,
    547.95861649804));
#3925 = CARTESIAN_POINT('',(-10.29021610872,19.67118421192,
    547.91941624682));
#3926 = CARTESIAN_POINT('',(-10.25664384627,19.688644404186,
    547.87071798207));
#3927 = CARTESIAN_POINT('',(-10.23380279776,19.700493309226,
    547.81546100549));
#3928 = CARTESIAN_POINT('',(-10.22270761671,19.706248983078,
    547.75725194294));
#3929 = CARTESIAN_POINT('',(-10.22270761671,19.706248983078,547.7));
#3930 = PCURVE('',#31,#3931);
#3931 = DEFINITIONAL_REPRESENTATION('',(#3932),#3942);
#3932 = B_SPLINE_CURVE_WITH_KNOTS('',8,(#3933,#3934,#3935,#3936,#3937,
    #3938,#3939,#3940,#3941),.UNSPECIFIED.,.F.,.F.,(9,9),(0.,1.),
  .PIECEWISE_BEZIER_KNOTS.);
#3933 = CARTESIAN_POINT('',(-2.062858343551,-63.));
#3934 = CARTESIAN_POINT('',(-2.060124688762,-63.));
#3935 = CARTESIAN_POINT('',(-2.057427528931,-62.98598264838));
#3936 = CARTESIAN_POINT('',(-2.054926006063,-62.95861649805));
#3937 = CARTESIAN_POINT('',(-2.05276147341,-62.91941624682));
#3938 = CARTESIAN_POINT('',(-2.051056914897,-62.87071798208));
#3939 = CARTESIAN_POINT('',(-2.049897838859,-62.81546100549));
#3940 = CARTESIAN_POINT('',(-2.049334810269,-62.75725194294));
#3941 = CARTESIAN_POINT('',(-2.049334810269,-62.7));
#3942 = ( GEOMETRIC_REPRESENTATION_CONTEXT(2) 
PARAMETRIC_REPRESENTATION_CONTEXT() REPRESENTATION_CONTEXT('2D SPACE',''
  ) );
#3943 = PCURVE('',#3944,#3949);
#3944 = CYLINDRICAL_SURFACE('',#3945,0.3);
#3945 = AXIS2_PLACEMENT_3D('',#3946,#3947,#3948);
#3946 = CARTESIAN_POINT('',(-10.49378221735,19.575763964015,547.7));
#3947 = DIRECTION('',(0.5,-0.866025403784,0.));
#3948 = DIRECTION('',(0.,0.,1.));
#3949 = DEFINITIONAL_REPRESENTATION('',(#3950),#3960);
#3950 = B_SPLINE_CURVE_WITH_KNOTS('',8,(#3951,#3952,#3953,#3954,#3955,
    #3956,#3957,#3958,#3959),.UNSPECIFIED.,.F.,.F.,(9,9),(0.,1.),
  .PIECEWISE_BEZIER_KNOTS.);
#3951 = CARTESIAN_POINT('',(0.,1.103878051071E-02));
#3952 = CARTESIAN_POINT('',(-0.202189866975,1.295233886276E-02));
#3953 = CARTESIAN_POINT('',(-0.401659467043,1.502986519415E-02));
#3954 = CARTESIAN_POINT('',(-0.59924180543,1.715098500577E-02));
#3955 = CARTESIAN_POINT('',(-0.795612736733,1.914669559292E-02));
#3956 = CARTESIAN_POINT('',(-0.991124641638,2.081185675673E-02));
#3957 = CARTESIAN_POINT('',(-1.18593053391,2.197092824318E-02));
#3958 = CARTESIAN_POINT('',(-1.379956516996,2.253395899342E-02));
#3959 = CARTESIAN_POINT('',(-1.570796326795,2.253395899342E-02));
#3960 = ( GEOMETRIC_REPRESENTATION_CONTEXT(2) 
PARAMETRIC_REPRESENTATION_CONTEXT() REPRESENTATION_CONTEXT('2D SPACE',''
  ) );
#3961 = ORIENTED_EDGE('',*,*,#3962,.T.);
#3962 = EDGE_CURVE('',#3917,#3963,#3965,.T.);
#3963 = VERTEX_POINT('',#3964);
#3964 = CARTESIAN_POINT('',(-10.22270761671,19.706248983078,547.9));
#3965 = SURFACE_CURVE('',#3966,(#3973,#3983),.PCURVE_S1.);
#3966 = B_SPLINE_CURVE_WITH_KNOTS('',5,(#3967,#3968,#3969,#3970,#3971,
    #3972),.UNSPECIFIED.,.F.,.F.,(6,6),(0.,1.),
  .PIECEWISE_BEZIER_KNOTS.);
#3967 = CARTESIAN_POINT('',(-10.22270761671,19.706248983078,547.69999646
    ));
#3968 = CARTESIAN_POINT('',(-10.22270761671,19.706248983078,
    547.74305520009));
#3969 = CARTESIAN_POINT('',(-10.22270761671,19.706248983078,
    547.78476761066));
#3970 = CARTESIAN_POINT('',(-10.22270761671,19.706248983078,
    547.82493056693));
#3971 = CARTESIAN_POINT('',(-10.22270761671,19.706248983078,
    547.86337605746));
#3972 = CARTESIAN_POINT('',(-10.22270761671,19.706248983078,547.9));
#3973 = PCURVE('',#31,#3974);
#3974 = DEFINITIONAL_REPRESENTATION('',(#3975),#3982);
#3975 = B_SPLINE_CURVE_WITH_KNOTS('',5,(#3976,#3977,#3978,#3979,#3980,
    #3981),.UNSPECIFIED.,.F.,.F.,(6,6),(0.,1.),
  .PIECEWISE_BEZIER_KNOTS.);
#3976 = CARTESIAN_POINT('',(-2.049334810269,-62.69999646));
#3977 = CARTESIAN_POINT('',(-2.049334810269,-62.74305520009));
#3978 = CARTESIAN_POINT('',(-2.049334810269,-62.78476761066));
#3979 = CARTESIAN_POINT('',(-2.049334810269,-62.82493056693));
#3980 = CARTESIAN_POINT('',(-2.049334810269,-62.86337605746));
#3981 = CARTESIAN_POINT('',(-2.049334810269,-62.9));
#3982 = ( GEOMETRIC_REPRESENTATION_CONTEXT(2) 
PARAMETRIC_REPRESENTATION_CONTEXT() REPRESENTATION_CONTEXT('2D SPACE',''
  ) );
#3983 = PCURVE('',#3984,#3989);
#3984 = B_SPLINE_SURFACE_WITH_KNOTS('',1,1,(
    (#3985,#3986)
    ,(#3987,#3988
    )),.UNSPECIFIED.,.F.,.F.,.F.,(2,2),(2,2),(0.,1.769738834666),(0.,1.)
  ,.PIECEWISE_BEZIER_KNOTS.);
#3985 = CARTESIAN_POINT('',(-10.12260508413,19.532866310674,542.));
#3986 = CARTESIAN_POINT('',(-10.12260508413,19.532866310674,547.9));
#3987 = CARTESIAN_POINT('',(-11.00747450146,21.065505099559,542.));
#3988 = CARTESIAN_POINT('',(-10.24658005128,19.747597252644,547.9));
#3989 = DEFINITIONAL_REPRESENTATION('',(#3990),#3997);
#3990 = B_SPLINE_CURVE_WITH_KNOTS('',5,(#3991,#3992,#3993,#3994,#3995,
    #3996),.UNSPECIFIED.,.F.,.F.,(6,6),(0.,1.),
  .PIECEWISE_BEZIER_KNOTS.);
#3991 = CARTESIAN_POINT('',(1.182861493129,0.966101094915));
#3992 = CARTESIAN_POINT('',(1.226719335741,0.973399186457));
#3993 = CARTESIAN_POINT('',(1.273270977843,0.980469086554));
#3994 = CARTESIAN_POINT('',(1.32255631657,0.987276367277));
#3995 = CARTESIAN_POINT('',(1.374519862024,0.993792552112));
#3996 = CARTESIAN_POINT('',(1.428960567102,1.));
#3997 = ( GEOMETRIC_REPRESENTATION_CONTEXT(2) 
PARAMETRIC_REPRESENTATION_CONTEXT() REPRESENTATION_CONTEXT('2D SPACE',''
  ) );
#3998 = ORIENTED_EDGE('',*,*,#3999,.T.);
#3999 = EDGE_CURVE('',#3963,#4000,#4002,.T.);
#4000 = VERTEX_POINT('',#4001);
#4001 = CARTESIAN_POINT('',(-10.18035006473,19.728164449829,547.9));
#4002 = SURFACE_CURVE('',#4003,(#4008,#4015),.PCURVE_S1.);
#4003 = CIRCLE('',#4004,22.2);
#4004 = AXIS2_PLACEMENT_3D('',#4005,#4006,#4007);
#4005 = CARTESIAN_POINT('',(0.,0.,547.9));
#4006 = DIRECTION('',(0.,0.,-1.));
#4007 = DIRECTION('',(1.,0.,0.));
#4008 = PCURVE('',#31,#4009);
#4009 = DEFINITIONAL_REPRESENTATION('',(#4010),#4014);
#4010 = LINE('',#4011,#4012);
#4011 = CARTESIAN_POINT('',(-6.28318530718,-62.9));
#4012 = VECTOR('',#4013,1.);
#4013 = DIRECTION('',(1.,-0.));
#4014 = ( GEOMETRIC_REPRESENTATION_CONTEXT(2) 
PARAMETRIC_REPRESENTATION_CONTEXT() REPRESENTATION_CONTEXT('2D SPACE',''
  ) );
#4015 = PCURVE('',#4016,#4021);
#4016 = PLANE('',#4017);
#4017 = AXIS2_PLACEMENT_3D('',#4018,#4019,#4020);
#4018 = CARTESIAN_POINT('',(-10.20327878109,19.772597252644,547.9));
#4019 = DIRECTION('',(0.,0.,1.));
#4020 = DIRECTION('',(-0.866025403784,-0.5,0.));
#4021 = DEFINITIONAL_REPRESENTATION('',(#4022),#4030);
#4022 = ( BOUNDED_CURVE() B_SPLINE_CURVE(2,(#4023,#4024,#4025,#4026,
#4027,#4028,#4029),.UNSPECIFIED.,.T.,.F.) B_SPLINE_CURVE_WITH_KNOTS((1,2
    ,2,2,2,1),(-2.094395102393,0.,2.094395102393,4.188790204786,
6.28318530718,8.377580409573),.UNSPECIFIED.) CURVE() 
GEOMETRIC_REPRESENTATION_ITEM() RATIONAL_B_SPLINE_CURVE((1.,0.5,1.,0.5,
1.,0.5,1.)) REPRESENTATION_ITEM('') );
#4023 = CARTESIAN_POINT('',(-18.17576396401,33.325210910135));
#4024 = CARTESIAN_POINT('',(1.05,66.625210910135));
#4025 = CARTESIAN_POINT('',(20.275763964015,33.325210910135));
#4026 = CARTESIAN_POINT('',(39.501527928029,2.521091013538E-02));
#4027 = CARTESIAN_POINT('',(1.05,2.521091013536E-02));
#4028 = CARTESIAN_POINT('',(-37.40152792802,2.521091013534E-02));
#4029 = CARTESIAN_POINT('',(-18.17576396401,33.325210910135));
#4030 = ( GEOMETRIC_REPRESENTATION_CONTEXT(2) 
PARAMETRIC_REPRESENTATION_CONTEXT() REPRESENTATION_CONTEXT('2D SPACE',''
  ) );
#4031 = ORIENTED_EDGE('',*,*,#4032,.F.);
#4032 = EDGE_CURVE('',#2267,#4000,#4033,.T.);
#4033 = SURFACE_CURVE('',#4034,(#4149,#4267),.PCURVE_S1.);
#4034 = B_SPLINE_CURVE_WITH_KNOTS('',8,(#4035,#4036,#4037,#4038,#4039,
    #4040,#4041,#4042,#4043,#4044,#4045,#4046,#4047,#4048,#4049,#4050,
    #4051,#4052,#4053,#4054,#4055,#4056,#4057,#4058,#4059,#4060,#4061,
    #4062,#4063,#4064,#4065,#4066,#4067,#4068,#4069,#4070,#4071,#4072,
    #4073,#4074,#4075,#4076,#4077,#4078,#4079,#4080,#4081,#4082,#4083,
    #4084,#4085,#4086,#4087,#4088,#4089,#4090,#4091,#4092,#4093,#4094,
    #4095,#4096,#4097,#4098,#4099,#4100,#4101,#4102,#4103,#4104,#4105,
    #4106,#4107,#4108,#4109,#4110,#4111,#4112,#4113,#4114,#4115,#4116,
    #4117,#4118,#4119,#4120,#4121,#4122,#4123,#4124,#4125,#4126,#4127,
    #4128,#4129,#4130,#4131,#4132,#4133,#4134,#4135,#4136,#4137,#4138,
    #4139,#4140,#4141,#4142,#4143,#4144,#4145,#4146,#4147,#4148),
  .UNSPECIFIED.,.F.,.F.,(9,7,7,7,7,7,7,7,7,7,7,7,7,7,7,7,9),(0.,
    4.840740668617E-03,1.416515717888E-02,2.971159366656E-02,
    6.310547454498E-02,0.139065825817,0.32754325774,0.680038941525,
    0.854356983106,0.904573679548,0.937047465635,0.959632917912,
    0.975028166177,0.985561606505,0.991240166181,0.995073992904,1.),
  .UNSPECIFIED.);
#4035 = CARTESIAN_POINT('',(-8.856993191843,20.356661602523,542.));
#4036 = CARTESIAN_POINT('',(-8.860983242214,20.354925568901,
    542.00000003209));
#4037 = CARTESIAN_POINT('',(-8.864622868566,20.353340944303,
    542.00162643153));
#4038 = CARTESIAN_POINT('',(-8.867918720183,20.351905140212,
    542.00402944476));
#4039 = CARTESIAN_POINT('',(-8.87087381175,20.350617146208,542.006695203
    ));
#4040 = CARTESIAN_POINT('',(-8.873510150992,20.349467625004,
    542.00938271521));
#4041 = CARTESIAN_POINT('',(-8.875891366306,20.348429007495,
    542.01206086123));
#4042 = CARTESIAN_POINT('',(-8.878145334396,20.347445587794,
    542.01484538481));
#4043 = CARTESIAN_POINT('',(-8.884997042152,20.344455062212,
    542.02388892741));
#4044 = CARTESIAN_POINT('',(-8.889079448791,20.342671904178,
    542.03007793164));
#4045 = CARTESIAN_POINT('',(-8.892896839832,20.341003440615,
    542.03639898794));
#4046 = CARTESIAN_POINT('',(-8.896536073,20.339411969896,542.04279346536
    ));
#4047 = CARTESIAN_POINT('',(-8.900033784641,20.337881606092,
    542.04923543296));
#4048 = CARTESIAN_POINT('',(-8.903402122614,20.33640709274,
    542.05571907929));
#4049 = CARTESIAN_POINT('',(-8.906654479181,20.33498261661,
    542.06224613197));
#4050 = CARTESIAN_POINT('',(-8.915127754801,20.331269772327,
    542.07976256325));
#4051 = CARTESIAN_POINT('',(-8.920176875067,20.329055456833,
    542.09079572967));
#4052 = CARTESIAN_POINT('',(-8.925045157739,20.326918800528,
    542.1018870784));
#4053 = CARTESIAN_POINT('',(-8.929767793635,20.324844555634,
    542.11302216236));
#4054 = CARTESIAN_POINT('',(-8.934365853573,20.322823602244,
    542.12419226254));
#4055 = CARTESIAN_POINT('',(-8.938856298781,20.320848599751,
    542.13539123308));
#4056 = CARTESIAN_POINT('',(-8.943254739486,20.31891278852,
    542.14661471409));
#4057 = CARTESIAN_POINT('',(-8.956842181644,20.312928906492,
    542.18202036215));
#4058 = CARTESIAN_POINT('',(-8.965732074826,20.309008043887,
    542.20627747167));
#4059 = CARTESIAN_POINT('',(-8.974344668732,20.305204350026,
    542.23060305782));
#4060 = CARTESIAN_POINT('',(-8.98272872712,20.301496790428,
    542.25498183443));
#4061 = CARTESIAN_POINT('',(-8.990919053963,20.297870368608,
    542.27940317554));
#4062 = CARTESIAN_POINT('',(-8.998944036779,20.294312856,542.30385937138
    ));
#4063 = CARTESIAN_POINT('',(-9.006822241152,20.290816272701,
    542.32834650157));
#4064 = CARTESIAN_POINT('',(-9.032196571154,20.279541343503,
    542.40862770244));
#4065 = CARTESIAN_POINT('',(-9.049148270407,20.271988007389,
    542.46453053888));
#4066 = CARTESIAN_POINT('',(-9.065612202908,20.264633199037,
    542.52052866824));
#4067 = CARTESIAN_POINT('',(-9.081672570294,20.257440981133,
    542.57660146163));
#4068 = CARTESIAN_POINT('',(-9.097389604562,20.250385711773,
    542.63273452567));
#4069 = CARTESIAN_POINT('',(-9.112812739672,20.243446361439,
    542.68891725848));
#4070 = CARTESIAN_POINT('',(-9.127973219996,20.236609726706,
    542.74514435779));
#4071 = CARTESIAN_POINT('',(-9.179938821192,20.213123838016,
    542.94102825602));
#4072 = CARTESIAN_POINT('',(-9.215535494331,20.196942573507,
    543.08087982078));
#4073 = CARTESIAN_POINT('',(-9.25010781117,20.181143296976,
    543.22089163553));
#4074 = CARTESIAN_POINT('',(-9.283812479717,20.165661322495,
    543.36103202336));
#4075 = CARTESIAN_POINT('',(-9.316797450804,20.150435247649,
    543.5012733033));
#4076 = CARTESIAN_POINT('',(-9.349143474713,20.13543230436,
    543.64160137027));
#4077 = CARTESIAN_POINT('',(-9.380926765945,20.120621401191,
    543.78200541264));
#4078 = CARTESIAN_POINT('',(-9.470696176087,20.078597690365,
    544.18520165159));
#4079 = CARTESIAN_POINT('',(-9.527412969211,20.051809803319,
    544.44815594534));
#4080 = CARTESIAN_POINT('',(-9.582717285419,20.025469841407,
    544.71128897587));
#4081 = CARTESIAN_POINT('',(-9.63680545008,19.999501146074,
    544.97456975203));
#4082 = CARTESIAN_POINT('',(-9.68982124038,19.973848467102,
    545.23797597544));
#4083 = CARTESIAN_POINT('',(-9.741881214443,19.948467411273,
    545.50149071009));
#4084 = CARTESIAN_POINT('',(-9.793068859852,19.923327094089,
    545.76510330347));
#4085 = CARTESIAN_POINT('',(-9.868374102148,19.886074660971,
    546.15921537894));
#4086 = CARTESIAN_POINT('',(-9.893095882868,19.873800759662,
    546.28964450044));
#4087 = CARTESIAN_POINT('',(-9.917630243116,19.861576296245,
    546.42009427347));
#4088 = CARTESIAN_POINT('',(-9.941984420702,19.849398713348,
    546.55056421368));
#4089 = CARTESIAN_POINT('',(-9.966165125044,19.837265630651,
    546.68105350968));
#4090 = CARTESIAN_POINT('',(-9.990176910473,19.82517570128,
    546.81156131736));
#4091 = CARTESIAN_POINT('',(-10.0140245135,19.813127415902,
    546.94208628865));
#4092 = CARTESIAN_POINT('',(-10.0445286694,19.797664062001,
    547.11023411946));
#4093 = CARTESIAN_POINT('',(-10.05133707403,19.794209327194,
    547.14784122912));
#4094 = CARTESIAN_POINT('',(-10.05813168593,19.790758229168,
    547.18544965891));
#4095 = CARTESIAN_POINT('',(-10.06491240556,19.78731084002,
    547.22305938248));
#4096 = CARTESIAN_POINT('',(-10.07167905893,19.783867269785,
    547.2606702523));
#4097 = CARTESIAN_POINT('',(-10.07843136125,19.780427685303,
    547.29828199617));
#4098 = CARTESIAN_POINT('',(-10.08516882995,19.776992355346,
    547.33589420486));
#4099 = CARTESIAN_POINT('',(-10.0962374648,19.77134322374,
    547.39782904784));
#4100 = CARTESIAN_POINT('',(-10.10057766818,19.769126724901,
    547.42215137092));
#4101 = CARTESIAN_POINT('',(-10.10491109576,19.766912314379,
    547.44647342912));
#4102 = CARTESIAN_POINT('',(-10.10923744203,19.764700155204,
    547.47079502316));
#4103 = CARTESIAN_POINT('',(-10.11355627497,19.762490475464,
    547.49511562131));
#4104 = CARTESIAN_POINT('',(-10.11786698494,19.760283594908,
    547.51943432916));
#4105 = CARTESIAN_POINT('',(-10.12216866442,19.758079987238,
    547.54374981374));
#4106 = CARTESIAN_POINT('',(-10.12944447748,19.754350554384,
    547.58496799329));
#4107 = CARTESIAN_POINT('',(-10.13242377141,19.752822778638,
    547.60187210403));
#4108 = CARTESIAN_POINT('',(-10.13539753315,19.751297191628,
    547.61877293487));
#4109 = CARTESIAN_POINT('',(-10.13836513345,19.749774120213,
    547.63566969416));
#4110 = CARTESIAN_POINT('',(-10.14132563401,19.748254050386,
    547.65256045553));
#4111 = CARTESIAN_POINT('',(-10.14427768233,19.746737681993,
    547.6694420266));
#4112 = CARTESIAN_POINT('',(-10.14721924853,19.745226065075,
    547.68630960824));
#4113 = CARTESIAN_POINT('',(-10.15214302884,19.74269477447,
    547.71463966097));
#4114 = CARTESIAN_POINT('',(-10.15413182185,19.741672054545,
    547.72610933922));
#4115 = CARTESIAN_POINT('',(-10.15611323356,19.740652841214,
    547.73756657174));
#4116 = CARTESIAN_POINT('',(-10.15808593643,19.739637821018,
    547.74900860372));
#4117 = CARTESIAN_POINT('',(-10.16004776912,19.738628110266,
    547.76042894645));
#4118 = CARTESIAN_POINT('',(-10.16199551387,19.737625370833,
    547.77181692849));
#4119 = CARTESIAN_POINT('',(-10.16392430707,19.736632115418,
    547.78315648478));
#4120 = CARTESIAN_POINT('',(-10.16712829024,19.734981744945,
    547.80213355184));
#4121 = CARTESIAN_POINT('',(-10.16841560029,19.734318527917,
    547.80979794383));
#4122 = CARTESIAN_POINT('',(-10.16968791331,19.73366291644,
    547.81741952617));
#4123 = CARTESIAN_POINT('',(-10.17094199817,19.733016580003,
    547.82498831083));
#4124 = CARTESIAN_POINT('',(-10.17217219732,19.732382440178,
    547.83248232586));
#4125 = CARTESIAN_POINT('',(-10.1733700736,19.731764854626,
    547.83986674684));
#4126 = CARTESIAN_POINT('',(-10.17452359919,19.731170037274,
    547.84709198918));
#4127 = CARTESIAN_POINT('',(-10.17620473689,19.730303028381,
    547.85786378749));
#4128 = CARTESIAN_POINT('',(-10.17677524508,19.730008776277,
    547.86156759863));
#4129 = CARTESIAN_POINT('',(-10.17732474304,19.729725336927,
    547.86519122651));
#4130 = CARTESIAN_POINT('',(-10.17784945383,19.72945466165,
    547.86871806202));
#4131 = CARTESIAN_POINT('',(-10.17834473787,19.729199147471,
    547.87212703975));
#4132 = CARTESIAN_POINT('',(-10.17880533897,19.728961510116,
    547.87539382264));
#4133 = CARTESIAN_POINT('',(-10.17922563048,19.728744656996,
    547.87849198649));
#4134 = CARTESIAN_POINT('',(-10.1798525198,19.728421192682,
    547.88335361018));
#4135 = CARTESIAN_POINT('',(-10.18008418121,19.728301654616,
    547.88522364094));
#4136 = CARTESIAN_POINT('',(-10.18029297339,19.72819391337,
    547.88699491534));
#4137 = CARTESIAN_POINT('',(-10.18047714706,19.728098872944,
    547.88865867348));
#4138 = CARTESIAN_POINT('',(-10.18063514505,19.728017338137,
    547.89020704657));
#4139 = CARTESIAN_POINT('',(-10.18076567162,19.727949978715,
    547.89163332635));
#4140 = CARTESIAN_POINT('',(-10.18086776165,19.72789729359,
    547.89293223441));
#4141 = CARTESIAN_POINT('',(-10.18103475956,19.727811111113,
    547.89560087654));
#4142 = CARTESIAN_POINT('',(-10.18108081274,19.727787343804,
    547.89688589381));
#4143 = CARTESIAN_POINT('',(-10.18107781406,19.727788891237,
    547.89794777966));
#4144 = CARTESIAN_POINT('',(-10.18102569162,19.72781579078,
    547.89878520101));
#4145 = CARTESIAN_POINT('',(-10.18092525094,19.727867626149,
    547.89940155989));
#4146 = CARTESIAN_POINT('',(-10.18077792867,19.727943654562,
    547.89980359777));
#4147 = CARTESIAN_POINT('',(-10.18058554645,19.728042933892,
    547.89999999998));
#4148 = CARTESIAN_POINT('',(-10.18035006475,19.728164449819,547.9));
#4149 = PCURVE('',#31,#4150);
#4150 = DEFINITIONAL_REPRESENTATION('',(#4151),#4266);
#4151 = B_SPLINE_CURVE_WITH_KNOTS('',8,(#4152,#4153,#4154,#4155,#4156,
    #4157,#4158,#4159,#4160,#4161,#4162,#4163,#4164,#4165,#4166,#4167,
    #4168,#4169,#4170,#4171,#4172,#4173,#4174,#4175,#4176,#4177,#4178,
    #4179,#4180,#4181,#4182,#4183,#4184,#4185,#4186,#4187,#4188,#4189,
    #4190,#4191,#4192,#4193,#4194,#4195,#4196,#4197,#4198,#4199,#4200,
    #4201,#4202,#4203,#4204,#4205,#4206,#4207,#4208,#4209,#4210,#4211,
    #4212,#4213,#4214,#4215,#4216,#4217,#4218,#4219,#4220,#4221,#4222,
    #4223,#4224,#4225,#4226,#4227,#4228,#4229,#4230,#4231,#4232,#4233,
    #4234,#4235,#4236,#4237,#4238,#4239,#4240,#4241,#4242,#4243,#4244,
    #4245,#4246,#4247,#4248,#4249,#4250,#4251,#4252,#4253,#4254,#4255,
    #4256,#4257,#4258,#4259,#4260,#4261,#4262,#4263,#4264,#4265),
  .UNSPECIFIED.,.F.,.F.,(9,7,7,7,7,7,7,7,7,7,7,7,7,7,7,7,9),(0.,
    4.840740668617E-03,1.416515717888E-02,2.971159366656E-02,
    6.310547454498E-02,0.139065825817,0.32754325774,0.680038941525,
    0.854356983106,0.904573679548,0.937047465635,0.959632917912,
    0.975028166177,0.985561606505,0.991240166181,0.995073992904,1.),
  .UNSPECIFIED.);
#4152 = CARTESIAN_POINT('',(-1.981182708894,-57.));
#4153 = CARTESIAN_POINT('',(-1.981378716003,-57.00000003209));
#4154 = CARTESIAN_POINT('',(-1.981557527891,-57.00162643153));
#4155 = CARTESIAN_POINT('',(-1.981719465739,-57.00402944476));
#4156 = CARTESIAN_POINT('',(-1.981864672228,-57.006695203));
#4157 = CARTESIAN_POINT('',(-1.981994224184,-57.00938271521));
#4158 = CARTESIAN_POINT('',(-1.982111245217,-57.01206086123));
#4159 = CARTESIAN_POINT('',(-1.982222018359,-57.01484538481));
#4160 = CARTESIAN_POINT('',(-1.982558770797,-57.02388892741));
#4161 = CARTESIAN_POINT('',(-1.982759439749,-57.03007793164));
#4162 = CARTESIAN_POINT('',(-1.982947101123,-57.03639898794));
#4163 = CARTESIAN_POINT('',(-1.983126020108,-57.04279346536));
#4164 = CARTESIAN_POINT('',(-1.983297995455,-57.04923543296));
#4165 = CARTESIAN_POINT('',(-1.983463623396,-57.05571907929));
#4166 = CARTESIAN_POINT('',(-1.983623561566,-57.06224613197));
#4167 = CARTESIAN_POINT('',(-1.984040274767,-57.07976256325));
#4168 = CARTESIAN_POINT('',(-1.984288622957,-57.09079572967));
#4169 = CARTESIAN_POINT('',(-1.984528106211,-57.1018870784));
#4170 = CARTESIAN_POINT('',(-1.984760452108,-57.11302216236));
#4171 = CARTESIAN_POINT('',(-1.984986694875,-57.12419226254));
#4172 = CARTESIAN_POINT('',(-1.985207667017,-57.13539123308));
#4173 = CARTESIAN_POINT('',(-1.985424134797,-57.14661471409));
#4174 = CARTESIAN_POINT('',(-1.986092906475,-57.18202036215));
#4175 = CARTESIAN_POINT('',(-1.986530570346,-57.20627747167));
#4176 = CARTESIAN_POINT('',(-1.986954675664,-57.23060305782));
#4177 = CARTESIAN_POINT('',(-1.987367614665,-57.25498183443));
#4178 = CARTESIAN_POINT('',(-1.987771094465,-57.27940317554));
#4179 = CARTESIAN_POINT('',(-1.988166507405,-57.30385937138));
#4180 = CARTESIAN_POINT('',(-1.988554763777,-57.32834650157));
#4181 = CARTESIAN_POINT('',(-1.989805508747,-57.40862770243));
#4182 = CARTESIAN_POINT('',(-1.99064147079,-57.46453053888));
#4183 = CARTESIAN_POINT('',(-1.991453724006,-57.52052866824));
#4184 = CARTESIAN_POINT('',(-1.992246392522,-57.57660146163));
#4185 = CARTESIAN_POINT('',(-1.993022425353,-57.63273452567));
#4186 = CARTESIAN_POINT('',(-1.993784242595,-57.68891725848));
#4187 = CARTESIAN_POINT('',(-1.994533372364,-57.74514435779));
#4188 = CARTESIAN_POINT('',(-1.99710212927,-57.94102825602));
#4189 = CARTESIAN_POINT('',(-1.99886347073,-58.08087982078));
#4190 = CARTESIAN_POINT('',(-2.000575687798,-58.22089163553));
#4191 = CARTESIAN_POINT('',(-2.002246419424,-58.36103202336));
#4192 = CARTESIAN_POINT('',(-2.003882883502,-58.5012733033));
#4193 = CARTESIAN_POINT('',(-2.005489007346,-58.64160137027));
#4194 = CARTESIAN_POINT('',(-2.007068500588,-58.78200541264));
#4195 = CARTESIAN_POINT('',(-2.011533312025,-59.18520165159));
#4196 = CARTESIAN_POINT('',(-2.014358731533,-59.44815594534));
#4197 = CARTESIAN_POINT('',(-2.017118010418,-59.71128897587));
#4198 = CARTESIAN_POINT('',(-2.019820650772,-59.97456975203));
#4199 = CARTESIAN_POINT('',(-2.022473597932,-60.23797597544));
#4200 = CARTESIAN_POINT('',(-2.02508247668,-60.50149071009));
#4201 = CARTESIAN_POINT('',(-2.027651302066,-60.76510330347));
#4202 = CARTESIAN_POINT('',(-2.031435789155,-61.15921537894));
#4203 = CARTESIAN_POINT('',(-2.032679076066,-61.28964450043));
#4204 = CARTESIAN_POINT('',(-2.033913811453,-61.42009427347));
#4205 = CARTESIAN_POINT('',(-2.035140341433,-61.55056421368));
#4206 = CARTESIAN_POINT('',(-2.036358987102,-61.68105350968));
#4207 = CARTESIAN_POINT('',(-2.037569961758,-61.81156131736));
#4208 = CARTESIAN_POINT('',(-2.038773489189,-61.94208628865));
#4209 = CARTESIAN_POINT('',(-2.040314015795,-62.11023411946));
#4210 = CARTESIAN_POINT('',(-2.040657923894,-62.14784122912));
#4211 = CARTESIAN_POINT('',(-2.041001203826,-62.18544965891));
#4212 = CARTESIAN_POINT('',(-2.041343850185,-62.22305938248));
#4213 = CARTESIAN_POINT('',(-2.041685853799,-62.2606702523));
#4214 = CARTESIAN_POINT('',(-2.042027199889,-62.29828199617));
#4215 = CARTESIAN_POINT('',(-2.042367863649,-62.33589420486));
#4216 = CARTESIAN_POINT('',(-2.042927633052,-62.39782904784));
#4217 = CARTESIAN_POINT('',(-2.043147156515,-62.42215137092));
#4218 = CARTESIAN_POINT('',(-2.043366365375,-62.44647342912));
#4219 = CARTESIAN_POINT('',(-2.043585244052,-62.47079502316));
#4220 = CARTESIAN_POINT('',(-2.043803770559,-62.49511562131));
#4221 = CARTESIAN_POINT('',(-2.044021913903,-62.51943432916));
#4222 = CARTESIAN_POINT('',(-2.044239627988,-62.54374981374));
#4223 = CARTESIAN_POINT('',(-2.044607913933,-62.58496799329));
#4224 = CARTESIAN_POINT('',(-2.044758732726,-62.60187210403));
#4225 = CARTESIAN_POINT('',(-2.044909284791,-62.61877293487));
#4226 = CARTESIAN_POINT('',(-2.045059538191,-62.63566969416));
#4227 = CARTESIAN_POINT('',(-2.045209445335,-62.65256045553));
#4228 = CARTESIAN_POINT('',(-2.04535893763,-62.6694420266));
#4229 = CARTESIAN_POINT('',(-2.045507912137,-62.68630960824));
#4230 = CARTESIAN_POINT('',(-2.045757296757,-62.71463966097));
#4231 = CARTESIAN_POINT('',(-2.045858033166,-62.72610933922));
#4232 = CARTESIAN_POINT('',(-2.045958401654,-62.73756657174));
#4233 = CARTESIAN_POINT('',(-2.046058334901,-62.74900860372));
#4234 = CARTESIAN_POINT('',(-2.046157723332,-62.76042894646));
#4235 = CARTESIAN_POINT('',(-2.046256403814,-62.77181692849));
#4236 = CARTESIAN_POINT('',(-2.046354129758,-62.78315648478));
#4237 = CARTESIAN_POINT('',(-2.046516474693,-62.80213355184));
#4238 = CARTESIAN_POINT('',(-2.046581704895,-62.80979794383));
#4239 = CARTESIAN_POINT('',(-2.046646177665,-62.81741952617));
#4240 = CARTESIAN_POINT('',(-2.046709729178,-62.82498831083));
#4241 = CARTESIAN_POINT('',(-2.046772072614,-62.83248232586));
#4242 = CARTESIAN_POINT('',(-2.046832780226,-62.83986674684));
#4243 = CARTESIAN_POINT('',(-2.046891242187,-62.84709198918));
#4244 = CARTESIAN_POINT('',(-2.046976446748,-62.85786378749));
#4245 = CARTESIAN_POINT('',(-2.047005362155,-62.86156759863));
#4246 = CARTESIAN_POINT('',(-2.047033213178,-62.86519122651));
#4247 = CARTESIAN_POINT('',(-2.04705980832,-62.86871806202));
#4248 = CARTESIAN_POINT('',(-2.047084912348,-62.87212703975));
#4249 = CARTESIAN_POINT('',(-2.04710825876,-62.87539382264));
#4250 = CARTESIAN_POINT('',(-2.047129562268,-62.87849198649));
#4251 = CARTESIAN_POINT('',(-2.047161338007,-62.88335361018));
#4252 = CARTESIAN_POINT('',(-2.047173080548,-62.88522364095));
#4253 = CARTESIAN_POINT('',(-2.047183663963,-62.88699491534));
#4254 = CARTESIAN_POINT('',(-2.047192999555,-62.88865867348));
#4255 = CARTESIAN_POINT('',(-2.047201008367,-62.89020704657));
#4256 = CARTESIAN_POINT('',(-2.047207624698,-62.89163332635));
#4257 = CARTESIAN_POINT('',(-2.047212799606,-62.89293223441));
#4258 = CARTESIAN_POINT('',(-2.047221264686,-62.89560087654));
#4259 = CARTESIAN_POINT('',(-2.047223599124,-62.89688589381));
#4260 = CARTESIAN_POINT('',(-2.047223447123,-62.89794777966));
#4261 = CARTESIAN_POINT('',(-2.047220805035,-62.89878520101));
#4262 = CARTESIAN_POINT('',(-2.047215713702,-62.89940155989));
#4263 = CARTESIAN_POINT('',(-2.047208245976,-62.89980359777));
#4264 = CARTESIAN_POINT('',(-2.047198494239,-62.89999999998));
#4265 = CARTESIAN_POINT('',(-2.047186557918,-62.9));
#4266 = ( GEOMETRIC_REPRESENTATION_CONTEXT(2) 
PARAMETRIC_REPRESENTATION_CONTEXT() REPRESENTATION_CONTEXT('2D SPACE',''
  ) );
#4267 = PCURVE('',#4268,#4285);
#4268 = B_SPLINE_SURFACE_WITH_KNOTS('',7,1,(
    (#4269,#4270)
    ,(#4271,#4272)
    ,(#4273,#4274)
    ,(#4275,#4276)
    ,(#4277,#4278)
    ,(#4279,#4280)
    ,(#4281,#4282)
    ,(#4283,#4284
    )),.UNSPECIFIED.,.F.,.F.,.F.,(8,8),(2,2),(0.,1.523587782319),(0.,1.)
  ,.PIECEWISE_BEZIER_KNOTS.);
#4269 = CARTESIAN_POINT('',(-11.00747450146,21.065505099559,542.));
#4270 = CARTESIAN_POINT('',(-10.24658005128,19.747597252644,547.9));
#4271 = CARTESIAN_POINT('',(-10.83048216723,20.758945384113,542.));
#4272 = CARTESIAN_POINT('',(-10.24113866634,19.73817249747,547.9));
#4273 = CARTESIAN_POINT('',(-10.57901650675,20.495383967223,
    541.99999999999));
#4274 = CARTESIAN_POINT('',(-10.2333048324,19.730129779666,547.9));
#4275 = CARTESIAN_POINT('',(-10.26561628472,20.296520317298,
    542.00000000001));
#4276 = CARTESIAN_POINT('',(-10.2234952722,19.724196595618,547.9));
#4277 = CARTESIAN_POINT('',(-9.91070917334,20.179535541341,
    541.99999999999));
#4278 = CARTESIAN_POINT('',(-10.21241874481,19.720946587822,547.9));
#4279 = CARTESIAN_POINT('',(-9.540485419378,20.153062490178,542.));
#4280 = CARTESIAN_POINT('',(-10.20095857489,19.720638936064,547.9));
#4281 = CARTESIAN_POINT('',(-9.181585271999,20.215434624032,
    541.99999999999));
#4282 = CARTESIAN_POINT('',(-10.19002110409,19.723173890956,547.9));
#4283 = CARTESIAN_POINT('',(-8.85699310434,20.356661640595,542.));
#4284 = CARTESIAN_POINT('',(-10.18035006473,19.728164449829,547.9));
#4285 = DEFINITIONAL_REPRESENTATION('',(#4286),#4401);
#4286 = B_SPLINE_CURVE_WITH_KNOTS('',8,(#4287,#4288,#4289,#4290,#4291,
    #4292,#4293,#4294,#4295,#4296,#4297,#4298,#4299,#4300,#4301,#4302,
    #4303,#4304,#4305,#4306,#4307,#4308,#4309,#4310,#4311,#4312,#4313,
    #4314,#4315,#4316,#4317,#4318,#4319,#4320,#4321,#4322,#4323,#4324,
    #4325,#4326,#4327,#4328,#4329,#4330,#4331,#4332,#4333,#4334,#4335,
    #4336,#4337,#4338,#4339,#4340,#4341,#4342,#4343,#4344,#4345,#4346,
    #4347,#4348,#4349,#4350,#4351,#4352,#4353,#4354,#4355,#4356,#4357,
    #4358,#4359,#4360,#4361,#4362,#4363,#4364,#4365,#4366,#4367,#4368,
    #4369,#4370,#4371,#4372,#4373,#4374,#4375,#4376,#4377,#4378,#4379,
    #4380,#4381,#4382,#4383,#4384,#4385,#4386,#4387,#4388,#4389,#4390,
    #4391,#4392,#4393,#4394,#4395,#4396,#4397,#4398,#4399,#4400),
  .UNSPECIFIED.,.F.,.F.,(9,7,7,7,7,7,7,7,7,7,7,7,7,7,7,7,9),(0.,
    4.840740668617E-03,1.416515717888E-02,2.971159366656E-02,
    6.310547454498E-02,0.139065825817,0.32754325774,0.680038941525,
    0.854356983106,0.904573679548,0.937047465635,0.959632917912,
    0.975028166177,0.985561606505,0.991240166181,0.995073992904,1.),
  .UNSPECIFIED.);
#4287 = CARTESIAN_POINT('',(1.523587723644,0.));
#4288 = CARTESIAN_POINT('',(1.520912198792,5.439841378706E-09));
#4289 = CARTESIAN_POINT('',(1.518719312182,2.756663609292E-04));
#4290 = CARTESIAN_POINT('',(1.516873075677,6.829567402026E-04));
#4291 = CARTESIAN_POINT('',(1.515292963434,1.134780169631E-03));
#4292 = CARTESIAN_POINT('',(1.513928265377,1.590290713992E-03));
#4293 = CARTESIAN_POINT('',(1.512732440691,2.04421376865E-03));
#4294 = CARTESIAN_POINT('',(1.511637471293,2.516166917332E-03));
#4295 = CARTESIAN_POINT('',(1.508391524805,4.048970747463E-03));
#4296 = CARTESIAN_POINT('',(1.506573192889,5.097954516587E-03));
#4297 = CARTESIAN_POINT('',(1.50494889283,6.169319991014E-03));
#4298 = CARTESIAN_POINT('',(1.503451945674,7.253129723029E-03));
#4299 = CARTESIAN_POINT('',(1.502054180237,8.344988637444E-03));
#4300 = CARTESIAN_POINT('',(1.500746793091,9.443911745586E-03));
#4301 = CARTESIAN_POINT('',(1.499521208536,1.055019185928E-02));
#4302 = CARTESIAN_POINT('',(1.49639710071,1.351907851841E-02));
#4303 = CARTESIAN_POINT('',(1.494616216218,1.538910672404E-02));
#4304 = CARTESIAN_POINT('',(1.492959420748,1.726899633937E-02));
#4305 = CARTESIAN_POINT('',(1.491401408283,1.915629870504E-02));
#4306 = CARTESIAN_POINT('',(1.489927097602,2.104953602454E-02));
#4307 = CARTESIAN_POINT('',(1.488524489084,2.294766662529E-02));
#4308 = CARTESIAN_POINT('',(1.487182711912,2.484995154076E-02));
#4309 = CARTESIAN_POINT('',(1.483129807281,3.085090883951E-02));
#4310 = CARTESIAN_POINT('',(1.480614856919,3.496228333386E-02));
#4311 = CARTESIAN_POINT('',(1.47827823397,3.908526403764E-02));
#4312 = CARTESIAN_POINT('',(1.476086369867,4.321726007353E-02));
#4313 = CARTESIAN_POINT('',(1.474015464406,4.735647043099E-02));
#4314 = CARTESIAN_POINT('',(1.472046269317,5.15015883703E-02));
#4315 = CARTESIAN_POINT('',(1.470166506201,5.56519494195E-02));
#4316 = CARTESIAN_POINT('',(1.464266922602,6.925893261689E-02));
#4317 = CARTESIAN_POINT('',(1.460574425014,7.873398964214E-02));
#4318 = CARTESIAN_POINT('',(1.457164057179,8.822519800788E-02));
#4319 = CARTESIAN_POINT('',(1.453981382838,9.772906129334E-02));
#4320 = CARTESIAN_POINT('',(1.450987887804,0.107243139944));
#4321 = CARTESIAN_POINT('',(1.448152198563,0.116765637031));
#4322 = CARTESIAN_POINT('',(1.445455259259,0.126295653863));
#4323 = CARTESIAN_POINT('',(1.436487274179,0.15949631458));
#4324 = CARTESIAN_POINT('',(1.430841098824,0.183199969625));
#4325 = CARTESIAN_POINT('',(1.425685495944,0.206930785683));
#4326 = CARTESIAN_POINT('',(1.420932424087,0.230683393791));
#4327 = CARTESIAN_POINT('',(1.416496798685,0.254453102255));
#4328 = CARTESIAN_POINT('',(1.412336375668,0.278237520385));
#4329 = CARTESIAN_POINT('',(1.408410751152,0.302034815703));
#4330 = CARTESIAN_POINT('',(1.397738900146,0.370373161288));
#4331 = CARTESIAN_POINT('',(1.391510266778,0.414941685652));
#4332 = CARTESIAN_POINT('',(1.385826881709,0.459540504385));
#4333 = CARTESIAN_POINT('',(1.380600928812,0.504164364752));
#4334 = CARTESIAN_POINT('',(1.375789865692,0.548809487364));
#4335 = CARTESIAN_POINT('',(1.371366901045,0.593473001711));
#4336 = CARTESIAN_POINT('',(1.36733501694,0.638153102285));
#4337 = CARTESIAN_POINT('',(1.362068051703,0.704951759142));
#4338 = CARTESIAN_POINT('',(1.360449950723,0.727058389905));
#4339 = CARTESIAN_POINT('',(1.358969078501,0.749168520928));
#4340 = CARTESIAN_POINT('',(1.357656615555,0.771282070116));
#4341 = CARTESIAN_POINT('',(1.356529948717,0.793398899947));
#4342 = CARTESIAN_POINT('',(1.355682104846,0.81551886735));
#4343 = CARTESIAN_POINT('',(1.355170646755,0.83764174384));
#4344 = CARTESIAN_POINT('',(1.355412032155,0.86614137618));
#4345 = CARTESIAN_POINT('',(1.355524130448,0.872515462563));
#4346 = CARTESIAN_POINT('',(1.35570279188,0.878889772697));
#4347 = CARTESIAN_POINT('',(1.355959554492,0.885264302116));
#4348 = CARTESIAN_POINT('',(1.356308543459,0.891639025814));
#4349 = CARTESIAN_POINT('',(1.356768232585,0.898013897656));
#4350 = CARTESIAN_POINT('',(1.357365468042,0.904388848283));
#4351 = CARTESIAN_POINT('',(1.358643757809,0.914886279296));
#4352 = CARTESIAN_POINT('',(1.359220752037,0.919008706937));
#4353 = CARTESIAN_POINT('',(1.359883749079,0.923131089682));
#4354 = CARTESIAN_POINT('',(1.360647456355,0.927253393757));
#4355 = CARTESIAN_POINT('',(1.361529836269,0.931375529036));
#4356 = CARTESIAN_POINT('',(1.362554167054,0.935497343926));
#4357 = CARTESIAN_POINT('',(1.36375360486,0.939618612499));
#4358 = CARTESIAN_POINT('',(1.366169082868,0.946604744626));
#4359 = CARTESIAN_POINT('',(1.367268976381,0.949469848141));
#4360 = CARTESIAN_POINT('',(1.368494373753,0.952334395742));
#4361 = CARTESIAN_POINT('',(1.369867571215,0.955198253248));
#4362 = CARTESIAN_POINT('',(1.371415716851,0.958061094159));
#4363 = CARTESIAN_POINT('',(1.37317406573,0.96092237739));
#4364 = CARTESIAN_POINT('',(1.375193488465,0.963781289532));
#4365 = CARTESIAN_POINT('',(1.379160058405,0.968582993386));
#4366 = CARTESIAN_POINT('',(1.380925305174,0.970527006649));
#4367 = CARTESIAN_POINT('',(1.382872366749,0.972468910465));
#4368 = CARTESIAN_POINT('',(1.385034340991,0.974408237919));
#4369 = CARTESIAN_POINT('',(1.387451262931,0.97634388923));
#4370 = CARTESIAN_POINT('',(1.390174789334,0.978274055677));
#4371 = CARTESIAN_POINT('',(1.393279335236,0.980196014369));
#4372 = CARTESIAN_POINT('',(1.39934300903,0.983412466415));
#4373 = CARTESIAN_POINT('',(1.402035118124,0.984711515904));
#4374 = CARTESIAN_POINT('',(1.404994514369,0.986003309521));
#4375 = CARTESIAN_POINT('',(1.408268909345,0.987286154378));
#4376 = CARTESIAN_POINT('',(1.411915300689,0.988556326418));
#4377 = CARTESIAN_POINT('',(1.416003819198,0.989807923194));
#4378 = CARTESIAN_POINT('',(1.420625323943,0.991032540539));
#4379 = CARTESIAN_POINT('',(1.428747794267,0.992858269067));
#4380 = CARTESIAN_POINT('',(1.43178127696,0.993486033667));
#4381 = CARTESIAN_POINT('',(1.435020611285,0.994100207884));
#4382 = CARTESIAN_POINT('',(1.438484138505,0.994697976614));
#4383 = CARTESIAN_POINT('',(1.442189081453,0.995275769451));
#4384 = CARTESIAN_POINT('',(1.446149502657,0.995829461465));
#4385 = CARTESIAN_POINT('',(1.450374262469,0.996354573982));
#4386 = CARTESIAN_POINT('',(1.457896841454,0.997178577997));
#4387 = CARTESIAN_POINT('',(1.461049637127,0.997495532364));
#4388 = CARTESIAN_POINT('',(1.464321915972,0.997795748363));
#4389 = CARTESIAN_POINT('',(1.467710556797,0.998077741268));
#4390 = CARTESIAN_POINT('',(1.47121050191,0.998340177386));
#4391 = CARTESIAN_POINT('',(1.474814493554,0.998581919721));
#4392 = CARTESIAN_POINT('',(1.478512810354,0.99880207363));
#4393 = CARTESIAN_POINT('',(1.487150098489,0.999254385855));
#4394 = CARTESIAN_POINT('',(1.492144469085,0.999472185393));
#4395 = CARTESIAN_POINT('',(1.497250265306,0.999652166045));
#4396 = CARTESIAN_POINT('',(1.502441824057,0.999794101867));
#4397 = CARTESIAN_POINT('',(1.507694183846,0.999898569473));
#4398 = CARTESIAN_POINT('',(1.512983599224,0.999966711488));
#4399 = CARTESIAN_POINT('',(1.518288055232,0.999999999997));
#4400 = CARTESIAN_POINT('',(1.523587781854,1.));
#4401 = ( GEOMETRIC_REPRESENTATION_CONTEXT(2) 
PARAMETRIC_REPRESENTATION_CONTEXT() REPRESENTATION_CONTEXT('2D SPACE',''
  ) );
#4402 = FACE_BOUND('',#4403,.F.);
#4403 = EDGE_LOOP('',(#4404,#4435,#4808,#4841,#4902,#4957,#4990,#5023,
    #5078,#5139,#5168,#5541,#5570,#5913,#5942,#5979,#6025,#6056,#6102,
    #6139,#6172));
#4404 = ORIENTED_EDGE('',*,*,#4405,.F.);
#4405 = EDGE_CURVE('',#4406,#4408,#4410,.T.);
#4406 = VERTEX_POINT('',#4407);
#4407 = CARTESIAN_POINT('',(-13.20088956482,-17.8487118498,493.));
#4408 = VERTEX_POINT('',#4409);
#4409 = CARTESIAN_POINT('',(-13.20088956482,-17.8487118498,542.));
#4410 = SURFACE_CURVE('',#4411,(#4414,#4424),.PCURVE_S1.);
#4411 = B_SPLINE_CURVE_WITH_KNOTS('',1,(#4412,#4413),.UNSPECIFIED.,.F.,
  .F.,(2,2),(0.,1.),.PIECEWISE_BEZIER_KNOTS.);
#4412 = CARTESIAN_POINT('',(-13.20088956482,-17.8487118498,493.));
#4413 = CARTESIAN_POINT('',(-13.20088956482,-17.8487118498,542.));
#4414 = PCURVE('',#31,#4415);
#4415 = DEFINITIONAL_REPRESENTATION('',(#4416),#4423);
#4416 = B_SPLINE_CURVE_WITH_KNOTS('',5,(#4417,#4418,#4419,#4420,#4421,
    #4422),.UNSPECIFIED.,.F.,.F.,(6,6),(0.,1.),
  .PIECEWISE_BEZIER_KNOTS.);
#4417 = CARTESIAN_POINT('',(-4.075577806989,-8.));
#4418 = CARTESIAN_POINT('',(-4.075577806989,-17.8));
#4419 = CARTESIAN_POINT('',(-4.075577806989,-27.6));
#4420 = CARTESIAN_POINT('',(-4.075577806989,-37.4));
#4421 = CARTESIAN_POINT('',(-4.075577806989,-47.2));
#4422 = CARTESIAN_POINT('',(-4.075577806989,-57.));
#4423 = ( GEOMETRIC_REPRESENTATION_CONTEXT(2) 
PARAMETRIC_REPRESENTATION_CONTEXT() REPRESENTATION_CONTEXT('2D SPACE',''
  ) );
#4424 = PCURVE('',#4425,#4430);
#4425 = CYLINDRICAL_SURFACE('',#4426,1.7);
#4426 = AXIS2_PLACEMENT_3D('',#4427,#4428,#4429);
#4427 = CARTESIAN_POINT('',(-14.21176849546,-19.21550509955,493.));
#4428 = DIRECTION('',(0.,0.,1.));
#4429 = DIRECTION('',(0.866025403784,-0.5,0.));
#4430 = DEFINITIONAL_REPRESENTATION('',(#4431),#4434);
#4431 = B_SPLINE_CURVE_WITH_KNOTS('',1,(#4432,#4433),.UNSPECIFIED.,.F.,
  .F.,(2,2),(0.,1.),.PIECEWISE_BEZIER_KNOTS.);
#4432 = CARTESIAN_POINT('',(1.457583928998,0.));
#4433 = CARTESIAN_POINT('',(1.457583928998,49.));
#4434 = ( GEOMETRIC_REPRESENTATION_CONTEXT(2) 
PARAMETRIC_REPRESENTATION_CONTEXT() REPRESENTATION_CONTEXT('2D SPACE',''
  ) );
#4435 = ORIENTED_EDGE('',*,*,#4436,.T.);
#4436 = EDGE_CURVE('',#4406,#4437,#4439,.T.);
#4437 = VERTEX_POINT('',#4438);
#4438 = CARTESIAN_POINT('',(-11.99491655122,-18.68052400039,487.1));
#4439 = SURFACE_CURVE('',#4440,(#4555,#4673),.PCURVE_S1.);
#4440 = B_SPLINE_CURVE_WITH_KNOTS('',8,(#4441,#4442,#4443,#4444,#4445,
    #4446,#4447,#4448,#4449,#4450,#4451,#4452,#4453,#4454,#4455,#4456,
    #4457,#4458,#4459,#4460,#4461,#4462,#4463,#4464,#4465,#4466,#4467,
    #4468,#4469,#4470,#4471,#4472,#4473,#4474,#4475,#4476,#4477,#4478,
    #4479,#4480,#4481,#4482,#4483,#4484,#4485,#4486,#4487,#4488,#4489,
    #4490,#4491,#4492,#4493,#4494,#4495,#4496,#4497,#4498,#4499,#4500,
    #4501,#4502,#4503,#4504,#4505,#4506,#4507,#4508,#4509,#4510,#4511,
    #4512,#4513,#4514,#4515,#4516,#4517,#4518,#4519,#4520,#4521,#4522,
    #4523,#4524,#4525,#4526,#4527,#4528,#4529,#4530,#4531,#4532,#4533,
    #4534,#4535,#4536,#4537,#4538,#4539,#4540,#4541,#4542,#4543,#4544,
    #4545,#4546,#4547,#4548,#4549,#4550,#4551,#4552,#4553,#4554),
  .UNSPECIFIED.,.F.,.F.,(9,7,7,7,7,7,7,7,7,7,7,7,7,7,7,7,9),(0.,
    4.711026164905E-03,1.384585188872E-02,3.631376517194E-02,
    5.949723443732E-02,0.130457760239,0.3051060992,0.680349419294,
    0.854419894876,0.904642996013,0.93712085365,0.959705689557,
    0.975089873585,0.985590333343,0.99125834968,0.995088542951,1.),
  .UNSPECIFIED.);
#4441 = CARTESIAN_POINT('',(-13.20088956482,-17.8487118498,493.));
#4442 = CARTESIAN_POINT('',(-13.19748620661,-17.85122897015,493.));
#4443 = CARTESIAN_POINT('',(-13.19435888565,-17.85354073021,
    492.99851253624));
#4444 = CARTESIAN_POINT('',(-13.191541044,-17.85562284956,
    492.99622305074));
#4445 = CARTESIAN_POINT('',(-13.18903033752,-17.85747738329,
    492.99361768903));
#4446 = CARTESIAN_POINT('',(-13.18678863587,-17.85913272198,
    492.99098330027));
#4447 = CARTESIAN_POINT('',(-13.18474202254,-17.86064359173,
    492.98840743714));
#4448 = CARTESIAN_POINT('',(-13.1827807948,-17.86209105413,
    492.98577835593));
#4449 = CARTESIAN_POINT('',(-13.17684004018,-17.86647447821,
    492.97698083851));
#4450 = CARTESIAN_POINT('',(-13.17329533805,-17.86908847242,
    492.97093679764));
#4451 = CARTESIAN_POINT('',(-13.16998206856,-17.87153061809,
    492.96475900027));
#4452 = CARTESIAN_POINT('',(-13.16682395714,-17.87385742935,
    492.9585072564));
#4453 = CARTESIAN_POINT('',(-13.16378899577,-17.87609264071,
    492.9522079378));
#4454 = CARTESIAN_POINT('',(-13.16086669526,-17.87824404241,
    492.94586683634));
#4455 = CARTESIAN_POINT('',(-13.1580453376,-17.88032031594,
    492.93948202226));
#4456 = CARTESIAN_POINT('',(-13.14851033303,-17.88733481671,
    492.91725305891));
#4457 = CARTESIAN_POINT('',(-13.14220036434,-17.89197226982,
    492.9012677995));
#4458 = CARTESIAN_POINT('',(-13.13616548848,-17.89640391211,
    492.88518200577));
#4459 = CARTESIAN_POINT('',(-13.13036609552,-17.90065920403,
    492.86901874119));
#4460 = CARTESIAN_POINT('',(-13.12474089682,-17.90478362638,
    492.85280489155));
#4461 = CARTESIAN_POINT('',(-13.11927069823,-17.90879147119,
    492.83654762047));
#4462 = CARTESIAN_POINT('',(-13.11392778238,-17.91270331814,
    492.82025356938));
#4463 = CARTESIAN_POINT('',(-13.10329487931,-17.9204829196,
    492.78706854223));
#4464 = CARTESIAN_POINT('',(-13.09801392447,-17.92434389559,
    492.77018248869));
#4465 = CARTESIAN_POINT('',(-13.09283401563,-17.92812830308,
    492.75326878417));
#4466 = CARTESIAN_POINT('',(-13.08774186141,-17.93184603503,
    492.73633179686));
#4467 = CARTESIAN_POINT('',(-13.08272760325,-17.93550443589,
    492.71937473959));
#4468 = CARTESIAN_POINT('',(-13.07778375684,-17.93910908652,
    492.70239995837));
#4469 = CARTESIAN_POINT('',(-13.07290415369,-17.94266458914,
    492.68540922087));
#4470 = CARTESIAN_POINT('',(-13.05332581907,-17.95692118111,
    492.61635402682));
#4471 = CARTESIAN_POINT('',(-13.03911735471,-17.96724631265,
    492.56417157563));
#4472 = CARTESIAN_POINT('',(-13.02530413397,-17.97726520061,
    492.51189710513));
#4473 = CARTESIAN_POINT('',(-13.01181655925,-17.98703002661,
    492.45955055952));
#4474 = CARTESIAN_POINT('',(-12.99860491633,-17.9965781311,
    492.40714584999));
#4475 = CARTESIAN_POINT('',(-12.98562847055,-18.00594012608,
    492.35469320942));
#4476 = CARTESIAN_POINT('',(-12.97286140583,-18.01513550042,
    492.30219778633));
#4477 = CARTESIAN_POINT('',(-12.92931278778,-18.04644911256,
    492.12036361133));
#4478 = CARTESIAN_POINT('',(-12.89947168501,-18.06781412578,
    491.99084083418));
#4479 = CARTESIAN_POINT('',(-12.87042476132,-18.08852790785,
    491.86116509159));
#4480 = CARTESIAN_POINT('',(-12.84203371268,-18.1086962662,
    491.73136869779));
#4481 = CARTESIAN_POINT('',(-12.81419873913,-18.12839586294,
    491.60147440351));
#4482 = CARTESIAN_POINT('',(-12.78683632441,-18.14769089977,
    491.4714992857));
#4483 = CARTESIAN_POINT('',(-12.75989730861,-18.16661972678,
    491.34145127407));
#4484 = CARTESIAN_POINT('',(-12.67625837778,-18.22518389987,
    490.93177413355));
#4485 = CARTESIAN_POINT('',(-12.62092050873,-18.26362652292,
    490.65192056826));
#4486 = CARTESIAN_POINT('',(-12.56687737111,-18.3008925786,
    490.37185353706));
#4487 = CARTESIAN_POINT('',(-12.51393238619,-18.33713989052,
    490.09161134582));
#4488 = CARTESIAN_POINT('',(-12.46191634357,-18.37250410292,
    489.81122546333));
#4489 = CARTESIAN_POINT('',(-12.41072459724,-18.40707130772,
    489.53071439528));
#4490 = CARTESIAN_POINT('',(-12.36026474107,-18.44091744584,
    489.25009231854));
#4491 = CARTESIAN_POINT('',(-12.28736891492,-18.48949257514,
    488.83914035553));
#4492 = CARTESIAN_POINT('',(-12.26441227708,-18.50474237691,
    488.70889414294));
#4493 = CARTESIAN_POINT('',(-12.24159172663,-18.51985501896,
    488.57862734482));
#4494 = CARTESIAN_POINT('',(-12.21890146128,-18.53483546464,
    488.4483404418));
#4495 = CARTESIAN_POINT('',(-12.19633609228,-18.54968831142,
    488.31803424149));
#4496 = CARTESIAN_POINT('',(-12.17389219714,-18.5644168117,
    488.18770958483));
#4497 = CARTESIAN_POINT('',(-12.15156612249,-18.57902429426,
    488.05736781453));
#4498 = CARTESIAN_POINT('',(-12.12295306672,-18.597689842,487.8893978201
    ));
#4499 = CARTESIAN_POINT('',(-12.1165561436,-18.60185923796,
    487.8517852962));
#4500 = CARTESIAN_POINT('',(-12.11016926999,-18.60601850425,
    487.81417145226));
#4501 = CARTESIAN_POINT('',(-12.10379255855,-18.61016759044,
    487.77655631464));
#4502 = CARTESIAN_POINT('',(-12.09742619222,-18.61430640043,
    487.7389400314));
#4503 = CARTESIAN_POINT('',(-12.09107045885,-18.61843477042,
    487.70132287586));
#4504 = CARTESIAN_POINT('',(-12.08472583412,-18.62255241582,
    487.663705259));
#4505 = CARTESIAN_POINT('',(-12.07429792134,-18.62931436014,
    487.60176157325));
#4506 = CARTESIAN_POINT('',(-12.07020777336,-18.63196514095,
    487.57743581464));
#4507 = CARTESIAN_POINT('',(-12.06612282685,-18.63461109433,
    487.55311032448));
#4508 = CARTESIAN_POINT('',(-12.06204337684,-18.6372520365,
    487.52878530269));
#4509 = CARTESIAN_POINT('',(-12.05796983856,-18.6398877063,
    487.50446128385));
#4510 = CARTESIAN_POINT('',(-12.05390279626,-18.64251773402,
    487.48013916755));
#4511 = CARTESIAN_POINT('',(-12.04984311806,-18.64514156792,
    487.45582029502));
#4512 = CARTESIAN_POINT('',(-12.04297511732,-18.64957805341,
    487.41459900831));
#4513 = CARTESIAN_POINT('',(-12.04016251512,-18.65139420566,
    487.39769517269));
#4514 = CARTESIAN_POINT('',(-12.03735458572,-18.65320665413,
    487.38079463683));
#4515 = CARTESIAN_POINT('',(-12.03455192978,-18.65501501539,
    487.36389819625));
#4516 = CARTESIAN_POINT('',(-12.03175544235,-18.65681871663,
    487.34700779102));
#4517 = CARTESIAN_POINT('',(-12.02896641368,-18.6586169314,
    487.33012663836));
#4518 = CARTESIAN_POINT('',(-12.02618678108,-18.66040841843,
    487.31325957717));
#4519 = CARTESIAN_POINT('',(-12.02153455651,-18.66340568959,
    487.28493861338));
#4520 = CARTESIAN_POINT('',(-12.01965600246,-18.66461567064,
    487.27347744298));
#4521 = CARTESIAN_POINT('',(-12.01778420213,-18.66582099623,
    487.262028799));
#4522 = CARTESIAN_POINT('',(-12.01592042063,-18.66702085557,
    487.25059545285));
#4523 = CARTESIAN_POINT('',(-12.01406671854,-18.66821392661,
    487.23918394368));
#4524 = CARTESIAN_POINT('',(-12.01222616498,-18.66939824013,
    487.22780503121));
#4525 = CARTESIAN_POINT('',(-12.01040340153,-18.67057081884,
    487.21647491914));
#4526 = CARTESIAN_POINT('',(-12.00737843987,-18.67251630419,
    487.19753333758));
#4527 = CARTESIAN_POINT('',(-12.00616474938,-18.67329675142,
    487.18989446039));
#4528 = CARTESIAN_POINT('',(-12.00496516477,-18.67406800124,
    487.18229853235));
#4529 = CARTESIAN_POINT('',(-12.00378275167,-18.6748280874,
    487.17475558487));
#4530 = CARTESIAN_POINT('',(-12.00262286841,-18.67557357152,
    487.16728760672));
#4531 = CARTESIAN_POINT('',(-12.00149349922,-18.67629933089,
    487.15992940491));
#4532 = CARTESIAN_POINT('',(-12.00040601453,-18.67699807206,
    487.15273048556));
#4533 = CARTESIAN_POINT('',(-11.99882056244,-18.67801663846,
    487.14199427041));
#4534 = CARTESIAN_POINT('',(-11.99828212797,-18.67836252657,
    487.13829992093));
#4535 = CARTESIAN_POINT('',(-11.99776358584,-18.67869561101,
    487.13468590459));
#4536 = CARTESIAN_POINT('',(-11.99726851213,-18.67901359797,
    487.13116883075));
#4537 = CARTESIAN_POINT('',(-11.99680129417,-18.67931367333,
    487.12776973391));
#4538 = CARTESIAN_POINT('',(-11.9963668969,-18.67959265262,
    487.12451288761));
#4539 = CARTESIAN_POINT('',(-11.99597062925,-18.679847131,
    487.12142461829));
#4540 = CARTESIAN_POINT('',(-11.99537955887,-18.68022669345,
    487.11657749707));
#4541 = CARTESIAN_POINT('',(-11.99516109478,-18.68036697769,
    487.11471232735));
#4542 = CARTESIAN_POINT('',(-11.99496428661,-18.68049335187,
    487.11294596746));
#4543 = CARTESIAN_POINT('',(-11.99479078426,-18.68060475796,
    487.11128714132));
#4544 = CARTESIAN_POINT('',(-11.99464205429,-18.68070025558,
    487.10974367374));
#4545 = CARTESIAN_POINT('',(-11.994519315,-18.68077906364,
    487.10832222466));
#4546 = CARTESIAN_POINT('',(-11.99442347154,-18.68084060185,
    487.10702802354));
#4547 = CARTESIAN_POINT('',(-11.99426731534,-18.68094086439,
    487.10437275009));
#4548 = CARTESIAN_POINT('',(-11.99422464975,-18.6809682578,
    487.10309542446));
#4549 = CARTESIAN_POINT('',(-11.99422816207,-18.68096600257,
    487.10203994116));
#4550 = CARTESIAN_POINT('',(-11.99427791012,-18.68093406185,
    487.101207568));
#4551 = CARTESIAN_POINT('',(-11.99437313176,-18.68087292436,
    487.10059490289));
#4552 = CARTESIAN_POINT('',(-11.99451247511,-18.68078345665,
    487.10019525069));
#4553 = CARTESIAN_POINT('',(-11.99469422861,-18.68066675554,
    487.10000000001));
#4554 = CARTESIAN_POINT('',(-11.9949165512,-18.6805240004,487.1));
#4555 = PCURVE('',#31,#4556);
#4556 = DEFINITIONAL_REPRESENTATION('',(#4557),#4672);
#4557 = B_SPLINE_CURVE_WITH_KNOTS('',8,(#4558,#4559,#4560,#4561,#4562,
    #4563,#4564,#4565,#4566,#4567,#4568,#4569,#4570,#4571,#4572,#4573,
    #4574,#4575,#4576,#4577,#4578,#4579,#4580,#4581,#4582,#4583,#4584,
    #4585,#4586,#4587,#4588,#4589,#4590,#4591,#4592,#4593,#4594,#4595,
    #4596,#4597,#4598,#4599,#4600,#4601,#4602,#4603,#4604,#4605,#4606,
    #4607,#4608,#4609,#4610,#4611,#4612,#4613,#4614,#4615,#4616,#4617,
    #4618,#4619,#4620,#4621,#4622,#4623,#4624,#4625,#4626,#4627,#4628,
    #4629,#4630,#4631,#4632,#4633,#4634,#4635,#4636,#4637,#4638,#4639,
    #4640,#4641,#4642,#4643,#4644,#4645,#4646,#4647,#4648,#4649,#4650,
    #4651,#4652,#4653,#4654,#4655,#4656,#4657,#4658,#4659,#4660,#4661,
    #4662,#4663,#4664,#4665,#4666,#4667,#4668,#4669,#4670,#4671),
  .UNSPECIFIED.,.F.,.F.,(9,7,7,7,7,7,7,7,7,7,7,7,7,7,7,7,9),(0.,
    4.711026164905E-03,1.384585188872E-02,3.631376517194E-02,
    5.949723443732E-02,0.130457760239,0.3051060992,0.680349419294,
    0.854419894876,0.904642996013,0.93712085365,0.959705689557,
    0.975089873585,0.985590333343,0.99125834968,0.995088542951,1.),
  .UNSPECIFIED.);
#4558 = CARTESIAN_POINT('',(-4.075577806989,-8.));
#4559 = CARTESIAN_POINT('',(-4.075768485075,-8.));
#4560 = CARTESIAN_POINT('',(-4.075943665543,-7.998512536249));
#4561 = CARTESIAN_POINT('',(-4.076101486898,-7.99622305074));
#4562 = CARTESIAN_POINT('',(-4.076242089084,-7.993617689036));
#4563 = CARTESIAN_POINT('',(-4.076367613484,-7.990983300272));
#4564 = CARTESIAN_POINT('',(-4.076482202921,-7.988407437148));
#4565 = CARTESIAN_POINT('',(-4.076592001655,-7.985778355938));
#4566 = CARTESIAN_POINT('',(-4.076924563985,-7.976980838518));
#4567 = CARTESIAN_POINT('',(-4.077122955975,-7.97093679764));
#4568 = CARTESIAN_POINT('',(-4.077308363419,-7.964759000278));
#4569 = CARTESIAN_POINT('',(-4.077485062432,-7.958507256403));
#4570 = CARTESIAN_POINT('',(-4.077654847954,-7.952207937802));
#4571 = CARTESIAN_POINT('',(-4.077818308528,-7.945866836347));
#4572 = CARTESIAN_POINT('',(-4.077976101071,-7.939482022267));
#4573 = CARTESIAN_POINT('',(-4.078509308715,-7.917253058911));
#4574 = CARTESIAN_POINT('',(-4.078862048128,-7.901267799501));
#4575 = CARTESIAN_POINT('',(-4.079199312405,-7.885182005774));
#4576 = CARTESIAN_POINT('',(-4.079523325184,-7.869018741193));
#4577 = CARTESIAN_POINT('',(-4.07983752433,-7.85280489155));
#4578 = CARTESIAN_POINT('',(-4.080142987809,-7.836547620472));
#4579 = CARTESIAN_POINT('',(-4.080441270682,-7.82025356938));
#4580 = CARTESIAN_POINT('',(-4.081034739495,-7.787068542232));
#4581 = CARTESIAN_POINT('',(-4.081329416779,-7.770182488694));
#4582 = CARTESIAN_POINT('',(-4.081618384123,-7.753268784175));
#4583 = CARTESIAN_POINT('',(-4.081902387888,-7.736331796862));
#4584 = CARTESIAN_POINT('',(-4.082181981848,-7.719374739596));
#4585 = CARTESIAN_POINT('',(-4.082457586552,-7.702399958379));
#4586 = CARTESIAN_POINT('',(-4.082729548683,-7.68540922087));
#4587 = CARTESIAN_POINT('',(-4.083820496155,-7.616354026826));
#4588 = CARTESIAN_POINT('',(-4.084611660159,-7.56417157563));
#4589 = CARTESIAN_POINT('',(-4.08538031237,-7.511897105132));
#4590 = CARTESIAN_POINT('',(-4.086130371335,-7.459550559525));
#4591 = CARTESIAN_POINT('',(-4.086864637957,-7.407145849997));
#4592 = CARTESIAN_POINT('',(-4.087585407693,-7.354693209421));
#4593 = CARTESIAN_POINT('',(-4.088294137759,-7.302197786335));
#4594 = CARTESIAN_POINT('',(-4.090710259432,-7.120363611339));
#4595 = CARTESIAN_POINT('',(-4.092363449167,-6.990840834183));
#4596 = CARTESIAN_POINT('',(-4.093970476297,-6.861165091591));
#4597 = CARTESIAN_POINT('',(-4.095539186756,-6.731368697797));
#4598 = CARTESIAN_POINT('',(-4.097075251064,-6.601474403512));
#4599 = CARTESIAN_POINT('',(-4.098583416044,-6.471499285706));
#4600 = CARTESIAN_POINT('',(-4.100066491653,-6.341451274076));
#4601 = CARTESIAN_POINT('',(-4.104665772323,-5.931774133559));
#4602 = CARTESIAN_POINT('',(-4.107700903509,-5.651920568265));
#4603 = CARTESIAN_POINT('',(-4.110657909122,-5.371853537062));
#4604 = CARTESIAN_POINT('',(-4.113548154641,-5.091611345833));
#4605 = CARTESIAN_POINT('',(-4.116381418377,-4.811225463331));
#4606 = CARTESIAN_POINT('',(-4.119163811434,-4.530714395283));
#4607 = CARTESIAN_POINT('',(-4.121900728575,-4.250092318549));
#4608 = CARTESIAN_POINT('',(-4.125846567733,-3.839140355539));
#4609 = CARTESIAN_POINT('',(-4.127088016122,-3.708894142942));
#4610 = CARTESIAN_POINT('',(-4.128320940194,-3.578627344819));
#4611 = CARTESIAN_POINT('',(-4.129545684225,-3.448340441812));
#4612 = CARTESIAN_POINT('',(-4.130762567701,-3.318034241495));
#4613 = CARTESIAN_POINT('',(-4.13197180266,-3.18770958484));
#4614 = CARTESIAN_POINT('',(-4.133173611593,-3.057367814534));
#4615 = CARTESIAN_POINT('',(-4.134712484849,-2.8893978201));
#4616 = CARTESIAN_POINT('',(-4.135056436965,-2.851785296204));
#4617 = CARTESIAN_POINT('',(-4.135399760699,-2.814171452266));
#4618 = CARTESIAN_POINT('',(-4.135742450622,-2.776556314645));
#4619 = CARTESIAN_POINT('',(-4.136084497528,-2.738940031405));
#4620 = CARTESIAN_POINT('',(-4.136425886584,-2.701322875862));
#4621 = CARTESIAN_POINT('',(-4.136766592899,-2.663705259008));
#4622 = CARTESIAN_POINT('',(-4.137326430971,-2.601761573257));
#4623 = CARTESIAN_POINT('',(-4.137545980853,-2.577435814649));
#4624 = CARTESIAN_POINT('',(-4.137765215854,-2.55311032448));
#4625 = CARTESIAN_POINT('',(-4.137984120337,-2.528785302691));
#4626 = CARTESIAN_POINT('',(-4.138202672222,-2.504461283853));
#4627 = CARTESIAN_POINT('',(-4.138420840384,-2.480139167555));
#4628 = CARTESIAN_POINT('',(-4.138638578506,-2.455820295026));
#4629 = CARTESIAN_POINT('',(-4.139006880186,-2.414599008313));
#4630 = CARTESIAN_POINT('',(-4.139157691238,-2.397695172695));
#4631 = CARTESIAN_POINT('',(-4.139308234962,-2.380794636839));
#4632 = CARTESIAN_POINT('',(-4.139458479266,-2.363898196258));
#4633 = CARTESIAN_POINT('',(-4.139608376285,-2.34700779102));
#4634 = CARTESIAN_POINT('',(-4.139757857009,-2.330126638366));
#4635 = CARTESIAN_POINT('',(-4.139906817798,-2.313259577178));
#4636 = CARTESIAN_POINT('',(-4.140156103881,-2.284938613382));
#4637 = CARTESIAN_POINT('',(-4.140256757328,-2.27347744299));
#4638 = CARTESIAN_POINT('',(-4.140357041461,-2.262028799007));
#4639 = CARTESIAN_POINT('',(-4.140456888594,-2.250595452851));
#4640 = CARTESIAN_POINT('',(-4.14055618845,-2.23918394368));
#4641 = CARTESIAN_POINT('',(-4.140654776772,-2.227805031211));
#4642 = CARTESIAN_POINT('',(-4.140752405164,-2.216474919141));
#4643 = CARTESIAN_POINT('',(-4.140914412762,-2.197533337588));
#4644 = CARTESIAN_POINT('',(-4.1409794111,-2.189894460397));
#4645 = CARTESIAN_POINT('',(-4.141043650917,-2.182298532359));
#4646 = CARTESIAN_POINT('',(-4.14110696816,-2.174755584871));
#4647 = CARTESIAN_POINT('',(-4.141169076045,-2.16728760672));
#4648 = CARTESIAN_POINT('',(-4.141229547259,-2.15992940491));
#4649 = CARTESIAN_POINT('',(-4.14128777331,-2.152730485565));
#4650 = CARTESIAN_POINT('',(-4.141372658254,-2.141994270413));
#4651 = CARTESIAN_POINT('',(-4.141401485333,-2.138299920932));
#4652 = CARTESIAN_POINT('',(-4.141429246795,-2.134685904591));
#4653 = CARTESIAN_POINT('',(-4.141455751266,-2.131168830752));
#4654 = CARTESIAN_POINT('',(-4.141480763958,-2.127769733915));
#4655 = CARTESIAN_POINT('',(-4.141504019177,-2.12451288761));
#4656 = CARTESIAN_POINT('',(-4.141525232825,-2.121424618295));
#4657 = CARTESIAN_POINT('',(-4.141556874584,-2.116577497079));
#4658 = CARTESIAN_POINT('',(-4.141568569498,-2.114712327357));
#4659 = CARTESIAN_POINT('',(-4.141579105021,-2.112945967461));
#4660 = CARTESIAN_POINT('',(-4.141588392866,-2.111287141324));
#4661 = CARTESIAN_POINT('',(-4.141596354557,-2.10974367374));
#4662 = CARTESIAN_POINT('',(-4.141602924905,-2.108322224669));
#4663 = CARTESIAN_POINT('',(-4.141608055479,-2.107028023545));
#4664 = CARTESIAN_POINT('',(-4.141616414622,-2.104372750097));
#4665 = CARTESIAN_POINT('',(-4.141618698523,-2.103095424462));
#4666 = CARTESIAN_POINT('',(-4.141618510503,-2.102039941164));
#4667 = CARTESIAN_POINT('',(-4.141615847477,-2.101207568));
#4668 = CARTESIAN_POINT('',(-4.141610750226,-2.100594902892));
#4669 = CARTESIAN_POINT('',(-4.141603291082,-2.100195250696));
#4670 = CARTESIAN_POINT('',(-4.141593561615,-2.100000000014));
#4671 = CARTESIAN_POINT('',(-4.141581660311,-2.1));
#4672 = ( GEOMETRIC_REPRESENTATION_CONTEXT(2) 
PARAMETRIC_REPRESENTATION_CONTEXT() REPRESENTATION_CONTEXT('2D SPACE',''
  ) );
#4673 = PCURVE('',#4674,#4691);
#4674 = B_SPLINE_SURFACE_WITH_KNOTS('',7,1,(
    (#4675,#4676)
    ,(#4677,#4678)
    ,(#4679,#4680)
    ,(#4681,#4682)
    ,(#4683,#4684)
    ,(#4685,#4686)
    ,(#4687,#4688)
    ,(#4689,#4690
    )),.UNSPECIFIED.,.F.,.F.,.F.,(8,8),(2,2),(0.,1.523587782319),(0.,1.)
  ,.PIECEWISE_BEZIER_KNOTS.);
#4675 = CARTESIAN_POINT('',(-11.97863085885,-18.74759725264,487.1));
#4676 = CARTESIAN_POINT('',(-12.73952530903,-20.06550509955,493.));
#4677 = CARTESIAN_POINT('',(-11.97318947391,-18.73817249747,487.1));
#4678 = CARTESIAN_POINT('',(-12.5625329748,-19.75894538411,493.));
#4679 = CARTESIAN_POINT('',(-11.97014119295,-18.72736683936,487.1));
#4680 = CARTESIAN_POINT('',(-12.46001492255,-19.40938902552,
    492.99999999999));
#4681 = CARTESIAN_POINT('',(-11.96990768494,-18.715904919,487.1));
#4682 = CARTESIAN_POINT('',(-12.44449406084,-19.03854464672,
    493.00000000001));
#4683 = CARTESIAN_POINT('',(-11.97263135932,-18.704687361,487.1));
#4684 = CARTESIAN_POINT('',(-12.5206358287,-18.6726936843,
    492.99999999998));
#4685 = CARTESIAN_POINT('',(-11.97809501004,-18.69460873684,
    487.09999999999));
#4686 = CARTESIAN_POINT('',(-12.68282137086,-18.3388339827,493.));
#4687 = CARTESIAN_POINT('',(-11.98575908078,-18.68640408671,487.1));
#4688 = CARTESIAN_POINT('',(-12.91628729695,-18.05920340458,
    492.99999999999));
#4689 = CARTESIAN_POINT('',(-11.99491655122,-18.68052400039,487.1));
#4690 = CARTESIAN_POINT('',(-13.20088956482,-17.8487118498,493.));
#4691 = DEFINITIONAL_REPRESENTATION('',(#4692),#4807);
#4692 = B_SPLINE_CURVE_WITH_KNOTS('',8,(#4693,#4694,#4695,#4696,#4697,
    #4698,#4699,#4700,#4701,#4702,#4703,#4704,#4705,#4706,#4707,#4708,
    #4709,#4710,#4711,#4712,#4713,#4714,#4715,#4716,#4717,#4718,#4719,
    #4720,#4721,#4722,#4723,#4724,#4725,#4726,#4727,#4728,#4729,#4730,
    #4731,#4732,#4733,#4734,#4735,#4736,#4737,#4738,#4739,#4740,#4741,
    #4742,#4743,#4744,#4745,#4746,#4747,#4748,#4749,#4750,#4751,#4752,
    #4753,#4754,#4755,#4756,#4757,#4758,#4759,#4760,#4761,#4762,#4763,
    #4764,#4765,#4766,#4767,#4768,#4769,#4770,#4771,#4772,#4773,#4774,
    #4775,#4776,#4777,#4778,#4779,#4780,#4781,#4782,#4783,#4784,#4785,
    #4786,#4787,#4788,#4789,#4790,#4791,#4792,#4793,#4794,#4795,#4796,
    #4797,#4798,#4799,#4800,#4801,#4802,#4803,#4804,#4805,#4806),
  .UNSPECIFIED.,.F.,.F.,(9,7,7,7,7,7,7,7,7,7,7,7,7,7,7,7,9),(0.,
    4.711026164905E-03,1.384585188872E-02,3.631376517194E-02,
    5.949723443732E-02,0.130457760239,0.3051060992,0.680349419294,
    0.854419894876,0.904642996013,0.93712085365,0.959705689557,
    0.975089873585,0.985590333343,0.99125834968,0.995088542951,1.),
  .UNSPECIFIED.);
#4693 = CARTESIAN_POINT('',(1.523587782319,1.));
#4694 = CARTESIAN_POINT('',(1.520984994609,1.));
#4695 = CARTESIAN_POINT('',(1.518819752001,0.9997478875));
#4696 = CARTESIAN_POINT('',(1.517012594549,0.999359839108));
#4697 = CARTESIAN_POINT('',(1.515487243838,0.998918252379));
#4698 = CARTESIAN_POINT('',(1.514170602982,0.998471745809));
#4699 = CARTESIAN_POINT('',(1.512992756626,0.998035158839));
#4700 = CARTESIAN_POINT('',(1.511886970944,0.997589551854));
#4701 = CARTESIAN_POINT('',(1.508662038943,0.996098447206));
#4702 = CARTESIAN_POINT('',(1.506853627223,0.995074033498));
#4703 = CARTESIAN_POINT('',(1.505239283579,0.9940269492));
#4704 = CARTESIAN_POINT('',(1.50375199067,0.992967331594));
#4705 = CARTESIAN_POINT('',(1.502363556296,0.991899650475));
#4706 = CARTESIAN_POINT('',(1.501065280982,0.990824887516));
#4707 = CARTESIAN_POINT('',(1.499848625565,0.989742715638));
#4708 = CARTESIAN_POINT('',(1.495825999998,0.985975094731));
#4709 = CARTESIAN_POINT('',(1.493339731881,0.983265728729));
#4710 = CARTESIAN_POINT('',(1.491068462361,0.980539323013));
#4711 = CARTESIAN_POINT('',(1.488979450382,0.977799786642));
#4712 = CARTESIAN_POINT('',(1.487022661922,0.975051676534));
#4713 = CARTESIAN_POINT('',(1.485182957167,0.97229620686));
#4714 = CARTESIAN_POINT('',(1.483438656105,0.969534503285));
#4715 = CARTESIAN_POINT('',(1.480062428431,0.963909922412));
#4716 = CARTESIAN_POINT('',(1.478436264371,0.96104787944));
#4717 = CARTESIAN_POINT('',(1.476884507187,0.95818114986));
#4718 = CARTESIAN_POINT('',(1.475396729053,0.955310474044));
#4719 = CARTESIAN_POINT('',(1.473965238476,0.952436396542));
#4720 = CARTESIAN_POINT('',(1.47258424145,0.949559314979));
#4721 = CARTESIAN_POINT('',(1.471249002613,0.946679528961));
#4722 = CARTESIAN_POINT('',(1.465994311368,0.934975258784));
#4723 = CARTESIAN_POINT('',(1.462421160773,0.926130775531));
#4724 = CARTESIAN_POINT('',(1.459118566733,0.917270695785));
#4725 = CARTESIAN_POINT('',(1.456034488661,0.90839839992));
#4726 = CARTESIAN_POINT('',(1.453132105751,0.899516245762));
#4727 = CARTESIAN_POINT('',(1.450381467042,0.890625967699));
#4728 = CARTESIAN_POINT('',(1.447764243623,0.881728438362));
#4729 = CARTESIAN_POINT('',(1.439107993395,0.850909086668));
#4730 = CARTESIAN_POINT('',(1.433658099507,0.82895607359));
#4731 = CARTESIAN_POINT('',(1.428677957049,0.806977134168));
#4732 = CARTESIAN_POINT('',(1.424074525049,0.784977745389));
#4733 = CARTESIAN_POINT('',(1.419781816521,0.762961763307));
#4734 = CARTESIAN_POINT('',(1.415744961816,0.740932082323));
#4735 = CARTESIAN_POINT('',(1.411934368355,0.718890046454));
#4736 = CARTESIAN_POINT('',(1.400555666932,0.649453242976));
#4737 = CARTESIAN_POINT('',(1.393701199012,0.602020435299));
#4738 = CARTESIAN_POINT('',(1.387488093797,0.55455144696));
#4739 = CARTESIAN_POINT('',(1.381822235724,0.507052770479));
#4740 = CARTESIAN_POINT('',(1.376615483082,0.459529739548));
#4741 = CARTESIAN_POINT('',(1.371860075261,0.411985490726));
#4742 = CARTESIAN_POINT('',(1.36753481171,0.364422426873));
#4743 = CARTESIAN_POINT('',(1.362047615452,0.294769551786));
#4744 = CARTESIAN_POINT('',(1.360433291877,0.272693922532));
#4745 = CARTESIAN_POINT('',(1.358956013062,0.250614804207));
#4746 = CARTESIAN_POINT('',(1.357646952542,0.228532278273));
#4747 = CARTESIAN_POINT('',(1.356523510985,0.20644648161));
#4748 = CARTESIAN_POINT('',(1.355678564441,0.184357556752));
#4749 = CARTESIAN_POINT('',(1.355169734287,0.162265731277));
#4750 = CARTESIAN_POINT('',(1.355413052941,0.133796240695));
#4751 = CARTESIAN_POINT('',(1.355525729633,0.127421236645));
#4752 = CARTESIAN_POINT('',(1.355705065939,0.121046008859));
#4753 = CARTESIAN_POINT('',(1.355962625573,0.114670561804));
#4754 = CARTESIAN_POINT('',(1.356312565017,0.108294920577));
#4755 = CARTESIAN_POINT('',(1.356773400981,0.101919131502));
#4756 = CARTESIAN_POINT('',(1.357372050227,9.554326423866E-02));
#4757 = CARTESIAN_POINT('',(1.358653311508,8.504433445039E-02));
#4758 = CARTESIAN_POINT('',(1.359231636166,8.09213245168E-02));
#4759 = CARTESIAN_POINT('',(1.359896159436,7.679836008125E-02));
#4760 = CARTESIAN_POINT('',(1.360661637803,7.267547503235E-02));
#4761 = CARTESIAN_POINT('',(1.361546093778,6.855275997503E-02));
#4762 = CARTESIAN_POINT('',(1.362572887244,6.443036738221E-02));
#4763 = CARTESIAN_POINT('',(1.363775304881,6.030852458069E-02));
#4764 = CARTESIAN_POINT('',(1.366196939456,5.332186581573E-02));
#4765 = CARTESIAN_POINT('',(1.367299594853,5.045680893136E-02));
#4766 = CARTESIAN_POINT('',(1.368528143033,4.759231132858E-02));
#4767 = CARTESIAN_POINT('',(1.369904980421,4.472850784028E-02));
#4768 = CARTESIAN_POINT('',(1.371457376347,4.186572729157E-02));
#4769 = CARTESIAN_POINT('',(1.373220749902,3.900451497724E-02));
#4770 = CARTESIAN_POINT('',(1.375246238029,3.61456910471E-02));
#4771 = CARTESIAN_POINT('',(1.379224426315,3.134552769177E-02));
#4772 = CARTESIAN_POINT('',(1.380994195781,2.940295643889E-02));
#4773 = CARTESIAN_POINT('',(1.382946350894,2.746250830628E-02));
#4774 = CARTESIAN_POINT('',(1.385114131873,2.552465302549E-02));
#4775 = CARTESIAN_POINT('',(1.387537743517,2.359049892878E-02));
#4776 = CARTESIAN_POINT('',(1.390269064832,2.166186969672E-02));
#4777 = CARTESIAN_POINT('',(1.393382856264,1.974151171886E-02));
#4778 = CARTESIAN_POINT('',(1.399459564227,1.653107416748E-02));
#4779 = CARTESIAN_POINT('',(1.40215325485,1.523634921973E-02));
#4780 = CARTESIAN_POINT('',(1.405113988339,1.394890378971E-02));
#4781 = CARTESIAN_POINT('',(1.408389329201,1.267043811371E-02));
#4782 = CARTESIAN_POINT('',(1.41203608395,1.140467910501E-02));
#4783 = CARTESIAN_POINT('',(1.416124100008,1.015752625585E-02));
#4784 = CARTESIAN_POINT('',(1.420743734105,8.937370434656E-03));
#4785 = CARTESIAN_POINT('',(1.428863427542,7.117672951351E-03));
#4786 = CARTESIAN_POINT('',(1.431898126376,6.491512022307E-03));
#4787 = CARTESIAN_POINT('',(1.435138422021,5.878966879724E-03));
#4788 = CARTESIAN_POINT('',(1.438602546918,5.28285266978E-03));
#4789 = CARTESIAN_POINT('',(1.44230759048,4.706734561801E-03));
#4790 = CARTESIAN_POINT('',(1.446267458992,4.154726713521E-03));
#4791 = CARTESIAN_POINT('',(1.450490835518,3.631291236342E-03));
#4792 = CARTESIAN_POINT('',(1.458012136158,2.809745267555E-03));
#4793 = CARTESIAN_POINT('',(1.46116582339,2.493614806254E-03));
#4794 = CARTESIAN_POINT('',(1.464438702965,2.194231773081E-03));
#4795 = CARTESIAN_POINT('',(1.467827606839,1.913074800744E-03));
#4796 = CARTESIAN_POINT('',(1.471327438119,1.651470125449E-03));
#4797 = CARTESIAN_POINT('',(1.47493091172,1.410546554075E-03));
#4798 = CARTESIAN_POINT('',(1.478628295022,1.191190431359E-03));
#4799 = CARTESIAN_POINT('',(1.487252772598,7.411440841784E-04));
#4800 = CARTESIAN_POINT('',(1.492234443705,5.246482139621E-04));
#4801 = CARTESIAN_POINT('',(1.497326515055,3.457527396588E-04));
#4802 = CARTESIAN_POINT('',(1.502503543496,2.046725423401E-04));
#4803 = CARTESIAN_POINT('',(1.507740794686,1.008309986148E-04));
#4804 = CARTESIAN_POINT('',(1.513014748256,3.309333833629E-05));
#4805 = CARTESIAN_POINT('',(1.518303602972,2.309847990411E-12));
#4806 = CARTESIAN_POINT('',(1.523587781901,0.));
#4807 = ( GEOMETRIC_REPRESENTATION_CONTEXT(2) 
PARAMETRIC_REPRESENTATION_CONTEXT() REPRESENTATION_CONTEXT('2D SPACE',''
  ) );
#4808 = ORIENTED_EDGE('',*,*,#4809,.F.);
#4809 = EDGE_CURVE('',#4810,#4437,#4812,.T.);
#4810 = VERTEX_POINT('',#4811);
#4811 = CARTESIAN_POINT('',(-11.95475842428,-18.70624898307,487.1));
#4812 = SURFACE_CURVE('',#4813,(#4818,#4825),.PCURVE_S1.);
#4813 = CIRCLE('',#4814,22.2);
#4814 = AXIS2_PLACEMENT_3D('',#4815,#4816,#4817);
#4815 = CARTESIAN_POINT('',(0.,0.,487.1));
#4816 = DIRECTION('',(0.,0.,-1.));
#4817 = DIRECTION('',(1.,0.,0.));
#4818 = PCURVE('',#31,#4819);
#4819 = DEFINITIONAL_REPRESENTATION('',(#4820),#4824);
#4820 = LINE('',#4821,#4822);
#4821 = CARTESIAN_POINT('',(-6.28318530718,-2.1));
#4822 = VECTOR('',#4823,1.);
#4823 = DIRECTION('',(1.,-0.));
#4824 = ( GEOMETRIC_REPRESENTATION_CONTEXT(2) 
PARAMETRIC_REPRESENTATION_CONTEXT() REPRESENTATION_CONTEXT('2D SPACE',''
  ) );
#4825 = PCURVE('',#4826,#4831);
#4826 = PLANE('',#4827);
#4827 = AXIS2_PLACEMENT_3D('',#4828,#4829,#4830);
#4828 = CARTESIAN_POINT('',(3.504863928931E-09,5.468281316624E-09,487.1)
  );
#4829 = DIRECTION('',(0.,0.,1.));
#4830 = DIRECTION('',(-0.540311556361,-0.841465045063,0.));
#4831 = DEFINITIONAL_REPRESENTATION('',(#4832),#4840);
#4832 = ( BOUNDED_CURVE() B_SPLINE_CURVE(2,(#4833,#4834,#4835,#4836,
#4837,#4838,#4839),.UNSPECIFIED.,.T.,.F.) B_SPLINE_CURVE_WITH_KNOTS((1,2
    ,2,2,2,1),(-2.094395102393,0.,2.094395102393,4.188790204786,
6.28318530718,8.377580409573),.UNSPECIFIED.) CURVE() 
GEOMETRIC_REPRESENTATION_ITEM() RATIONAL_B_SPLINE_CURVE((1.,0.5,1.,0.5,
1.,0.5,1.)) REPRESENTATION_ITEM('') );
#4833 = CARTESIAN_POINT('',(-11.99491654472,18.680524000399));
#4834 = CARTESIAN_POINT('',(20.360700135969,39.456328899659));
#4835 = CARTESIAN_POINT('',(22.175266622451,1.047640449438));
#4836 = CARTESIAN_POINT('',(23.989833108933,-37.36104800078));
#4837 = CARTESIAN_POINT('',(-10.18035005824,-19.72816444982));
#4838 = CARTESIAN_POINT('',(-44.35053322541,-2.09528089886));
#4839 = CARTESIAN_POINT('',(-11.99491654472,18.680524000399));
#4840 = ( GEOMETRIC_REPRESENTATION_CONTEXT(2) 
PARAMETRIC_REPRESENTATION_CONTEXT() REPRESENTATION_CONTEXT('2D SPACE',''
  ) );
#4841 = ORIENTED_EDGE('',*,*,#4842,.T.);
#4842 = EDGE_CURVE('',#4810,#4843,#4845,.T.);
#4843 = VERTEX_POINT('',#4844);
#4844 = CARTESIAN_POINT('',(-11.95475842428,-18.70624898307,
    487.38907295259));
#4845 = SURFACE_CURVE('',#4846,(#4861,#4879),.PCURVE_S1.);
#4846 = B_SPLINE_CURVE_WITH_KNOTS('',5,(#4847,#4848,#4849,#4850,#4851,
    #4852,#4853,#4854,#4855,#4856,#4857,#4858,#4859,#4860),
  .UNSPECIFIED.,.F.,.F.,(6,4,4,6),(0.,5.550801240566E-02,0.555214315676,
    1.),.UNSPECIFIED.);
#4847 = CARTESIAN_POINT('',(-11.95475842428,-18.70624898307,487.1));
#4848 = CARTESIAN_POINT('',(-11.95475842428,-18.70624898307,
    487.10417054189));
#4849 = CARTESIAN_POINT('',(-11.95475842428,-18.70624898307,
    487.10836466604));
#4850 = CARTESIAN_POINT('',(-11.95475842428,-18.70624898307,
    487.11258223087));
#4851 = CARTESIAN_POINT('',(-11.95475842428,-18.70624898307,
    487.11682308163));
#4852 = CARTESIAN_POINT('',(-11.95475842428,-18.70624898307,
    487.15947307782));
#4853 = CARTESIAN_POINT('',(-11.95475842428,-18.70624898307,
    487.19973571165));
#4854 = CARTESIAN_POINT('',(-11.95475842428,-18.70624898307,
    487.24174365262));
#4855 = CARTESIAN_POINT('',(-11.95475842428,-18.70624898307,
    487.28530153267));
#4856 = CARTESIAN_POINT('',(-11.95475842428,-18.70624898307,
    487.3701450394));
#4857 = CARTESIAN_POINT('',(-11.95475842428,-18.70624898307,
    487.41115755692));
#4858 = CARTESIAN_POINT('',(-11.95475842428,-18.70624898307,
    487.45308090118));
#4859 = CARTESIAN_POINT('',(-11.95475842428,-18.70624898307,
    487.49577281331));
#4860 = CARTESIAN_POINT('',(-11.95475842428,-18.70624898307,
    487.53911766157));
#4861 = PCURVE('',#31,#4862);
#4862 = DEFINITIONAL_REPRESENTATION('',(#4863),#4878);
#4863 = B_SPLINE_CURVE_WITH_KNOTS('',5,(#4864,#4865,#4866,#4867,#4868,
    #4869,#4870,#4871,#4872,#4873,#4874,#4875,#4876,#4877),
  .UNSPECIFIED.,.F.,.F.,(6,4,4,6),(0.,5.550801240566E-02,0.555214315676,
    1.),.UNSPECIFIED.);
#4864 = CARTESIAN_POINT('',(-4.143729912662,-2.1));
#4865 = CARTESIAN_POINT('',(-4.143729912662,-2.104170541891));
#4866 = CARTESIAN_POINT('',(-4.143729912662,-2.108364666046));
#4867 = CARTESIAN_POINT('',(-4.143729912662,-2.112582230875));
#4868 = CARTESIAN_POINT('',(-4.143729912662,-2.116823081636));
#4869 = CARTESIAN_POINT('',(-4.143729912662,-2.159473077828));
#4870 = CARTESIAN_POINT('',(-4.143729912662,-2.199735711656));
#4871 = CARTESIAN_POINT('',(-4.143729912662,-2.241743652621));
#4872 = CARTESIAN_POINT('',(-4.143729912662,-2.285301532672));
#4873 = CARTESIAN_POINT('',(-4.143729912662,-2.370145039402));
#4874 = CARTESIAN_POINT('',(-4.143729912662,-2.411157556925));
#4875 = CARTESIAN_POINT('',(-4.143729912662,-2.453080901181));
#4876 = CARTESIAN_POINT('',(-4.143729912662,-2.495772813314));
#4877 = CARTESIAN_POINT('',(-4.143729912662,-2.539117661579));
#4878 = ( GEOMETRIC_REPRESENTATION_CONTEXT(2) 
PARAMETRIC_REPRESENTATION_CONTEXT() REPRESENTATION_CONTEXT('2D SPACE',''
  ) );
#4879 = PCURVE('',#4880,#4885);
#4880 = B_SPLINE_SURFACE_WITH_KNOTS('',1,1,(
    (#4881,#4882)
    ,(#4883,#4884
    )),.UNSPECIFIED.,.F.,.F.,.F.,(2,2),(2,2),(0.,1.769738834666),(0.,1.)
  ,.PIECEWISE_BEZIER_KNOTS.);
#4881 = CARTESIAN_POINT('',(-11.8546558917,-18.53286631067,487.1));
#4882 = CARTESIAN_POINT('',(-11.8546558917,-18.53286631067,493.));
#4883 = CARTESIAN_POINT('',(-11.97863085885,-18.74759725264,487.1));
#4884 = CARTESIAN_POINT('',(-12.73952530903,-20.06550509955,493.));
#4885 = DEFINITIONAL_REPRESENTATION('',(#4886),#4901);
#4886 = B_SPLINE_CURVE_WITH_KNOTS('',5,(#4887,#4888,#4889,#4890,#4891,
    #4892,#4893,#4894,#4895,#4896,#4897,#4898,#4899,#4900),
  .UNSPECIFIED.,.F.,.F.,(6,4,4,6),(0.,5.550801240566E-02,0.555214315676,
    1.),.UNSPECIFIED.);
#4887 = CARTESIAN_POINT('',(1.428960567102,0.));
#4888 = CARTESIAN_POINT('',(1.42276114603,7.068715069611E-04));
#4889 = CARTESIAN_POINT('',(1.416593909535,1.417740007823E-03));
#4890 = CARTESIAN_POINT('',(1.410459130408,2.132581504291E-03));
#4891 = CARTESIAN_POINT('',(1.404357064057,2.851369768815E-03));
#4892 = CARTESIAN_POINT('',(1.343651236421,1.008018268266E-02));
#4893 = CARTESIAN_POINT('',(1.291680319878,1.690435790778E-02));
#4894 = CARTESIAN_POINT('',(1.242565290021,2.402434790178E-02));
#4895 = CARTESIAN_POINT('',(1.196327952154,3.140703943593E-02));
#4896 = CARTESIAN_POINT('',(1.114233211398,4.578729481396E-02));
#4897 = CARTESIAN_POINT('',(1.077790634495,5.273856897039E-02));
#4898 = CARTESIAN_POINT('',(1.043506652101,5.984422053922E-02));
#4899 = CARTESIAN_POINT('',(1.011254730339,6.708013784986E-02));
#4900 = CARTESIAN_POINT('',(0.980894817166,7.442672230148E-02));
#4901 = ( GEOMETRIC_REPRESENTATION_CONTEXT(2) 
PARAMETRIC_REPRESENTATION_CONTEXT() REPRESENTATION_CONTEXT('2D SPACE',''
  ) );
#4902 = ORIENTED_EDGE('',*,*,#4903,.F.);
#4903 = EDGE_CURVE('',#4904,#4843,#4906,.T.);
#4904 = VERTEX_POINT('',#4905);
#4905 = CARTESIAN_POINT('',(-11.76330336161,-18.82723277655,487.));
#4906 = SURFACE_CURVE('',#4907,(#4920,#4936),.PCURVE_S1.);
#4907 = B_SPLINE_CURVE_WITH_KNOTS('',6,(#4908,#4909,#4910,#4911,#4912,
    #4913,#4914,#4915,#4916,#4917,#4918,#4919),.UNSPECIFIED.,.F.,.F.,(7,
    5,7),(0.,0.475576193299,1.),.UNSPECIFIED.);
#4908 = CARTESIAN_POINT('',(-11.70069839239,-18.86620409966,
    486.98971296439));
#4909 = CARTESIAN_POINT('',(-11.73478079156,-18.84506641499,
    486.98853450991));
#4910 = CARTESIAN_POINT('',(-11.76864863386,-18.82395952176,
    486.99606715875));
#4911 = CARTESIAN_POINT('',(-11.80109887289,-18.80363125061,
    487.01218312011));
#4912 = CARTESIAN_POINT('',(-11.83100774198,-18.78480512381,
    487.03614163257));
#4913 = CARTESIAN_POINT('',(-11.85742747434,-18.76811440313,
    487.06658028992));
#4914 = CARTESIAN_POINT('',(-11.9045769909,-18.73824707364,
    487.14007630776));
#4915 = CARTESIAN_POINT('',(-11.92463568092,-18.7254856716,
    487.18440921863));
#4916 = CARTESIAN_POINT('',(-11.93973217241,-18.7158522209,
    487.23288401433));
#4917 = CARTESIAN_POINT('',(-11.94976744262,-18.7094384326,
    487.28402625286));
#4918 = CARTESIAN_POINT('',(-11.95475842428,-18.70624898307,
    487.33650002303));
#4919 = CARTESIAN_POINT('',(-11.95475842428,-18.70624898307,
    487.38907295259));
#4920 = PCURVE('',#31,#4921);
#4921 = DEFINITIONAL_REPRESENTATION('',(#4922),#4935);
#4922 = B_SPLINE_CURVE_WITH_KNOTS('',6,(#4923,#4924,#4925,#4926,#4927,
    #4928,#4929,#4930,#4931,#4932,#4933,#4934),.UNSPECIFIED.,.F.,.F.,(7,
    5,7),(0.,0.475576193299,1.),.UNSPECIFIED.);
#4923 = CARTESIAN_POINT('',(-4.157253445944,-1.989712964399));
#4924 = CARTESIAN_POINT('',(-4.155446914063,-1.98853450991));
#4925 = CARTESIAN_POINT('',(-4.153649326556,-1.996067158757));
#4926 = CARTESIAN_POINT('',(-4.15192448082,-2.012183120117));
#4927 = CARTESIAN_POINT('',(-4.150332561936,-2.036141632575));
#4928 = CARTESIAN_POINT('',(-4.148924890954,-2.066580289928));
#4929 = CARTESIAN_POINT('',(-4.146410774377,-2.140076307764));
#4930 = CARTESIAN_POINT('',(-4.145339874117,-2.184409218632));
#4931 = CARTESIAN_POINT('',(-4.144533194298,-2.23288401433));
#4932 = CARTESIAN_POINT('',(-4.143996716454,-2.284026252868));
#4933 = CARTESIAN_POINT('',(-4.143729912662,-2.336500023039));
#4934 = CARTESIAN_POINT('',(-4.143729912662,-2.389072952598));
#4935 = ( GEOMETRIC_REPRESENTATION_CONTEXT(2) 
PARAMETRIC_REPRESENTATION_CONTEXT() REPRESENTATION_CONTEXT('2D SPACE',''
  ) );
#4936 = PCURVE('',#4937,#4942);
#4937 = CYLINDRICAL_SURFACE('',#4938,0.3);
#4938 = AXIS2_PLACEMENT_3D('',#4939,#4940,#4941);
#4939 = CARTESIAN_POINT('',(-11.60395415819,-18.69863817068,
    487.21947347095));
#4940 = DIRECTION('',(-0.365789118252,-0.633565337668,0.681757496383));
#4941 = DIRECTION('',(-0.340878748192,-0.590419311088,-0.731578236503));
#4942 = DEFINITIONAL_REPRESENTATION('',(#4943),#4956);
#4943 = B_SPLINE_CURVE_WITH_KNOTS('',6,(#4944,#4945,#4946,#4947,#4948,
    #4949,#4950,#4951,#4952,#4953,#4954,#4955),.UNSPECIFIED.,.F.,.F.,(7,
    5,7),(0.,0.475576193299,1.),.UNSPECIFIED.);
#4944 = CARTESIAN_POINT('',(0.,-1.508899521598E-02));
#4945 = CARTESIAN_POINT('',(-0.133616886138,-1.681754898282E-02));
#4946 = CARTESIAN_POINT('',(-0.26656180547,-1.266621692484E-02));
#4947 = CARTESIAN_POINT('',(-0.398418865949,-2.688383115961E-03));
#4948 = CARTESIAN_POINT('',(-0.528779132594,1.265826982753E-02));
#4949 = CARTESIAN_POINT('',(-0.65693737518,3.249944117579E-02));
#4950 = CARTESIAN_POINT('',(-0.918796145983,8.092977768483E-02));
#4951 = CARTESIAN_POINT('',(-1.052782085218,0.110406140548));
#4952 = CARTESIAN_POINT('',(-1.18430052036,0.142872907769));
#4953 = CARTESIAN_POINT('',(-1.314022816289,0.177346750965));
#4954 = CARTESIAN_POINT('',(-1.442592289813,0.212926059258));
#4955 = CARTESIAN_POINT('',(-1.570796326795,0.248768048092));
#4956 = ( GEOMETRIC_REPRESENTATION_CONTEXT(2) 
PARAMETRIC_REPRESENTATION_CONTEXT() REPRESENTATION_CONTEXT('2D SPACE',''
  ) );
#4957 = ORIENTED_EDGE('',*,*,#4958,.F.);
#4958 = EDGE_CURVE('',#4959,#4904,#4961,.T.);
#4959 = VERTEX_POINT('',#4960);
#4960 = CARTESIAN_POINT('',(-11.1,-19.22576396401,487.));
#4961 = SURFACE_CURVE('',#4962,(#4967,#4974),.PCURVE_S1.);
#4962 = CIRCLE('',#4963,22.2);
#4963 = AXIS2_PLACEMENT_3D('',#4964,#4965,#4966);
#4964 = CARTESIAN_POINT('',(0.,0.,487.));
#4965 = DIRECTION('',(0.,0.,-1.));
#4966 = DIRECTION('',(1.,0.,0.));
#4967 = PCURVE('',#31,#4968);
#4968 = DEFINITIONAL_REPRESENTATION('',(#4969),#4973);
#4969 = LINE('',#4970,#4971);
#4970 = CARTESIAN_POINT('',(-6.28318530718,-2.));
#4971 = VECTOR('',#4972,1.);
#4972 = DIRECTION('',(1.,-0.));
#4973 = ( GEOMETRIC_REPRESENTATION_CONTEXT(2) 
PARAMETRIC_REPRESENTATION_CONTEXT() REPRESENTATION_CONTEXT('2D SPACE',''
  ) );
#4974 = PCURVE('',#4975,#4980);
#4975 = PLANE('',#4976);
#4976 = AXIS2_PLACEMENT_3D('',#4977,#4978,#4979);
#4977 = CARTESIAN_POINT('',(-10.95,-18.96595634287,487.));
#4978 = DIRECTION('',(0.,0.,1.));
#4979 = DIRECTION('',(-0.5,-0.866025403784,0.));
#4980 = DEFINITIONAL_REPRESENTATION('',(#4981),#4989);
#4981 = ( BOUNDED_CURVE() B_SPLINE_CURVE(2,(#4982,#4983,#4984,#4985,
#4986,#4987,#4988),.UNSPECIFIED.,.T.,.F.) B_SPLINE_CURVE_WITH_KNOTS((1,2
    ,2,2,2,1),(-2.094395102393,0.,2.094395102393,4.188790204786,
6.28318530718,8.377580409573),.UNSPECIFIED.) CURVE() 
GEOMETRIC_REPRESENTATION_ITEM() RATIONAL_B_SPLINE_CURVE((1.,0.5,1.,0.5,
1.,0.5,1.)) REPRESENTATION_ITEM('') );
#4982 = CARTESIAN_POINT('',(-33.,19.225763964015));
#4983 = CARTESIAN_POINT('',(0.3,38.451527928029));
#4984 = CARTESIAN_POINT('',(0.3,1.59872115546E-14));
#4985 = CARTESIAN_POINT('',(0.3,-38.45152792802));
#4986 = CARTESIAN_POINT('',(-33.,-19.22576396401));
#4987 = CARTESIAN_POINT('',(-66.3,-5.861977570021E-14));
#4988 = CARTESIAN_POINT('',(-33.,19.225763964015));
#4989 = ( GEOMETRIC_REPRESENTATION_CONTEXT(2) 
PARAMETRIC_REPRESENTATION_CONTEXT() REPRESENTATION_CONTEXT('2D SPACE',''
  ) );
#4990 = ORIENTED_EDGE('',*,*,#4991,.F.);
#4991 = EDGE_CURVE('',#4992,#4959,#4994,.T.);
#4992 = VERTEX_POINT('',#4993);
#4993 = CARTESIAN_POINT('',(-10.42321018664,-19.60093593186,487.));
#4994 = SURFACE_CURVE('',#4995,(#5000,#5007),.PCURVE_S1.);
#4995 = CIRCLE('',#4996,22.2);
#4996 = AXIS2_PLACEMENT_3D('',#4997,#4998,#4999);
#4997 = CARTESIAN_POINT('',(0.,0.,487.));
#4998 = DIRECTION('',(0.,0.,-1.));
#4999 = DIRECTION('',(1.,0.,0.));
#5000 = PCURVE('',#31,#5001);
#5001 = DEFINITIONAL_REPRESENTATION('',(#5002),#5006);
#5002 = LINE('',#5003,#5004);
#5003 = CARTESIAN_POINT('',(-6.28318530718,-2.));
#5004 = VECTOR('',#5005,1.);
#5005 = DIRECTION('',(1.,-0.));
#5006 = ( GEOMETRIC_REPRESENTATION_CONTEXT(2) 
PARAMETRIC_REPRESENTATION_CONTEXT() REPRESENTATION_CONTEXT('2D SPACE',''
  ) );
#5007 = PCURVE('',#5008,#5013);
#5008 = PLANE('',#5009);
#5009 = AXIS2_PLACEMENT_3D('',#5010,#5011,#5012);
#5010 = CARTESIAN_POINT('',(-10.95,-18.96595634287,487.));
#5011 = DIRECTION('',(0.,0.,1.));
#5012 = DIRECTION('',(-0.5,-0.866025403784,0.));
#5013 = DEFINITIONAL_REPRESENTATION('',(#5014),#5022);
#5014 = ( BOUNDED_CURVE() B_SPLINE_CURVE(2,(#5015,#5016,#5017,#5018,
#5019,#5020,#5021),.UNSPECIFIED.,.T.,.F.) B_SPLINE_CURVE_WITH_KNOTS((1,2
    ,2,2,2,1),(-2.094395102393,0.,2.094395102393,4.188790204786,
6.28318530718,8.377580409573),.UNSPECIFIED.) CURVE() 
GEOMETRIC_REPRESENTATION_ITEM() RATIONAL_B_SPLINE_CURVE((1.,0.5,1.,0.5,
1.,0.5,1.)) REPRESENTATION_ITEM('') );
#5015 = CARTESIAN_POINT('',(-33.,19.225763964015));
#5016 = CARTESIAN_POINT('',(0.3,38.451527928029));
#5017 = CARTESIAN_POINT('',(0.3,1.59872115546E-14));
#5018 = CARTESIAN_POINT('',(0.3,-38.45152792802));
#5019 = CARTESIAN_POINT('',(-33.,-19.22576396401));
#5020 = CARTESIAN_POINT('',(-66.3,-5.861977570021E-14));
#5021 = CARTESIAN_POINT('',(-33.,19.225763964015));
#5022 = ( GEOMETRIC_REPRESENTATION_CONTEXT(2) 
PARAMETRIC_REPRESENTATION_CONTEXT() REPRESENTATION_CONTEXT('2D SPACE',''
  ) );
#5023 = ORIENTED_EDGE('',*,*,#5024,.F.);
#5024 = EDGE_CURVE('',#5025,#4992,#5027,.T.);
#5025 = VERTEX_POINT('',#5026);
#5026 = CARTESIAN_POINT('',(-10.22270761671,-19.70624898307,
    487.38907295259));
#5027 = SURFACE_CURVE('',#5028,(#5041,#5057),.PCURVE_S1.);
#5028 = B_SPLINE_CURVE_WITH_KNOTS('',6,(#5029,#5030,#5031,#5032,#5033,
    #5034,#5035,#5036,#5037,#5038,#5039,#5040),.UNSPECIFIED.,.F.,.F.,(7,
    5,7),(0.,0.524423787318,1.),.UNSPECIFIED.);
#5029 = CARTESIAN_POINT('',(-10.22270761671,-19.70624898307,
    487.38907295259));
#5030 = CARTESIAN_POINT('',(-10.22270761671,-19.70624898307,
    487.33650002249));
#5031 = CARTESIAN_POINT('',(-10.22796525198,-19.70352139087,
    487.28402625243));
#5032 = CARTESIAN_POINT('',(-10.23853739064,-19.6980374861,
    487.23288401441));
#5033 = CARTESIAN_POINT('',(-10.2544284492,-19.68978026642,
    487.18440921914));
#5034 = CARTESIAN_POINT('',(-10.2755094924,-19.67878963241,
    487.14007630821));
#5035 = CARTESIAN_POINT('',(-10.32495011917,-19.65289061677,
    487.0665802868));
#5036 = CARTESIAN_POINT('',(-10.35261457263,-19.63835581816,
    487.03614163273));
#5037 = CARTESIAN_POINT('',(-10.38387290768,-19.621867043,
    487.01218312275));
#5038 = CARTESIAN_POINT('',(-10.41770282457,-19.60392844823,
    486.99606716044));
#5039 = CARTESIAN_POINT('',(-10.45291585171,-19.58515148292,
    486.98853450978));
#5040 = CARTESIAN_POINT('',(-10.48826282709,-19.56620409966,
    486.98971296439));
#5041 = PCURVE('',#31,#5042);
#5042 = DEFINITIONAL_REPRESENTATION('',(#5043),#5056);
#5043 = B_SPLINE_CURVE_WITH_KNOTS('',6,(#5044,#5045,#5046,#5047,#5048,
    #5049,#5050,#5051,#5052,#5053,#5054,#5055),.UNSPECIFIED.,.F.,.F.,(7,
    5,7),(0.,0.524423787318,1.),.UNSPECIFIED.);
#5044 = CARTESIAN_POINT('',(-4.233850496911,-2.389072952598));
#5045 = CARTESIAN_POINT('',(-4.233850496911,-2.336500022494));
#5046 = CARTESIAN_POINT('',(-4.233583693113,-2.284026252433));
#5047 = CARTESIAN_POINT('',(-4.233047215271,-2.232884014419));
#5048 = CARTESIAN_POINT('',(-4.232240535463,-2.184409219148));
#5049 = CARTESIAN_POINT('',(-4.231169635211,-2.140076308213));
#5050 = CARTESIAN_POINT('',(-4.228655518511,-2.066580286804));
#5051 = CARTESIAN_POINT('',(-4.227247847573,-2.036141632735));
#5052 = CARTESIAN_POINT('',(-4.22565592887,-2.012183122756));
#5053 = CARTESIAN_POINT('',(-4.223931083229,-1.996067160448));
#5054 = CARTESIAN_POINT('',(-4.222133495708,-1.98853450978));
#5055 = CARTESIAN_POINT('',(-4.220326963629,-1.989712964399));
#5056 = ( GEOMETRIC_REPRESENTATION_CONTEXT(2) 
PARAMETRIC_REPRESENTATION_CONTEXT() REPRESENTATION_CONTEXT('2D SPACE',''
  ) );
#5057 = PCURVE('',#5058,#5063);
#5058 = CYLINDRICAL_SURFACE('',#5059,0.3);
#5059 = AXIS2_PLACEMENT_3D('',#5060,#5061,#5062);
#5060 = CARTESIAN_POINT('',(-10.39151859289,-19.39863817068,
    487.21947347095));
#5061 = DIRECTION('',(-0.365789118252,-0.633565337668,0.681757496383));
#5062 = DIRECTION('',(0.866025403784,-0.5,0.));
#5063 = DEFINITIONAL_REPRESENTATION('',(#5064),#5077);
#5064 = B_SPLINE_CURVE_WITH_KNOTS('',6,(#5065,#5066,#5067,#5068,#5069,
    #5070,#5071,#5072,#5073,#5074,#5075,#5076),.UNSPECIFIED.,.F.,.F.,(7,
    5,7),(0.,0.524423787318,1.),.UNSPECIFIED.);
#5065 = CARTESIAN_POINT('',(9.414691248821E-14,0.248768048092));
#5066 = CARTESIAN_POINT('',(-0.128204038313,0.212926058886));
#5067 = CARTESIAN_POINT('',(-0.256773511573,0.177346750673));
#5068 = CARTESIAN_POINT('',(-0.386495806356,0.142872907832));
#5069 = CARTESIAN_POINT('',(-0.518014240296,0.110406140894));
#5070 = CARTESIAN_POINT('',(-0.652000179209,8.09297779812E-02));
#5071 = CARTESIAN_POINT('',(-0.913858962747,3.249943911687E-02));
#5072 = CARTESIAN_POINT('',(-1.042017197463,1.265826997425E-02));
#5073 = CARTESIAN_POINT('',(-1.172377450736,-2.688381396948E-03));
#5074 = CARTESIAN_POINT('',(-1.304234505684,-1.266621589375E-02));
#5075 = CARTESIAN_POINT('',(-1.437179425956,-1.681754917303E-02));
#5076 = CARTESIAN_POINT('',(-1.570796326795,-1.5088995216E-02));
#5077 = ( GEOMETRIC_REPRESENTATION_CONTEXT(2) 
PARAMETRIC_REPRESENTATION_CONTEXT() REPRESENTATION_CONTEXT('2D SPACE',''
  ) );
#5078 = ORIENTED_EDGE('',*,*,#5079,.F.);
#5079 = EDGE_CURVE('',#5080,#5025,#5082,.T.);
#5080 = VERTEX_POINT('',#5081);
#5081 = CARTESIAN_POINT('',(-10.22270761671,-19.70624898307,487.1));
#5082 = SURFACE_CURVE('',#5083,(#5098,#5116),.PCURVE_S1.);
#5083 = B_SPLINE_CURVE_WITH_KNOTS('',5,(#5084,#5085,#5086,#5087,#5088,
    #5089,#5090,#5091,#5092,#5093,#5094,#5095,#5096,#5097),
  .UNSPECIFIED.,.F.,.F.,(6,4,4,6),(0.,5.550801240636E-02,0.555214315676,
    1.),.UNSPECIFIED.);
#5084 = CARTESIAN_POINT('',(-10.22270761671,-19.70624898307,487.1));
#5085 = CARTESIAN_POINT('',(-10.22270761671,-19.70624898307,
    487.10417054189));
#5086 = CARTESIAN_POINT('',(-10.22270761671,-19.70624898307,
    487.10836466604));
#5087 = CARTESIAN_POINT('',(-10.22270761671,-19.70624898307,
    487.11258223087));
#5088 = CARTESIAN_POINT('',(-10.22270761671,-19.70624898307,
    487.11682308163));
#5089 = CARTESIAN_POINT('',(-10.22270761671,-19.70624898307,
    487.15947307782));
#5090 = CARTESIAN_POINT('',(-10.22270761671,-19.70624898307,
    487.19973571165));
#5091 = CARTESIAN_POINT('',(-10.22270761671,-19.70624898307,
    487.24174365262));
#5092 = CARTESIAN_POINT('',(-10.22270761671,-19.70624898307,
    487.28530153267));
#5093 = CARTESIAN_POINT('',(-10.22270761671,-19.70624898307,
    487.3701450394));
#5094 = CARTESIAN_POINT('',(-10.22270761671,-19.70624898307,
    487.41115755692));
#5095 = CARTESIAN_POINT('',(-10.22270761671,-19.70624898307,
    487.45308090118));
#5096 = CARTESIAN_POINT('',(-10.22270761671,-19.70624898307,
    487.49577281331));
#5097 = CARTESIAN_POINT('',(-10.22270761671,-19.70624898307,
    487.53911766157));
#5098 = PCURVE('',#31,#5099);
#5099 = DEFINITIONAL_REPRESENTATION('',(#5100),#5115);
#5100 = B_SPLINE_CURVE_WITH_KNOTS('',5,(#5101,#5102,#5103,#5104,#5105,
    #5106,#5107,#5108,#5109,#5110,#5111,#5112,#5113,#5114),
  .UNSPECIFIED.,.F.,.F.,(6,4,4,6),(0.,5.550801240636E-02,0.555214315676,
    1.),.UNSPECIFIED.);
#5101 = CARTESIAN_POINT('',(-4.233850496911,-2.1));
#5102 = CARTESIAN_POINT('',(-4.233850496911,-2.104170541891));
#5103 = CARTESIAN_POINT('',(-4.233850496911,-2.108364666046));
#5104 = CARTESIAN_POINT('',(-4.233850496911,-2.112582230875));
#5105 = CARTESIAN_POINT('',(-4.233850496911,-2.116823081636));
#5106 = CARTESIAN_POINT('',(-4.233850496911,-2.159473077828));
#5107 = CARTESIAN_POINT('',(-4.233850496911,-2.199735711656));
#5108 = CARTESIAN_POINT('',(-4.233850496911,-2.24174365262));
#5109 = CARTESIAN_POINT('',(-4.233850496911,-2.285301532672));
#5110 = CARTESIAN_POINT('',(-4.233850496911,-2.370145039402));
#5111 = CARTESIAN_POINT('',(-4.233850496911,-2.411157556925));
#5112 = CARTESIAN_POINT('',(-4.233850496911,-2.453080901181));
#5113 = CARTESIAN_POINT('',(-4.233850496911,-2.495772813314));
#5114 = CARTESIAN_POINT('',(-4.233850496911,-2.539117661579));
#5115 = ( GEOMETRIC_REPRESENTATION_CONTEXT(2) 
PARAMETRIC_REPRESENTATION_CONTEXT() REPRESENTATION_CONTEXT('2D SPACE',''
  ) );
#5116 = PCURVE('',#5117,#5122);
#5117 = B_SPLINE_SURFACE_WITH_KNOTS('',1,1,(
    (#5118,#5119)
    ,(#5120,#5121
    )),.UNSPECIFIED.,.F.,.F.,.F.,(2,2),(2,2),(0.,1.769738834666),(0.,1.)
  ,.PIECEWISE_BEZIER_KNOTS.);
#5118 = CARTESIAN_POINT('',(-10.12260508413,-19.53286631067,487.1));
#5119 = CARTESIAN_POINT('',(-10.12260508413,-19.53286631067,493.));
#5120 = CARTESIAN_POINT('',(-10.24658005128,-19.74759725264,487.1));
#5121 = CARTESIAN_POINT('',(-11.00747450146,-21.06550509955,493.));
#5122 = DEFINITIONAL_REPRESENTATION('',(#5123),#5138);
#5123 = B_SPLINE_CURVE_WITH_KNOTS('',5,(#5124,#5125,#5126,#5127,#5128,
    #5129,#5130,#5131,#5132,#5133,#5134,#5135,#5136,#5137),
  .UNSPECIFIED.,.F.,.F.,(6,4,4,6),(0.,5.550801240636E-02,0.555214315676,
    1.),.UNSPECIFIED.);
#5124 = CARTESIAN_POINT('',(1.428960567102,0.));
#5125 = CARTESIAN_POINT('',(1.42276114603,7.068715069603E-04));
#5126 = CARTESIAN_POINT('',(1.416593909535,1.41774000782E-03));
#5127 = CARTESIAN_POINT('',(1.410459130408,2.132581504288E-03));
#5128 = CARTESIAN_POINT('',(1.404357064057,2.851369768813E-03));
#5129 = CARTESIAN_POINT('',(1.343651236421,1.008018268265E-02));
#5130 = CARTESIAN_POINT('',(1.291680319878,1.690435790777E-02));
#5131 = CARTESIAN_POINT('',(1.242565290021,2.402434790178E-02));
#5132 = CARTESIAN_POINT('',(1.196327952154,3.140703943593E-02));
#5133 = CARTESIAN_POINT('',(1.114233211398,4.578729481396E-02));
#5134 = CARTESIAN_POINT('',(1.077790634495,5.273856897039E-02));
#5135 = CARTESIAN_POINT('',(1.043506652101,5.984422053922E-02));
#5136 = CARTESIAN_POINT('',(1.011254730339,6.708013784986E-02));
#5137 = CARTESIAN_POINT('',(0.980894817166,7.442672230148E-02));
#5138 = ( GEOMETRIC_REPRESENTATION_CONTEXT(2) 
PARAMETRIC_REPRESENTATION_CONTEXT() REPRESENTATION_CONTEXT('2D SPACE',''
  ) );
#5139 = ORIENTED_EDGE('',*,*,#5140,.F.);
#5140 = EDGE_CURVE('',#5141,#5080,#5143,.T.);
#5141 = VERTEX_POINT('',#5142);
#5142 = CARTESIAN_POINT('',(-10.18035006473,-19.72816444982,487.1));
#5143 = SURFACE_CURVE('',#5144,(#5149,#5156),.PCURVE_S1.);
#5144 = CIRCLE('',#5145,22.2);
#5145 = AXIS2_PLACEMENT_3D('',#5146,#5147,#5148);
#5146 = CARTESIAN_POINT('',(0.,0.,487.1));
#5147 = DIRECTION('',(0.,0.,-1.));
#5148 = DIRECTION('',(1.,0.,0.));
#5149 = PCURVE('',#31,#5150);
#5150 = DEFINITIONAL_REPRESENTATION('',(#5151),#5155);
#5151 = LINE('',#5152,#5153);
#5152 = CARTESIAN_POINT('',(-6.28318530718,-2.1));
#5153 = VECTOR('',#5154,1.);
#5154 = DIRECTION('',(1.,-0.));
#5155 = ( GEOMETRIC_REPRESENTATION_CONTEXT(2) 
PARAMETRIC_REPRESENTATION_CONTEXT() REPRESENTATION_CONTEXT('2D SPACE',''
  ) );
#5156 = PCURVE('',#5157,#5162);
#5157 = PLANE('',#5158);
#5158 = AXIS2_PLACEMENT_3D('',#5159,#5160,#5161);
#5159 = CARTESIAN_POINT('',(2.983238570771E-09,5.769441857574E-09,487.1)
  );
#5160 = DIRECTION('',(0.,-0.,-1.));
#5161 = DIRECTION('',(-0.45857432724,-0.888656056299,0.));
#5162 = DEFINITIONAL_REPRESENTATION('',(#5163),#5167);
#5163 = CIRCLE('',#5164,22.2);
#5164 = AXIS2_PLACEMENT_2D('',#5165,#5166);
#5165 = CARTESIAN_POINT('',(6.495086068784E-09,5.355104909363E-12));
#5166 = DIRECTION('',(-0.45857432724,-0.888656056299));
#5167 = ( GEOMETRIC_REPRESENTATION_CONTEXT(2) 
PARAMETRIC_REPRESENTATION_CONTEXT() REPRESENTATION_CONTEXT('2D SPACE',''
  ) );
#5168 = ORIENTED_EDGE('',*,*,#5169,.F.);
#5169 = EDGE_CURVE('',#5170,#5141,#5172,.T.);
#5170 = VERTEX_POINT('',#5171);
#5171 = CARTESIAN_POINT('',(-8.85699310434,-20.35666164059,493.));
#5172 = SURFACE_CURVE('',#5173,(#5288,#5406),.PCURVE_S1.);
#5173 = B_SPLINE_CURVE_WITH_KNOTS('',8,(#5174,#5175,#5176,#5177,#5178,
    #5179,#5180,#5181,#5182,#5183,#5184,#5185,#5186,#5187,#5188,#5189,
    #5190,#5191,#5192,#5193,#5194,#5195,#5196,#5197,#5198,#5199,#5200,
    #5201,#5202,#5203,#5204,#5205,#5206,#5207,#5208,#5209,#5210,#5211,
    #5212,#5213,#5214,#5215,#5216,#5217,#5218,#5219,#5220,#5221,#5222,
    #5223,#5224,#5225,#5226,#5227,#5228,#5229,#5230,#5231,#5232,#5233,
    #5234,#5235,#5236,#5237,#5238,#5239,#5240,#5241,#5242,#5243,#5244,
    #5245,#5246,#5247,#5248,#5249,#5250,#5251,#5252,#5253,#5254,#5255,
    #5256,#5257,#5258,#5259,#5260,#5261,#5262,#5263,#5264,#5265,#5266,
    #5267,#5268,#5269,#5270,#5271,#5272,#5273,#5274,#5275,#5276,#5277,
    #5278,#5279,#5280,#5281,#5282,#5283,#5284,#5285,#5286,#5287),
  .UNSPECIFIED.,.F.,.F.,(9,7,7,7,7,7,7,7,7,7,7,7,7,7,7,7,9),(0.,
    4.711025659285E-03,1.384585126575E-02,3.631376456406E-02,
    5.949723383494E-02,0.130457759646,0.305106098619,0.680349418735,
    0.854419894855,0.904642995995,0.937120853635,0.959705689543,
    0.975089873572,0.985590333331,0.99125834967,0.995088542941,1.),
  .UNSPECIFIED.);
#5174 = CARTESIAN_POINT('',(-8.85699310434,-20.35666164059,493.));
#5175 = CARTESIAN_POINT('',(-8.860874673228,-20.35497280627,493.));
#5176 = CARTESIAN_POINT('',(-8.864440376343,-20.35342034704,
    492.99851253651));
#5177 = CARTESIAN_POINT('',(-8.867652465185,-20.35202108436,
    492.99622305136));
#5178 = CARTESIAN_POINT('',(-8.870513891565,-20.35077401571,
    492.99361769003));
#5179 = CARTESIAN_POINT('',(-8.873068307601,-20.34966031455,
    492.99098330159));
#5180 = CARTESIAN_POINT('',(-8.87540006572,-20.34864333034,
    492.98840743873));
#5181 = CARTESIAN_POINT('',(-8.87763421866,-20.34766858856,
    492.98577835779));
#5182 = CARTESIAN_POINT('',(-8.88440075249,-20.34471545622,
    492.97698084089));
#5183 = CARTESIAN_POINT('',(-8.888436888984,-20.34295265121,
    492.97093680014));
#5184 = CARTESIAN_POINT('',(-8.892208483943,-20.34130434848,
    492.96475900289));
#5185 = CARTESIAN_POINT('',(-8.895802617335,-20.33973274939,
    492.95850725913));
#5186 = CARTESIAN_POINT('',(-8.899255847846,-20.33822200142,
    492.95220794063));
#5187 = CARTESIAN_POINT('',(-8.902580166634,-20.33676691579,
    492.94586683928));
#5188 = CARTESIAN_POINT('',(-8.905788951081,-20.33536168515,
    492.9394820253));
#5189 = CARTESIAN_POINT('',(-8.91663118932,-20.33061137931,
    492.91725306207));
#5190 = CARTESIAN_POINT('',(-8.923802325935,-20.32746551265,
    492.90126780266));
#5191 = CARTESIAN_POINT('',(-8.930657678724,-20.32445497797,
    492.88518200895));
#5192 = CARTESIAN_POINT('',(-8.937242566147,-20.32156020229,
    492.86901874435));
#5193 = CARTESIAN_POINT('',(-8.94362702007,-20.31875084847,
    492.85280489473));
#5194 = CARTESIAN_POINT('',(-8.949833014809,-20.31601743992,
    492.83654762364));
#5195 = CARTESIAN_POINT('',(-8.955892231601,-20.31334626253,
    492.82025357255));
#5196 = CARTESIAN_POINT('',(-8.967946015683,-20.30802769906,
    492.7870685454));
#5197 = CARTESIAN_POINT('',(-8.973930196408,-20.305384746,
    492.77018249186));
#5198 = CARTESIAN_POINT('',(-8.979797543873,-20.30279101709,
    492.75326878734));
#5199 = CARTESIAN_POINT('',(-8.98556327131,-20.30023994815,
    492.73633180003));
#5200 = CARTESIAN_POINT('',(-8.991238668488,-20.29772667362,
    492.71937474277));
#5201 = CARTESIAN_POINT('',(-8.996832310727,-20.29524750234,
    492.70239996155));
#5202 = CARTESIAN_POINT('',(-9.002351267901,-20.29279939336,
    492.68540922404));
#5203 = CARTESIAN_POINT('',(-9.024487006085,-20.28297235418,492.61635403
    ));
#5204 = CARTESIAN_POINT('',(-9.040533064504,-20.27583002886,
    492.5641715788));
#5205 = CARTESIAN_POINT('',(-9.056116286386,-20.26887687276,
    492.51189710831));
#5206 = CARTESIAN_POINT('',(-9.071316661138,-20.26207870341,
    492.4595505627));
#5207 = CARTESIAN_POINT('',(-9.086191383662,-20.25541113725,
    492.40714585317));
#5208 = CARTESIAN_POINT('',(-9.100787332054,-20.24885420304,
    492.35469321259));
#5209 = CARTESIAN_POINT('',(-9.115134292205,-20.24239528782,
    492.30219778951));
#5210 = CARTESIAN_POINT('',(-9.164026984868,-20.22033788435,
    492.12036361451));
#5211 = CARTESIAN_POINT('',(-9.197450180473,-20.20517723787,
    491.99084083736));
#5212 = CARTESIAN_POINT('',(-9.229912303817,-20.19037875509,
    491.86116509476));
#5213 = CARTESIAN_POINT('',(-9.26157413884,-20.1758755649,
    491.73136870097));
#5214 = CARTESIAN_POINT('',(-9.292551976855,-20.16161956905,
    491.60147440669));
#5215 = CARTESIAN_POINT('',(-9.322943176285,-20.1475705412,
    491.47149928888));
#5216 = CARTESIAN_POINT('',(-9.352805529248,-20.13370508267,
    491.34145127725));
#5217 = CARTESIAN_POINT('',(-9.44534305635,-20.09055373036,
    490.93177413673));
#5218 = CARTESIAN_POINT('',(-9.506304279042,-20.06185104148,
    490.65192057143));
#5219 = CARTESIAN_POINT('',(-9.56559919878,-20.03368133925,
    490.37185354024));
#5220 = CARTESIAN_POINT('',(-9.623462784192,-20.00595329326,
    490.091611349));
#5221 = CARTESIAN_POINT('',(-9.680097111848,-19.97858818514,
    489.81122546651));
#5222 = CARTESIAN_POINT('',(-9.735629062512,-19.95153843474,
    489.53071439845));
#5223 = CARTESIAN_POINT('',(-9.790170606037,-19.9247619865,
    489.25009232172));
#5224 = CARTESIAN_POINT('',(-9.868685815168,-19.88591991383,
    488.83914035831));
#5225 = CARTESIAN_POINT('',(-9.893370849902,-19.87366378311,
    488.70889414532));
#5226 = CARTESIAN_POINT('',(-9.917869057137,-19.86145692768,
    488.57862734681));
#5227 = CARTESIAN_POINT('',(-9.942187636412,-19.84929680427,
    488.44834044339));
#5228 = CARTESIAN_POINT('',(-9.96633326362,-19.83718104483,
    488.31803424269));
#5229 = CARTESIAN_POINT('',(-9.990310466656,-19.82510831158,
    488.18770958563));
#5230 = CARTESIAN_POINT('',(-10.01412395504,-19.81307710501,
    488.05736781493));
#5231 = CARTESIAN_POINT('',(-10.04459532151,-19.79763024567,
    487.88939782009));
#5232 = CARTESIAN_POINT('',(-10.0514045859,-19.79417504572,
    487.8517852962));
#5233 = CARTESIAN_POINT('',(-10.05820005297,-19.79072348407,
    487.81417145226));
#5234 = CARTESIAN_POINT('',(-10.06498162273,-19.78727563306,
    487.77655631464));
#5235 = CARTESIAN_POINT('',(-10.07174912049,-19.78383160309,
    487.7389400314));
#5236 = CARTESIAN_POINT('',(-10.07850226046,-19.78039156153,
    487.70132287586));
#5237 = CARTESIAN_POINT('',(-10.08524055835,-19.77695577803,
    487.663705259));
#5238 = CARTESIAN_POINT('',(-10.0963105303,-19.77130591281,
    487.60176157325));
#5239 = CARTESIAN_POINT('',(-10.1006512478,-19.76908913117,
    487.57743581464));
#5240 = CARTESIAN_POINT('',(-10.10498518391,-19.7668744404,
    487.55311032447));
#5241 = CARTESIAN_POINT('',(-10.10931203192,-19.76466200415,
    487.52878530269));
#5242 = CARTESIAN_POINT('',(-10.11363135806,-19.76245205141,
    487.50446128385));
#5243 = CARTESIAN_POINT('',(-10.11794255003,-19.76024490332,
    487.48013916755));
#5244 = CARTESIAN_POINT('',(-10.12224469595,-19.75804103582,
    487.45582029502));
#5245 = CARTESIAN_POINT('',(-10.12952080545,-19.75431141545,
    487.41459900831));
#5246 = CARTESIAN_POINT('',(-10.13249994054,-19.75278370662,
    487.39769517269));
#5247 = CARTESIAN_POINT('',(-10.13547353165,-19.75125819266,
    487.38079463683));
#5248 = CARTESIAN_POINT('',(-10.13844094642,-19.74973520205,
    487.36389819625));
#5249 = CARTESIAN_POINT('',(-10.14140124123,-19.74821522352,
    487.34700779102));
#5250 = CARTESIAN_POINT('',(-10.14435305523,-19.74669896122,
    487.33012663836));
#5251 = CARTESIAN_POINT('',(-10.14729434481,-19.74518747229,
    487.31325957717));
#5252 = CARTESIAN_POINT('',(-10.15221617006,-19.74265716321,
    487.28493861338));
#5253 = CARTESIAN_POINT('',(-10.15420332142,-19.74163527821,
    487.27347744298));
#5254 = CARTESIAN_POINT('',(-10.15618306416,-19.74061691436,
    487.262028799));
#5255 = CARTESIAN_POINT('',(-10.15815406358,-19.7396027619,
    487.25059545285));
#5256 = CARTESIAN_POINT('',(-10.16011414445,-19.73859394432,
    487.23918394367));
#5257 = CARTESIAN_POINT('',(-10.16206006683,-19.73759213494,
    487.22780503121));
#5258 = CARTESIAN_POINT('',(-10.16398693151,-19.73659986485,
    487.21647491914));
#5259 = CARTESIAN_POINT('',(-10.16718425207,-19.73495291388,
    487.19753333758));
#5260 = CARTESIAN_POINT('',(-10.16846698444,-19.7342920507,
    487.18989446039));
#5261 = CARTESIAN_POINT('',(-10.16973469868,-19.73363880485,
    487.18229853235));
#5262 = CARTESIAN_POINT('',(-10.17098415916,-19.73299484816,
    487.17475558487));
#5263 = CARTESIAN_POINT('',(-10.17220970898,-19.73236310185,
    487.16728760671));
#5264 = CARTESIAN_POINT('',(-10.17340291962,-19.73174791913,
    487.1599294049));
#5265 = CARTESIAN_POINT('',(-10.17455178957,-19.73115550035,
    487.15273048556));
#5266 = CARTESIAN_POINT('',(-10.17622661999,-19.73029174176,
    487.14199427041));
#5267 = CARTESIAN_POINT('',(-10.17679538512,-19.72999838788,
    487.13829992093));
#5268 = CARTESIAN_POINT('',(-10.17734311577,-19.72971585944,
    487.13468590459));
#5269 = CARTESIAN_POINT('',(-10.17786603741,-19.72944610652,
    487.13116883075));
#5270 = CARTESIAN_POINT('',(-10.17835951927,-19.72919152158,
    487.12776973391));
#5271 = CARTESIAN_POINT('',(-10.17881832106,-19.72895481215,
    487.1245128876));
#5272 = CARTESIAN_POINT('',(-10.17923683963,-19.72873887348,
    487.12142461829));
#5273 = CARTESIAN_POINT('',(-10.17986108555,-19.72841677274,
    487.11657749707));
#5274 = CARTESIAN_POINT('',(-10.1800918073,-19.72829771941,
    487.11471232735));
#5275 = CARTESIAN_POINT('',(-10.18029965464,-19.72819046563,
    487.11294596746));
#5276 = CARTESIAN_POINT('',(-10.18048288631,-19.72809591123,
    487.11128714132));
#5277 = CARTESIAN_POINT('',(-10.18063995467,-19.72801485611,
    487.10974367374));
#5278 = CARTESIAN_POINT('',(-10.18076957409,-19.7279479648,
    487.10832222466));
#5279 = CARTESIAN_POINT('',(-10.18087078947,-19.72789573103,
    487.10702802354));
#5280 = CARTESIAN_POINT('',(-10.18103569748,-19.72781062706,
    487.10437275009));
#5281 = CARTESIAN_POINT('',(-10.18108075367,-19.72778737428,
    487.10309542445));
#5282 = CARTESIAN_POINT('',(-10.18107704442,-19.72778928843,
    487.10203994115));
#5283 = CARTESIAN_POINT('',(-10.18102450893,-19.72781640114,
    487.10120756799));
#5284 = CARTESIAN_POINT('',(-10.18092395148,-19.72786829676,
    487.10059490288));
#5285 = CARTESIAN_POINT('',(-10.1807767985,-19.72794423778,
    487.10019525069));
#5286 = CARTESIAN_POINT('',(-10.18058485562,-19.72804329038,
    487.10000000001));
#5287 = CARTESIAN_POINT('',(-10.18035006474,-19.72816444982,487.1));
#5288 = PCURVE('',#31,#5289);
#5289 = DEFINITIONAL_REPRESENTATION('',(#5290),#5405);
#5290 = B_SPLINE_CURVE_WITH_KNOTS('',8,(#5291,#5292,#5293,#5294,#5295,
    #5296,#5297,#5298,#5299,#5300,#5301,#5302,#5303,#5304,#5305,#5306,
    #5307,#5308,#5309,#5310,#5311,#5312,#5313,#5314,#5315,#5316,#5317,
    #5318,#5319,#5320,#5321,#5322,#5323,#5324,#5325,#5326,#5327,#5328,
    #5329,#5330,#5331,#5332,#5333,#5334,#5335,#5336,#5337,#5338,#5339,
    #5340,#5341,#5342,#5343,#5344,#5345,#5346,#5347,#5348,#5349,#5350,
    #5351,#5352,#5353,#5354,#5355,#5356,#5357,#5358,#5359,#5360,#5361,
    #5362,#5363,#5364,#5365,#5366,#5367,#5368,#5369,#5370,#5371,#5372,
    #5373,#5374,#5375,#5376,#5377,#5378,#5379,#5380,#5381,#5382,#5383,
    #5384,#5385,#5386,#5387,#5388,#5389,#5390,#5391,#5392,#5393,#5394,
    #5395,#5396,#5397,#5398,#5399,#5400,#5401,#5402,#5403,#5404),
  .UNSPECIFIED.,.F.,.F.,(9,7,7,7,7,7,7,7,7,7,7,7,7,7,7,7,9),(0.,
    4.711025659285E-03,1.384585126575E-02,3.631376456406E-02,
    5.949723383494E-02,0.130457759646,0.305106098619,0.680349418735,
    0.854419894855,0.904642995995,0.937120853635,0.959705689543,
    0.975089873572,0.985590333331,0.99125834967,0.995088542941,1.),
  .UNSPECIFIED.);
#5291 = CARTESIAN_POINT('',(-4.302002602584,-8.));
#5292 = CARTESIAN_POINT('',(-4.301811924517,-8.));
#5293 = CARTESIAN_POINT('',(-4.301636744064,-7.99851253651));
#5294 = CARTESIAN_POINT('',(-4.301478922721,-7.996223051369));
#5295 = CARTESIAN_POINT('',(-4.301338320544,-7.993617690035));
#5296 = CARTESIAN_POINT('',(-4.301212796151,-7.99098330159));
#5297 = CARTESIAN_POINT('',(-4.301098206721,-7.988407438734));
#5298 = CARTESIAN_POINT('',(-4.300988407993,-7.98577835779));
#5299 = CARTESIAN_POINT('',(-4.300655845667,-7.976980840899));
#5300 = CARTESIAN_POINT('',(-4.300457453675,-7.970936800149));
#5301 = CARTESIAN_POINT('',(-4.30027204623,-7.964759002898));
#5302 = CARTESIAN_POINT('',(-4.300095347217,-7.958507259131));
#5303 = CARTESIAN_POINT('',(-4.299925561694,-7.952207940636));
#5304 = CARTESIAN_POINT('',(-4.29976210112,-7.945866839286));
#5305 = CARTESIAN_POINT('',(-4.299604308576,-7.939482025307));
#5306 = CARTESIAN_POINT('',(-4.299071100928,-7.917253062072));
#5307 = CARTESIAN_POINT('',(-4.298718361512,-7.901267802668));
#5308 = CARTESIAN_POINT('',(-4.298381097233,-7.885182008956));
#5309 = CARTESIAN_POINT('',(-4.298057084452,-7.869018744361));
#5310 = CARTESIAN_POINT('',(-4.297742885303,-7.852804894732));
#5311 = CARTESIAN_POINT('',(-4.297437421823,-7.836547623644));
#5312 = CARTESIAN_POINT('',(-4.297139138949,-7.820253572553));
#5313 = CARTESIAN_POINT('',(-4.296545670133,-7.787068545402));
#5314 = CARTESIAN_POINT('',(-4.296250992848,-7.770182491866));
#5315 = CARTESIAN_POINT('',(-4.295962025503,-7.753268787349));
#5316 = CARTESIAN_POINT('',(-4.295678021738,-7.736331800036));
#5317 = CARTESIAN_POINT('',(-4.295398427777,-7.71937474277));
#5318 = CARTESIAN_POINT('',(-4.295122823072,-7.702399961552));
#5319 = CARTESIAN_POINT('',(-4.29485086094,-7.685409224043));
#5320 = CARTESIAN_POINT('',(-4.293759913467,-7.616354030002));
#5321 = CARTESIAN_POINT('',(-4.292968749461,-7.564171578809));
#5322 = CARTESIAN_POINT('',(-4.292200097249,-7.51189710831));
#5323 = CARTESIAN_POINT('',(-4.291450038283,-7.459550562703));
#5324 = CARTESIAN_POINT('',(-4.29071577166,-7.407145853176));
#5325 = CARTESIAN_POINT('',(-4.289995001924,-7.354693212598));
#5326 = CARTESIAN_POINT('',(-4.289286271857,-7.302197789511));
#5327 = CARTESIAN_POINT('',(-4.286870150182,-7.120363614516));
#5328 = CARTESIAN_POINT('',(-4.285216960446,-6.990840837362));
#5329 = CARTESIAN_POINT('',(-4.283609933315,-6.861165094769));
#5330 = CARTESIAN_POINT('',(-4.282041222855,-6.731368700975));
#5331 = CARTESIAN_POINT('',(-4.280505158547,-6.601474406689));
#5332 = CARTESIAN_POINT('',(-4.278996993565,-6.471499288883));
#5333 = CARTESIAN_POINT('',(-4.277513917956,-6.341451277252));
#5334 = CARTESIAN_POINT('',(-4.272914637284,-5.931774136736));
#5335 = CARTESIAN_POINT('',(-4.269879506098,-5.651920571437));
#5336 = CARTESIAN_POINT('',(-4.266922500484,-5.37185354025));
#5337 = CARTESIAN_POINT('',(-4.264032254964,-5.091611348998));
#5338 = CARTESIAN_POINT('',(-4.261198991228,-4.811225466515));
#5339 = CARTESIAN_POINT('',(-4.258416598171,-4.530714398457));
#5340 = CARTESIAN_POINT('',(-4.255679681028,-4.250092321725));
#5341 = CARTESIAN_POINT('',(-4.251733841867,-3.839140358319));
#5342 = CARTESIAN_POINT('',(-4.250492393474,-3.70889414532));
#5343 = CARTESIAN_POINT('',(-4.249259469397,-3.578627346813));
#5344 = CARTESIAN_POINT('',(-4.248034725362,-3.44834044339));
#5345 = CARTESIAN_POINT('',(-4.246817841883,-3.318034242694));
#5346 = CARTESIAN_POINT('',(-4.24560860692,-3.187709585631));
#5347 = CARTESIAN_POINT('',(-4.244406797984,-3.057367814931));
#5348 = CARTESIAN_POINT('',(-4.242867924723,-2.889397820099));
#5349 = CARTESIAN_POINT('',(-4.242523972608,-2.851785296203));
#5350 = CARTESIAN_POINT('',(-4.242180648874,-2.814171452265));
#5351 = CARTESIAN_POINT('',(-4.24183795895,-2.776556314645));
#5352 = CARTESIAN_POINT('',(-4.241495912045,-2.738940031405));
#5353 = CARTESIAN_POINT('',(-4.241154522989,-2.701322875862));
#5354 = CARTESIAN_POINT('',(-4.240813816674,-2.663705259008));
#5355 = CARTESIAN_POINT('',(-4.240253978602,-2.601761573257));
#5356 = CARTESIAN_POINT('',(-4.24003442872,-2.577435814649));
#5357 = CARTESIAN_POINT('',(-4.239815193719,-2.553110324479));
#5358 = CARTESIAN_POINT('',(-4.239596289236,-2.528785302691));
#5359 = CARTESIAN_POINT('',(-4.23937773735,-2.504461283852));
#5360 = CARTESIAN_POINT('',(-4.239159569189,-2.480139167554));
#5361 = CARTESIAN_POINT('',(-4.238941831067,-2.455820295026));
#5362 = CARTESIAN_POINT('',(-4.238573529386,-2.414599008312));
#5363 = CARTESIAN_POINT('',(-4.238422718335,-2.397695172695));
#5364 = CARTESIAN_POINT('',(-4.23827217461,-2.380794636838));
#5365 = CARTESIAN_POINT('',(-4.238121930307,-2.363898196257));
#5366 = CARTESIAN_POINT('',(-4.237972033287,-2.34700779102));
#5367 = CARTESIAN_POINT('',(-4.237822552564,-2.330126638365));
#5368 = CARTESIAN_POINT('',(-4.237673591775,-2.313259577177));
#5369 = CARTESIAN_POINT('',(-4.237424305692,-2.284938613381));
#5370 = CARTESIAN_POINT('',(-4.237323652245,-2.273477442989));
#5371 = CARTESIAN_POINT('',(-4.237223368112,-2.262028799006));
#5372 = CARTESIAN_POINT('',(-4.237123520979,-2.25059545285));
#5373 = CARTESIAN_POINT('',(-4.237024221122,-2.239183943679));
#5374 = CARTESIAN_POINT('',(-4.236925632801,-2.22780503121));
#5375 = CARTESIAN_POINT('',(-4.236828004409,-2.216474919141));
#5376 = CARTESIAN_POINT('',(-4.23666599681,-2.197533337588));
#5377 = CARTESIAN_POINT('',(-4.236600998473,-2.189894460396));
#5378 = CARTESIAN_POINT('',(-4.236536758656,-2.182298532359));
#5379 = CARTESIAN_POINT('',(-4.236473441412,-2.174755584871));
#5380 = CARTESIAN_POINT('',(-4.236411333528,-2.167287606719));
#5381 = CARTESIAN_POINT('',(-4.236350862314,-2.159929404909));
#5382 = CARTESIAN_POINT('',(-4.236292636263,-2.152730485564));
#5383 = CARTESIAN_POINT('',(-4.236207751318,-2.141994270413));
#5384 = CARTESIAN_POINT('',(-4.23617892424,-2.138299920931));
#5385 = CARTESIAN_POINT('',(-4.236151162778,-2.13468590459));
#5386 = CARTESIAN_POINT('',(-4.236124658307,-2.131168830751));
#5387 = CARTESIAN_POINT('',(-4.236099645615,-2.127769733914));
#5388 = CARTESIAN_POINT('',(-4.236076390396,-2.124512887609));
#5389 = CARTESIAN_POINT('',(-4.236055176748,-2.121424618294));
#5390 = CARTESIAN_POINT('',(-4.236023534989,-2.116577497078));
#5391 = CARTESIAN_POINT('',(-4.236011840075,-2.114712327356));
#5392 = CARTESIAN_POINT('',(-4.236001304551,-2.112945967461));
#5393 = CARTESIAN_POINT('',(-4.235992016707,-2.111287141324));
#5394 = CARTESIAN_POINT('',(-4.235984055015,-2.10974367374));
#5395 = CARTESIAN_POINT('',(-4.235977484667,-2.108322224669));
#5396 = CARTESIAN_POINT('',(-4.235972354094,-2.107028023544));
#5397 = CARTESIAN_POINT('',(-4.23596399495,-2.104372750093));
#5398 = CARTESIAN_POINT('',(-4.23596171105,-2.103095424457));
#5399 = CARTESIAN_POINT('',(-4.235961899069,-2.102039941158));
#5400 = CARTESIAN_POINT('',(-4.235964562096,-2.101207567993));
#5401 = CARTESIAN_POINT('',(-4.235969659347,-2.100594902885));
#5402 = CARTESIAN_POINT('',(-4.235977118491,-2.100195250691));
#5403 = CARTESIAN_POINT('',(-4.235986847958,-2.100000000011));
#5404 = CARTESIAN_POINT('',(-4.235998749262,-2.1));
#5405 = ( GEOMETRIC_REPRESENTATION_CONTEXT(2) 
PARAMETRIC_REPRESENTATION_CONTEXT() REPRESENTATION_CONTEXT('2D SPACE',''
  ) );
#5406 = PCURVE('',#5407,#5424);
#5407 = B_SPLINE_SURFACE_WITH_KNOTS('',7,1,(
    (#5408,#5409)
    ,(#5410,#5411)
    ,(#5412,#5413)
    ,(#5414,#5415)
    ,(#5416,#5417)
    ,(#5418,#5419)
    ,(#5420,#5421)
    ,(#5422,#5423
    )),.UNSPECIFIED.,.F.,.F.,.F.,(8,8),(2,2),(0.,1.523587782319),(0.,1.)
  ,.PIECEWISE_BEZIER_KNOTS.);
#5408 = CARTESIAN_POINT('',(-10.24658005128,-19.74759725264,487.1));
#5409 = CARTESIAN_POINT('',(-11.00747450146,-21.06550509955,493.));
#5410 = CARTESIAN_POINT('',(-10.24113866634,-19.73817249747,487.1));
#5411 = CARTESIAN_POINT('',(-10.83048216723,-20.75894538411,493.));
#5412 = CARTESIAN_POINT('',(-10.2333048324,-19.73012977966,487.1));
#5413 = CARTESIAN_POINT('',(-10.57901650675,-20.49538396722,
    492.99999999999));
#5414 = CARTESIAN_POINT('',(-10.2234952722,-19.72419659561,487.1));
#5415 = CARTESIAN_POINT('',(-10.26561628472,-20.29652031729,
    493.00000000001));
#5416 = CARTESIAN_POINT('',(-10.21241874481,-19.72094658782,487.1));
#5417 = CARTESIAN_POINT('',(-9.91070917334,-20.17953554134,
    492.99999999998));
#5418 = CARTESIAN_POINT('',(-10.20095857489,-19.72063893606,
    487.09999999999));
#5419 = CARTESIAN_POINT('',(-9.540485419378,-20.15306249017,493.));
#5420 = CARTESIAN_POINT('',(-10.19002110409,-19.72317389095,487.1));
#5421 = CARTESIAN_POINT('',(-9.181585271999,-20.21543462403,
    492.99999999999));
#5422 = CARTESIAN_POINT('',(-10.18035006473,-19.72816444982,487.1));
#5423 = CARTESIAN_POINT('',(-8.85699310434,-20.35666164059,493.));
#5424 = DEFINITIONAL_REPRESENTATION('',(#5425),#5540);
#5425 = B_SPLINE_CURVE_WITH_KNOTS('',8,(#5426,#5427,#5428,#5429,#5430,
    #5431,#5432,#5433,#5434,#5435,#5436,#5437,#5438,#5439,#5440,#5441,
    #5442,#5443,#5444,#5445,#5446,#5447,#5448,#5449,#5450,#5451,#5452,
    #5453,#5454,#5455,#5456,#5457,#5458,#5459,#5460,#5461,#5462,#5463,
    #5464,#5465,#5466,#5467,#5468,#5469,#5470,#5471,#5472,#5473,#5474,
    #5475,#5476,#5477,#5478,#5479,#5480,#5481,#5482,#5483,#5484,#5485,
    #5486,#5487,#5488,#5489,#5490,#5491,#5492,#5493,#5494,#5495,#5496,
    #5497,#5498,#5499,#5500,#5501,#5502,#5503,#5504,#5505,#5506,#5507,
    #5508,#5509,#5510,#5511,#5512,#5513,#5514,#5515,#5516,#5517,#5518,
    #5519,#5520,#5521,#5522,#5523,#5524,#5525,#5526,#5527,#5528,#5529,
    #5530,#5531,#5532,#5533,#5534,#5535,#5536,#5537,#5538,#5539),
  .UNSPECIFIED.,.F.,.F.,(9,7,7,7,7,7,7,7,7,7,7,7,7,7,7,7,9),(0.,
    4.711025659285E-03,1.384585126575E-02,3.631376456406E-02,
    5.949723383494E-02,0.130457759646,0.305106098619,0.680349418735,
    0.854419894855,0.904642995995,0.937120853635,0.959705689543,
    0.975089873572,0.985590333331,0.99125834967,0.995088542941,1.),
  .UNSPECIFIED.);
#5426 = CARTESIAN_POINT('',(1.523587782319,1.));
#5427 = CARTESIAN_POINT('',(1.520984994873,1.));
#5428 = CARTESIAN_POINT('',(1.51881975243,0.999747887544));
#5429 = CARTESIAN_POINT('',(1.517012595081,0.999359839215));
#5430 = CARTESIAN_POINT('',(1.515487244436,0.998918252548));
#5431 = CARTESIAN_POINT('',(1.51417060363,0.998471746032));
#5432 = CARTESIAN_POINT('',(1.512992757322,0.998035159107));
#5433 = CARTESIAN_POINT('',(1.511886971695,0.997589552168));
#5434 = CARTESIAN_POINT('',(1.508662039675,0.99609844761));
#5435 = CARTESIAN_POINT('',(1.506853627908,0.995074033924));
#5436 = CARTESIAN_POINT('',(1.505239284233,0.994026949644));
#5437 = CARTESIAN_POINT('',(1.503751991298,0.992967332056));
#5438 = CARTESIAN_POINT('',(1.502363556903,0.991899650955));
#5439 = CARTESIAN_POINT('',(1.501065281573,0.990824888015));
#5440 = CARTESIAN_POINT('',(1.499848626143,0.989742716154));
#5441 = CARTESIAN_POINT('',(1.495826000499,0.985975095266));
#5442 = CARTESIAN_POINT('',(1.49333973234,0.983265729266));
#5443 = CARTESIAN_POINT('',(1.491068462783,0.980539323552));
#5444 = CARTESIAN_POINT('',(1.488979450781,0.97779978718));
#5445 = CARTESIAN_POINT('',(1.487022662294,0.975051677074));
#5446 = CARTESIAN_POINT('',(1.485182957522,0.972296207397));
#5447 = CARTESIAN_POINT('',(1.483438656442,0.969534503823));
#5448 = CARTESIAN_POINT('',(1.480062428738,0.96390992295));
#5449 = CARTESIAN_POINT('',(1.478436264666,0.961047879977));
#5450 = CARTESIAN_POINT('',(1.476884507471,0.958181150398));
#5451 = CARTESIAN_POINT('',(1.475396729327,0.955310474582));
#5452 = CARTESIAN_POINT('',(1.473965238741,0.95243639708));
#5453 = CARTESIAN_POINT('',(1.472584241706,0.949559315517));
#5454 = CARTESIAN_POINT('',(1.471249002861,0.946679529499));
#5455 = CARTESIAN_POINT('',(1.465994311589,0.934975259322));
#5456 = CARTESIAN_POINT('',(1.462421160978,0.926130776069));
#5457 = CARTESIAN_POINT('',(1.459118566925,0.917270696324));
#5458 = CARTESIAN_POINT('',(1.456034488843,0.908398400458));
#5459 = CARTESIAN_POINT('',(1.453132105924,0.899516246301));
#5460 = CARTESIAN_POINT('',(1.450381467206,0.890625968237));
#5461 = CARTESIAN_POINT('',(1.447764243781,0.8817284389));
#5462 = CARTESIAN_POINT('',(1.43910799353,0.850909087206));
#5463 = CARTESIAN_POINT('',(1.433658099632,0.828956074129));
#5464 = CARTESIAN_POINT('',(1.428677957165,0.806977134706));
#5465 = CARTESIAN_POINT('',(1.424074525158,0.784977745928));
#5466 = CARTESIAN_POINT('',(1.419781816624,0.762961763846));
#5467 = CARTESIAN_POINT('',(1.415744961913,0.740932082861));
#5468 = CARTESIAN_POINT('',(1.411934368447,0.718890046992));
#5469 = CARTESIAN_POINT('',(1.400555667011,0.649453243515));
#5470 = CARTESIAN_POINT('',(1.393701199084,0.602020435837));
#5471 = CARTESIAN_POINT('',(1.387488093864,0.554551447501));
#5472 = CARTESIAN_POINT('',(1.381822235784,0.507052771016));
#5473 = CARTESIAN_POINT('',(1.376615483139,0.459529740088));
#5474 = CARTESIAN_POINT('',(1.371860075313,0.411985491264));
#5475 = CARTESIAN_POINT('',(1.367534811758,0.364422427411));
#5476 = CARTESIAN_POINT('',(1.362047615487,0.294769552257));
#5477 = CARTESIAN_POINT('',(1.360433291903,0.272693922936));
#5478 = CARTESIAN_POINT('',(1.358956013083,0.250614804544));
#5479 = CARTESIAN_POINT('',(1.357646952554,0.228532278541));
#5480 = CARTESIAN_POINT('',(1.356523510995,0.206446481813));
#5481 = CARTESIAN_POINT('',(1.355678564444,0.184357556887));
#5482 = CARTESIAN_POINT('',(1.355169734286,0.162265731344));
#5483 = CARTESIAN_POINT('',(1.355413052941,0.133796240695));
#5484 = CARTESIAN_POINT('',(1.355525729633,0.127421236645));
#5485 = CARTESIAN_POINT('',(1.355705065938,0.121046008859));
#5486 = CARTESIAN_POINT('',(1.355962625573,0.114670561804));
#5487 = CARTESIAN_POINT('',(1.356312565017,0.108294920577));
#5488 = CARTESIAN_POINT('',(1.356773400981,0.101919131502));
#5489 = CARTESIAN_POINT('',(1.357372050227,9.554326423858E-02));
#5490 = CARTESIAN_POINT('',(1.358653311508,8.504433445031E-02));
#5491 = CARTESIAN_POINT('',(1.359231636166,8.092132451669E-02));
#5492 = CARTESIAN_POINT('',(1.359896159436,7.679836008116E-02));
#5493 = CARTESIAN_POINT('',(1.360661637802,7.267547503228E-02));
#5494 = CARTESIAN_POINT('',(1.361546093778,6.855275997493E-02));
#5495 = CARTESIAN_POINT('',(1.362572887244,6.443036738208E-02));
#5496 = CARTESIAN_POINT('',(1.363775304881,6.030852458059E-02));
#5497 = CARTESIAN_POINT('',(1.366196939456,5.332186581559E-02));
#5498 = CARTESIAN_POINT('',(1.367299594854,5.045680893128E-02));
#5499 = CARTESIAN_POINT('',(1.368528143032,4.759231132846E-02));
#5500 = CARTESIAN_POINT('',(1.36990498042,4.472850784011E-02));
#5501 = CARTESIAN_POINT('',(1.371457376347,4.186572729143E-02));
#5502 = CARTESIAN_POINT('',(1.373220749903,3.900451497713E-02));
#5503 = CARTESIAN_POINT('',(1.375246238028,3.614569104692E-02));
#5504 = CARTESIAN_POINT('',(1.379224426315,3.134552769164E-02));
#5505 = CARTESIAN_POINT('',(1.380994195781,2.940295643871E-02));
#5506 = CARTESIAN_POINT('',(1.382946350894,2.746250830615E-02));
#5507 = CARTESIAN_POINT('',(1.385114131872,2.552465302541E-02));
#5508 = CARTESIAN_POINT('',(1.387537743517,2.359049892867E-02));
#5509 = CARTESIAN_POINT('',(1.390269064832,2.166186969658E-02));
#5510 = CARTESIAN_POINT('',(1.393382856264,1.974151171879E-02));
#5511 = CARTESIAN_POINT('',(1.399459564227,1.653107416738E-02));
#5512 = CARTESIAN_POINT('',(1.402153254849,1.523634921963E-02));
#5513 = CARTESIAN_POINT('',(1.405113988338,1.394890378963E-02));
#5514 = CARTESIAN_POINT('',(1.408389329201,1.267043811364E-02));
#5515 = CARTESIAN_POINT('',(1.41203608395,1.140467910494E-02));
#5516 = CARTESIAN_POINT('',(1.416124100007,1.015752625577E-02));
#5517 = CARTESIAN_POINT('',(1.420743734104,8.93737043454E-03));
#5518 = CARTESIAN_POINT('',(1.428863427541,7.117672951252E-03));
#5519 = CARTESIAN_POINT('',(1.431898126375,6.491512022193E-03));
#5520 = CARTESIAN_POINT('',(1.43513842202,5.878966879611E-03));
#5521 = CARTESIAN_POINT('',(1.438602546918,5.282852669682E-03));
#5522 = CARTESIAN_POINT('',(1.442307590479,4.706734561715E-03));
#5523 = CARTESIAN_POINT('',(1.446267458991,4.15472671343E-03));
#5524 = CARTESIAN_POINT('',(1.450490835518,3.631291236231E-03));
#5525 = CARTESIAN_POINT('',(1.458012136157,2.809745267469E-03));
#5526 = CARTESIAN_POINT('',(1.461165823389,2.49361480615E-03));
#5527 = CARTESIAN_POINT('',(1.464438702965,2.194231772985E-03));
#5528 = CARTESIAN_POINT('',(1.467827606839,1.913074800677E-03));
#5529 = CARTESIAN_POINT('',(1.471327438119,1.651470125401E-03));
#5530 = CARTESIAN_POINT('',(1.47493091172,1.41054655401E-03));
#5531 = CARTESIAN_POINT('',(1.478628295022,1.191190431251E-03));
#5532 = CARTESIAN_POINT('',(1.487252772607,7.41144083588E-04));
#5533 = CARTESIAN_POINT('',(1.492234443723,5.246482130984E-04));
#5534 = CARTESIAN_POINT('',(1.497326515083,3.457527385953E-04));
#5535 = CARTESIAN_POINT('',(1.502503543535,2.046725411558E-04));
#5536 = CARTESIAN_POINT('',(1.507740794736,1.008309974665E-04));
#5537 = CARTESIAN_POINT('',(1.513014748316,3.309333744648E-05));
#5538 = CARTESIAN_POINT('',(1.518303603041,1.872054848085E-12));
#5539 = CARTESIAN_POINT('',(1.523587781981,0.));
#5540 = ( GEOMETRIC_REPRESENTATION_CONTEXT(2) 
PARAMETRIC_REPRESENTATION_CONTEXT() REPRESENTATION_CONTEXT('2D SPACE',''
  ) );
#5541 = ORIENTED_EDGE('',*,*,#5542,.T.);
#5542 = EDGE_CURVE('',#5170,#5543,#5545,.T.);
#5543 = VERTEX_POINT('',#5544);
#5544 = CARTESIAN_POINT('',(-8.85699310434,-20.35666164059,542.));
#5545 = SURFACE_CURVE('',#5546,(#5549,#5559),.PCURVE_S1.);
#5546 = B_SPLINE_CURVE_WITH_KNOTS('',1,(#5547,#5548),.UNSPECIFIED.,.F.,
  .F.,(2,2),(0.,1.),.PIECEWISE_BEZIER_KNOTS.);
#5547 = CARTESIAN_POINT('',(-8.85699310434,-20.35666164059,493.));
#5548 = CARTESIAN_POINT('',(-8.85699310434,-20.35666164059,542.));
#5549 = PCURVE('',#31,#5550);
#5550 = DEFINITIONAL_REPRESENTATION('',(#5551),#5558);
#5551 = B_SPLINE_CURVE_WITH_KNOTS('',5,(#5552,#5553,#5554,#5555,#5556,
    #5557),.UNSPECIFIED.,.F.,.F.,(6,6),(0.,1.),
  .PIECEWISE_BEZIER_KNOTS.);
#5552 = CARTESIAN_POINT('',(-4.302002602584,-8.));
#5553 = CARTESIAN_POINT('',(-4.302002602584,-17.8));
#5554 = CARTESIAN_POINT('',(-4.302002602584,-27.6));
#5555 = CARTESIAN_POINT('',(-4.302002602584,-37.4));
#5556 = CARTESIAN_POINT('',(-4.302002602584,-47.2));
#5557 = CARTESIAN_POINT('',(-4.302002602584,-57.));
#5558 = ( GEOMETRIC_REPRESENTATION_CONTEXT(2) 
PARAMETRIC_REPRESENTATION_CONTEXT() REPRESENTATION_CONTEXT('2D SPACE',''
  ) );
#5559 = PCURVE('',#5560,#5565);
#5560 = CYLINDRICAL_SURFACE('',#5561,1.7);
#5561 = AXIS2_PLACEMENT_3D('',#5562,#5563,#5564);
#5562 = CARTESIAN_POINT('',(-9.535231315033,-21.91550509955,493.));
#5563 = DIRECTION('',(0.,0.,1.));
#5564 = DIRECTION('',(-0.866025403784,0.5,0.));
#5565 = DEFINITIONAL_REPRESENTATION('',(#5566),#5569);
#5566 = B_SPLINE_CURVE_WITH_KNOTS('',1,(#5567,#5568),.UNSPECIFIED.,.F.,
  .F.,(2,2),(0.,1.),.PIECEWISE_BEZIER_KNOTS.);
#5567 = CARTESIAN_POINT('',(-1.457583928998,0.));
#5568 = CARTESIAN_POINT('',(-1.457583928998,49.));
#5569 = ( GEOMETRIC_REPRESENTATION_CONTEXT(2) 
PARAMETRIC_REPRESENTATION_CONTEXT() REPRESENTATION_CONTEXT('2D SPACE',''
  ) );
#5570 = ORIENTED_EDGE('',*,*,#5571,.F.);
#5571 = EDGE_CURVE('',#5572,#5543,#5574,.T.);
#5572 = VERTEX_POINT('',#5573);
#5573 = CARTESIAN_POINT('',(-10.18035006473,-19.72816444982,547.9));
#5574 = SURFACE_CURVE('',#5575,(#5680,#5788),.PCURVE_S1.);
#5575 = B_SPLINE_CURVE_WITH_KNOTS('',7,(#5576,#5577,#5578,#5579,#5580,
    #5581,#5582,#5583,#5584,#5585,#5586,#5587,#5588,#5589,#5590,#5591,
    #5592,#5593,#5594,#5595,#5596,#5597,#5598,#5599,#5600,#5601,#5602,
    #5603,#5604,#5605,#5606,#5607,#5608,#5609,#5610,#5611,#5612,#5613,
    #5614,#5615,#5616,#5617,#5618,#5619,#5620,#5621,#5622,#5623,#5624,
    #5625,#5626,#5627,#5628,#5629,#5630,#5631,#5632,#5633,#5634,#5635,
    #5636,#5637,#5638,#5639,#5640,#5641,#5642,#5643,#5644,#5645,#5646,
    #5647,#5648,#5649,#5650,#5651,#5652,#5653,#5654,#5655,#5656,#5657,
    #5658,#5659,#5660,#5661,#5662,#5663,#5664,#5665,#5666,#5667,#5668,
    #5669,#5670,#5671,#5672,#5673,#5674,#5675,#5676,#5677,#5678,#5679),
  .UNSPECIFIED.,.F.,.F.,(8,6,6,6,6,6,6,6,6,6,6,6,6,6,6,6,6,8),(0.,
    5.057452078171E-03,1.020181342294E-02,1.992633766578E-02,
    3.223262923547E-02,5.08598174477E-02,7.839859446015E-02,
    0.118767330196,0.188271593243,0.319356201289,0.537447957562,
    0.757095305007,0.894284875028,0.951395621485,0.976727863024,
    0.991190514602,0.997404251874,1.),.UNSPECIFIED.);
#5576 = CARTESIAN_POINT('',(-10.18035006473,-19.72816444982,547.9));
#5577 = CARTESIAN_POINT('',(-10.18062644405,-19.72802182945,
    547.89999999999));
#5578 = CARTESIAN_POINT('',(-10.18084222902,-19.7279104719,
    547.89972380028));
#5579 = CARTESIAN_POINT('',(-10.18099400205,-19.72783214539,
    547.8991553899));
#5580 = CARTESIAN_POINT('',(-10.18107867097,-19.72778844894,
    547.89827999831));
#5581 = CARTESIAN_POINT('',(-10.18109421095,-19.72778042916,
    547.89708832621));
#5582 = CARTESIAN_POINT('',(-10.18104040632,-19.72780819714,
    547.89558077648));
#5583 = CARTESIAN_POINT('',(-10.18079670267,-19.72793396476,
    547.89193150527));
#5584 = CARTESIAN_POINT('',(-10.18060440799,-19.72803320073,
    547.88977821409));
#5585 = CARTESIAN_POINT('',(-10.18034521928,-19.72816695514,547.88732746
    ));
#5586 = CARTESIAN_POINT('',(-10.18002419562,-19.72833261297,
    547.88460550805));
#5587 = CARTESIAN_POINT('',(-10.17964801525,-19.72852672269,
    547.88164537187));
#5588 = CARTESIAN_POINT('',(-10.17922404644,-19.72874547673,
    547.87848294578));
#5589 = CARTESIAN_POINT('',(-10.17788111943,-19.72943833198,
    547.86885870991));
#5590 = CARTESIAN_POINT('',(-10.17685909112,-19.72996556855,
    547.86197702207));
#5591 = CARTESIAN_POINT('',(-10.17573442689,-19.73054566576,
    547.85468766589));
#5592 = CARTESIAN_POINT('',(-10.1745397661,-19.73116175923,
    547.84713701012));
#5593 = CARTESIAN_POINT('',(-10.17329765631,-19.73180220348,
    547.83942446231));
#5594 = CARTESIAN_POINT('',(-10.17202037859,-19.73246065716,
    547.83159812373));
#5595 = CARTESIAN_POINT('',(-10.16905452814,-19.73398929455,
    547.8136140112));
#5596 = CARTESIAN_POINT('',(-10.16735265574,-19.73486625602,
    547.80342441669));
#5597 = CARTESIAN_POINT('',(-10.16562059111,-19.73575855356,
    547.79314405996));
#5598 = CARTESIAN_POINT('',(-10.16386726548,-19.73666157382,
    547.78280640606));
#5599 = CARTESIAN_POINT('',(-10.16209823632,-19.73757244722,
    547.7724316465));
#5600 = CARTESIAN_POINT('',(-10.16031685026,-19.73848944494,
    547.76202942907));
#5601 = CARTESIAN_POINT('',(-10.15581003803,-19.74080879262,
    547.73580878666));
#5602 = CARTESIAN_POINT('',(-10.15307261295,-19.74221700726,
    547.71996954322));
#5603 = CARTESIAN_POINT('',(-10.15031894848,-19.74363301172,
    547.70409987545));
#5604 = CARTESIAN_POINT('',(-10.14755317302,-19.74505467262,
    547.68821171729));
#5605 = CARTESIAN_POINT('',(-10.14477781915,-19.74648068141,
    547.67231204777));
#5606 = CARTESIAN_POINT('',(-10.14199451474,-19.74791019586,
    547.65640402982));
#5607 = CARTESIAN_POINT('',(-10.13507787509,-19.75146116052,
    547.61695403043));
#5608 = CARTESIAN_POINT('',(-10.13093681131,-19.75358588914,
    547.59340704214));
#5609 = CARTESIAN_POINT('',(-10.12678395607,-19.75571538463,
    547.56985160378));
#5610 = CARTESIAN_POINT('',(-10.12262120183,-19.75784866502,
    547.54629139102));
#5611 = CARTESIAN_POINT('',(-10.11844972568,-19.75998511801,
    547.52272853749));
#5612 = CARTESIAN_POINT('',(-10.11427033175,-19.76212432341,
    547.49916394986));
#5613 = CARTESIAN_POINT('',(-10.10394574114,-19.76740569694,
    547.44105102546));
#5614 = CARTESIAN_POINT('',(-10.09779220441,-19.77055063133,
    547.40650218108));
#5615 = CARTESIAN_POINT('',(-10.09162441005,-19.77370002924,
    547.37195229252));
#5616 = CARTESIAN_POINT('',(-10.08544325503,-19.77685341176,
    547.33740238983));
#5617 = CARTESIAN_POINT('',(-10.07924928028,-19.78001048372,
    547.30285306269));
#5618 = CARTESIAN_POINT('',(-10.07304285338,-19.78317103896,
    547.2683045228));
#5619 = CARTESIAN_POINT('',(-10.05611713743,-19.79178244708,
    547.17427418197));
#5620 = CARTESIAN_POINT('',(-10.04537387004,-19.79723986078,
    547.1147944695));
#5621 = CARTESIAN_POINT('',(-10.03459542413,-19.80270656947,
    547.05531795128));
#5622 = CARTESIAN_POINT('',(-10.02378208458,-19.80818233868,
    546.99584499825));
#5623 = CARTESIAN_POINT('',(-10.0129337983,-19.81366710573,
    546.93637582229));
#5624 = CARTESIAN_POINT('',(-10.00205037451,-19.81916087555,
    546.87691046134));
#5625 = CARTESIAN_POINT('',(-9.970538316594,-19.83504215937,
    546.7053043948));
#5626 = CARTESIAN_POINT('',(-9.949818951075,-19.84545290257,
    546.59317372998));
#5627 = CARTESIAN_POINT('',(-9.928970914921,-19.85589657581,
    546.48105702797));
#5628 = CARTESIAN_POINT('',(-9.907990503887,-19.86637439735,
    546.36895482016));
#5629 = CARTESIAN_POINT('',(-9.886873301197,-19.87688790297,
    546.25686770253));
#5630 = CARTESIAN_POINT('',(-9.865614342602,-19.88743885067,
    546.14479625154));
#5631 = CARTESIAN_POINT('',(-9.808592854637,-19.91564925131,
    545.84630949015));
#5632 = CARTESIAN_POINT('',(-9.772569567045,-19.93337857756,
    545.65992340506));
#5633 = CARTESIAN_POINT('',(-9.736111722156,-19.95122685219,
    545.47358596813));
#5634 = CARTESIAN_POINT('',(-9.699187390143,-19.96920592609,
    545.28730153831));
#5635 = CARTESIAN_POINT('',(-9.661758737598,-19.98733001905,
    545.10107554465));
#5636 = CARTESIAN_POINT('',(-9.623778510058,-20.00561716382,
    544.9149148522));
#5637 = CARTESIAN_POINT('',(-9.546312682459,-20.04269870293,
    544.54141510677));
#5638 = CARTESIAN_POINT('',(-9.506818698494,-20.06149558775,
    544.3540786642));
#5639 = CARTESIAN_POINT('',(-9.466635064524,-20.08050852855,
    544.16682725999));
#5640 = CARTESIAN_POINT('',(-9.42568255765,-20.09976858819,
    543.97967260635));
#5641 = CARTESIAN_POINT('',(-9.383846019224,-20.119321806,
    543.79263348399));
#5642 = CARTESIAN_POINT('',(-9.340985921805,-20.13922410111,
    543.60573397675));
#5643 = CARTESIAN_POINT('',(-9.269235641142,-20.17231254458,
    543.30240041237));
#5644 = CARTESIAN_POINT('',(-9.241143046281,-20.18521437475,
    543.18585770029));
#5645 = CARTESIAN_POINT('',(-9.212468626672,-20.19832760909,
    543.06939940582));
#5646 = CARTESIAN_POINT('',(-9.183135085499,-20.21168402964,
    542.9530376481));
#5647 = CARTESIAN_POINT('',(-9.152982827267,-20.22535065028,
    542.83680349566));
#5648 = CARTESIAN_POINT('',(-9.121870358405,-20.23938623539,
    542.72072904051));
#5649 = CARTESIAN_POINT('',(-9.075749373516,-20.26008376326,
    542.55669597406));
#5650 = CARTESIAN_POINT('',(-9.061942343408,-20.26626717453,
    542.50852921599));
#5651 = CARTESIAN_POINT('',(-9.047846022304,-20.27256683759,
    542.46041467711));
#5652 = CARTESIAN_POINT('',(-9.033418378723,-20.27900064509,
    542.41236062748));
#5653 = CARTESIAN_POINT('',(-9.01857994562,-20.28560265153,
    542.36438645059));
#5654 = CARTESIAN_POINT('',(-9.003252785425,-20.29240615627,
    542.31651405078));
#5655 = CARTESIAN_POINT('',(-8.980074786173,-20.30266774338,
    542.24763892808));
#5656 = CARTESIAN_POINT('',(-8.972809731324,-20.3058807077,
    542.22650993733));
#5657 = CARTESIAN_POINT('',(-8.96538215689,-20.30916190637,
    542.20541745181));
#5658 = CARTESIAN_POINT('',(-8.957758643262,-20.31252576941,
    542.18437012063));
#5659 = CARTESIAN_POINT('',(-8.949905073424,-20.31598701009,
    542.16337912373));
#5660 = CARTESIAN_POINT('',(-8.941766648236,-20.31956929852,
    542.14246335399));
#5661 = CARTESIAN_POINT('',(-8.928332010996,-20.32547455649,
    542.10978870887));
#5662 = CARTESIAN_POINT('',(-8.923318954711,-20.32767643946,
    542.09796089202));
#5663 = CARTESIAN_POINT('',(-8.918142070018,-20.32994852354,
    542.08618009584));
#5664 = CARTESIAN_POINT('',(-8.912780946955,-20.33229963695,
    542.07444833877));
#5665 = CARTESIAN_POINT('',(-8.907153073929,-20.33476556737,
    542.06280207101));
#5666 = CARTESIAN_POINT('',(-8.901233631938,-20.3373570052,
    542.05126319142));
#5667 = CARTESIAN_POINT('',(-8.89195964111,-20.34141251226,
    542.03509663659));
#5668 = CARTESIAN_POINT('',(-8.889061780635,-20.34267914908,
    542.03033307462));
#5669 = CARTESIAN_POINT('',(-8.886063734048,-20.34398906869,
    542.02560404731));
#5670 = CARTESIAN_POINT('',(-8.882932565879,-20.34535658861,
    542.02090843143));
#5671 = CARTESIAN_POINT('',(-8.879591781458,-20.34681492343,
    542.0163043109));
#5672 = CARTESIAN_POINT('',(-8.875921326911,-20.3484161848,
    542.01190897673));
#5673 = CARTESIAN_POINT('',(-8.870018214936,-20.350989668,
    542.00622375501));
#5674 = CARTESIAN_POINT('',(-8.868229568779,-20.35176925571,
    542.00465586159));
#5675 = CARTESIAN_POINT('',(-8.866307665073,-20.35260667718,
    542.00316888114));
#5676 = CARTESIAN_POINT('',(-8.864208099399,-20.35352121611,
    542.00180779729));
#5677 = CARTESIAN_POINT('',(-8.861926048533,-20.35451490724,
    542.00068894287));
#5678 = CARTESIAN_POINT('',(-8.859496270455,-20.35557253642,542.));
#5679 = CARTESIAN_POINT('',(-8.85699310434,-20.35666164059,542.));
#5680 = PCURVE('',#31,#5681);
#5681 = DEFINITIONAL_REPRESENTATION('',(#5682),#5787);
#5682 = B_SPLINE_CURVE_WITH_KNOTS('',7,(#5683,#5684,#5685,#5686,#5687,
    #5688,#5689,#5690,#5691,#5692,#5693,#5694,#5695,#5696,#5697,#5698,
    #5699,#5700,#5701,#5702,#5703,#5704,#5705,#5706,#5707,#5708,#5709,
    #5710,#5711,#5712,#5713,#5714,#5715,#5716,#5717,#5718,#5719,#5720,
    #5721,#5722,#5723,#5724,#5725,#5726,#5727,#5728,#5729,#5730,#5731,
    #5732,#5733,#5734,#5735,#5736,#5737,#5738,#5739,#5740,#5741,#5742,
    #5743,#5744,#5745,#5746,#5747,#5748,#5749,#5750,#5751,#5752,#5753,
    #5754,#5755,#5756,#5757,#5758,#5759,#5760,#5761,#5762,#5763,#5764,
    #5765,#5766,#5767,#5768,#5769,#5770,#5771,#5772,#5773,#5774,#5775,
    #5776,#5777,#5778,#5779,#5780,#5781,#5782,#5783,#5784,#5785,#5786),
  .UNSPECIFIED.,.F.,.F.,(8,6,6,6,6,6,6,6,6,6,6,6,6,6,6,6,6,8),(0.,
    5.057452078171E-03,1.020181342294E-02,1.992633766578E-02,
    3.223262923547E-02,5.08598174477E-02,7.839859446015E-02,
    0.118767330196,0.188271593243,0.319356201289,0.537447957562,
    0.757095305007,0.894284875028,0.951395621485,0.976727863024,
    0.991190514602,0.997404251874,1.),.UNSPECIFIED.);
#5683 = CARTESIAN_POINT('',(-4.235998749262,-62.9));
#5684 = CARTESIAN_POINT('',(-4.235984739884,-62.89999999999));
#5685 = CARTESIAN_POINT('',(-4.235973801851,-62.89972380028));
#5686 = CARTESIAN_POINT('',(-4.235966108493,-62.8991553899));
#5687 = CARTESIAN_POINT('',(-4.235961816618,-62.89827999831));
#5688 = CARTESIAN_POINT('',(-4.2359610289,-62.89708832621));
#5689 = CARTESIAN_POINT('',(-4.235963756264,-62.89558077648));
#5690 = CARTESIAN_POINT('',(-4.235976109531,-62.89193150527));
#5691 = CARTESIAN_POINT('',(-4.235985856869,-62.88977821409));
#5692 = CARTESIAN_POINT('',(-4.235998994975,-62.88732746));
#5693 = CARTESIAN_POINT('',(-4.236015267319,-62.88460550805));
#5694 = CARTESIAN_POINT('',(-4.236034335279,-62.88164537187));
#5695 = CARTESIAN_POINT('',(-4.236055825253,-62.87848294578));
#5696 = CARTESIAN_POINT('',(-4.236123893986,-62.86885870991));
#5697 = CARTESIAN_POINT('',(-4.236175696184,-62.86197702207));
#5698 = CARTESIAN_POINT('',(-4.236232698769,-62.85468766589));
#5699 = CARTESIAN_POINT('',(-4.236293246843,-62.84713701012));
#5700 = CARTESIAN_POINT('',(-4.236356197282,-62.83942446231));
#5701 = CARTESIAN_POINT('',(-4.236420927492,-62.83159812373));
#5702 = CARTESIAN_POINT('',(-4.236571225474,-62.8136140112));
#5703 = CARTESIAN_POINT('',(-4.236657465634,-62.80342441669));
#5704 = CARTESIAN_POINT('',(-4.236745231171,-62.79314405996));
#5705 = CARTESIAN_POINT('',(-4.236834069276,-62.78280640606));
#5706 = CARTESIAN_POINT('',(-4.236923698214,-62.7724316465));
#5707 = CARTESIAN_POINT('',(-4.237013948309,-62.76202942907));
#5708 = CARTESIAN_POINT('',(-4.237242263732,-62.73580878666));
#5709 = CARTESIAN_POINT('',(-4.237380930528,-62.71996954322));
#5710 = CARTESIAN_POINT('',(-4.237520408321,-62.70409987545));
#5711 = CARTESIAN_POINT('',(-4.237660487787,-62.68821171729));
#5712 = CARTESIAN_POINT('',(-4.237801040525,-62.67231204777));
#5713 = CARTESIAN_POINT('',(-4.237941983979,-62.65640402982));
#5714 = CARTESIAN_POINT('',(-4.238292205232,-62.61695403043));
#5715 = CARTESIAN_POINT('',(-4.238501860182,-62.59340704214));
#5716 = CARTESIAN_POINT('',(-4.238712085728,-62.56985160378));
#5717 = CARTESIAN_POINT('',(-4.23892278585,-62.54629139102));
#5718 = CARTESIAN_POINT('',(-4.239133900796,-62.52272853749));
#5719 = CARTESIAN_POINT('',(-4.239345389715,-62.49916394986));
#5720 = CARTESIAN_POINT('',(-4.239867776458,-62.44105102546));
#5721 = CARTESIAN_POINT('',(-4.24017906549,-62.40650218108));
#5722 = CARTESIAN_POINT('',(-4.240491017906,-62.37195229252));
#5723 = CARTESIAN_POINT('',(-4.24080358796,-62.33740238983));
#5724 = CARTESIAN_POINT('',(-4.241116747956,-62.30285306269));
#5725 = CARTESIAN_POINT('',(-4.241430478975,-62.2683045228));
#5726 = CARTESIAN_POINT('',(-4.242285903487,-62.17427418197));
#5727 = CARTESIAN_POINT('',(-4.242828693665,-62.1147944695));
#5728 = CARTESIAN_POINT('',(-4.243373086295,-62.05531795128));
#5729 = CARTESIAN_POINT('',(-4.243919065417,-61.99584499825));
#5730 = CARTESIAN_POINT('',(-4.244466632154,-61.93637582229));
#5731 = CARTESIAN_POINT('',(-4.245015794547,-61.87691046134));
#5732 = CARTESIAN_POINT('',(-4.246605332624,-61.7053043948));
#5733 = CARTESIAN_POINT('',(-4.247649828928,-61.59317372998));
#5734 = CARTESIAN_POINT('',(-4.24870017046,-61.48105702797));
#5735 = CARTESIAN_POINT('',(-4.249756532845,-61.36895482016));
#5736 = CARTESIAN_POINT('',(-4.250819126903,-61.25686770253));
#5737 = CARTESIAN_POINT('',(-4.251888190096,-61.14479625154));
#5738 = CARTESIAN_POINT('',(-4.254753875284,-60.84630949015));
#5739 = CARTESIAN_POINT('',(-4.256562420872,-60.65992340506));
#5740 = CARTESIAN_POINT('',(-4.258390896655,-60.47358596813));
#5741 = CARTESIAN_POINT('',(-4.260240838761,-60.28730153831));
#5742 = CARTESIAN_POINT('',(-4.262114070026,-60.10107554465));
#5743 = CARTESIAN_POINT('',(-4.264012871273,-59.9149148522));
#5744 = CARTESIAN_POINT('',(-4.267881502491,-59.54141510677));
#5745 = CARTESIAN_POINT('',(-4.269851721533,-59.3540786642));
#5746 = CARTESIAN_POINT('',(-4.271854175085,-59.16682725999));
#5747 = CARTESIAN_POINT('',(-4.273892699537,-58.97967260635));
#5748 = CARTESIAN_POINT('',(-4.275972885264,-58.79263348399));
#5749 = CARTESIAN_POINT('',(-4.278101507376,-58.60573397675));
#5750 = CARTESIAN_POINT('',(-4.281660621219,-58.30240041237));
#5751 = CARTESIAN_POINT('',(-4.283053124325,-58.18585770029));
#5752 = CARTESIAN_POINT('',(-4.284473419057,-58.06939940582));
#5753 = CARTESIAN_POINT('',(-4.285925271405,-57.9530376481));
#5754 = CARTESIAN_POINT('',(-4.287416480044,-57.83680349566));
#5755 = CARTESIAN_POINT('',(-4.288953947935,-57.72072904051));
#5756 = CARTESIAN_POINT('',(-4.291231077617,-57.55669597406));
#5757 = CARTESIAN_POINT('',(-4.291912537127,-57.50852921599));
#5758 = CARTESIAN_POINT('',(-4.292608029978,-57.46041467711));
#5759 = CARTESIAN_POINT('',(-4.293319614054,-57.41236062748));
#5760 = CARTESIAN_POINT('',(-4.29405118397,-57.36438645059));
#5761 = CARTESIAN_POINT('',(-4.294806557618,-57.31651405078));
#5762 = CARTESIAN_POINT('',(-4.295948358278,-57.24763892808));
#5763 = CARTESIAN_POINT('',(-4.296306187655,-57.22650993733));
#5764 = CARTESIAN_POINT('',(-4.296671955384,-57.20541745181));
#5765 = CARTESIAN_POINT('',(-4.29704730121,-57.18437012063));
#5766 = CARTESIAN_POINT('',(-4.297433898775,-57.16337912373));
#5767 = CARTESIAN_POINT('',(-4.297834436961,-57.14246335399));
#5768 = CARTESIAN_POINT('',(-4.298495482089,-57.10978870887));
#5769 = CARTESIAN_POINT('',(-4.298742117675,-57.09796089202));
#5770 = CARTESIAN_POINT('',(-4.29899678157,-57.08618009585));
#5771 = CARTESIAN_POINT('',(-4.299260475466,-57.07444833877));
#5772 = CARTESIAN_POINT('',(-4.299537250646,-57.06280207101));
#5773 = CARTESIAN_POINT('',(-4.299828324382,-57.05126319142));
#5774 = CARTESIAN_POINT('',(-4.300284268458,-57.03509663659));
#5775 = CARTESIAN_POINT('',(-4.300426727387,-57.03033307462));
#5776 = CARTESIAN_POINT('',(-4.300574102303,-57.02560404731));
#5777 = CARTESIAN_POINT('',(-4.300728010905,-57.02090843143));
#5778 = CARTESIAN_POINT('',(-4.300892209701,-57.0163043109));
#5779 = CARTESIAN_POINT('',(-4.30107259401,-57.01190897673));
#5780 = CARTESIAN_POINT('',(-4.301362669925,-57.00622375501));
#5781 = CARTESIAN_POINT('',(-4.301450559861,-57.00465586159));
#5782 = CARTESIAN_POINT('',(-4.30154499332,-57.00316888114));
#5783 = CARTESIAN_POINT('',(-4.301648150971,-57.00180779729));
#5784 = CARTESIAN_POINT('',(-4.301760268604,-57.00068894287));
#5785 = CARTESIAN_POINT('',(-4.301879637131,-57.));
#5786 = CARTESIAN_POINT('',(-4.302002602584,-57.));
#5787 = ( GEOMETRIC_REPRESENTATION_CONTEXT(2) 
PARAMETRIC_REPRESENTATION_CONTEXT() REPRESENTATION_CONTEXT('2D SPACE',''
  ) );
#5788 = PCURVE('',#5789,#5806);
#5789 = B_SPLINE_SURFACE_WITH_KNOTS('',7,1,(
    (#5790,#5791)
    ,(#5792,#5793)
    ,(#5794,#5795)
    ,(#5796,#5797)
    ,(#5798,#5799)
    ,(#5800,#5801)
    ,(#5802,#5803)
    ,(#5804,#5805
    )),.UNSPECIFIED.,.F.,.F.,.F.,(8,8),(2,2),(0.,1.523587782319),(0.,1.)
  ,.PIECEWISE_BEZIER_KNOTS.);
#5790 = CARTESIAN_POINT('',(-11.00747450146,-21.06550509955,542.));
#5791 = CARTESIAN_POINT('',(-10.24658005128,-19.74759725264,547.9));
#5792 = CARTESIAN_POINT('',(-10.83048216723,-20.75894538411,542.));
#5793 = CARTESIAN_POINT('',(-10.24113866634,-19.73817249747,547.9));
#5794 = CARTESIAN_POINT('',(-10.57901650675,-20.49538396722,
    541.99999999999));
#5795 = CARTESIAN_POINT('',(-10.2333048324,-19.73012977966,547.9));
#5796 = CARTESIAN_POINT('',(-10.26561628472,-20.29652031729,
    542.00000000001));
#5797 = CARTESIAN_POINT('',(-10.2234952722,-19.72419659561,547.9));
#5798 = CARTESIAN_POINT('',(-9.91070917334,-20.17953554134,
    541.99999999999));
#5799 = CARTESIAN_POINT('',(-10.21241874481,-19.72094658782,547.9));
#5800 = CARTESIAN_POINT('',(-9.540485419378,-20.15306249017,542.));
#5801 = CARTESIAN_POINT('',(-10.20095857489,-19.72063893606,547.9));
#5802 = CARTESIAN_POINT('',(-9.181585271999,-20.21543462403,
    541.99999999999));
#5803 = CARTESIAN_POINT('',(-10.19002110409,-19.72317389095,547.9));
#5804 = CARTESIAN_POINT('',(-8.85699310434,-20.35666164059,542.));
#5805 = CARTESIAN_POINT('',(-10.18035006473,-19.72816444982,547.9));
#5806 = DEFINITIONAL_REPRESENTATION('',(#5807),#5912);
#5807 = B_SPLINE_CURVE_WITH_KNOTS('',7,(#5808,#5809,#5810,#5811,#5812,
    #5813,#5814,#5815,#5816,#5817,#5818,#5819,#5820,#5821,#5822,#5823,
    #5824,#5825,#5826,#5827,#5828,#5829,#5830,#5831,#5832,#5833,#5834,
    #5835,#5836,#5837,#5838,#5839,#5840,#5841,#5842,#5843,#5844,#5845,
    #5846,#5847,#5848,#5849,#5850,#5851,#5852,#5853,#5854,#5855,#5856,
    #5857,#5858,#5859,#5860,#5861,#5862,#5863,#5864,#5865,#5866,#5867,
    #5868,#5869,#5870,#5871,#5872,#5873,#5874,#5875,#5876,#5877,#5878,
    #5879,#5880,#5881,#5882,#5883,#5884,#5885,#5886,#5887,#5888,#5889,
    #5890,#5891,#5892,#5893,#5894,#5895,#5896,#5897,#5898,#5899,#5900,
    #5901,#5902,#5903,#5904,#5905,#5906,#5907,#5908,#5909,#5910,#5911),
  .UNSPECIFIED.,.F.,.F.,(8,6,6,6,6,6,6,6,6,6,6,6,6,6,6,6,6,8),(0.,
    5.057452078171E-03,1.020181342294E-02,1.992633766578E-02,
    3.223262923547E-02,5.08598174477E-02,7.839859446015E-02,
    0.118767330196,0.188271593243,0.319356201289,0.537447957562,
    0.757095305007,0.894284875028,0.951395621485,0.976727863024,
    0.991190514602,0.997404251874,1.),.UNSPECIFIED.);
#5808 = CARTESIAN_POINT('',(1.523587782193,1.));
#5809 = CARTESIAN_POINT('',(1.5173676183,0.999999999999));
#5810 = CARTESIAN_POINT('',(1.511140454678,0.999953186489));
#5811 = CARTESIAN_POINT('',(1.504940910269,0.999856845747));
#5812 = CARTESIAN_POINT('',(1.498808403453,0.99970847429));
#5813 = CARTESIAN_POINT('',(1.492785605307,0.999506495969));
#5814 = CARTESIAN_POINT('',(1.486916892868,0.999250979066));
#5815 = CARTESIAN_POINT('',(1.475479274834,0.998632458521));
#5816 = CARTESIAN_POINT('',(1.469913194858,0.998267493915));
#5817 = CARTESIAN_POINT('',(1.464597677226,0.997852111866));
#5818 = CARTESIAN_POINT('',(1.459561451727,0.997390764077));
#5819 = CARTESIAN_POINT('',(1.454817077535,0.99688904608));
#5820 = CARTESIAN_POINT('',(1.450365157577,0.996353041659));
#5821 = CARTESIAN_POINT('',(1.438322308298,0.994721815239));
#5822 = CARTESIAN_POINT('',(1.431479354172,0.99355542747));
#5823 = CARTESIAN_POINT('',(1.425537136926,0.992319943371));
#5824 = CARTESIAN_POINT('',(1.420346640105,0.991040171208));
#5825 = CARTESIAN_POINT('',(1.415774485878,0.989732959715));
#5826 = CARTESIAN_POINT('',(1.411712907295,0.988406461651));
#5827 = CARTESIAN_POINT('',(1.403454479139,0.985358306983));
#5828 = CARTESIAN_POINT('',(1.399524434609,0.983631257067));
#5829 = CARTESIAN_POINT('',(1.39610439965,0.981888823723));
#5830 = CARTESIAN_POINT('',(1.393090650182,0.980136678995));
#5831 = CARTESIAN_POINT('',(1.390410655965,0.978378245171));
#5832 = CARTESIAN_POINT('',(1.388005389106,0.976615157471));
#5833 = CARTESIAN_POINT('',(1.382542494327,0.97217098079));
#5834 = CARTESIAN_POINT('',(1.379786959499,0.969486363258));
#5835 = CARTESIAN_POINT('',(1.377417881772,0.96679658906));
#5836 = CARTESIAN_POINT('',(1.375352276614,0.964103680898));
#5837 = CARTESIAN_POINT('',(1.373534576336,0.961408821656));
#5838 = CARTESIAN_POINT('',(1.37191971316,0.958712547428));
#5839 = CARTESIAN_POINT('',(1.368342774945,0.952026106854));
#5840 = CARTESIAN_POINT('',(1.366584051718,0.948035091888));
#5841 = CARTESIAN_POINT('',(1.365097275582,0.94404264471));
#5842 = CARTESIAN_POINT('',(1.363824106694,0.94004938831));
#5843 = CARTESIAN_POINT('',(1.362725528583,0.936055684322));
#5844 = CARTESIAN_POINT('',(1.361770142481,0.932061686418));
#5845 = CARTESIAN_POINT('',(1.359713553153,0.922212038214));
#5846 = CARTESIAN_POINT('',(1.358751401669,0.916356301879));
#5847 = CARTESIAN_POINT('',(1.357979285045,0.910500388563));
#5848 = CARTESIAN_POINT('',(1.357356953143,0.904644472853));
#5849 = CARTESIAN_POINT('',(1.356857413403,0.898788654694));
#5850 = CARTESIAN_POINT('',(1.356459052109,0.892932969967));
#5851 = CARTESIAN_POINT('',(1.355609065222,0.876995624063));
#5852 = CARTESIAN_POINT('',(1.355326007641,0.866914316866));
#5853 = CARTESIAN_POINT('',(1.355219181761,0.856833551066));
#5854 = CARTESIAN_POINT('',(1.355248479346,0.846753389535));
#5855 = CARTESIAN_POINT('',(1.355388605724,0.836673868185));
#5856 = CARTESIAN_POINT('',(1.355618828613,0.826594993447));
#5857 = CARTESIAN_POINT('',(1.356505195135,0.797509219458));
#5858 = CARTESIAN_POINT('',(1.357356986186,0.778504022032));
#5859 = CARTESIAN_POINT('',(1.358389953532,0.759501191182));
#5860 = CARTESIAN_POINT('',(1.359565798733,0.740500816977));
#5861 = CARTESIAN_POINT('',(1.360863237366,0.72150300043));
#5862 = CARTESIAN_POINT('',(1.36226363195,0.702507839244));
#5863 = CARTESIAN_POINT('',(1.366245105692,0.651916862738));
#5864 = CARTESIAN_POINT('',(1.368991842219,0.620326000858));
#5865 = CARTESIAN_POINT('',(1.371953197401,0.58874338443));
#5866 = CARTESIAN_POINT('',(1.375118697536,0.557169752257));
#5867 = CARTESIAN_POINT('',(1.378490962124,0.525606024517));
#5868 = CARTESIAN_POINT('',(1.382078940677,0.49405336478));
#5869 = CARTESIAN_POINT('',(1.389760662138,0.430748323182));
#5870 = CARTESIAN_POINT('',(1.393857554919,0.398996383763));
#5871 = CARTESIAN_POINT('',(1.398220647801,0.367258857627));
#5872 = CARTESIAN_POINT('',(1.402883626953,0.335537729891));
#5873 = CARTESIAN_POINT('',(1.407902294787,0.303836183728));
#5874 = CARTESIAN_POINT('',(1.41334600812,0.272158301145));
#5875 = CARTESIAN_POINT('',(1.423132972859,0.220745832606));
#5876 = CARTESIAN_POINT('',(1.427121630958,0.200992830558));
#5877 = CARTESIAN_POINT('',(1.431377440036,0.18125413658));
#5878 = CARTESIAN_POINT('',(1.435942690887,0.161531804763));
#5879 = CARTESIAN_POINT('',(1.440913463286,0.141831100959));
#5880 = CARTESIAN_POINT('',(1.446371337892,0.122157464495));
#5881 = CARTESIAN_POINT('',(1.455231429828,9.43552498422E-02));
#5882 = CARTESIAN_POINT('',(1.457973739017,8.619139254149E-02));
#5883 = CARTESIAN_POINT('',(1.460878310938,7.803638595138E-02));
#5884 = CARTESIAN_POINT('',(1.463971714078,6.98916317772E-02));
#5885 = CARTESIAN_POINT('',(1.467306303367,6.176041535482E-02));
#5886 = CARTESIAN_POINT('',(1.470933054643,5.364644928515E-02));
#5887 = CARTESIAN_POINT('',(1.476824151845,4.197269967557E-02));
#5888 = CARTESIAN_POINT('',(1.478723865551,3.839151480216E-02));
#5889 = CARTESIAN_POINT('',(1.480725812061,3.4816517257E-02));
#5890 = CARTESIAN_POINT('',(1.482852836933,3.124917298916E-02));
#5891 = CARTESIAN_POINT('',(1.485128480192,2.769137690332E-02));
#5892 = CARTESIAN_POINT('',(1.487590981987,2.41463311848E-02));
#5893 = CARTESIAN_POINT('',(1.491894965634,1.860825574221E-02));
#5894 = CARTESIAN_POINT('',(1.493547978806,1.660354102177E-02));
#5895 = CARTESIAN_POINT('',(1.495311814604,1.460679590648E-02));
#5896 = CARTESIAN_POINT('',(1.497200010991,1.261836250452E-02));
#5897 = CARTESIAN_POINT('',(1.499272650682,1.064441881638E-02));
#5898 = CARTESIAN_POINT('',(1.501548858111,8.688676512014E-03));
#5899 = CARTESIAN_POINT('',(1.505382856722,5.948582473035E-03));
#5900 = CARTESIAN_POINT('',(1.506621802738,5.14119908944E-03));
#5901 = CARTESIAN_POINT('',(1.507931201638,4.339669035742E-03));
#5902 = CARTESIAN_POINT('',(1.509332830297,3.543801938164E-03));
#5903 = CARTESIAN_POINT('',(1.510886529556,2.763442526388E-03));
#5904 = CARTESIAN_POINT('',(1.512690204224,2.018470633562E-03));
#5905 = CARTESIAN_POINT('',(1.515794522041,1.054873731959E-03));
#5906 = CARTESIAN_POINT('',(1.516758073405,7.891290834132E-04));
#5907 = CARTESIAN_POINT('',(1.517822530461,5.370984993041E-04));
#5908 = CARTESIAN_POINT('',(1.519024440811,3.064063202726E-04));
#5909 = CARTESIAN_POINT('',(1.520384846369,1.167699789561E-04));
#5910 = CARTESIAN_POINT('',(1.521909283359,-1.150076492354E-14));
#5911 = CARTESIAN_POINT('',(1.523587782319,0.));
#5912 = ( GEOMETRIC_REPRESENTATION_CONTEXT(2) 
PARAMETRIC_REPRESENTATION_CONTEXT() REPRESENTATION_CONTEXT('2D SPACE',''
  ) );
#5913 = ORIENTED_EDGE('',*,*,#5914,.T.);
#5914 = EDGE_CURVE('',#5572,#5915,#5917,.T.);
#5915 = VERTEX_POINT('',#5916);
#5916 = CARTESIAN_POINT('',(-10.22270761671,-19.70624898307,547.9));
#5917 = SURFACE_CURVE('',#5918,(#5923,#5930),.PCURVE_S1.);
#5918 = CIRCLE('',#5919,22.2);
#5919 = AXIS2_PLACEMENT_3D('',#5920,#5921,#5922);
#5920 = CARTESIAN_POINT('',(0.,0.,547.9));
#5921 = DIRECTION('',(0.,0.,-1.));
#5922 = DIRECTION('',(1.,0.,0.));
#5923 = PCURVE('',#31,#5924);
#5924 = DEFINITIONAL_REPRESENTATION('',(#5925),#5929);
#5925 = LINE('',#5926,#5927);
#5926 = CARTESIAN_POINT('',(-6.28318530718,-62.9));
#5927 = VECTOR('',#5928,1.);
#5928 = DIRECTION('',(1.,-0.));
#5929 = ( GEOMETRIC_REPRESENTATION_CONTEXT(2) 
PARAMETRIC_REPRESENTATION_CONTEXT() REPRESENTATION_CONTEXT('2D SPACE',''
  ) );
#5930 = PCURVE('',#5931,#5936);
#5931 = PLANE('',#5932);
#5932 = AXIS2_PLACEMENT_3D('',#5933,#5934,#5935);
#5933 = CARTESIAN_POINT('',(-10.20327878109,-19.77259725264,547.9));
#5934 = DIRECTION('',(0.,-0.,-1.));
#5935 = DIRECTION('',(-0.866025403784,0.5,0.));
#5936 = DEFINITIONAL_REPRESENTATION('',(#5937),#5941);
#5937 = CIRCLE('',#5938,22.2);
#5938 = AXIS2_PLACEMENT_2D('',#5939,#5940);
#5939 = CARTESIAN_POINT('',(1.05,22.225210910135));
#5940 = DIRECTION('',(-0.866025403784,0.5));
#5941 = ( GEOMETRIC_REPRESENTATION_CONTEXT(2) 
PARAMETRIC_REPRESENTATION_CONTEXT() REPRESENTATION_CONTEXT('2D SPACE',''
  ) );
#5942 = ORIENTED_EDGE('',*,*,#5943,.F.);
#5943 = EDGE_CURVE('',#5944,#5915,#5946,.T.);
#5944 = VERTEX_POINT('',#5945);
#5945 = CARTESIAN_POINT('',(-10.22270761671,-19.70624898307,547.7));
#5946 = SURFACE_CURVE('',#5947,(#5954,#5964),.PCURVE_S1.);
#5947 = B_SPLINE_CURVE_WITH_KNOTS('',5,(#5948,#5949,#5950,#5951,#5952,
    #5953),.UNSPECIFIED.,.F.,.F.,(6,6),(0.,1.),
  .PIECEWISE_BEZIER_KNOTS.);
#5948 = CARTESIAN_POINT('',(-10.22270761671,-19.70624898307,547.69999646
    ));
#5949 = CARTESIAN_POINT('',(-10.22270761671,-19.70624898307,
    547.74305520009));
#5950 = CARTESIAN_POINT('',(-10.22270761671,-19.70624898307,
    547.78476761066));
#5951 = CARTESIAN_POINT('',(-10.22270761671,-19.70624898307,
    547.82493056693));
#5952 = CARTESIAN_POINT('',(-10.22270761671,-19.70624898307,
    547.86337605746));
#5953 = CARTESIAN_POINT('',(-10.22270761671,-19.70624898307,547.9));
#5954 = PCURVE('',#31,#5955);
#5955 = DEFINITIONAL_REPRESENTATION('',(#5956),#5963);
#5956 = B_SPLINE_CURVE_WITH_KNOTS('',5,(#5957,#5958,#5959,#5960,#5961,
    #5962),.UNSPECIFIED.,.F.,.F.,(6,6),(0.,1.),
  .PIECEWISE_BEZIER_KNOTS.);
#5957 = CARTESIAN_POINT('',(-4.233850496911,-62.69999646));
#5958 = CARTESIAN_POINT('',(-4.233850496911,-62.74305520009));
#5959 = CARTESIAN_POINT('',(-4.233850496911,-62.78476761066));
#5960 = CARTESIAN_POINT('',(-4.233850496911,-62.82493056693));
#5961 = CARTESIAN_POINT('',(-4.233850496911,-62.86337605746));
#5962 = CARTESIAN_POINT('',(-4.233850496911,-62.9));
#5963 = ( GEOMETRIC_REPRESENTATION_CONTEXT(2) 
PARAMETRIC_REPRESENTATION_CONTEXT() REPRESENTATION_CONTEXT('2D SPACE',''
  ) );
#5964 = PCURVE('',#5965,#5970);
#5965 = B_SPLINE_SURFACE_WITH_KNOTS('',1,1,(
    (#5966,#5967)
    ,(#5968,#5969
    )),.UNSPECIFIED.,.F.,.F.,.F.,(2,2),(2,2),(0.,1.769738834666),(0.,1.)
  ,.PIECEWISE_BEZIER_KNOTS.);
#5966 = CARTESIAN_POINT('',(-10.12260508413,-19.53286631067,542.));
#5967 = CARTESIAN_POINT('',(-10.12260508413,-19.53286631067,547.9));
#5968 = CARTESIAN_POINT('',(-11.00747450146,-21.06550509955,542.));
#5969 = CARTESIAN_POINT('',(-10.24658005128,-19.74759725264,547.9));
#5970 = DEFINITIONAL_REPRESENTATION('',(#5971),#5978);
#5971 = B_SPLINE_CURVE_WITH_KNOTS('',5,(#5972,#5973,#5974,#5975,#5976,
    #5977),.UNSPECIFIED.,.F.,.F.,(6,6),(0.,1.),
  .PIECEWISE_BEZIER_KNOTS.);
#5972 = CARTESIAN_POINT('',(1.182861493129,0.966101094915));
#5973 = CARTESIAN_POINT('',(1.226719335741,0.973399186457));
#5974 = CARTESIAN_POINT('',(1.273270977843,0.980469086554));
#5975 = CARTESIAN_POINT('',(1.32255631657,0.987276367277));
#5976 = CARTESIAN_POINT('',(1.374519862024,0.993792552112));
#5977 = CARTESIAN_POINT('',(1.428960567102,1.));
#5978 = ( GEOMETRIC_REPRESENTATION_CONTEXT(2) 
PARAMETRIC_REPRESENTATION_CONTEXT() REPRESENTATION_CONTEXT('2D SPACE',''
  ) );
#5979 = ORIENTED_EDGE('',*,*,#5980,.T.);
#5980 = EDGE_CURVE('',#5944,#5981,#5983,.T.);
#5981 = VERTEX_POINT('',#5982);
#5982 = CARTESIAN_POINT('',(-10.49378221735,-19.57576396401,548.));
#5983 = SURFACE_CURVE('',#5984,(#5994,#6007),.PCURVE_S1.);
#5984 = B_SPLINE_CURVE_WITH_KNOTS('',8,(#5985,#5986,#5987,#5988,#5989,
    #5990,#5991,#5992,#5993),.UNSPECIFIED.,.F.,.F.,(9,9),(0.,1.),
  .PIECEWISE_BEZIER_KNOTS.);
#5985 = CARTESIAN_POINT('',(-10.22270761671,-19.70624898307,547.7));
#5986 = CARTESIAN_POINT('',(-10.22270761671,-19.70624898307,
    547.75725194294));
#5987 = CARTESIAN_POINT('',(-10.23380279776,-19.70049330922,
    547.81546100549));
#5988 = CARTESIAN_POINT('',(-10.25664384627,-19.68864440418,
    547.87071798207));
#5989 = CARTESIAN_POINT('',(-10.29021610872,-19.67118421192,
    547.91941624682));
#5990 = CARTESIAN_POINT('',(-10.33279318987,-19.64890677074,
    547.95861649804));
#5991 = CARTESIAN_POINT('',(-10.38191282142,-19.62299679643,
    547.98598264838));
#5992 = CARTESIAN_POINT('',(-10.43477557956,-19.59487538956,548.));
#5993 = CARTESIAN_POINT('',(-10.48826282709,-19.56620409966,548.));
#5994 = PCURVE('',#31,#5995);
#5995 = DEFINITIONAL_REPRESENTATION('',(#5996),#6006);
#5996 = B_SPLINE_CURVE_WITH_KNOTS('',8,(#5997,#5998,#5999,#6000,#6001,
    #6002,#6003,#6004,#6005),.UNSPECIFIED.,.F.,.F.,(9,9),(0.,1.),
  .PIECEWISE_BEZIER_KNOTS.);
#5997 = CARTESIAN_POINT('',(-4.233850496911,-62.7));
#5998 = CARTESIAN_POINT('',(-4.233850496911,-62.75725194294));
#5999 = CARTESIAN_POINT('',(-4.23328746832,-62.81546100549));
#6000 = CARTESIAN_POINT('',(-4.232128392283,-62.87071798208));
#6001 = CARTESIAN_POINT('',(-4.23042383377,-62.91941624682));
#6002 = CARTESIAN_POINT('',(-4.228259301117,-62.95861649805));
#6003 = CARTESIAN_POINT('',(-4.225757778248,-62.98598264838));
#6004 = CARTESIAN_POINT('',(-4.223060618417,-63.));
#6005 = CARTESIAN_POINT('',(-4.220326963629,-63.));
#6006 = ( GEOMETRIC_REPRESENTATION_CONTEXT(2) 
PARAMETRIC_REPRESENTATION_CONTEXT() REPRESENTATION_CONTEXT('2D SPACE',''
  ) );
#6007 = PCURVE('',#6008,#6013);
#6008 = CYLINDRICAL_SURFACE('',#6009,0.3);
#6009 = AXIS2_PLACEMENT_3D('',#6010,#6011,#6012);
#6010 = CARTESIAN_POINT('',(-10.49378221735,-19.57576396401,547.7));
#6011 = DIRECTION('',(0.5,0.866025403784,0.));
#6012 = DIRECTION('',(0.866025403784,-0.5,0.));
#6013 = DEFINITIONAL_REPRESENTATION('',(#6014),#6024);
#6014 = B_SPLINE_CURVE_WITH_KNOTS('',8,(#6015,#6016,#6017,#6018,#6019,
    #6020,#6021,#6022,#6023),.UNSPECIFIED.,.F.,.F.,(9,9),(0.,1.),
  .PIECEWISE_BEZIER_KNOTS.);
#6015 = CARTESIAN_POINT('',(0.,2.253395899342E-02));
#6016 = CARTESIAN_POINT('',(-0.190839809799,2.253395899342E-02));
#6017 = CARTESIAN_POINT('',(-0.384865792885,2.197092824316E-02));
#6018 = CARTESIAN_POINT('',(-0.579671685157,2.081185675677E-02));
#6019 = CARTESIAN_POINT('',(-0.775183590063,1.914669559286E-02));
#6020 = CARTESIAN_POINT('',(-0.971554521364,1.715098500582E-02));
#6021 = CARTESIAN_POINT('',(-1.169136859752,1.502986519413E-02));
#6022 = CARTESIAN_POINT('',(-1.368606459819,1.295233886276E-02));
#6023 = CARTESIAN_POINT('',(-1.570796326795,1.103878051071E-02));
#6024 = ( GEOMETRIC_REPRESENTATION_CONTEXT(2) 
PARAMETRIC_REPRESENTATION_CONTEXT() REPRESENTATION_CONTEXT('2D SPACE',''
  ) );
#6025 = ORIENTED_EDGE('',*,*,#6026,.F.);
#6026 = EDGE_CURVE('',#6027,#5981,#6029,.T.);
#6027 = VERTEX_POINT('',#6028);
#6028 = CARTESIAN_POINT('',(-11.70621778264,-18.87576396401,548.));
#6029 = SURFACE_CURVE('',#6030,(#6034,#6044),.PCURVE_S1.);
#6030 = LINE('',#6031,#6032);
#6031 = CARTESIAN_POINT('',(-11.70621778264,-18.87576396401,548.));
#6032 = VECTOR('',#6033,1.);
#6033 = DIRECTION('',(0.866025403784,-0.5,0.));
#6034 = PCURVE('',#31,#6035);
#6035 = DEFINITIONAL_REPRESENTATION('',(#6036),#6043);
#6036 = B_SPLINE_CURVE_WITH_KNOTS('',5,(#6037,#6038,#6039,#6040,#6041,
    #6042),.UNSPECIFIED.,.F.,.F.,(6,6),(0.,1.4),
  .PIECEWISE_BEZIER_KNOTS.);
#6037 = CARTESIAN_POINT('',(-4.157269116969,-63.));
#6038 = CARTESIAN_POINT('',(-4.169875464287,-63.));
#6039 = CARTESIAN_POINT('',(-4.182445991173,-63.));
#6040 = CARTESIAN_POINT('',(-4.195144015406,-63.));
#6041 = CARTESIAN_POINT('',(-4.207647363243,-63.));
#6042 = CARTESIAN_POINT('',(-4.220311292604,-63.));
#6043 = ( GEOMETRIC_REPRESENTATION_CONTEXT(2) 
PARAMETRIC_REPRESENTATION_CONTEXT() REPRESENTATION_CONTEXT('2D SPACE',''
  ) );
#6044 = PCURVE('',#6045,#6050);
#6045 = PLANE('',#6046);
#6046 = AXIS2_PLACEMENT_3D('',#6047,#6048,#6049);
#6047 = CARTESIAN_POINT('',(-37.92692307692,-65.69135774398,550.));
#6048 = DIRECTION('',(-1.862505757293E-02,-3.225954601021E-02,
    -0.999305973625));
#6049 = DIRECTION('',(0.499652986812,0.865424359312,-3.725011514586E-02)
  );
#6050 = DEFINITIONAL_REPRESENTATION('',(#6051),#6055);
#6051 = LINE('',#6052,#6053);
#6052 = CARTESIAN_POINT('',(53.69110919976,-0.7));
#6053 = VECTOR('',#6054,1.);
#6054 = DIRECTION('',(-1.111643648273E-15,1.));
#6055 = ( GEOMETRIC_REPRESENTATION_CONTEXT(2) 
PARAMETRIC_REPRESENTATION_CONTEXT() REPRESENTATION_CONTEXT('2D SPACE',''
  ) );
#6056 = ORIENTED_EDGE('',*,*,#6057,.T.);
#6057 = EDGE_CURVE('',#6027,#6058,#6060,.T.);
#6058 = VERTEX_POINT('',#6059);
#6059 = CARTESIAN_POINT('',(-11.95475842428,-18.70624898307,547.7));
#6060 = SURFACE_CURVE('',#6061,(#6071,#6084),.PCURVE_S1.);
#6061 = B_SPLINE_CURVE_WITH_KNOTS('',8,(#6062,#6063,#6064,#6065,#6066,
    #6067,#6068,#6069,#6070),.UNSPECIFIED.,.F.,.F.,(9,9),(0.,1.),
  .PIECEWISE_BEZIER_KNOTS.);
#6062 = CARTESIAN_POINT('',(-11.70069839239,-18.86620409966,548.));
#6063 = CARTESIAN_POINT('',(-11.75227208157,-18.83421842947,548.));
#6064 = CARTESIAN_POINT('',(-11.80305731337,-18.80249864144,
    547.98598264838));
#6065 = CARTESIAN_POINT('',(-11.85005582512,-18.77291477985,
    547.95861649804));
#6066 = CARTESIAN_POINT('',(-11.89063719568,-18.74718066654,
    547.91941624682));
#6067 = CARTESIAN_POINT('',(-11.92254429696,-18.72683633054,
    547.87071798207));
#6068 = CARTESIAN_POINT('',(-11.94422627399,-18.71297985479,
    547.81546100549));
#6069 = CARTESIAN_POINT('',(-11.95475842428,-18.70624898307,
    547.75725194294));
#6070 = CARTESIAN_POINT('',(-11.95475842428,-18.70624898307,547.7));
#6071 = PCURVE('',#31,#6072);
#6072 = DEFINITIONAL_REPRESENTATION('',(#6073),#6083);
#6073 = B_SPLINE_CURVE_WITH_KNOTS('',8,(#6074,#6075,#6076,#6077,#6078,
    #6079,#6080,#6081,#6082),.UNSPECIFIED.,.F.,.F.,(9,9),(0.,1.),
  .PIECEWISE_BEZIER_KNOTS.);
#6074 = CARTESIAN_POINT('',(-4.157253445944,-63.));
#6075 = CARTESIAN_POINT('',(-4.154519791155,-63.));
#6076 = CARTESIAN_POINT('',(-4.151822631324,-62.98598264838));
#6077 = CARTESIAN_POINT('',(-4.149321108456,-62.95861649805));
#6078 = CARTESIAN_POINT('',(-4.147156575803,-62.91941624682));
#6079 = CARTESIAN_POINT('',(-4.14545201729,-62.87071798208));
#6080 = CARTESIAN_POINT('',(-4.144292941252,-62.81546100549));
#6081 = CARTESIAN_POINT('',(-4.143729912662,-62.75725194294));
#6082 = CARTESIAN_POINT('',(-4.143729912662,-62.7));
#6083 = ( GEOMETRIC_REPRESENTATION_CONTEXT(2) 
PARAMETRIC_REPRESENTATION_CONTEXT() REPRESENTATION_CONTEXT('2D SPACE',''
  ) );
#6084 = PCURVE('',#6085,#6090);
#6085 = CYLINDRICAL_SURFACE('',#6086,0.3);
#6086 = AXIS2_PLACEMENT_3D('',#6087,#6088,#6089);
#6087 = CARTESIAN_POINT('',(-11.70621778264,-18.87576396401,547.7));
#6088 = DIRECTION('',(0.5,0.866025403784,0.));
#6089 = DIRECTION('',(0.,0.,1.));
#6090 = DEFINITIONAL_REPRESENTATION('',(#6091),#6101);
#6091 = B_SPLINE_CURVE_WITH_KNOTS('',8,(#6092,#6093,#6094,#6095,#6096,
    #6097,#6098,#6099,#6100),.UNSPECIFIED.,.F.,.F.,(9,9),(0.,1.),
  .PIECEWISE_BEZIER_KNOTS.);
#6092 = CARTESIAN_POINT('',(0.,1.10387805107E-02));
#6093 = CARTESIAN_POINT('',(-0.202189866976,1.295233886275E-02));
#6094 = CARTESIAN_POINT('',(-0.401659467042,1.502986519409E-02));
#6095 = CARTESIAN_POINT('',(-0.599241805433,1.715098500593E-02));
#6096 = CARTESIAN_POINT('',(-0.795612736729,1.914669559263E-02));
#6097 = CARTESIAN_POINT('',(-0.991124641641,2.081185675696E-02));
#6098 = CARTESIAN_POINT('',(-1.185930533909,2.197092824308E-02));
#6099 = CARTESIAN_POINT('',(-1.379956516997,2.253395899342E-02));
#6100 = CARTESIAN_POINT('',(-1.570796326795,2.253395899342E-02));
#6101 = ( GEOMETRIC_REPRESENTATION_CONTEXT(2) 
PARAMETRIC_REPRESENTATION_CONTEXT() REPRESENTATION_CONTEXT('2D SPACE',''
  ) );
#6102 = ORIENTED_EDGE('',*,*,#6103,.T.);
#6103 = EDGE_CURVE('',#6058,#6104,#6106,.T.);
#6104 = VERTEX_POINT('',#6105);
#6105 = CARTESIAN_POINT('',(-11.95475842428,-18.70624898307,547.9));
#6106 = SURFACE_CURVE('',#6107,(#6114,#6124),.PCURVE_S1.);
#6107 = B_SPLINE_CURVE_WITH_KNOTS('',5,(#6108,#6109,#6110,#6111,#6112,
    #6113),.UNSPECIFIED.,.F.,.F.,(6,6),(0.,1.),
  .PIECEWISE_BEZIER_KNOTS.);
#6108 = CARTESIAN_POINT('',(-11.95475842428,-18.70624898307,547.69999646
    ));
#6109 = CARTESIAN_POINT('',(-11.95475842428,-18.70624898307,
    547.74305520009));
#6110 = CARTESIAN_POINT('',(-11.95475842428,-18.70624898307,
    547.78476761066));
#6111 = CARTESIAN_POINT('',(-11.95475842428,-18.70624898307,
    547.82493056693));
#6112 = CARTESIAN_POINT('',(-11.95475842428,-18.70624898307,
    547.86337605746));
#6113 = CARTESIAN_POINT('',(-11.95475842428,-18.70624898307,547.9));
#6114 = PCURVE('',#31,#6115);
#6115 = DEFINITIONAL_REPRESENTATION('',(#6116),#6123);
#6116 = B_SPLINE_CURVE_WITH_KNOTS('',5,(#6117,#6118,#6119,#6120,#6121,
    #6122),.UNSPECIFIED.,.F.,.F.,(6,6),(0.,1.),
  .PIECEWISE_BEZIER_KNOTS.);
#6117 = CARTESIAN_POINT('',(-4.143729912662,-62.69999646));
#6118 = CARTESIAN_POINT('',(-4.143729912662,-62.74305520009));
#6119 = CARTESIAN_POINT('',(-4.143729912662,-62.78476761066));
#6120 = CARTESIAN_POINT('',(-4.143729912662,-62.82493056693));
#6121 = CARTESIAN_POINT('',(-4.143729912662,-62.86337605746));
#6122 = CARTESIAN_POINT('',(-4.143729912662,-62.9));
#6123 = ( GEOMETRIC_REPRESENTATION_CONTEXT(2) 
PARAMETRIC_REPRESENTATION_CONTEXT() REPRESENTATION_CONTEXT('2D SPACE',''
  ) );
#6124 = PCURVE('',#6125,#6130);
#6125 = B_SPLINE_SURFACE_WITH_KNOTS('',1,1,(
    (#6126,#6127)
    ,(#6128,#6129
    )),.UNSPECIFIED.,.F.,.F.,.F.,(2,2),(2,2),(0.,1.769738834666),(0.,1.)
  ,.PIECEWISE_BEZIER_KNOTS.);
#6126 = CARTESIAN_POINT('',(-11.8546558917,-18.53286631067,542.));
#6127 = CARTESIAN_POINT('',(-11.8546558917,-18.53286631067,547.9));
#6128 = CARTESIAN_POINT('',(-12.73952530903,-20.06550509955,542.));
#6129 = CARTESIAN_POINT('',(-11.97863085885,-18.74759725264,547.9));
#6130 = DEFINITIONAL_REPRESENTATION('',(#6131),#6138);
#6131 = B_SPLINE_CURVE_WITH_KNOTS('',5,(#6132,#6133,#6134,#6135,#6136,
    #6137),.UNSPECIFIED.,.F.,.F.,(6,6),(0.,1.),
  .PIECEWISE_BEZIER_KNOTS.);
#6132 = CARTESIAN_POINT('',(1.182861493129,0.966101094915));
#6133 = CARTESIAN_POINT('',(1.226719335741,0.973399186457));
#6134 = CARTESIAN_POINT('',(1.273270977843,0.980469086554));
#6135 = CARTESIAN_POINT('',(1.32255631657,0.987276367277));
#6136 = CARTESIAN_POINT('',(1.374519862024,0.993792552112));
#6137 = CARTESIAN_POINT('',(1.428960567102,1.));
#6138 = ( GEOMETRIC_REPRESENTATION_CONTEXT(2) 
PARAMETRIC_REPRESENTATION_CONTEXT() REPRESENTATION_CONTEXT('2D SPACE',''
  ) );
#6139 = ORIENTED_EDGE('',*,*,#6140,.T.);
#6140 = EDGE_CURVE('',#6104,#6141,#6143,.T.);
#6141 = VERTEX_POINT('',#6142);
#6142 = CARTESIAN_POINT('',(-11.99491655122,-18.68052400039,547.9));
#6143 = SURFACE_CURVE('',#6144,(#6149,#6156),.PCURVE_S1.);
#6144 = CIRCLE('',#6145,22.2);
#6145 = AXIS2_PLACEMENT_3D('',#6146,#6147,#6148);
#6146 = CARTESIAN_POINT('',(0.,0.,547.9));
#6147 = DIRECTION('',(0.,0.,-1.));
#6148 = DIRECTION('',(1.,0.,0.));
#6149 = PCURVE('',#31,#6150);
#6150 = DEFINITIONAL_REPRESENTATION('',(#6151),#6155);
#6151 = LINE('',#6152,#6153);
#6152 = CARTESIAN_POINT('',(-6.28318530718,-62.9));
#6153 = VECTOR('',#6154,1.);
#6154 = DIRECTION('',(1.,-0.));
#6155 = ( GEOMETRIC_REPRESENTATION_CONTEXT(2) 
PARAMETRIC_REPRESENTATION_CONTEXT() REPRESENTATION_CONTEXT('2D SPACE',''
  ) );
#6156 = PCURVE('',#6157,#6162);
#6157 = PLANE('',#6158);
#6158 = AXIS2_PLACEMENT_3D('',#6159,#6160,#6161);
#6159 = CARTESIAN_POINT('',(-12.02193212904,-18.72259725264,547.9));
#6160 = DIRECTION('',(0.,0.,1.));
#6161 = DIRECTION('',(0.866025403784,-0.5,0.));
#6162 = DEFINITIONAL_REPRESENTATION('',(#6163),#6171);
#6163 = ( BOUNDED_CURVE() B_SPLINE_CURVE(2,(#6164,#6165,#6166,#6167,
#6168,#6169,#6170),.UNSPECIFIED.,.T.,.F.) B_SPLINE_CURVE_WITH_KNOTS((1,2
    ,2,2,2,1),(-2.094395102393,0.,2.094395102393,4.188790204786,
6.28318530718,8.377580409573),.UNSPECIFIED.) CURVE() 
GEOMETRIC_REPRESENTATION_ITEM() RATIONAL_B_SPLINE_CURVE((1.,0.5,1.,0.5,
1.,0.5,1.)) REPRESENTATION_ITEM('') );
#6164 = CARTESIAN_POINT('',(20.275763964015,33.325210910135));
#6165 = CARTESIAN_POINT('',(39.501527928029,2.521091013539E-02));
#6166 = CARTESIAN_POINT('',(1.05,2.521091013536E-02));
#6167 = CARTESIAN_POINT('',(-37.40152792802,2.521091013534E-02));
#6168 = CARTESIAN_POINT('',(-18.17576396401,33.325210910135));
#6169 = CARTESIAN_POINT('',(1.05,66.625210910135));
#6170 = CARTESIAN_POINT('',(20.275763964015,33.325210910135));
#6171 = ( GEOMETRIC_REPRESENTATION_CONTEXT(2) 
PARAMETRIC_REPRESENTATION_CONTEXT() REPRESENTATION_CONTEXT('2D SPACE',''
  ) );
#6172 = ORIENTED_EDGE('',*,*,#6173,.T.);
#6173 = EDGE_CURVE('',#6141,#4408,#6174,.T.);
#6174 = SURFACE_CURVE('',#6175,(#6280,#6388),.PCURVE_S1.);
#6175 = B_SPLINE_CURVE_WITH_KNOTS('',7,(#6176,#6177,#6178,#6179,#6180,
    #6181,#6182,#6183,#6184,#6185,#6186,#6187,#6188,#6189,#6190,#6191,
    #6192,#6193,#6194,#6195,#6196,#6197,#6198,#6199,#6200,#6201,#6202,
    #6203,#6204,#6205,#6206,#6207,#6208,#6209,#6210,#6211,#6212,#6213,
    #6214,#6215,#6216,#6217,#6218,#6219,#6220,#6221,#6222,#6223,#6224,
    #6225,#6226,#6227,#6228,#6229,#6230,#6231,#6232,#6233,#6234,#6235,
    #6236,#6237,#6238,#6239,#6240,#6241,#6242,#6243,#6244,#6245,#6246,
    #6247,#6248,#6249,#6250,#6251,#6252,#6253,#6254,#6255,#6256,#6257,
    #6258,#6259,#6260,#6261,#6262,#6263,#6264,#6265,#6266,#6267,#6268,
    #6269,#6270,#6271,#6272,#6273,#6274,#6275,#6276,#6277,#6278,#6279),
  .UNSPECIFIED.,.F.,.F.,(8,6,6,6,6,6,6,6,6,6,6,6,6,6,6,6,6,8),(0.,
    5.05745214432E-03,1.02018135089E-02,1.992633783623E-02,
    3.223262951849E-02,5.085981773125E-02,7.839859474353E-02,
    0.118767330479,0.188271593253,0.319356201298,0.537447957567,
    0.757095305009,0.894284875028,0.951395621484,0.976727863023,
    0.991190514602,0.997404251874,1.),.UNSPECIFIED.);
#6176 = CARTESIAN_POINT('',(-11.99491655122,-18.68052400039,547.9));
#6177 = CARTESIAN_POINT('',(-11.99465484869,-18.68069204171,547.9));
#6178 = CARTESIAN_POINT('',(-11.99445051774,-18.6808232382,
    547.89972380028));
#6179 = CARTESIAN_POINT('',(-11.99430679847,-18.68091551425,
    547.89915538989));
#6180 = CARTESIAN_POINT('',(-11.99422662177,-18.68096699146,
    547.89827999828));
#6181 = CARTESIAN_POINT('',(-11.99421190646,-18.68097643958,
    547.89708832616));
#6182 = CARTESIAN_POINT('',(-11.99426285655,-18.6809437274,
    547.89558077639));
#6183 = CARTESIAN_POINT('',(-11.99449362633,-18.68079555765,
    547.89193150511));
#6184 = CARTESIAN_POINT('',(-11.99467571456,-18.68067864355,
    547.88977821391));
#6185 = CARTESIAN_POINT('',(-11.99492114363,-18.68052105675,
    547.88732745979));
#6186 = CARTESIAN_POINT('',(-11.99522511936,-18.68032587102,
    547.88460550781));
#6187 = CARTESIAN_POINT('',(-11.9955813135,-18.68009714412,
    547.8816453716));
#6188 = CARTESIAN_POINT('',(-11.99598274446,-18.67983935337,
    547.87848294548));
#6189 = CARTESIAN_POINT('',(-11.99725423823,-18.67902277208,
    547.8688587095));
#6190 = CARTESIAN_POINT('',(-11.99822185266,-18.67840128788,
    547.86197702157));
#6191 = CARTESIAN_POINT('',(-11.99928656372,-18.67771734868,
    547.85468766531));
#6192 = CARTESIAN_POINT('',(-12.00041744672,-18.67699078881,
    547.84713700946));
#6193 = CARTESIAN_POINT('',(-12.00159314262,-18.6762353123,
    547.83942446157));
#6194 = CARTESIAN_POINT('',(-12.00280201911,-18.67545838417,
    547.83159812292));
#6195 = CARTESIAN_POINT('',(-12.00560878317,-18.67365420101,
    547.8136140102));
#6196 = CARTESIAN_POINT('',(-12.0072191903,-18.67261881701,
    547.80342441559));
#6197 = CARTESIAN_POINT('',(-12.00885797498,-18.67156495379,
    547.79314405876));
#6198 = CARTESIAN_POINT('',(-12.01051667629,-18.67049803938,
    547.78280640476));
#6199 = CARTESIAN_POINT('',(-12.01219003039,-18.66942145187,
    547.7724316451));
#6200 = CARTESIAN_POINT('',(-12.01387486676,-18.66833722514,
    547.76202942757));
#6201 = CARTESIAN_POINT('',(-12.0181368869,-18.66559388509,
    547.73580878505));
#6202 = CARTESIAN_POINT('',(-12.0207251491,-18.66392731275,
    547.71996954161));
#6203 = CARTESIAN_POINT('',(-12.02332827717,-18.66225057159,
    547.70409987384));
#6204 = CARTESIAN_POINT('',(-12.02594235936,-18.66056617023,
    547.68821171568));
#6205 = CARTESIAN_POINT('',(-12.02856499613,-18.65887564767,
    547.67231204615));
#6206 = CARTESIAN_POINT('',(-12.03119464416,-18.65717999257,
    547.6564040282));
#6207 = CARTESIAN_POINT('',(-12.03772818959,-18.65296548925,
    547.61695402881));
#6208 = CARTESIAN_POINT('',(-12.04163879045,-18.65044158712,
    547.59340704051));
#6209 = CARTESIAN_POINT('',(-12.04555941526,-18.64790985673,
    547.56985160216));
#6210 = CARTESIAN_POINT('',(-12.04948826739,-18.645371446,547.5462913894
    ));
#6211 = CARTESIAN_POINT('',(-12.05342422802,-18.64282706819,
    547.52272853587));
#6212 = CARTESIAN_POINT('',(-12.05736653121,-18.64027720957,
    547.49916394824));
#6213 = CARTESIAN_POINT('',(-12.06710263016,-18.63397653858,
    547.44105102383));
#6214 = CARTESIAN_POINT('',(-12.0729029916,-18.63021988665,
    547.40650217946));
#6215 = CARTESIAN_POINT('',(-12.07871434739,-18.626453119,
    547.37195229089));
#6216 = CARTESIAN_POINT('',(-12.08453583426,-18.62267677299,
    547.3374023882));
#6217 = CARTESIAN_POINT('',(-12.09036692616,-18.61889116949,
    547.30285306106));
#6218 = CARTESIAN_POINT('',(-12.09620726073,-18.61509652374,
    547.26830452117));
#6219 = CARTESIAN_POINT('',(-12.11212781687,-18.60474412784,
    547.17427418057));
#6220 = CARTESIAN_POINT('',(-12.12222570943,-18.59816889223,
    547.11479446834));
#6221 = CARTESIAN_POINT('',(-12.13234924094,-18.59156783863,
    547.05531795035));
#6222 = CARTESIAN_POINT('',(-12.14249806592,-18.58494109651,
    546.99584499755));
#6223 = CARTESIAN_POINT('',(-12.15267215662,-18.57828858855,
    546.93637582183));
#6224 = CARTESIAN_POINT('',(-12.1628716127,-18.57161015201,
    546.8769104611));
#6225 = CARTESIAN_POINT('',(-12.19238123685,-18.55226055126,
    546.7053043948));
#6226 = CARTESIAN_POINT('',(-12.21175688769,-18.53952242597,
    546.59317372998));
#6227 = CARTESIAN_POINT('',(-12.23122539211,-18.52668933366,
    546.48105702797));
#6228 = CARTESIAN_POINT('',(-12.25078965726,-18.5137586755,
    546.36895482016));
#6229 = CARTESIAN_POINT('',(-12.27045322155,-18.50072739432,
    546.25686770253));
#6230 = CARTESIAN_POINT('',(-12.29022008959,-18.48759206997,
    546.14479625154));
#6231 = CARTESIAN_POINT('',(-12.34316175718,-18.45231521315,
    545.84630949015));
#6232 = CARTESIAN_POINT('',(-12.3765274479,-18.42998279409,
    545.65992340506));
#6233 = CARTESIAN_POINT('',(-12.41021342958,-18.40733351156,
    545.47358596813));
#6234 = CARTESIAN_POINT('',(-12.44424593033,-18.38434563897,
    545.28730153831));
#6235 = CARTESIAN_POINT('',(-12.47865618152,-18.36099352152,
    545.10107554465));
#6236 = CARTESIAN_POINT('',(-12.51348342722,-18.33724525201,
    544.9149148522));
#6237 = CARTESIAN_POINT('',(-12.58432989591,-18.28869864694,
    544.54141510677));
#6238 = CARTESIAN_POINT('',(-12.62035546765,-18.26389429594,
    544.3540786642));
#6239 = CARTESIAN_POINT('',(-12.65691297437,-18.23860071851,
    544.16682725999));
#6240 = CARTESIAN_POINT('',(-12.69406892873,-18.21276483703,
    543.97967260635));
#6241 = CARTESIAN_POINT('',(-12.7319207813,-18.18630994085,
    543.79263348399));
#6242 = CARTESIAN_POINT('',(-12.77058672317,-18.15914315523,
    543.60573397675));
#6243 = CARTESIAN_POINT('',(-12.83511729612,-18.11354981118,
    543.30240041237));
#6244 = CARTESIAN_POINT('',(-12.86033690623,-18.09567182546,
    543.18585770029));
#6245 = CARTESIAN_POINT('',(-12.8860305101,-18.07739566681,
    543.06939940582));
#6246 = CARTESIAN_POINT('',(-12.91226428018,-18.05867028524,
    542.9530376481));
#6247 = CARTESIAN_POINT('',(-12.93917604996,-18.03939097395,
    542.83680349566));
#6248 = CARTESIAN_POINT('',(-12.96688745765,-18.0194645781,
    542.72072904051));
#6249 = CARTESIAN_POINT('',(-13.00787253502,-17.98987139747,
    542.55669597406));
#6250 = CARTESIAN_POINT('',(-13.02013104132,-17.98100586428,
    542.50852921599));
#6251 = CARTESIAN_POINT('',(-13.03263487012,-17.97194792364,
    542.46041467711));
#6252 = CARTESIAN_POINT('',(-13.04542053265,-17.96267012153,
    542.41236062748));
#6253 = CARTESIAN_POINT('',(-13.0585572545,-17.95312066473,
    542.36438645059));
#6254 = CARTESIAN_POINT('',(-13.07211284252,-17.943248707,
    542.31651405078));
#6255 = CARTESIAN_POINT('',(-13.09258863727,-17.9283067644,
    542.24763892808));
#6256 = CARTESIAN_POINT('',(-13.09900367342,-17.9236215245,
    542.22650993733));
#6257 = CARTESIAN_POINT('',(-13.10555906204,-17.91882965569,
    542.20541745181));
#6258 = CARTESIAN_POINT('',(-13.1122840097,-17.91390943074,
    542.18437012063));
#6259 = CARTESIAN_POINT('',(-13.11920831698,-17.90883866009,
    542.16337912373));
#6260 = CARTESIAN_POINT('',(-13.12637988236,-17.90358172134,
    542.14246335399));
#6261 = CARTESIAN_POINT('',(-13.13821130439,-17.89489961319,
    542.10978870887));
#6262 = CARTESIAN_POINT('',(-13.14262471912,-17.89165912058,
    542.09796089202));
#6263 = CARTESIAN_POINT('',(-13.147180844,-17.88831184896,
    542.08618009584));
#6264 = CARTESIAN_POINT('',(-13.15189752948,-17.8848445369,
    542.07444833877));
#6265 = CARTESIAN_POINT('',(-13.15684702438,-17.8812036211,
    542.06280207101));
#6266 = CARTESIAN_POINT('',(-13.16205099637,-17.87737295288,
    542.05126319142));
#6267 = CARTESIAN_POINT('',(-13.17020016392,-17.87136919475,
    542.03509663659));
#6268 = CARTESIAN_POINT('',(-13.17274603382,-17.86949289238,
    542.03033307462));
#6269 = CARTESIAN_POINT('',(-13.17537948077,-17.86755146768,
    542.02560404731));
#6270 = CARTESIAN_POINT('',(-13.17812937185,-17.86552355646,
    542.02090843143));
#6271 = CARTESIAN_POINT('',(-13.18106271906,-17.86335951969,
    542.0163043109));
#6272 = CARTESIAN_POINT('',(-13.18428467936,-17.8609814435,
    542.01190897673));
#6273 = CARTESIAN_POINT('',(-13.18946493717,-17.85715594016,
    542.00622375501));
#6274 = CARTESIAN_POINT('',(-13.19103440301,-17.85599672101,
    542.00465586159));
#6275 = CARTESIAN_POINT('',(-13.19272058314,-17.85475101431,
    542.00316888114));
#6276 = CARTESIAN_POINT('',(-13.19456237991,-17.85339000656,
    542.00180779729));
#6277 = CARTESIAN_POINT('',(-13.19656396711,-17.85191053811,
    542.00068894287));
#6278 = CARTESIAN_POINT('',(-13.19869478989,-17.85033510316,542.));
#6279 = CARTESIAN_POINT('',(-13.20088956482,-17.8487118498,542.));
#6280 = PCURVE('',#31,#6281);
#6281 = DEFINITIONAL_REPRESENTATION('',(#6282),#6387);
#6282 = B_SPLINE_CURVE_WITH_KNOTS('',7,(#6283,#6284,#6285,#6286,#6287,
    #6288,#6289,#6290,#6291,#6292,#6293,#6294,#6295,#6296,#6297,#6298,
    #6299,#6300,#6301,#6302,#6303,#6304,#6305,#6306,#6307,#6308,#6309,
    #6310,#6311,#6312,#6313,#6314,#6315,#6316,#6317,#6318,#6319,#6320,
    #6321,#6322,#6323,#6324,#6325,#6326,#6327,#6328,#6329,#6330,#6331,
    #6332,#6333,#6334,#6335,#6336,#6337,#6338,#6339,#6340,#6341,#6342,
    #6343,#6344,#6345,#6346,#6347,#6348,#6349,#6350,#6351,#6352,#6353,
    #6354,#6355,#6356,#6357,#6358,#6359,#6360,#6361,#6362,#6363,#6364,
    #6365,#6366,#6367,#6368,#6369,#6370,#6371,#6372,#6373,#6374,#6375,
    #6376,#6377,#6378,#6379,#6380,#6381,#6382,#6383,#6384,#6385,#6386),
  .UNSPECIFIED.,.F.,.F.,(8,6,6,6,6,6,6,6,6,6,6,6,6,6,6,6,6,8),(0.,
    5.05745214432E-03,1.02018135089E-02,1.992633783623E-02,
    3.223262951849E-02,5.085981773125E-02,7.839859474353E-02,
    0.118767330479,0.188271593253,0.319356201298,0.537447957567,
    0.757095305009,0.894284875028,0.951395621484,0.976727863023,
    0.991190514602,0.997404251874,1.),.UNSPECIFIED.);
#6283 = CARTESIAN_POINT('',(-4.14158166031,-62.9));
#6284 = CARTESIAN_POINT('',(-4.141595669688,-62.9));
#6285 = CARTESIAN_POINT('',(-4.141606607722,-62.89972380028));
#6286 = CARTESIAN_POINT('',(-4.14161430108,-62.89915538989));
#6287 = CARTESIAN_POINT('',(-4.141618592955,-62.89827999828));
#6288 = CARTESIAN_POINT('',(-4.141619380673,-62.89708832616));
#6289 = CARTESIAN_POINT('',(-4.141616653309,-62.89558077639));
#6290 = CARTESIAN_POINT('',(-4.141604300041,-62.89193150511));
#6291 = CARTESIAN_POINT('',(-4.141594552703,-62.88977821391));
#6292 = CARTESIAN_POINT('',(-4.141581414597,-62.88732745979));
#6293 = CARTESIAN_POINT('',(-4.141565142252,-62.88460550781));
#6294 = CARTESIAN_POINT('',(-4.141546074292,-62.8816453716));
#6295 = CARTESIAN_POINT('',(-4.141524584317,-62.87848294548));
#6296 = CARTESIAN_POINT('',(-4.141456515584,-62.8688587095));
#6297 = CARTESIAN_POINT('',(-4.141404713385,-62.86197702157));
#6298 = CARTESIAN_POINT('',(-4.141347710799,-62.85468766531));
#6299 = CARTESIAN_POINT('',(-4.141287162724,-62.84713700946));
#6300 = CARTESIAN_POINT('',(-4.141224212285,-62.83942446157));
#6301 = CARTESIAN_POINT('',(-4.141159482074,-62.83159812292));
#6302 = CARTESIAN_POINT('',(-4.14100918409,-62.8136140102));
#6303 = CARTESIAN_POINT('',(-4.140922943929,-62.80342441559));
#6304 = CARTESIAN_POINT('',(-4.140835178391,-62.79314405876));
#6305 = CARTESIAN_POINT('',(-4.140746340285,-62.78280640476));
#6306 = CARTESIAN_POINT('',(-4.140656711347,-62.7724316451));
#6307 = CARTESIAN_POINT('',(-4.140566461251,-62.76202942757));
#6308 = CARTESIAN_POINT('',(-4.140338145827,-62.73580878505));
#6309 = CARTESIAN_POINT('',(-4.14019947903,-62.71996954161));
#6310 = CARTESIAN_POINT('',(-4.140060001238,-62.70409987384));
#6311 = CARTESIAN_POINT('',(-4.139919921771,-62.68821171568));
#6312 = CARTESIAN_POINT('',(-4.139779369034,-62.67231204615));
#6313 = CARTESIAN_POINT('',(-4.13963842558,-62.6564040282));
#6314 = CARTESIAN_POINT('',(-4.139288204326,-62.61695402881));
#6315 = CARTESIAN_POINT('',(-4.139078549376,-62.59340704051));
#6316 = CARTESIAN_POINT('',(-4.13886832383,-62.56985160216));
#6317 = CARTESIAN_POINT('',(-4.138657623708,-62.5462913894));
#6318 = CARTESIAN_POINT('',(-4.138446508762,-62.52272853587));
#6319 = CARTESIAN_POINT('',(-4.138235019843,-62.49916394824));
#6320 = CARTESIAN_POINT('',(-4.1377126331,-62.44105102383));
#6321 = CARTESIAN_POINT('',(-4.137401344068,-62.40650217946));
#6322 = CARTESIAN_POINT('',(-4.137089391652,-62.37195229089));
#6323 = CARTESIAN_POINT('',(-4.136776821598,-62.3374023882));
#6324 = CARTESIAN_POINT('',(-4.136463661602,-62.30285306106));
#6325 = CARTESIAN_POINT('',(-4.136149930583,-62.26830452117));
#6326 = CARTESIAN_POINT('',(-4.135294506073,-62.17427418057));
#6327 = CARTESIAN_POINT('',(-4.134751715897,-62.11479446834));
#6328 = CARTESIAN_POINT('',(-4.134207323269,-62.05531795035));
#6329 = CARTESIAN_POINT('',(-4.133661344149,-61.99584499755));
#6330 = CARTESIAN_POINT('',(-4.133113777414,-61.93637582183));
#6331 = CARTESIAN_POINT('',(-4.132564615024,-61.8769104611));
#6332 = CARTESIAN_POINT('',(-4.130975076949,-61.7053043948));
#6333 = CARTESIAN_POINT('',(-4.129930580645,-61.59317372998));
#6334 = CARTESIAN_POINT('',(-4.128880239113,-61.48105702797));
#6335 = CARTESIAN_POINT('',(-4.127823876728,-61.36895482016));
#6336 = CARTESIAN_POINT('',(-4.12676128267,-61.25686770253));
#6337 = CARTESIAN_POINT('',(-4.125692219477,-61.14479625154));
#6338 = CARTESIAN_POINT('',(-4.122826534288,-60.84630949015));
#6339 = CARTESIAN_POINT('',(-4.121017988701,-60.65992340506));
#6340 = CARTESIAN_POINT('',(-4.119189512918,-60.47358596813));
#6341 = CARTESIAN_POINT('',(-4.117339570812,-60.28730153831));
#6342 = CARTESIAN_POINT('',(-4.115466339547,-60.10107554465));
#6343 = CARTESIAN_POINT('',(-4.1135675383,-59.9149148522));
#6344 = CARTESIAN_POINT('',(-4.109698907082,-59.54141510677));
#6345 = CARTESIAN_POINT('',(-4.10772868804,-59.3540786642));
#6346 = CARTESIAN_POINT('',(-4.105726234488,-59.16682725999));
#6347 = CARTESIAN_POINT('',(-4.103687710036,-58.97967260635));
#6348 = CARTESIAN_POINT('',(-4.101607524309,-58.79263348399));
#6349 = CARTESIAN_POINT('',(-4.099478902197,-58.60573397675));
#6350 = CARTESIAN_POINT('',(-4.095919788354,-58.30240041237));
#6351 = CARTESIAN_POINT('',(-4.094527285248,-58.18585770029));
#6352 = CARTESIAN_POINT('',(-4.093106990516,-58.06939940582));
#6353 = CARTESIAN_POINT('',(-4.091655138168,-57.9530376481));
#6354 = CARTESIAN_POINT('',(-4.090163929528,-57.83680349566));
#6355 = CARTESIAN_POINT('',(-4.088626461638,-57.72072904051));
#6356 = CARTESIAN_POINT('',(-4.086349331956,-57.55669597406));
#6357 = CARTESIAN_POINT('',(-4.085667872446,-57.50852921599));
#6358 = CARTESIAN_POINT('',(-4.084972379595,-57.46041467711));
#6359 = CARTESIAN_POINT('',(-4.084260795519,-57.41236062748));
#6360 = CARTESIAN_POINT('',(-4.083529225603,-57.36438645059));
#6361 = CARTESIAN_POINT('',(-4.082773851955,-57.31651405078));
#6362 = CARTESIAN_POINT('',(-4.081632051295,-57.24763892808));
#6363 = CARTESIAN_POINT('',(-4.081274221918,-57.22650993733));
#6364 = CARTESIAN_POINT('',(-4.080908454188,-57.20541745181));
#6365 = CARTESIAN_POINT('',(-4.080533108362,-57.18437012063));
#6366 = CARTESIAN_POINT('',(-4.080146510797,-57.16337912373));
#6367 = CARTESIAN_POINT('',(-4.079745972612,-57.14246335399));
#6368 = CARTESIAN_POINT('',(-4.079084927484,-57.10978870887));
#6369 = CARTESIAN_POINT('',(-4.078838291898,-57.09796089202));
#6370 = CARTESIAN_POINT('',(-4.078583628003,-57.08618009584));
#6371 = CARTESIAN_POINT('',(-4.078319934107,-57.07444833877));
#6372 = CARTESIAN_POINT('',(-4.078043158927,-57.06280207101));
#6373 = CARTESIAN_POINT('',(-4.077752085191,-57.05126319142));
#6374 = CARTESIAN_POINT('',(-4.077296141115,-57.03509663659));
#6375 = CARTESIAN_POINT('',(-4.077153682185,-57.03033307462));
#6376 = CARTESIAN_POINT('',(-4.07700630727,-57.02560404731));
#6377 = CARTESIAN_POINT('',(-4.076852398668,-57.02090843143));
#6378 = CARTESIAN_POINT('',(-4.076688199872,-57.0163043109));
#6379 = CARTESIAN_POINT('',(-4.076507815562,-57.01190897673));
#6380 = CARTESIAN_POINT('',(-4.076217739648,-57.00622375501));
#6381 = CARTESIAN_POINT('',(-4.076129849712,-57.00465586159));
#6382 = CARTESIAN_POINT('',(-4.076035416253,-57.00316888114));
#6383 = CARTESIAN_POINT('',(-4.075932258602,-57.00180779729));
#6384 = CARTESIAN_POINT('',(-4.075820140969,-57.00068894287));
#6385 = CARTESIAN_POINT('',(-4.075700772442,-57.));
#6386 = CARTESIAN_POINT('',(-4.075577806989,-57.));
#6387 = ( GEOMETRIC_REPRESENTATION_CONTEXT(2) 
PARAMETRIC_REPRESENTATION_CONTEXT() REPRESENTATION_CONTEXT('2D SPACE',''
  ) );
#6388 = PCURVE('',#6389,#6406);
#6389 = B_SPLINE_SURFACE_WITH_KNOTS('',7,1,(
    (#6390,#6391)
    ,(#6392,#6393)
    ,(#6394,#6395)
    ,(#6396,#6397)
    ,(#6398,#6399)
    ,(#6400,#6401)
    ,(#6402,#6403)
    ,(#6404,#6405
    )),.UNSPECIFIED.,.F.,.F.,.F.,(8,8),(2,2),(0.,1.523587782319),(0.,1.)
  ,.PIECEWISE_BEZIER_KNOTS.);
#6390 = CARTESIAN_POINT('',(-12.73952530903,-20.06550509955,542.));
#6391 = CARTESIAN_POINT('',(-11.97863085885,-18.74759725264,547.9));
#6392 = CARTESIAN_POINT('',(-12.5625329748,-19.75894538411,542.));
#6393 = CARTESIAN_POINT('',(-11.97318947391,-18.73817249747,547.9));
#6394 = CARTESIAN_POINT('',(-12.46001492255,-19.40938902552,
    541.99999999999));
#6395 = CARTESIAN_POINT('',(-11.97014119295,-18.72736683936,547.9));
#6396 = CARTESIAN_POINT('',(-12.44449406084,-19.03854464672,
    542.00000000001));
#6397 = CARTESIAN_POINT('',(-11.96990768494,-18.715904919,547.9));
#6398 = CARTESIAN_POINT('',(-12.5206358287,-18.6726936843,
    541.99999999999));
#6399 = CARTESIAN_POINT('',(-11.97263135932,-18.704687361,547.9));
#6400 = CARTESIAN_POINT('',(-12.68282137086,-18.3388339827,542.));
#6401 = CARTESIAN_POINT('',(-11.97809501004,-18.69460873684,547.9));
#6402 = CARTESIAN_POINT('',(-12.91628729695,-18.05920340458,
    541.99999999999));
#6403 = CARTESIAN_POINT('',(-11.98575908078,-18.68640408671,547.9));
#6404 = CARTESIAN_POINT('',(-13.20088956482,-17.8487118498,542.));
#6405 = CARTESIAN_POINT('',(-11.99491655122,-18.68052400039,547.9));
#6406 = DEFINITIONAL_REPRESENTATION('',(#6407),#6512);
#6407 = B_SPLINE_CURVE_WITH_KNOTS('',7,(#6408,#6409,#6410,#6411,#6412,
    #6413,#6414,#6415,#6416,#6417,#6418,#6419,#6420,#6421,#6422,#6423,
    #6424,#6425,#6426,#6427,#6428,#6429,#6430,#6431,#6432,#6433,#6434,
    #6435,#6436,#6437,#6438,#6439,#6440,#6441,#6442,#6443,#6444,#6445,
    #6446,#6447,#6448,#6449,#6450,#6451,#6452,#6453,#6454,#6455,#6456,
    #6457,#6458,#6459,#6460,#6461,#6462,#6463,#6464,#6465,#6466,#6467,
    #6468,#6469,#6470,#6471,#6472,#6473,#6474,#6475,#6476,#6477,#6478,
    #6479,#6480,#6481,#6482,#6483,#6484,#6485,#6486,#6487,#6488,#6489,
    #6490,#6491,#6492,#6493,#6494,#6495,#6496,#6497,#6498,#6499,#6500,
    #6501,#6502,#6503,#6504,#6505,#6506,#6507,#6508,#6509,#6510,#6511),
  .UNSPECIFIED.,.F.,.F.,(8,6,6,6,6,6,6,6,6,6,6,6,6,6,6,6,6,8),(0.,
    5.05745214432E-03,1.02018135089E-02,1.992633783623E-02,
    3.223262951849E-02,5.085981773125E-02,7.839859474353E-02,
    0.118767330479,0.188271593253,0.319356201298,0.537447957567,
    0.757095305009,0.894284875028,0.951395621484,0.976727863023,
    0.991190514602,0.997404251874,1.),.UNSPECIFIED.);
#6408 = CARTESIAN_POINT('',(1.523587782319,1.));
#6409 = CARTESIAN_POINT('',(1.517367618345,1.));
#6410 = CARTESIAN_POINT('',(1.511140454638,0.999953186489));
#6411 = CARTESIAN_POINT('',(1.504940910147,0.999856845746));
#6412 = CARTESIAN_POINT('',(1.498808403252,0.999708474285));
#6413 = CARTESIAN_POINT('',(1.492785605031,0.99950649596));
#6414 = CARTESIAN_POINT('',(1.48691689252,0.999250979051));
#6415 = CARTESIAN_POINT('',(1.475479274415,0.998632458494));
#6416 = CARTESIAN_POINT('',(1.469913194432,0.998267493884));
#6417 = CARTESIAN_POINT('',(1.464597676798,0.997852111829));
#6418 = CARTESIAN_POINT('',(1.4595614513,0.997390764036));
#6419 = CARTESIAN_POINT('',(1.454817077112,0.996889046034));
#6420 = CARTESIAN_POINT('',(1.45036515716,0.996353041608));
#6421 = CARTESIAN_POINT('',(1.438322307865,0.99472181517));
#6422 = CARTESIAN_POINT('',(1.43147935373,0.993555427386));
#6423 = CARTESIAN_POINT('',(1.425537136485,0.992319943273));
#6424 = CARTESIAN_POINT('',(1.420346639669,0.991040171096));
#6425 = CARTESIAN_POINT('',(1.415774485449,0.98973295959));
#6426 = CARTESIAN_POINT('',(1.411712906875,0.988406461512));
#6427 = CARTESIAN_POINT('',(1.403454478738,0.985358306814));
#6428 = CARTESIAN_POINT('',(1.399524434219,0.98363125688));
#6429 = CARTESIAN_POINT('',(1.396104399272,0.981888823519));
#6430 = CARTESIAN_POINT('',(1.393090649815,0.980136678773));
#6431 = CARTESIAN_POINT('',(1.39041065561,0.978378244933));
#6432 = CARTESIAN_POINT('',(1.388005388762,0.976615157216));
#6433 = CARTESIAN_POINT('',(1.382542494039,0.972170980518));
#6434 = CARTESIAN_POINT('',(1.379786959247,0.969486362985));
#6435 = CARTESIAN_POINT('',(1.377417881549,0.966796588787));
#6436 = CARTESIAN_POINT('',(1.375352276415,0.964103680624));
#6437 = CARTESIAN_POINT('',(1.373534576157,0.961408821382));
#6438 = CARTESIAN_POINT('',(1.371919712999,0.958712547154));
#6439 = CARTESIAN_POINT('',(1.368342774821,0.952026106579));
#6440 = CARTESIAN_POINT('',(1.366584051609,0.948035091613));
#6441 = CARTESIAN_POINT('',(1.365097275488,0.944042644435));
#6442 = CARTESIAN_POINT('',(1.363824106612,0.940049388034));
#6443 = CARTESIAN_POINT('',(1.36272552851,0.936055684046));
#6444 = CARTESIAN_POINT('',(1.361770142417,0.932061686143));
#6445 = CARTESIAN_POINT('',(1.359713553106,0.922212037938));
#6446 = CARTESIAN_POINT('',(1.35875140163,0.916356301603));
#6447 = CARTESIAN_POINT('',(1.357979285013,0.910500388287));
#6448 = CARTESIAN_POINT('',(1.357356953116,0.904644472577));
#6449 = CARTESIAN_POINT('',(1.356857413381,0.898788654418));
#6450 = CARTESIAN_POINT('',(1.356459052091,0.892932969691));
#6451 = CARTESIAN_POINT('',(1.355609065216,0.876995623826));
#6452 = CARTESIAN_POINT('',(1.355326007638,0.866914316669));
#6453 = CARTESIAN_POINT('',(1.355219181761,0.856833550908));
#6454 = CARTESIAN_POINT('',(1.355248479347,0.846753389417));
#6455 = CARTESIAN_POINT('',(1.355388605726,0.836673868107));
#6456 = CARTESIAN_POINT('',(1.355618828615,0.826594993408));
#6457 = CARTESIAN_POINT('',(1.356505195135,0.797509219458));
#6458 = CARTESIAN_POINT('',(1.357356986186,0.778504022032));
#6459 = CARTESIAN_POINT('',(1.358389953532,0.759501191182));
#6460 = CARTESIAN_POINT('',(1.359565798733,0.740500816977));
#6461 = CARTESIAN_POINT('',(1.360863237366,0.72150300043));
#6462 = CARTESIAN_POINT('',(1.36226363195,0.702507839244));
#6463 = CARTESIAN_POINT('',(1.366245105692,0.651916862738));
#6464 = CARTESIAN_POINT('',(1.368991842219,0.620326000858));
#6465 = CARTESIAN_POINT('',(1.371953197401,0.58874338443));
#6466 = CARTESIAN_POINT('',(1.375118697536,0.557169752257));
#6467 = CARTESIAN_POINT('',(1.378490962124,0.525606024517));
#6468 = CARTESIAN_POINT('',(1.382078940677,0.49405336478));
#6469 = CARTESIAN_POINT('',(1.389760662138,0.430748323181));
#6470 = CARTESIAN_POINT('',(1.393857554919,0.398996383764));
#6471 = CARTESIAN_POINT('',(1.398220647801,0.367258857626));
#6472 = CARTESIAN_POINT('',(1.402883626953,0.335537729891));
#6473 = CARTESIAN_POINT('',(1.407902294787,0.303836183728));
#6474 = CARTESIAN_POINT('',(1.41334600812,0.272158301145));
#6475 = CARTESIAN_POINT('',(1.423132972859,0.220745832606));
#6476 = CARTESIAN_POINT('',(1.427121630958,0.200992830558));
#6477 = CARTESIAN_POINT('',(1.431377440036,0.181254136581));
#6478 = CARTESIAN_POINT('',(1.435942690887,0.161531804763));
#6479 = CARTESIAN_POINT('',(1.440913463286,0.14183110096));
#6480 = CARTESIAN_POINT('',(1.446371337892,0.122157464495));
#6481 = CARTESIAN_POINT('',(1.455231429828,9.435524984216E-02));
#6482 = CARTESIAN_POINT('',(1.457973739017,8.619139254162E-02));
#6483 = CARTESIAN_POINT('',(1.460878310938,7.803638595116E-02));
#6484 = CARTESIAN_POINT('',(1.463971714078,6.989163177741E-02));
#6485 = CARTESIAN_POINT('',(1.467306303367,6.176041535475E-02));
#6486 = CARTESIAN_POINT('',(1.470933054643,5.364644928516E-02));
#6487 = CARTESIAN_POINT('',(1.476824151845,4.197269967555E-02));
#6488 = CARTESIAN_POINT('',(1.478723865552,3.839151480223E-02));
#6489 = CARTESIAN_POINT('',(1.480725812062,3.481651725699E-02));
#6490 = CARTESIAN_POINT('',(1.482852836933,3.124917298914E-02));
#6491 = CARTESIAN_POINT('',(1.485128480192,2.769137690339E-02));
#6492 = CARTESIAN_POINT('',(1.487590981988,2.414633118483E-02));
#6493 = CARTESIAN_POINT('',(1.491894965634,1.86082557422E-02));
#6494 = CARTESIAN_POINT('',(1.493547978806,1.660354102193E-02));
#6495 = CARTESIAN_POINT('',(1.495311814605,1.46067959062E-02));
#6496 = CARTESIAN_POINT('',(1.497200010991,1.261836250488E-02));
#6497 = CARTESIAN_POINT('',(1.499272650683,1.06444188162E-02));
#6498 = CARTESIAN_POINT('',(1.501548858111,8.688676512091E-03));
#6499 = CARTESIAN_POINT('',(1.505382856722,5.948582473046E-03));
#6500 = CARTESIAN_POINT('',(1.506621802738,5.14119908947E-03));
#6501 = CARTESIAN_POINT('',(1.507931201638,4.339669035788E-03));
#6502 = CARTESIAN_POINT('',(1.509332830297,3.543801938204E-03));
#6503 = CARTESIAN_POINT('',(1.510886529556,2.763442526405E-03));
#6504 = CARTESIAN_POINT('',(1.512690204224,2.018470633555E-03));
#6505 = CARTESIAN_POINT('',(1.515794522041,1.054873731925E-03));
#6506 = CARTESIAN_POINT('',(1.516758073405,7.891290834775E-04));
#6507 = CARTESIAN_POINT('',(1.517822530461,5.370984994614E-04));
#6508 = CARTESIAN_POINT('',(1.519024440811,3.064063204439E-04));
#6509 = CARTESIAN_POINT('',(1.520384846369,1.167699790552E-04));
#6510 = CARTESIAN_POINT('',(1.521909283359,-1.1497630727E-14));
#6511 = CARTESIAN_POINT('',(1.523587782319,0.));
#6512 = ( GEOMETRIC_REPRESENTATION_CONTEXT(2) 
PARAMETRIC_REPRESENTATION_CONTEXT() REPRESENTATION_CONTEXT('2D SPACE',''
  ) );
#6513 = ADVANCED_FACE('',(#6514),#6389,.F.);
#6514 = FACE_BOUND('',#6515,.F.);
#6515 = EDGE_LOOP('',(#6516,#6544,#6565,#6566,#6590));
#6516 = ORIENTED_EDGE('',*,*,#6517,.F.);
#6517 = EDGE_CURVE('',#6518,#6520,#6522,.T.);
#6518 = VERTEX_POINT('',#6519);
#6519 = CARTESIAN_POINT('',(-12.73952530903,-20.06550509955,542.));
#6520 = VERTEX_POINT('',#6521);
#6521 = CARTESIAN_POINT('',(-12.0040848348,-18.79168483225,
    547.70262905309));
#6522 = SURFACE_CURVE('',#6523,(#6526,#6533),.PCURVE_S1.);
#6523 = B_SPLINE_CURVE_WITH_KNOTS('',1,(#6524,#6525),.UNSPECIFIED.,.F.,
  .F.,(2,2),(0.,1.),.PIECEWISE_BEZIER_KNOTS.);
#6524 = CARTESIAN_POINT('',(-12.73952530903,-20.06550509955,542.));
#6525 = CARTESIAN_POINT('',(-11.97863085885,-18.74759725264,547.9));
#6526 = PCURVE('',#6389,#6527);
#6527 = DEFINITIONAL_REPRESENTATION('',(#6528),#6532);
#6528 = LINE('',#6529,#6530);
#6529 = CARTESIAN_POINT('',(0.,0.));
#6530 = VECTOR('',#6531,1.);
#6531 = DIRECTION('',(0.,1.));
#6532 = ( GEOMETRIC_REPRESENTATION_CONTEXT(2) 
PARAMETRIC_REPRESENTATION_CONTEXT() REPRESENTATION_CONTEXT('2D SPACE',''
  ) );
#6533 = PCURVE('',#6534,#6539);
#6534 = PLANE('',#6535);
#6535 = AXIS2_PLACEMENT_3D('',#6536,#6537,#6538);
#6536 = CARTESIAN_POINT('',(-22.10077816941,-36.27967067624,
    525.56374488546));
#6537 = DIRECTION('',(-0.866025403784,0.5,-0.));
#6538 = DIRECTION('',(0.,-0.,-1.));
#6539 = DEFINITIONAL_REPRESENTATION('',(#6540),#6543);
#6540 = B_SPLINE_CURVE_WITH_KNOTS('',1,(#6541,#6542),.UNSPECIFIED.,.F.,
  .F.,(2,2),(0.,1.),.PIECEWISE_BEZIER_KNOTS.);
#6541 = CARTESIAN_POINT('',(-16.43625511453,-18.72250572076));
#6542 = CARTESIAN_POINT('',(-22.33625511453,-20.24429462113));
#6543 = ( GEOMETRIC_REPRESENTATION_CONTEXT(2) 
PARAMETRIC_REPRESENTATION_CONTEXT() REPRESENTATION_CONTEXT('2D SPACE',''
  ) );
#6544 = ORIENTED_EDGE('',*,*,#6545,.T.);
#6545 = EDGE_CURVE('',#6518,#4408,#6546,.T.);
#6546 = SURFACE_CURVE('',#6547,(#6552,#6558),.PCURVE_S1.);
#6547 = CIRCLE('',#6548,1.7);
#6548 = AXIS2_PLACEMENT_3D('',#6549,#6550,#6551);
#6549 = CARTESIAN_POINT('',(-14.21176849546,-19.21550509955,542.));
#6550 = DIRECTION('',(-0.,0.,1.));
#6551 = DIRECTION('',(0.866025403784,-0.5,0.));
#6552 = PCURVE('',#6389,#6553);
#6553 = DEFINITIONAL_REPRESENTATION('',(#6554),#6557);
#6554 = B_SPLINE_CURVE_WITH_KNOTS('',1,(#6555,#6556),.UNSPECIFIED.,.F.,
  .F.,(2,2),(0.,1.457583928998),.PIECEWISE_BEZIER_KNOTS.);
#6555 = CARTESIAN_POINT('',(0.,0.));
#6556 = CARTESIAN_POINT('',(1.523587782319,0.));
#6557 = ( GEOMETRIC_REPRESENTATION_CONTEXT(2) 
PARAMETRIC_REPRESENTATION_CONTEXT() REPRESENTATION_CONTEXT('2D SPACE',''
  ) );
#6558 = PCURVE('',#4425,#6559);
#6559 = DEFINITIONAL_REPRESENTATION('',(#6560),#6564);
#6560 = LINE('',#6561,#6562);
#6561 = CARTESIAN_POINT('',(0.,49.));
#6562 = VECTOR('',#6563,1.);
#6563 = DIRECTION('',(1.,0.));
#6564 = ( GEOMETRIC_REPRESENTATION_CONTEXT(2) 
PARAMETRIC_REPRESENTATION_CONTEXT() REPRESENTATION_CONTEXT('2D SPACE',''
  ) );
#6565 = ORIENTED_EDGE('',*,*,#6173,.F.);
#6566 = ORIENTED_EDGE('',*,*,#6567,.F.);
#6567 = EDGE_CURVE('',#6568,#6141,#6570,.T.);
#6568 = VERTEX_POINT('',#6569);
#6569 = CARTESIAN_POINT('',(-11.97863085885,-18.74759725264,547.9));
#6570 = SURFACE_CURVE('',#6571,(#6576,#6583),.PCURVE_S1.);
#6571 = CIRCLE('',#6572,5.E-02);
#6572 = AXIS2_PLACEMENT_3D('',#6573,#6574,#6575);
#6573 = CARTESIAN_POINT('',(-12.02193212904,-18.72259725264,547.9));
#6574 = DIRECTION('',(-0.,0.,1.));
#6575 = DIRECTION('',(0.866025403784,-0.5,0.));
#6576 = PCURVE('',#6389,#6577);
#6577 = DEFINITIONAL_REPRESENTATION('',(#6578),#6582);
#6578 = LINE('',#6579,#6580);
#6579 = CARTESIAN_POINT('',(0.,1.));
#6580 = VECTOR('',#6581,1.);
#6581 = DIRECTION('',(1.,0.));
#6582 = ( GEOMETRIC_REPRESENTATION_CONTEXT(2) 
PARAMETRIC_REPRESENTATION_CONTEXT() REPRESENTATION_CONTEXT('2D SPACE',''
  ) );
#6583 = PCURVE('',#6157,#6584);
#6584 = DEFINITIONAL_REPRESENTATION('',(#6585),#6589);
#6585 = CIRCLE('',#6586,5.E-02);
#6586 = AXIS2_PLACEMENT_2D('',#6587,#6588);
#6587 = CARTESIAN_POINT('',(0.,0.));
#6588 = DIRECTION('',(1.,0.));
#6589 = ( GEOMETRIC_REPRESENTATION_CONTEXT(2) 
PARAMETRIC_REPRESENTATION_CONTEXT() REPRESENTATION_CONTEXT('2D SPACE',''
  ) );
#6590 = ORIENTED_EDGE('',*,*,#6591,.F.);
#6591 = EDGE_CURVE('',#6520,#6568,#6592,.T.);
#6592 = SURFACE_CURVE('',#6593,(#6596,#6603),.PCURVE_S1.);
#6593 = B_SPLINE_CURVE_WITH_KNOTS('',1,(#6594,#6595),.UNSPECIFIED.,.F.,
  .F.,(2,2),(0.,1.),.PIECEWISE_BEZIER_KNOTS.);
#6594 = CARTESIAN_POINT('',(-12.73952530903,-20.06550509955,542.));
#6595 = CARTESIAN_POINT('',(-11.97863085885,-18.74759725264,547.9));
#6596 = PCURVE('',#6389,#6597);
#6597 = DEFINITIONAL_REPRESENTATION('',(#6598),#6602);
#6598 = LINE('',#6599,#6600);
#6599 = CARTESIAN_POINT('',(0.,0.));
#6600 = VECTOR('',#6601,1.);
#6601 = DIRECTION('',(0.,1.));
#6602 = ( GEOMETRIC_REPRESENTATION_CONTEXT(2) 
PARAMETRIC_REPRESENTATION_CONTEXT() REPRESENTATION_CONTEXT('2D SPACE',''
  ) );
#6603 = PCURVE('',#6125,#6604);
#6604 = DEFINITIONAL_REPRESENTATION('',(#6605),#6609);
#6605 = LINE('',#6606,#6607);
#6606 = CARTESIAN_POINT('',(1.769738834666,0.));
#6607 = VECTOR('',#6608,1.);
#6608 = DIRECTION('',(0.,1.));
#6609 = ( GEOMETRIC_REPRESENTATION_CONTEXT(2) 
PARAMETRIC_REPRESENTATION_CONTEXT() REPRESENTATION_CONTEXT('2D SPACE',''
  ) );
#6610 = ADVANCED_FACE('',(#6611),#6534,.T.);
#6611 = FACE_BOUND('',#6612,.T.);
#6612 = EDGE_LOOP('',(#6613,#6641,#6642,#6662,#6683,#6706,#6734,#6760));
#6613 = ORIENTED_EDGE('',*,*,#6614,.T.);
#6614 = EDGE_CURVE('',#6615,#6520,#6617,.T.);
#6615 = VERTEX_POINT('',#6616);
#6616 = CARTESIAN_POINT('',(-38.6429484807,-64.93155012285,
    549.68860885178));
#6617 = SURFACE_CURVE('',#6618,(#6622,#6629),.PCURVE_S1.);
#6618 = LINE('',#6619,#6620);
#6619 = CARTESIAN_POINT('',(-38.79853599797,-65.20103560779,
    549.70020820791));
#6620 = VECTOR('',#6621,1.);
#6621 = DIRECTION('',(0.499652986812,0.865424359312,-3.725011514586E-02)
  );
#6622 = PCURVE('',#6534,#6623);
#6623 = DEFINITIONAL_REPRESENTATION('',(#6624),#6628);
#6624 = LINE('',#6625,#6626);
#6625 = CARTESIAN_POINT('',(-24.13646332245,33.395515657121));
#6626 = VECTOR('',#6627,1.);
#6627 = DIRECTION('',(3.725011514586E-02,-0.999305973625));
#6628 = ( GEOMETRIC_REPRESENTATION_CONTEXT(2) 
PARAMETRIC_REPRESENTATION_CONTEXT() REPRESENTATION_CONTEXT('2D SPACE',''
  ) );
#6629 = PCURVE('',#6630,#6635);
#6630 = CYLINDRICAL_SURFACE('',#6631,0.3);
#6631 = AXIS2_PLACEMENT_3D('',#6632,#6633,#6634);
#6632 = CARTESIAN_POINT('',(-38.53872837684,-65.35103560779,
    549.70020820791));
#6633 = DIRECTION('',(0.499652986812,0.865424359312,-3.725011514586E-02)
  );
#6634 = DIRECTION('',(1.862505757293E-02,3.225954601021E-02,
    0.999305973625));
#6635 = DEFINITIONAL_REPRESENTATION('',(#6636),#6640);
#6636 = LINE('',#6637,#6638);
#6637 = CARTESIAN_POINT('',(-1.570796326795,0.));
#6638 = VECTOR('',#6639,1.);
#6639 = DIRECTION('',(-0.,1.));
#6640 = ( GEOMETRIC_REPRESENTATION_CONTEXT(2) 
PARAMETRIC_REPRESENTATION_CONTEXT() REPRESENTATION_CONTEXT('2D SPACE',''
  ) );
#6641 = ORIENTED_EDGE('',*,*,#6517,.F.);
#6642 = ORIENTED_EDGE('',*,*,#6643,.F.);
#6643 = EDGE_CURVE('',#6644,#6518,#6646,.T.);
#6644 = VERTEX_POINT('',#6645);
#6645 = CARTESIAN_POINT('',(-12.73952530903,-20.06550509955,493.));
#6646 = SURFACE_CURVE('',#6647,(#6650,#6656),.PCURVE_S1.);
#6647 = B_SPLINE_CURVE_WITH_KNOTS('',1,(#6648,#6649),.UNSPECIFIED.,.F.,
  .F.,(2,2),(0.,1.),.PIECEWISE_BEZIER_KNOTS.);
#6648 = CARTESIAN_POINT('',(-12.73952530903,-20.06550509955,493.));
#6649 = CARTESIAN_POINT('',(-12.73952530903,-20.06550509955,542.));
#6650 = PCURVE('',#6534,#6651);
#6651 = DEFINITIONAL_REPRESENTATION('',(#6652),#6655);
#6652 = B_SPLINE_CURVE_WITH_KNOTS('',1,(#6653,#6654),.UNSPECIFIED.,.F.,
  .F.,(2,2),(0.,1.),.PIECEWISE_BEZIER_KNOTS.);
#6653 = CARTESIAN_POINT('',(32.563744885463,-18.72250572076));
#6654 = CARTESIAN_POINT('',(-16.43625511453,-18.72250572076));
#6655 = ( GEOMETRIC_REPRESENTATION_CONTEXT(2) 
PARAMETRIC_REPRESENTATION_CONTEXT() REPRESENTATION_CONTEXT('2D SPACE',''
  ) );
#6656 = PCURVE('',#4425,#6657);
#6657 = DEFINITIONAL_REPRESENTATION('',(#6658),#6661);
#6658 = B_SPLINE_CURVE_WITH_KNOTS('',1,(#6659,#6660),.UNSPECIFIED.,.F.,
  .F.,(2,2),(0.,1.),.PIECEWISE_BEZIER_KNOTS.);
#6659 = CARTESIAN_POINT('',(0.,0.));
#6660 = CARTESIAN_POINT('',(0.,49.));
#6661 = ( GEOMETRIC_REPRESENTATION_CONTEXT(2) 
PARAMETRIC_REPRESENTATION_CONTEXT() REPRESENTATION_CONTEXT('2D SPACE',''
  ) );
#6662 = ORIENTED_EDGE('',*,*,#6663,.F.);
#6663 = EDGE_CURVE('',#6664,#6644,#6666,.T.);
#6664 = VERTEX_POINT('',#6665);
#6665 = CARTESIAN_POINT('',(-12.03526128226,-18.84568402324,
    487.53911412157));
#6666 = SURFACE_CURVE('',#6667,(#6670,#6676),.PCURVE_S1.);
#6667 = B_SPLINE_CURVE_WITH_KNOTS('',1,(#6668,#6669),.UNSPECIFIED.,.F.,
  .F.,(2,2),(0.,1.),.PIECEWISE_BEZIER_KNOTS.);
#6668 = CARTESIAN_POINT('',(-11.97863085885,-18.74759725264,487.1));
#6669 = CARTESIAN_POINT('',(-12.73952530903,-20.06550509955,493.));
#6670 = PCURVE('',#6534,#6671);
#6671 = DEFINITIONAL_REPRESENTATION('',(#6672),#6675);
#6672 = B_SPLINE_CURVE_WITH_KNOTS('',1,(#6673,#6674),.UNSPECIFIED.,.F.,
  .F.,(2,2),(0.,1.),.PIECEWISE_BEZIER_KNOTS.);
#6673 = CARTESIAN_POINT('',(38.463744885463,-20.24429462113));
#6674 = CARTESIAN_POINT('',(32.563744885463,-18.72250572076));
#6675 = ( GEOMETRIC_REPRESENTATION_CONTEXT(2) 
PARAMETRIC_REPRESENTATION_CONTEXT() REPRESENTATION_CONTEXT('2D SPACE',''
  ) );
#6676 = PCURVE('',#4674,#6677);
#6677 = DEFINITIONAL_REPRESENTATION('',(#6678),#6682);
#6678 = LINE('',#6679,#6680);
#6679 = CARTESIAN_POINT('',(0.,0.));
#6680 = VECTOR('',#6681,1.);
#6681 = DIRECTION('',(0.,1.));
#6682 = ( GEOMETRIC_REPRESENTATION_CONTEXT(2) 
PARAMETRIC_REPRESENTATION_CONTEXT() REPRESENTATION_CONTEXT('2D SPACE',''
  ) );
#6683 = ORIENTED_EDGE('',*,*,#6684,.T.);
#6684 = EDGE_CURVE('',#6664,#6685,#6687,.T.);
#6685 = VERTEX_POINT('',#6686);
#6686 = CARTESIAN_POINT('',(-12.96602540378,-20.45781477158,
    489.27387162406));
#6687 = SURFACE_CURVE('',#6688,(#6692,#6699),.PCURVE_S1.);
#6688 = LINE('',#6689,#6690);
#6689 = CARTESIAN_POINT('',(-11.86376177932,-18.54863817068,
    487.21947347095));
#6690 = VECTOR('',#6691,1.);
#6691 = DIRECTION('',(-0.365789118252,-0.633565337668,0.681757496383));
#6692 = PCURVE('',#6534,#6693);
#6693 = DEFINITIONAL_REPRESENTATION('',(#6694),#6698);
#6694 = LINE('',#6695,#6696);
#6695 = CARTESIAN_POINT('',(38.344271414512,-20.47403278018));
#6696 = VECTOR('',#6697,1.);
#6697 = DIRECTION('',(-0.681757496383,0.731578236503));
#6698 = ( GEOMETRIC_REPRESENTATION_CONTEXT(2) 
PARAMETRIC_REPRESENTATION_CONTEXT() REPRESENTATION_CONTEXT('2D SPACE',''
  ) );
#6699 = PCURVE('',#4937,#6700);
#6700 = DEFINITIONAL_REPRESENTATION('',(#6701),#6705);
#6701 = LINE('',#6702,#6703);
#6702 = CARTESIAN_POINT('',(-1.570796326795,0.));
#6703 = VECTOR('',#6704,1.);
#6704 = DIRECTION('',(-0.,1.));
#6705 = ( GEOMETRIC_REPRESENTATION_CONTEXT(2) 
PARAMETRIC_REPRESENTATION_CONTEXT() REPRESENTATION_CONTEXT('2D SPACE',''
  ) );
#6706 = ORIENTED_EDGE('',*,*,#6707,.T.);
#6707 = EDGE_CURVE('',#6685,#6708,#6710,.T.);
#6708 = VERTEX_POINT('',#6709);
#6709 = CARTESIAN_POINT('',(-12.96602540378,-20.45781477158,
    492.86379928315));
#6710 = SURFACE_CURVE('',#6711,(#6715,#6722),.PCURVE_S1.);
#6711 = LINE('',#6712,#6713);
#6712 = CARTESIAN_POINT('',(-12.96602540378,-20.45781477158,
    507.2137720843));
#6713 = VECTOR('',#6714,1.);
#6714 = DIRECTION('',(0.,0.,1.));
#6715 = PCURVE('',#6534,#6716);
#6716 = DEFINITIONAL_REPRESENTATION('',(#6717),#6721);
#6717 = LINE('',#6718,#6719);
#6718 = CARTESIAN_POINT('',(18.349972801154,-18.26950553126));
#6719 = VECTOR('',#6720,1.);
#6720 = DIRECTION('',(-1.,0.));
#6721 = ( GEOMETRIC_REPRESENTATION_CONTEXT(2) 
PARAMETRIC_REPRESENTATION_CONTEXT() REPRESENTATION_CONTEXT('2D SPACE',''
  ) );
#6722 = PCURVE('',#6723,#6728);
#6723 = PLANE('',#6724);
#6724 = AXIS2_PLACEMENT_3D('',#6725,#6726,#6727);
#6725 = CARTESIAN_POINT('',(-12.44641016151,-20.75781477158,
    488.86379928315));
#6726 = DIRECTION('',(-0.5,-0.866025403784,0.));
#6727 = DIRECTION('',(-0.321633760451,0.185695338177,0.928476690885));
#6728 = DEFINITIONAL_REPRESENTATION('',(#6729),#6733);
#6729 = LINE('',#6730,#6731);
#6730 = CARTESIAN_POINT('',(17.260356430063,-6.257922795169));
#6731 = VECTOR('',#6732,1.);
#6732 = DIRECTION('',(0.928476690885,-0.371390676354));
#6733 = ( GEOMETRIC_REPRESENTATION_CONTEXT(2) 
PARAMETRIC_REPRESENTATION_CONTEXT() REPRESENTATION_CONTEXT('2D SPACE',''
  ) );
#6734 = ORIENTED_EDGE('',*,*,#6735,.T.);
#6735 = EDGE_CURVE('',#6708,#6736,#6738,.T.);
#6736 = VERTEX_POINT('',#6737);
#6737 = CARTESIAN_POINT('',(-38.6429484807,-64.93155012285,
    540.72043010753));
#6738 = SURFACE_CURVE('',#6739,(#6742,#6748),.PCURVE_S1.);
#6739 = B_SPLINE_CURVE_WITH_KNOTS('',1,(#6740,#6741),.UNSPECIFIED.,.F.,
  .F.,(2,2),(0.,1.),.PIECEWISE_BEZIER_KNOTS.);
#6740 = CARTESIAN_POINT('',(-12.96602540378,-20.45781477158,
    492.86379928315));
#6741 = CARTESIAN_POINT('',(-39.2929484807,-66.05738314777,
    541.93189964157));
#6742 = PCURVE('',#6534,#6743);
#6743 = DEFINITIONAL_REPRESENTATION('',(#6744),#6747);
#6744 = B_SPLINE_CURVE_WITH_KNOTS('',1,(#6745,#6746),.UNSPECIFIED.,.F.,
  .F.,(2,2),(0.,1.),.PIECEWISE_BEZIER_KNOTS.);
#6745 = CARTESIAN_POINT('',(32.699945602309,-18.26950553126));
#6746 = CARTESIAN_POINT('',(-16.36815475611,34.384340622577));
#6747 = ( GEOMETRIC_REPRESENTATION_CONTEXT(2) 
PARAMETRIC_REPRESENTATION_CONTEXT() REPRESENTATION_CONTEXT('2D SPACE',''
  ) );
#6748 = PCURVE('',#6749,#6754);
#6749 = B_SPLINE_SURFACE_WITH_KNOTS('',1,1,(
    (#6750,#6751)
    ,(#6752,#6753
    )),.UNSPECIFIED.,.F.,.F.,.F.,(2,2),(2,2),(0.,4.044749683231),(0.,1.)
  ,.PIECEWISE_BEZIER_KNOTS.);
#6750 = CARTESIAN_POINT('',(-12.44641016151,-20.75781477158,
    488.86379928315));
#6751 = CARTESIAN_POINT('',(-38.77333323843,-66.35738314777,
    537.93189964157));
#6752 = CARTESIAN_POINT('',(-12.96602540378,-20.45781477158,
    492.86379928315));
#6753 = CARTESIAN_POINT('',(-39.2929484807,-66.05738314777,
    541.93189964157));
#6754 = DEFINITIONAL_REPRESENTATION('',(#6755),#6759);
#6755 = LINE('',#6756,#6757);
#6756 = CARTESIAN_POINT('',(4.044749683231,0.));
#6757 = VECTOR('',#6758,1.);
#6758 = DIRECTION('',(0.,1.));
#6759 = ( GEOMETRIC_REPRESENTATION_CONTEXT(2) 
PARAMETRIC_REPRESENTATION_CONTEXT() REPRESENTATION_CONTEXT('2D SPACE',''
  ) );
#6760 = ORIENTED_EDGE('',*,*,#6761,.T.);
#6761 = EDGE_CURVE('',#6736,#6615,#6762,.T.);
#6762 = SURFACE_CURVE('',#6763,(#6767,#6774),.PCURVE_S1.);
#6763 = LINE('',#6764,#6765);
#6764 = CARTESIAN_POINT('',(-38.6429484807,-64.93155012285,537.));
#6765 = VECTOR('',#6766,1.);
#6766 = DIRECTION('',(0.,0.,1.));
#6767 = PCURVE('',#6534,#6768);
#6768 = DEFINITIONAL_REPRESENTATION('',(#6769),#6773);
#6769 = LINE('',#6770,#6771);
#6770 = CARTESIAN_POINT('',(-11.43625511453,33.084340622577));
#6771 = VECTOR('',#6772,1.);
#6772 = DIRECTION('',(-1.,0.));
#6773 = ( GEOMETRIC_REPRESENTATION_CONTEXT(2) 
PARAMETRIC_REPRESENTATION_CONTEXT() REPRESENTATION_CONTEXT('2D SPACE',''
  ) );
#6774 = PCURVE('',#6775,#6780);
#6775 = CYLINDRICAL_SURFACE('',#6776,0.3);
#6776 = AXIS2_PLACEMENT_3D('',#6777,#6778,#6779);
#6777 = CARTESIAN_POINT('',(-38.38314085957,-65.08155012285,537.));
#6778 = DIRECTION('',(0.,0.,1.));
#6779 = DIRECTION('',(-0.5,-0.866025403784,0.));
#6780 = DEFINITIONAL_REPRESENTATION('',(#6781),#6785);
#6781 = LINE('',#6782,#6783);
#6782 = CARTESIAN_POINT('',(-1.570796326795,0.));
#6783 = VECTOR('',#6784,1.);
#6784 = DIRECTION('',(-0.,1.));
#6785 = ( GEOMETRIC_REPRESENTATION_CONTEXT(2) 
PARAMETRIC_REPRESENTATION_CONTEXT() REPRESENTATION_CONTEXT('2D SPACE',''
  ) );
#6786 = ADVANCED_FACE('',(#6787),#6723,.T.);
#6787 = FACE_BOUND('',#6788,.T.);
#6788 = EDGE_LOOP('',(#6789,#6819,#6840,#6841));
#6789 = ORIENTED_EDGE('',*,*,#6790,.T.);
#6790 = EDGE_CURVE('',#6791,#6793,#6795,.T.);
#6791 = VERTEX_POINT('',#6792);
#6792 = CARTESIAN_POINT('',(-12.70621778264,-20.60781477158,
    488.86379928315));
#6793 = VERTEX_POINT('',#6794);
#6794 = CARTESIAN_POINT('',(-12.44641016151,-20.75781477158,
    488.86379928315));
#6795 = SURFACE_CURVE('',#6796,(#6800,#6807),.PCURVE_S1.);
#6796 = LINE('',#6797,#6798);
#6797 = CARTESIAN_POINT('',(-12.27320508075,-20.85781477158,
    488.86379928315));
#6798 = VECTOR('',#6799,1.);
#6799 = DIRECTION('',(0.866025403784,-0.5,0.));
#6800 = PCURVE('',#6723,#6801);
#6801 = DEFINITIONAL_REPRESENTATION('',(#6802),#6806);
#6802 = LINE('',#6803,#6804);
#6803 = CARTESIAN_POINT('',(-7.427813527082E-02,-0.185695338177));
#6804 = VECTOR('',#6805,1.);
#6805 = DIRECTION('',(-0.371390676354,-0.928476690885));
#6806 = ( GEOMETRIC_REPRESENTATION_CONTEXT(2) 
PARAMETRIC_REPRESENTATION_CONTEXT() REPRESENTATION_CONTEXT('2D SPACE',''
  ) );
#6807 = PCURVE('',#6808,#6813);
#6808 = PLANE('',#6809);
#6809 = AXIS2_PLACEMENT_3D('',#6810,#6811,#6812);
#6810 = CARTESIAN_POINT('',(-11.1,-19.22576396401,487.));
#6811 = DIRECTION('',(0.340878748192,0.590419311088,0.731578236503));
#6812 = DIRECTION('',(-0.365789118252,-0.633565337668,0.681757496383));
#6813 = DEFINITIONAL_REPRESENTATION('',(#6814),#6818);
#6814 = LINE('',#6815,#6816);
#6815 = CARTESIAN_POINT('',(2.733815606051,-0.2));
#6816 = VECTOR('',#6817,1.);
#6817 = DIRECTION('',(2.76866833308E-17,1.));
#6818 = ( GEOMETRIC_REPRESENTATION_CONTEXT(2) 
PARAMETRIC_REPRESENTATION_CONTEXT() REPRESENTATION_CONTEXT('2D SPACE',''
  ) );
#6819 = ORIENTED_EDGE('',*,*,#6820,.T.);
#6820 = EDGE_CURVE('',#6793,#6708,#6821,.T.);
#6821 = SURFACE_CURVE('',#6822,(#6826,#6833),.PCURVE_S1.);
#6822 = LINE('',#6823,#6824);
#6823 = CARTESIAN_POINT('',(-12.44641016151,-20.75781477158,
    488.86379928315));
#6824 = VECTOR('',#6825,1.);
#6825 = DIRECTION('',(-0.128466600646,7.417022646512E-02,0.988936352868)
  );
#6826 = PCURVE('',#6723,#6827);
#6827 = DEFINITIONAL_REPRESENTATION('',(#6828),#6832);
#6828 = LINE('',#6829,#6830);
#6829 = CARTESIAN_POINT('',(0.,0.));
#6830 = VECTOR('',#6831,1.);
#6831 = DIRECTION('',(0.973296613552,-0.229551088102));
#6832 = ( GEOMETRIC_REPRESENTATION_CONTEXT(2) 
PARAMETRIC_REPRESENTATION_CONTEXT() REPRESENTATION_CONTEXT('2D SPACE',''
  ) );
#6833 = PCURVE('',#6749,#6834);
#6834 = DEFINITIONAL_REPRESENTATION('',(#6835),#6839);
#6835 = LINE('',#6836,#6837);
#6836 = CARTESIAN_POINT('',(0.,0.));
#6837 = VECTOR('',#6838,1.);
#6838 = DIRECTION('',(1.,0.));
#6839 = ( GEOMETRIC_REPRESENTATION_CONTEXT(2) 
PARAMETRIC_REPRESENTATION_CONTEXT() REPRESENTATION_CONTEXT('2D SPACE',''
  ) );
#6840 = ORIENTED_EDGE('',*,*,#6707,.F.);
#6841 = ORIENTED_EDGE('',*,*,#6842,.T.);
#6842 = EDGE_CURVE('',#6685,#6791,#6843,.T.);
#6843 = SURFACE_CURVE('',#6844,(#6849,#6856),.PCURVE_S1.);
#6844 = ELLIPSE('',#6845,0.410072340908,0.3);
#6845 = AXIS2_PLACEMENT_3D('',#6846,#6847,#6848);
#6846 = CARTESIAN_POINT('',(-12.70621778264,-20.60781477158,
    489.27387162406));
#6847 = DIRECTION('',(-0.5,-0.866025403784,0.));
#6848 = DIRECTION('',(0.,0.,1.));
#6849 = PCURVE('',#6723,#6850);
#6850 = DEFINITIONAL_REPRESENTATION('',(#6851),#6855);
#6851 = ELLIPSE('',#6852,0.410072340908,0.3);
#6852 = AXIS2_PLACEMENT_2D('',#6853,#6854);
#6853 = CARTESIAN_POINT('',(0.492159813016,0.126245963222));
#6854 = DIRECTION('',(0.928476690885,-0.371390676354));
#6855 = ( GEOMETRIC_REPRESENTATION_CONTEXT(2) 
PARAMETRIC_REPRESENTATION_CONTEXT() REPRESENTATION_CONTEXT('2D SPACE',''
  ) );
#6856 = PCURVE('',#4937,#6857);
#6857 = DEFINITIONAL_REPRESENTATION('',(#6858),#6867);
#6858 = B_SPLINE_CURVE_WITH_KNOTS('',7,(#6859,#6860,#6861,#6862,#6863,
    #6864,#6865,#6866),.UNSPECIFIED.,.F.,.F.,(8,8),(1.570796326795,
    3.14159265359),.PIECEWISE_BEZIER_KNOTS.);
#6859 = CARTESIAN_POINT('',(-1.570796326795,3.013385498524));
#6860 = CARTESIAN_POINT('',(-1.346396851539,2.950650161355));
#6861 = CARTESIAN_POINT('',(-1.121997376283,2.887915078929));
#6862 = CARTESIAN_POINT('',(-0.897597901024,2.830337998846));
#6863 = CARTESIAN_POINT('',(-0.673198425771,2.783086303682));
#6864 = CARTESIAN_POINT('',(-0.448798950512,2.750239966135));
#6865 = CARTESIAN_POINT('',(-0.224399475256,2.733815606051));
#6866 = CARTESIAN_POINT('',(0.,2.733815606051));
#6867 = ( GEOMETRIC_REPRESENTATION_CONTEXT(2) 
PARAMETRIC_REPRESENTATION_CONTEXT() REPRESENTATION_CONTEXT('2D SPACE',''
  ) );
#6868 = ADVANCED_FACE('',(#6869),#6808,.F.);
#6869 = FACE_BOUND('',#6870,.F.);
#6870 = EDGE_LOOP('',(#6871,#6901,#6927,#6955,#6978,#6999,#7022,#7043,
    #7044));
#6871 = ORIENTED_EDGE('',*,*,#6872,.F.);
#6872 = EDGE_CURVE('',#6873,#6875,#6877,.T.);
#6873 = VERTEX_POINT('',#6874);
#6874 = CARTESIAN_POINT('',(-37.58051291541,-65.89135774398,537.));
#6875 = VERTEX_POINT('',#6876);
#6876 = CARTESIAN_POINT('',(-38.27333323843,-65.49135774398,537.));
#6877 = SURFACE_CURVE('',#6878,(#6882,#6889),.PCURVE_S1.);
#6878 = LINE('',#6879,#6880);
#6879 = CARTESIAN_POINT('',(-37.06089767313,-66.19135774398,537.));
#6880 = VECTOR('',#6881,1.);
#6881 = DIRECTION('',(-0.866025403784,0.5,0.));
#6882 = PCURVE('',#6808,#6883);
#6883 = DEFINITIONAL_REPRESENTATION('',(#6884),#6888);
#6884 = LINE('',#6885,#6886);
#6885 = CARTESIAN_POINT('',(73.339860970011,1.));
#6886 = VECTOR('',#6887,1.);
#6887 = DIRECTION('',(-2.76866833308E-17,-1.));
#6888 = ( GEOMETRIC_REPRESENTATION_CONTEXT(2) 
PARAMETRIC_REPRESENTATION_CONTEXT() REPRESENTATION_CONTEXT('2D SPACE',''
  ) );
#6889 = PCURVE('',#6890,#6895);
#6890 = PLANE('',#6891);
#6891 = AXIS2_PLACEMENT_3D('',#6892,#6893,#6894);
#6892 = CARTESIAN_POINT('',(-37.92692307692,-65.69135774398,537.));
#6893 = DIRECTION('',(0.5,0.866025403784,0.));
#6894 = DIRECTION('',(0.,0.,1.));
#6895 = DEFINITIONAL_REPRESENTATION('',(#6896),#6900);
#6896 = LINE('',#6897,#6898);
#6897 = CARTESIAN_POINT('',(0.,1.));
#6898 = VECTOR('',#6899,1.);
#6899 = DIRECTION('',(0.,-1.));
#6900 = ( GEOMETRIC_REPRESENTATION_CONTEXT(2) 
PARAMETRIC_REPRESENTATION_CONTEXT() REPRESENTATION_CONTEXT('2D SPACE',''
  ) );
#6901 = ORIENTED_EDGE('',*,*,#6902,.F.);
#6902 = EDGE_CURVE('',#6903,#6873,#6905,.T.);
#6903 = VERTEX_POINT('',#6904);
#6904 = CARTESIAN_POINT('',(-11.75358983848,-21.15781477158,
    488.86379928315));
#6905 = SURFACE_CURVE('',#6906,(#6909,#6915),.PCURVE_S1.);
#6906 = B_SPLINE_CURVE_WITH_KNOTS('',1,(#6907,#6908),.UNSPECIFIED.,.F.,
  .F.,(2,2),(0.,1.),.PIECEWISE_BEZIER_KNOTS.);
#6907 = CARTESIAN_POINT('',(-11.75358983848,-21.15781477158,
    488.86379928315));
#6908 = CARTESIAN_POINT('',(-38.0805129154,-66.75738314777,
    537.93189964157));
#6909 = PCURVE('',#6808,#6910);
#6910 = DEFINITIONAL_REPRESENTATION('',(#6911),#6914);
#6911 = B_SPLINE_CURVE_WITH_KNOTS('',1,(#6912,#6913),.UNSPECIFIED.,.F.,
  .F.,(2,2),(0.,1.),.PIECEWISE_BEZIER_KNOTS.);
#6912 = CARTESIAN_POINT('',(2.733815606051,0.4));
#6913 = CARTESIAN_POINT('',(74.706768773037,0.4));
#6914 = ( GEOMETRIC_REPRESENTATION_CONTEXT(2) 
PARAMETRIC_REPRESENTATION_CONTEXT() REPRESENTATION_CONTEXT('2D SPACE',''
  ) );
#6915 = PCURVE('',#6916,#6921);
#6916 = B_SPLINE_SURFACE_WITH_KNOTS('',1,1,(
    (#6917,#6918)
    ,(#6919,#6920
    )),.UNSPECIFIED.,.F.,.F.,.F.,(2,2),(2,2),(0.,4.044749683231),(0.,1.)
  ,.PIECEWISE_BEZIER_KNOTS.);
#6917 = CARTESIAN_POINT('',(-11.75358983848,-21.15781477158,
    488.86379928315));
#6918 = CARTESIAN_POINT('',(-38.0805129154,-66.75738314777,
    537.93189964157));
#6919 = CARTESIAN_POINT('',(-11.23397459621,-21.45781477158,
    492.86379928315));
#6920 = CARTESIAN_POINT('',(-37.56089767313,-67.05738314777,
    541.93189964157));
#6921 = DEFINITIONAL_REPRESENTATION('',(#6922),#6926);
#6922 = LINE('',#6923,#6924);
#6923 = CARTESIAN_POINT('',(0.,0.));
#6924 = VECTOR('',#6925,1.);
#6925 = DIRECTION('',(0.,1.));
#6926 = ( GEOMETRIC_REPRESENTATION_CONTEXT(2) 
PARAMETRIC_REPRESENTATION_CONTEXT() REPRESENTATION_CONTEXT('2D SPACE',''
  ) );
#6927 = ORIENTED_EDGE('',*,*,#6928,.F.);
#6928 = EDGE_CURVE('',#6929,#6903,#6931,.T.);
#6929 = VERTEX_POINT('',#6930);
#6930 = CARTESIAN_POINT('',(-11.49378221735,-21.30781477158,
    488.86379928315));
#6931 = SURFACE_CURVE('',#6932,(#6936,#6943),.PCURVE_S1.);
#6932 = LINE('',#6933,#6934);
#6933 = CARTESIAN_POINT('',(-11.92679491924,-21.05781477158,
    488.86379928315));
#6934 = VECTOR('',#6935,1.);
#6935 = DIRECTION('',(-0.866025403784,0.5,0.));
#6936 = PCURVE('',#6808,#6937);
#6937 = DEFINITIONAL_REPRESENTATION('',(#6938),#6942);
#6938 = LINE('',#6939,#6940);
#6939 = CARTESIAN_POINT('',(2.733815606051,0.2));
#6940 = VECTOR('',#6941,1.);
#6941 = DIRECTION('',(-2.76866833308E-17,-1.));
#6942 = ( GEOMETRIC_REPRESENTATION_CONTEXT(2) 
PARAMETRIC_REPRESENTATION_CONTEXT() REPRESENTATION_CONTEXT('2D SPACE',''
  ) );
#6943 = PCURVE('',#6944,#6949);
#6944 = PLANE('',#6945);
#6945 = AXIS2_PLACEMENT_3D('',#6946,#6947,#6948);
#6946 = CARTESIAN_POINT('',(-11.75358983848,-21.15781477158,
    488.86379928315));
#6947 = DIRECTION('',(0.5,0.866025403784,0.));
#6948 = DIRECTION('',(0.321633760451,-0.185695338177,0.928476690885));
#6949 = DEFINITIONAL_REPRESENTATION('',(#6950),#6954);
#6950 = LINE('',#6951,#6952);
#6951 = CARTESIAN_POINT('',(-7.427813527082E-02,-0.185695338177));
#6952 = VECTOR('',#6953,1.);
#6953 = DIRECTION('',(-0.371390676354,-0.928476690885));
#6954 = ( GEOMETRIC_REPRESENTATION_CONTEXT(2) 
PARAMETRIC_REPRESENTATION_CONTEXT() REPRESENTATION_CONTEXT('2D SPACE',''
  ) );
#6955 = ORIENTED_EDGE('',*,*,#6956,.F.);
#6956 = EDGE_CURVE('',#6957,#6929,#6959,.T.);
#6957 = VERTEX_POINT('',#6958);
#6958 = CARTESIAN_POINT('',(-10.49378221735,-19.57576396401,487.));
#6959 = SURFACE_CURVE('',#6960,(#6964,#6971),.PCURVE_S1.);
#6960 = LINE('',#6961,#6962);
#6961 = CARTESIAN_POINT('',(-10.49378221735,-19.57576396401,487.));
#6962 = VECTOR('',#6963,1.);
#6963 = DIRECTION('',(-0.365789118252,-0.633565337668,0.681757496383));
#6964 = PCURVE('',#6808,#6965);
#6965 = DEFINITIONAL_REPRESENTATION('',(#6966),#6970);
#6966 = LINE('',#6967,#6968);
#6967 = CARTESIAN_POINT('',(6.966649479523E-15,0.7));
#6968 = VECTOR('',#6969,1.);
#6969 = DIRECTION('',(1.,0.));
#6970 = ( GEOMETRIC_REPRESENTATION_CONTEXT(2) 
PARAMETRIC_REPRESENTATION_CONTEXT() REPRESENTATION_CONTEXT('2D SPACE',''
  ) );
#6971 = PCURVE('',#5058,#6972);
#6972 = DEFINITIONAL_REPRESENTATION('',(#6973),#6977);
#6973 = LINE('',#6974,#6975);
#6974 = CARTESIAN_POINT('',(-1.570796326795,0.));
#6975 = VECTOR('',#6976,1.);
#6976 = DIRECTION('',(-0.,1.));
#6977 = ( GEOMETRIC_REPRESENTATION_CONTEXT(2) 
PARAMETRIC_REPRESENTATION_CONTEXT() REPRESENTATION_CONTEXT('2D SPACE',''
  ) );
#6978 = ORIENTED_EDGE('',*,*,#6979,.T.);
#6979 = EDGE_CURVE('',#6957,#4959,#6980,.T.);
#6980 = SURFACE_CURVE('',#6981,(#6985,#6992),.PCURVE_S1.);
#6981 = LINE('',#6982,#6983);
#6982 = CARTESIAN_POINT('',(-10.23397459621,-19.72576396401,487.));
#6983 = VECTOR('',#6984,1.);
#6984 = DIRECTION('',(-0.866025403784,0.5,0.));
#6985 = PCURVE('',#6808,#6986);
#6986 = DEFINITIONAL_REPRESENTATION('',(#6987),#6991);
#6987 = LINE('',#6988,#6989);
#6988 = CARTESIAN_POINT('',(-6.106226635438E-16,1.));
#6989 = VECTOR('',#6990,1.);
#6990 = DIRECTION('',(-2.76866833308E-17,-1.));
#6991 = ( GEOMETRIC_REPRESENTATION_CONTEXT(2) 
PARAMETRIC_REPRESENTATION_CONTEXT() REPRESENTATION_CONTEXT('2D SPACE',''
  ) );
#6992 = PCURVE('',#5008,#6993);
#6993 = DEFINITIONAL_REPRESENTATION('',(#6994),#6998);
#6994 = LINE('',#6995,#6996);
#6995 = CARTESIAN_POINT('',(0.3,1.));
#6996 = VECTOR('',#6997,1.);
#6997 = DIRECTION('',(0.,-1.));
#6998 = ( GEOMETRIC_REPRESENTATION_CONTEXT(2) 
PARAMETRIC_REPRESENTATION_CONTEXT() REPRESENTATION_CONTEXT('2D SPACE',''
  ) );
#6999 = ORIENTED_EDGE('',*,*,#7000,.T.);
#7000 = EDGE_CURVE('',#4959,#7001,#7003,.T.);
#7001 = VERTEX_POINT('',#7002);
#7002 = CARTESIAN_POINT('',(-11.70621778264,-18.87576396401,487.));
#7003 = SURFACE_CURVE('',#7004,(#7008,#7015),.PCURVE_S1.);
#7004 = LINE('',#7005,#7006);
#7005 = CARTESIAN_POINT('',(-10.23397459621,-19.72576396401,487.));
#7006 = VECTOR('',#7007,1.);
#7007 = DIRECTION('',(-0.866025403784,0.5,0.));
#7008 = PCURVE('',#6808,#7009);
#7009 = DEFINITIONAL_REPRESENTATION('',(#7010),#7014);
#7010 = LINE('',#7011,#7012);
#7011 = CARTESIAN_POINT('',(-6.106226635438E-16,1.));
#7012 = VECTOR('',#7013,1.);
#7013 = DIRECTION('',(-2.76866833308E-17,-1.));
#7014 = ( GEOMETRIC_REPRESENTATION_CONTEXT(2) 
PARAMETRIC_REPRESENTATION_CONTEXT() REPRESENTATION_CONTEXT('2D SPACE',''
  ) );
#7015 = PCURVE('',#4975,#7016);
#7016 = DEFINITIONAL_REPRESENTATION('',(#7017),#7021);
#7017 = LINE('',#7018,#7019);
#7018 = CARTESIAN_POINT('',(0.3,1.));
#7019 = VECTOR('',#7020,1.);
#7020 = DIRECTION('',(0.,-1.));
#7021 = ( GEOMETRIC_REPRESENTATION_CONTEXT(2) 
PARAMETRIC_REPRESENTATION_CONTEXT() REPRESENTATION_CONTEXT('2D SPACE',''
  ) );
#7022 = ORIENTED_EDGE('',*,*,#7023,.T.);
#7023 = EDGE_CURVE('',#7001,#6791,#7024,.T.);
#7024 = SURFACE_CURVE('',#7025,(#7029,#7036),.PCURVE_S1.);
#7025 = LINE('',#7026,#7027);
#7026 = CARTESIAN_POINT('',(-11.70621778264,-18.87576396401,487.));
#7027 = VECTOR('',#7028,1.);
#7028 = DIRECTION('',(-0.365789118252,-0.633565337668,0.681757496383));
#7029 = PCURVE('',#6808,#7030);
#7030 = DEFINITIONAL_REPRESENTATION('',(#7031),#7035);
#7031 = LINE('',#7032,#7033);
#7032 = CARTESIAN_POINT('',(5.911937606129E-15,-0.7));
#7033 = VECTOR('',#7034,1.);
#7034 = DIRECTION('',(1.,0.));
#7035 = ( GEOMETRIC_REPRESENTATION_CONTEXT(2) 
PARAMETRIC_REPRESENTATION_CONTEXT() REPRESENTATION_CONTEXT('2D SPACE',''
  ) );
#7036 = PCURVE('',#4937,#7037);
#7037 = DEFINITIONAL_REPRESENTATION('',(#7038),#7042);
#7038 = LINE('',#7039,#7040);
#7039 = CARTESIAN_POINT('',(-0.,0.));
#7040 = VECTOR('',#7041,1.);
#7041 = DIRECTION('',(-0.,1.));
#7042 = ( GEOMETRIC_REPRESENTATION_CONTEXT(2) 
PARAMETRIC_REPRESENTATION_CONTEXT() REPRESENTATION_CONTEXT('2D SPACE',''
  ) );
#7043 = ORIENTED_EDGE('',*,*,#6790,.T.);
#7044 = ORIENTED_EDGE('',*,*,#7045,.T.);
#7045 = EDGE_CURVE('',#6793,#6875,#7046,.T.);
#7046 = SURFACE_CURVE('',#7047,(#7050,#7056),.PCURVE_S1.);
#7047 = B_SPLINE_CURVE_WITH_KNOTS('',1,(#7048,#7049),.UNSPECIFIED.,.F.,
  .F.,(2,2),(0.,1.),.PIECEWISE_BEZIER_KNOTS.);
#7048 = CARTESIAN_POINT('',(-12.44641016151,-20.75781477158,
    488.86379928315));
#7049 = CARTESIAN_POINT('',(-38.77333323843,-66.35738314777,
    537.93189964157));
#7050 = PCURVE('',#6808,#7051);
#7051 = DEFINITIONAL_REPRESENTATION('',(#7052),#7055);
#7052 = B_SPLINE_CURVE_WITH_KNOTS('',1,(#7053,#7054),.UNSPECIFIED.,.F.,
  .F.,(2,2),(0.,1.),.PIECEWISE_BEZIER_KNOTS.);
#7053 = CARTESIAN_POINT('',(2.733815606051,-0.4));
#7054 = CARTESIAN_POINT('',(74.706768773037,-0.4));
#7055 = ( GEOMETRIC_REPRESENTATION_CONTEXT(2) 
PARAMETRIC_REPRESENTATION_CONTEXT() REPRESENTATION_CONTEXT('2D SPACE',''
  ) );
#7056 = PCURVE('',#6749,#7057);
#7057 = DEFINITIONAL_REPRESENTATION('',(#7058),#7062);
#7058 = LINE('',#7059,#7060);
#7059 = CARTESIAN_POINT('',(0.,0.));
#7060 = VECTOR('',#7061,1.);
#7061 = DIRECTION('',(0.,1.));
#7062 = ( GEOMETRIC_REPRESENTATION_CONTEXT(2) 
PARAMETRIC_REPRESENTATION_CONTEXT() REPRESENTATION_CONTEXT('2D SPACE',''
  ) );
#7063 = ADVANCED_FACE('',(#7064),#6916,.T.);
#7064 = FACE_BOUND('',#7065,.T.);
#7065 = EDGE_LOOP('',(#7066,#7067,#7090,#7116,#7246));
#7066 = ORIENTED_EDGE('',*,*,#6902,.F.);
#7067 = ORIENTED_EDGE('',*,*,#7068,.T.);
#7068 = EDGE_CURVE('',#6903,#7069,#7071,.T.);
#7069 = VERTEX_POINT('',#7070);
#7070 = CARTESIAN_POINT('',(-11.23397459621,-21.45781477158,
    492.86379928315));
#7071 = SURFACE_CURVE('',#7072,(#7076,#7083),.PCURVE_S1.);
#7072 = LINE('',#7073,#7074);
#7073 = CARTESIAN_POINT('',(-11.75358983848,-21.15781477158,
    488.86379928315));
#7074 = VECTOR('',#7075,1.);
#7075 = DIRECTION('',(0.128466600646,-7.417022646512E-02,0.988936352868)
  );
#7076 = PCURVE('',#6916,#7077);
#7077 = DEFINITIONAL_REPRESENTATION('',(#7078),#7082);
#7078 = LINE('',#7079,#7080);
#7079 = CARTESIAN_POINT('',(0.,0.));
#7080 = VECTOR('',#7081,1.);
#7081 = DIRECTION('',(1.,0.));
#7082 = ( GEOMETRIC_REPRESENTATION_CONTEXT(2) 
PARAMETRIC_REPRESENTATION_CONTEXT() REPRESENTATION_CONTEXT('2D SPACE',''
  ) );
#7083 = PCURVE('',#6944,#7084);
#7084 = DEFINITIONAL_REPRESENTATION('',(#7085),#7089);
#7085 = LINE('',#7086,#7087);
#7086 = CARTESIAN_POINT('',(0.,0.));
#7087 = VECTOR('',#7088,1.);
#7088 = DIRECTION('',(0.973296613552,-0.229551088102));
#7089 = ( GEOMETRIC_REPRESENTATION_CONTEXT(2) 
PARAMETRIC_REPRESENTATION_CONTEXT() REPRESENTATION_CONTEXT('2D SPACE',''
  ) );
#7090 = ORIENTED_EDGE('',*,*,#7091,.T.);
#7091 = EDGE_CURVE('',#7069,#7092,#7094,.T.);
#7092 = VERTEX_POINT('',#7093);
#7093 = CARTESIAN_POINT('',(-36.91089767313,-65.93155012285,
    540.72043010753));
#7094 = SURFACE_CURVE('',#7095,(#7098,#7105),.PCURVE_S1.);
#7095 = B_SPLINE_CURVE_WITH_KNOTS('',1,(#7096,#7097),.UNSPECIFIED.,.F.,
  .F.,(2,2),(0.,1.),.PIECEWISE_BEZIER_KNOTS.);
#7096 = CARTESIAN_POINT('',(-11.23397459621,-21.45781477158,
    492.86379928315));
#7097 = CARTESIAN_POINT('',(-37.56089767313,-67.05738314777,
    541.93189964157));
#7098 = PCURVE('',#6916,#7099);
#7099 = DEFINITIONAL_REPRESENTATION('',(#7100),#7104);
#7100 = LINE('',#7101,#7102);
#7101 = CARTESIAN_POINT('',(4.044749683231,0.));
#7102 = VECTOR('',#7103,1.);
#7103 = DIRECTION('',(0.,1.));
#7104 = ( GEOMETRIC_REPRESENTATION_CONTEXT(2) 
PARAMETRIC_REPRESENTATION_CONTEXT() REPRESENTATION_CONTEXT('2D SPACE',''
  ) );
#7105 = PCURVE('',#7106,#7111);
#7106 = PLANE('',#7107);
#7107 = AXIS2_PLACEMENT_3D('',#7108,#7109,#7110);
#7108 = CARTESIAN_POINT('',(-20.36872736185,-37.27967067624,
    525.56374488546));
#7109 = DIRECTION('',(-0.866025403784,0.5,-0.));
#7110 = DIRECTION('',(0.,-0.,-1.));
#7111 = DEFINITIONAL_REPRESENTATION('',(#7112),#7115);
#7112 = B_SPLINE_CURVE_WITH_KNOTS('',1,(#7113,#7114),.UNSPECIFIED.,.F.,
  .F.,(2,2),(0.,1.),.PIECEWISE_BEZIER_KNOTS.);
#7113 = CARTESIAN_POINT('',(32.699945602309,-18.26950553126));
#7114 = CARTESIAN_POINT('',(-16.36815475611,34.384340622577));
#7115 = ( GEOMETRIC_REPRESENTATION_CONTEXT(2) 
PARAMETRIC_REPRESENTATION_CONTEXT() REPRESENTATION_CONTEXT('2D SPACE',''
  ) );
#7116 = ORIENTED_EDGE('',*,*,#7117,.T.);
#7117 = EDGE_CURVE('',#7092,#7118,#7120,.T.);
#7118 = VERTEX_POINT('',#7119);
#7119 = CARTESIAN_POINT('',(-37.32070529427,-66.04135774398,539.));
#7120 = SURFACE_CURVE('',#7121,(#7159,#7200),.PCURVE_S1.);
#7121 = B_SPLINE_CURVE_WITH_KNOTS('',8,(#7122,#7123,#7124,#7125,#7126,
    #7127,#7128,#7129,#7130,#7131,#7132,#7133,#7134,#7135,#7136,#7137,
    #7138,#7139,#7140,#7141,#7142,#7143,#7144,#7145,#7146,#7147,#7148,
    #7149,#7150,#7151,#7152,#7153,#7154,#7155,#7156,#7157,#7158),
  .UNSPECIFIED.,.F.,.F.,(9,7,7,7,7,9),(0.,6.822053939413E-02,
    0.15160105169,0.283015454365,0.519950844696,1.),.UNSPECIFIED.);
#7122 = CARTESIAN_POINT('',(-36.91089767313,-65.93155012285,
    540.72043010752));
#7123 = CARTESIAN_POINT('',(-36.91519701342,-65.93899679866,
    540.72844321487));
#7124 = CARTESIAN_POINT('',(-36.91989288921,-65.94656709017,
    540.73486350525));
#7125 = CARTESIAN_POINT('',(-36.92493625002,-65.95410539852,
    540.73930707803));
#7126 = CARTESIAN_POINT('',(-36.93026164627,-65.96148153451,
    540.74158227731));
#7127 = CARTESIAN_POINT('',(-36.93579029824,-65.96859142302,
    540.74167631976));
#7128 = CARTESIAN_POINT('',(-36.94143427696,-65.97535623814,
    540.73972952369));
#7129 = CARTESIAN_POINT('',(-36.94710179707,-65.98171996929,
    540.73599713956));
#7130 = CARTESIAN_POINT('',(-36.95955028406,-65.99488762059,
    540.72444524446));
#7131 = CARTESIAN_POINT('',(-36.96633025531,-66.00150841704,
    540.71587281563));
#7132 = CARTESIAN_POINT('',(-36.9729959974,-66.00755405517,
    540.70552528895));
#7133 = CARTESIAN_POINT('',(-36.97951728178,-66.01307728724,
    540.69378151846));
#7134 = CARTESIAN_POINT('',(-36.98587938041,-66.01813273637,
    540.68094583471));
#7135 = CARTESIAN_POINT('',(-36.9920817018,-66.02277389533,
    540.6672428575));
#7136 = CARTESIAN_POINT('',(-36.99813687239,-66.02705175795,
    540.65281670524));
#7137 = CARTESIAN_POINT('',(-37.01342176452,-66.03726160256,
    540.61396398995));
#7138 = CARTESIAN_POINT('',(-37.02242919054,-66.04269903583,
    540.58866965146));
#7139 = CARTESIAN_POINT('',(-37.03114580234,-66.04749473358,
    540.56226179458));
#7140 = CARTESIAN_POINT('',(-37.03959988263,-66.05174580663,
    540.53499238326));
#7141 = CARTESIAN_POINT('',(-37.04781498275,-66.0555261681,
    540.50704244593));
#7142 = CARTESIAN_POINT('',(-37.05581450145,-66.05889695625,
    540.47854092839));
#7143 = CARTESIAN_POINT('',(-37.06362066543,-66.0619042055,
    540.4495604613));
#7144 = CARTESIAN_POINT('',(-37.08502778685,-66.06942575514,
    540.36708312204));
#7145 = CARTESIAN_POINT('',(-37.09821925265,-66.07320075881,
    540.31269867746));
#7146 = CARTESIAN_POINT('',(-37.11093746542,-66.0761334826,
    540.25733868785));
#7147 = CARTESIAN_POINT('',(-37.12323922769,-66.07834720973,
    540.20121211035));
#7148 = CARTESIAN_POINT('',(-37.13516709614,-66.07993228351,
    540.14446712906));
#7149 = CARTESIAN_POINT('',(-37.14675725893,-66.08096087093,
    540.08721047213));
#7150 = CARTESIAN_POINT('',(-37.15803816059,-66.08148431083,
    540.02950373135));
#7151 = CARTESIAN_POINT('',(-37.19132082442,-66.08166942223,
    539.85362066534));
#7152 = CARTESIAN_POINT('',(-37.21242499717,-66.07989509102,
    539.73426274344));
#7153 = CARTESIAN_POINT('',(-37.23254328426,-66.07657637102,
    539.6137431022));
#7154 = CARTESIAN_POINT('',(-37.2517656864,-66.07188492739,
    539.49229481729));
#7155 = CARTESIAN_POINT('',(-37.27016060284,-66.06595206849,
    539.37009852301));
#7156 = CARTESIAN_POINT('',(-37.28776711246,-66.05885547365,
    539.24726842807));
#7157 = CARTESIAN_POINT('',(-37.30461195841,-66.05064923577,
    539.12388655719));
#7158 = CARTESIAN_POINT('',(-37.32070529427,-66.04135774398,539.));
#7159 = PCURVE('',#6916,#7160);
#7160 = DEFINITIONAL_REPRESENTATION('',(#7161),#7199);
#7161 = B_SPLINE_CURVE_WITH_KNOTS('',8,(#7162,#7163,#7164,#7165,#7166,
    #7167,#7168,#7169,#7170,#7171,#7172,#7173,#7174,#7175,#7176,#7177,
    #7178,#7179,#7180,#7181,#7182,#7183,#7184,#7185,#7186,#7187,#7188,
    #7189,#7190,#7191,#7192,#7193,#7194,#7195,#7196,#7197,#7198),
  .UNSPECIFIED.,.F.,.F.,(9,7,7,7,7,9),(0.,6.822053939413E-02,
    0.15160105169,0.283015454365,0.519950844696,1.),.UNSPECIFIED.);
#7162 = CARTESIAN_POINT('',(4.044749683231,0.975310445581));
#7163 = CARTESIAN_POINT('',(4.044749683231,0.975473751421));
#7164 = CARTESIAN_POINT('',(4.042851334068,0.975642855927));
#7165 = CARTESIAN_POINT('',(4.038816531723,0.975814734101));
#7166 = CARTESIAN_POINT('',(4.032588558037,0.975986623145));
#7167 = CARTESIAN_POINT('',(4.024276538105,0.97615606319));
#7168 = CARTESIAN_POINT('',(4.01412811694,0.976320922773));
#7169 = CARTESIAN_POINT('',(4.002490355386,0.976479409066));
#7170 = CARTESIAN_POINT('',(3.974198138195,0.976814194942));
#7171 = CARTESIAN_POINT('',(3.956932253741,0.976987473139));
#7172 = CARTESIAN_POINT('',(3.938394606973,0.977150206688));
#7173 = CARTESIAN_POINT('',(3.918939482952,0.977302976183));
#7174 = CARTESIAN_POINT('',(3.898836979518,0.977446540181));
#7175 = CARTESIAN_POINT('',(3.878270853804,0.97758177289));
#7176 = CARTESIAN_POINT('',(3.857339272521,0.977709632933));
#7177 = CARTESIAN_POINT('',(3.802518201039,0.978022704666));
#7178 = CARTESIAN_POINT('',(3.768259554629,0.97819767134));
#7179 = CARTESIAN_POINT('',(3.733535659177,0.978359321487));
#7180 = CARTESIAN_POINT('',(3.698508721736,0.978509520912));
#7181 = CARTESIAN_POINT('',(3.663290380627,0.978649708945));
#7182 = CARTESIAN_POINT('',(3.627950106054,0.978781113354));
#7183 = CARTESIAN_POINT('',(3.592513301156,0.978904702355));
#7184 = CARTESIAN_POINT('',(3.492888850413,0.979231694873));
#7185 = CARTESIAN_POINT('',(3.428599963096,0.979419050265));
#7186 = CARTESIAN_POINT('',(3.364234961757,0.979588058236));
#7187 = CARTESIAN_POINT('',(3.299877769315,0.979741285885));
#7188 = CARTESIAN_POINT('',(3.235584449417,0.979880623254));
#7189 = CARTESIAN_POINT('',(3.171386979861,0.980007600953));
#7190 = CARTESIAN_POINT('',(3.107292343009,0.980123333488));
#7191 = CARTESIAN_POINT('',(2.913608987516,0.980442429704));
#7192 = CARTESIAN_POINT('',(2.78442025369,0.980613652902));
#7193 = CARTESIAN_POINT('',(2.65578165537,0.980750102754));
#7194 = CARTESIAN_POINT('',(2.527746385979,0.98085549421));
#7195 = CARTESIAN_POINT('',(2.400357702048,0.980932567483));
#7196 = CARTESIAN_POINT('',(2.273649301691,0.980983055241));
#7197 = CARTESIAN_POINT('',(2.147647369684,0.981008034196));
#7198 = CARTESIAN_POINT('',(2.022374841445,0.981008034196));
#7199 = ( GEOMETRIC_REPRESENTATION_CONTEXT(2) 
PARAMETRIC_REPRESENTATION_CONTEXT() REPRESENTATION_CONTEXT('2D SPACE',''
  ) );
#7200 = PCURVE('',#7201,#7206);
#7201 = CYLINDRICAL_SURFACE('',#7202,0.3);
#7202 = AXIS2_PLACEMENT_3D('',#7203,#7204,#7205);
#7203 = CARTESIAN_POINT('',(-37.17070529427,-65.78155012285,537.));
#7204 = DIRECTION('',(0.,0.,1.));
#7205 = DIRECTION('',(0.866025403784,-0.5,0.));
#7206 = DEFINITIONAL_REPRESENTATION('',(#7207),#7245);
#7207 = B_SPLINE_CURVE_WITH_KNOTS('',8,(#7208,#7209,#7210,#7211,#7212,
    #7213,#7214,#7215,#7216,#7217,#7218,#7219,#7220,#7221,#7222,#7223,
    #7224,#7225,#7226,#7227,#7228,#7229,#7230,#7231,#7232,#7233,#7234,
    #7235,#7236,#7237,#7238,#7239,#7240,#7241,#7242,#7243,#7244),
  .UNSPECIFIED.,.F.,.F.,(9,7,7,7,7,9),(0.,6.822053939413E-02,
    0.15160105169,0.283015454365,0.519950844696,1.),.UNSPECIFIED.);
#7208 = CARTESIAN_POINT('',(0.,3.720430107527));
#7209 = CARTESIAN_POINT('',(-2.866226858388E-02,3.728443214873));
#7210 = CARTESIAN_POINT('',(-5.834240076606E-02,3.734863505258));
#7211 = CARTESIAN_POINT('',(-8.854472966953E-02,3.739307078033));
#7212 = CARTESIAN_POINT('',(-0.118832152119,3.741582277314));
#7213 = CARTESIAN_POINT('',(-0.148817704878,3.741676319762));
#7214 = CARTESIAN_POINT('',(-0.178158404803,3.739729523698));
#7215 = CARTESIAN_POINT('',(-0.206551352898,3.735997139564));
#7216 = CARTESIAN_POINT('',(-0.266952959664,3.724445244461));
#7217 = CARTESIAN_POINT('',(-0.298515882788,3.715872815636));
#7218 = CARTESIAN_POINT('',(-0.328480010192,3.705525288956));
#7219 = CARTESIAN_POINT('',(-0.356936096492,3.693781518467));
#7220 = CARTESIAN_POINT('',(-0.383999099502,3.680945834717));
#7221 = CARTESIAN_POINT('',(-0.409804582887,3.667242857501));
#7222 = CARTESIAN_POINT('',(-0.434508934363,3.652816705244));
#7223 = CARTESIAN_POINT('',(-0.495779631913,3.613963989957));
#7224 = CARTESIAN_POINT('',(-0.530814221426,3.588669651462));
#7225 = CARTESIAN_POINT('',(-0.563934246885,3.562261794582));
#7226 = CARTESIAN_POINT('',(-0.595436218656,3.534992383262));
#7227 = CARTESIAN_POINT('',(-0.625546065243,3.507042445931));
#7228 = CARTESIAN_POINT('',(-0.654458516726,3.478540928395));
#7229 = CARTESIAN_POINT('',(-0.682330606847,3.4495604613));
#7230 = CARTESIAN_POINT('',(-0.757964120598,3.367083122048));
#7231 = CARTESIAN_POINT('',(-0.803620943917,3.312698677467));
#7232 = CARTESIAN_POINT('',(-0.847032919166,3.257338687854));
#7233 = CARTESIAN_POINT('',(-0.888604578081,3.201212110358));
#7234 = CARTESIAN_POINT('',(-0.928632728113,3.144467129061));
#7235 = CARTESIAN_POINT('',(-0.967361353639,3.087210472132));
#7236 = CARTESIAN_POINT('',(-1.004973176558,3.029503731357));
#7237 = CARTESIAN_POINT('',(-1.115917105224,2.85362066534));
#7238 = CARTESIAN_POINT('',(-1.186230555272,2.734262743448));
#7239 = CARTESIAN_POINT('',(-1.253852251587,2.6137431022));
#7240 = CARTESIAN_POINT('',(-1.319436933172,2.492294817292));
#7241 = CARTESIAN_POINT('',(-1.383534854929,2.370098523016));
#7242 = CARTESIAN_POINT('',(-1.446548845553,2.247268428073));
#7243 = CARTESIAN_POINT('',(-1.508853048199,2.123886557192));
#7244 = CARTESIAN_POINT('',(-1.570796326795,2.));
#7245 = ( GEOMETRIC_REPRESENTATION_CONTEXT(2) 
PARAMETRIC_REPRESENTATION_CONTEXT() REPRESENTATION_CONTEXT('2D SPACE',''
  ) );
#7246 = ORIENTED_EDGE('',*,*,#7247,.T.);
#7247 = EDGE_CURVE('',#7118,#6873,#7248,.T.);
#7248 = SURFACE_CURVE('',#7249,(#7252,#7258),.PCURVE_S1.);
#7249 = B_SPLINE_CURVE_WITH_KNOTS('',1,(#7250,#7251),.UNSPECIFIED.,.F.,
  .F.,(2,2),(0.,1.),.PIECEWISE_BEZIER_KNOTS.);
#7250 = CARTESIAN_POINT('',(-37.32070529427,-66.04135774398,539.));
#7251 = CARTESIAN_POINT('',(-37.5805129154,-65.89135774398,537.));
#7252 = PCURVE('',#6916,#7253);
#7253 = DEFINITIONAL_REPRESENTATION('',(#7254),#7257);
#7254 = B_SPLINE_CURVE_WITH_KNOTS('',1,(#7255,#7256),.UNSPECIFIED.,.F.,
  .F.,(2,2),(0.,1.),.PIECEWISE_BEZIER_KNOTS.);
#7255 = CARTESIAN_POINT('',(2.022374841616,0.981008035062));
#7256 = CARTESIAN_POINT('',(0.,0.981008035062));
#7257 = ( GEOMETRIC_REPRESENTATION_CONTEXT(2) 
PARAMETRIC_REPRESENTATION_CONTEXT() REPRESENTATION_CONTEXT('2D SPACE',''
  ) );
#7258 = PCURVE('',#6890,#7259);
#7259 = DEFINITIONAL_REPRESENTATION('',(#7260),#7263);
#7260 = B_SPLINE_CURVE_WITH_KNOTS('',1,(#7261,#7262),.UNSPECIFIED.,.F.,
  .F.,(2,2),(0.,1.),.PIECEWISE_BEZIER_KNOTS.);
#7261 = CARTESIAN_POINT('',(2.,0.7));
#7262 = CARTESIAN_POINT('',(0.,0.4));
#7263 = ( GEOMETRIC_REPRESENTATION_CONTEXT(2) 
PARAMETRIC_REPRESENTATION_CONTEXT() REPRESENTATION_CONTEXT('2D SPACE',''
  ) );
#7264 = ADVANCED_FACE('',(#7265),#7106,.F.);
#7265 = FACE_BOUND('',#7266,.F.);
#7266 = EDGE_LOOP('',(#7267,#7297,#7318,#7338,#7359,#7382,#7403,#7404));
#7267 = ORIENTED_EDGE('',*,*,#7268,.T.);
#7268 = EDGE_CURVE('',#7269,#7271,#7273,.T.);
#7269 = VERTEX_POINT('',#7270);
#7270 = CARTESIAN_POINT('',(-36.91089767313,-65.93155012285,
    549.68860885178));
#7271 = VERTEX_POINT('',#7272);
#7272 = CARTESIAN_POINT('',(-10.27203402723,-19.79168483225,
    547.70262905309));
#7273 = SURFACE_CURVE('',#7274,(#7278,#7285),.PCURVE_S1.);
#7274 = LINE('',#7275,#7276);
#7275 = CARTESIAN_POINT('',(-37.06648519041,-66.20103560779,
    549.70020820791));
#7276 = VECTOR('',#7277,1.);
#7277 = DIRECTION('',(0.499652986812,0.865424359312,-3.725011514586E-02)
  );
#7278 = PCURVE('',#7106,#7279);
#7279 = DEFINITIONAL_REPRESENTATION('',(#7280),#7284);
#7280 = LINE('',#7281,#7282);
#7281 = CARTESIAN_POINT('',(-24.13646332245,33.395515657121));
#7282 = VECTOR('',#7283,1.);
#7283 = DIRECTION('',(3.725011514586E-02,-0.999305973625));
#7284 = ( GEOMETRIC_REPRESENTATION_CONTEXT(2) 
PARAMETRIC_REPRESENTATION_CONTEXT() REPRESENTATION_CONTEXT('2D SPACE',''
  ) );
#7285 = PCURVE('',#7286,#7291);
#7286 = CYLINDRICAL_SURFACE('',#7287,0.3);
#7287 = AXIS2_PLACEMENT_3D('',#7288,#7289,#7290);
#7288 = CARTESIAN_POINT('',(-37.32629281154,-66.05103560779,
    549.70020820791));
#7289 = DIRECTION('',(0.499652986812,0.865424359312,-3.725011514586E-02)
  );
#7290 = DIRECTION('',(0.866025403784,-0.5,0.));
#7291 = DEFINITIONAL_REPRESENTATION('',(#7292),#7296);
#7292 = LINE('',#7293,#7294);
#7293 = CARTESIAN_POINT('',(-0.,0.));
#7294 = VECTOR('',#7295,1.);
#7295 = DIRECTION('',(-0.,1.));
#7296 = ( GEOMETRIC_REPRESENTATION_CONTEXT(2) 
PARAMETRIC_REPRESENTATION_CONTEXT() REPRESENTATION_CONTEXT('2D SPACE',''
  ) );
#7297 = ORIENTED_EDGE('',*,*,#7298,.F.);
#7298 = EDGE_CURVE('',#7299,#7271,#7301,.T.);
#7299 = VERTEX_POINT('',#7300);
#7300 = CARTESIAN_POINT('',(-11.00747450146,-21.06550509955,542.));
#7301 = SURFACE_CURVE('',#7302,(#7305,#7311),.PCURVE_S1.);
#7302 = B_SPLINE_CURVE_WITH_KNOTS('',1,(#7303,#7304),.UNSPECIFIED.,.F.,
  .F.,(2,2),(0.,1.),.PIECEWISE_BEZIER_KNOTS.);
#7303 = CARTESIAN_POINT('',(-11.00747450146,-21.06550509955,542.));
#7304 = CARTESIAN_POINT('',(-10.24658005128,-19.74759725264,547.9));
#7305 = PCURVE('',#7106,#7306);
#7306 = DEFINITIONAL_REPRESENTATION('',(#7307),#7310);
#7307 = B_SPLINE_CURVE_WITH_KNOTS('',1,(#7308,#7309),.UNSPECIFIED.,.F.,
  .F.,(2,2),(0.,1.),.PIECEWISE_BEZIER_KNOTS.);
#7308 = CARTESIAN_POINT('',(-16.43625511453,-18.72250572076));
#7309 = CARTESIAN_POINT('',(-22.33625511453,-20.24429462113));
#7310 = ( GEOMETRIC_REPRESENTATION_CONTEXT(2) 
PARAMETRIC_REPRESENTATION_CONTEXT() REPRESENTATION_CONTEXT('2D SPACE',''
  ) );
#7311 = PCURVE('',#5789,#7312);
#7312 = DEFINITIONAL_REPRESENTATION('',(#7313),#7317);
#7313 = LINE('',#7314,#7315);
#7314 = CARTESIAN_POINT('',(0.,0.));
#7315 = VECTOR('',#7316,1.);
#7316 = DIRECTION('',(0.,1.));
#7317 = ( GEOMETRIC_REPRESENTATION_CONTEXT(2) 
PARAMETRIC_REPRESENTATION_CONTEXT() REPRESENTATION_CONTEXT('2D SPACE',''
  ) );
#7318 = ORIENTED_EDGE('',*,*,#7319,.F.);
#7319 = EDGE_CURVE('',#7320,#7299,#7322,.T.);
#7320 = VERTEX_POINT('',#7321);
#7321 = CARTESIAN_POINT('',(-11.00747450146,-21.06550509955,493.));
#7322 = SURFACE_CURVE('',#7323,(#7326,#7332),.PCURVE_S1.);
#7323 = B_SPLINE_CURVE_WITH_KNOTS('',1,(#7324,#7325),.UNSPECIFIED.,.F.,
  .F.,(2,2),(0.,1.),.PIECEWISE_BEZIER_KNOTS.);
#7324 = CARTESIAN_POINT('',(-11.00747450146,-21.06550509955,493.));
#7325 = CARTESIAN_POINT('',(-11.00747450146,-21.06550509955,542.));
#7326 = PCURVE('',#7106,#7327);
#7327 = DEFINITIONAL_REPRESENTATION('',(#7328),#7331);
#7328 = B_SPLINE_CURVE_WITH_KNOTS('',1,(#7329,#7330),.UNSPECIFIED.,.F.,
  .F.,(2,2),(0.,1.),.PIECEWISE_BEZIER_KNOTS.);
#7329 = CARTESIAN_POINT('',(32.563744885463,-18.72250572076));
#7330 = CARTESIAN_POINT('',(-16.43625511453,-18.72250572076));
#7331 = ( GEOMETRIC_REPRESENTATION_CONTEXT(2) 
PARAMETRIC_REPRESENTATION_CONTEXT() REPRESENTATION_CONTEXT('2D SPACE',''
  ) );
#7332 = PCURVE('',#5560,#7333);
#7333 = DEFINITIONAL_REPRESENTATION('',(#7334),#7337);
#7334 = B_SPLINE_CURVE_WITH_KNOTS('',1,(#7335,#7336),.UNSPECIFIED.,.F.,
  .F.,(2,2),(0.,1.),.PIECEWISE_BEZIER_KNOTS.);
#7335 = CARTESIAN_POINT('',(0.,0.));
#7336 = CARTESIAN_POINT('',(0.,49.));
#7337 = ( GEOMETRIC_REPRESENTATION_CONTEXT(2) 
PARAMETRIC_REPRESENTATION_CONTEXT() REPRESENTATION_CONTEXT('2D SPACE',''
  ) );
#7338 = ORIENTED_EDGE('',*,*,#7339,.F.);
#7339 = EDGE_CURVE('',#7340,#7320,#7342,.T.);
#7340 = VERTEX_POINT('',#7341);
#7341 = CARTESIAN_POINT('',(-10.30321047469,-19.84568402324,
    487.53911412157));
#7342 = SURFACE_CURVE('',#7343,(#7346,#7352),.PCURVE_S1.);
#7343 = B_SPLINE_CURVE_WITH_KNOTS('',1,(#7344,#7345),.UNSPECIFIED.,.F.,
  .F.,(2,2),(0.,1.),.PIECEWISE_BEZIER_KNOTS.);
#7344 = CARTESIAN_POINT('',(-10.24658005128,-19.74759725264,487.1));
#7345 = CARTESIAN_POINT('',(-11.00747450146,-21.06550509955,493.));
#7346 = PCURVE('',#7106,#7347);
#7347 = DEFINITIONAL_REPRESENTATION('',(#7348),#7351);
#7348 = B_SPLINE_CURVE_WITH_KNOTS('',1,(#7349,#7350),.UNSPECIFIED.,.F.,
  .F.,(2,2),(0.,1.),.PIECEWISE_BEZIER_KNOTS.);
#7349 = CARTESIAN_POINT('',(38.463744885463,-20.24429462113));
#7350 = CARTESIAN_POINT('',(32.563744885463,-18.72250572076));
#7351 = ( GEOMETRIC_REPRESENTATION_CONTEXT(2) 
PARAMETRIC_REPRESENTATION_CONTEXT() REPRESENTATION_CONTEXT('2D SPACE',''
  ) );
#7352 = PCURVE('',#5407,#7353);
#7353 = DEFINITIONAL_REPRESENTATION('',(#7354),#7358);
#7354 = LINE('',#7355,#7356);
#7355 = CARTESIAN_POINT('',(0.,0.));
#7356 = VECTOR('',#7357,1.);
#7357 = DIRECTION('',(0.,1.));
#7358 = ( GEOMETRIC_REPRESENTATION_CONTEXT(2) 
PARAMETRIC_REPRESENTATION_CONTEXT() REPRESENTATION_CONTEXT('2D SPACE',''
  ) );
#7359 = ORIENTED_EDGE('',*,*,#7360,.T.);
#7360 = EDGE_CURVE('',#7340,#7361,#7363,.T.);
#7361 = VERTEX_POINT('',#7362);
#7362 = CARTESIAN_POINT('',(-11.23397459621,-21.45781477158,
    489.27387162406));
#7363 = SURFACE_CURVE('',#7364,(#7368,#7375),.PCURVE_S1.);
#7364 = LINE('',#7365,#7366);
#7365 = CARTESIAN_POINT('',(-10.13171097175,-19.54863817068,
    487.21947347095));
#7366 = VECTOR('',#7367,1.);
#7367 = DIRECTION('',(-0.365789118252,-0.633565337668,0.681757496383));
#7368 = PCURVE('',#7106,#7369);
#7369 = DEFINITIONAL_REPRESENTATION('',(#7370),#7374);
#7370 = LINE('',#7371,#7372);
#7371 = CARTESIAN_POINT('',(38.344271414512,-20.47403278018));
#7372 = VECTOR('',#7373,1.);
#7373 = DIRECTION('',(-0.681757496383,0.731578236503));
#7374 = ( GEOMETRIC_REPRESENTATION_CONTEXT(2) 
PARAMETRIC_REPRESENTATION_CONTEXT() REPRESENTATION_CONTEXT('2D SPACE',''
  ) );
#7375 = PCURVE('',#5058,#7376);
#7376 = DEFINITIONAL_REPRESENTATION('',(#7377),#7381);
#7377 = LINE('',#7378,#7379);
#7378 = CARTESIAN_POINT('',(-0.,0.));
#7379 = VECTOR('',#7380,1.);
#7380 = DIRECTION('',(-0.,1.));
#7381 = ( GEOMETRIC_REPRESENTATION_CONTEXT(2) 
PARAMETRIC_REPRESENTATION_CONTEXT() REPRESENTATION_CONTEXT('2D SPACE',''
  ) );
#7382 = ORIENTED_EDGE('',*,*,#7383,.F.);
#7383 = EDGE_CURVE('',#7069,#7361,#7384,.T.);
#7384 = SURFACE_CURVE('',#7385,(#7389,#7396),.PCURVE_S1.);
#7385 = LINE('',#7386,#7387);
#7386 = CARTESIAN_POINT('',(-11.23397459621,-21.45781477158,
    507.2137720843));
#7387 = VECTOR('',#7388,1.);
#7388 = DIRECTION('',(0.,-0.,-1.));
#7389 = PCURVE('',#7106,#7390);
#7390 = DEFINITIONAL_REPRESENTATION('',(#7391),#7395);
#7391 = LINE('',#7392,#7393);
#7392 = CARTESIAN_POINT('',(18.349972801154,-18.26950553126));
#7393 = VECTOR('',#7394,1.);
#7394 = DIRECTION('',(1.,0.));
#7395 = ( GEOMETRIC_REPRESENTATION_CONTEXT(2) 
PARAMETRIC_REPRESENTATION_CONTEXT() REPRESENTATION_CONTEXT('2D SPACE',''
  ) );
#7396 = PCURVE('',#6944,#7397);
#7397 = DEFINITIONAL_REPRESENTATION('',(#7398),#7402);
#7398 = LINE('',#7399,#7400);
#7399 = CARTESIAN_POINT('',(17.260356430063,-6.257922795169));
#7400 = VECTOR('',#7401,1.);
#7401 = DIRECTION('',(-0.928476690885,0.371390676354));
#7402 = ( GEOMETRIC_REPRESENTATION_CONTEXT(2) 
PARAMETRIC_REPRESENTATION_CONTEXT() REPRESENTATION_CONTEXT('2D SPACE',''
  ) );
#7403 = ORIENTED_EDGE('',*,*,#7091,.T.);
#7404 = ORIENTED_EDGE('',*,*,#7405,.T.);
#7405 = EDGE_CURVE('',#7092,#7269,#7406,.T.);
#7406 = SURFACE_CURVE('',#7407,(#7411,#7418),.PCURVE_S1.);
#7407 = LINE('',#7408,#7409);
#7408 = CARTESIAN_POINT('',(-36.91089767313,-65.93155012285,537.));
#7409 = VECTOR('',#7410,1.);
#7410 = DIRECTION('',(0.,0.,1.));
#7411 = PCURVE('',#7106,#7412);
#7412 = DEFINITIONAL_REPRESENTATION('',(#7413),#7417);
#7413 = LINE('',#7414,#7415);
#7414 = CARTESIAN_POINT('',(-11.43625511453,33.084340622577));
#7415 = VECTOR('',#7416,1.);
#7416 = DIRECTION('',(-1.,0.));
#7417 = ( GEOMETRIC_REPRESENTATION_CONTEXT(2) 
PARAMETRIC_REPRESENTATION_CONTEXT() REPRESENTATION_CONTEXT('2D SPACE',''
  ) );
#7418 = PCURVE('',#7201,#7419);
#7419 = DEFINITIONAL_REPRESENTATION('',(#7420),#7424);
#7420 = LINE('',#7421,#7422);
#7421 = CARTESIAN_POINT('',(-0.,0.));
#7422 = VECTOR('',#7423,1.);
#7423 = DIRECTION('',(-0.,1.));
#7424 = ( GEOMETRIC_REPRESENTATION_CONTEXT(2) 
PARAMETRIC_REPRESENTATION_CONTEXT() REPRESENTATION_CONTEXT('2D SPACE',''
  ) );
#7425 = ADVANCED_FACE('',(#7426),#7286,.T.);
#7426 = FACE_BOUND('',#7427,.F.);
#7427 = EDGE_LOOP('',(#7428,#7461,#7482,#7505,#7527));
#7428 = ORIENTED_EDGE('',*,*,#7429,.T.);
#7429 = EDGE_CURVE('',#7269,#7430,#7432,.T.);
#7430 = VERTEX_POINT('',#7431);
#7431 = CARTESIAN_POINT('',(-37.32070529427,-66.04135774398,550.));
#7432 = SURFACE_CURVE('',#7433,(#7438,#7450),.PCURVE_S1.);
#7433 = ELLIPSE('',#7434,0.432393856554,0.3);
#7434 = AXIS2_PLACEMENT_3D('',#7435,#7436,#7437);
#7435 = CARTESIAN_POINT('',(-37.17070529427,-65.78155012285,
    549.68860885178));
#7436 = DIRECTION('',(-0.360078136511,-0.623673627132,-0.693811892682));
#7437 = DIRECTION('',(-0.346905946341,-0.60085872451,0.720156273022));
#7438 = PCURVE('',#7286,#7439);
#7439 = DEFINITIONAL_REPRESENTATION('',(#7440),#7449);
#7440 = B_SPLINE_CURVE_WITH_KNOTS('',7,(#7441,#7442,#7443,#7444,#7445,
    #7446,#7447,#7448),.UNSPECIFIED.,.F.,.F.,(8,8),(4.712390558434,
    6.28318530718),.PIECEWISE_BEZIER_KNOTS.);
#7441 = CARTESIAN_POINT('',(-1.578049477758E-06,0.311390656823));
#7442 = CARTESIAN_POINT('',(-0.22440082787,0.241514716763));
#7443 = CARTESIAN_POINT('',(-0.448800077692,0.171639089307));
#7444 = CARTESIAN_POINT('',(-0.673199327511,0.107508570845));
#7445 = CARTESIAN_POINT('',(-0.897598577333,5.487868578805E-02));
#7446 = CARTESIAN_POINT('',(-1.121997827153,1.829377986171E-02));
#7447 = CARTESIAN_POINT('',(-1.346397076974,0.));
#7448 = CARTESIAN_POINT('',(-1.570796326795,0.));
#7449 = ( GEOMETRIC_REPRESENTATION_CONTEXT(2) 
PARAMETRIC_REPRESENTATION_CONTEXT() REPRESENTATION_CONTEXT('2D SPACE',''
  ) );
#7450 = PCURVE('',#7201,#7451);
#7451 = DEFINITIONAL_REPRESENTATION('',(#7452),#7460);
#7452 = B_SPLINE_CURVE_WITH_KNOTS('',6,(#7453,#7454,#7455,#7456,#7457,
    #7458,#7459),.UNSPECIFIED.,.F.,.F.,(7,7),(4.712390558434,
    6.28318530718),.PIECEWISE_BEZIER_KNOTS.);
#7453 = CARTESIAN_POINT('',(-1.578049146356E-06,12.688609343177));
#7454 = CARTESIAN_POINT('',(-0.26180070284,12.770131273247));
#7455 = CARTESIAN_POINT('',(-0.523598612542,12.851647024294));
#7456 = CARTESIAN_POINT('',(-0.78539914216,12.923144883643));
#7457 = CARTESIAN_POINT('',(-1.047199022249,12.974395166164));
#7458 = CARTESIAN_POINT('',(-1.308997202004,13.));
#7459 = CARTESIAN_POINT('',(-1.570796326795,13.));
#7460 = ( GEOMETRIC_REPRESENTATION_CONTEXT(2) 
PARAMETRIC_REPRESENTATION_CONTEXT() REPRESENTATION_CONTEXT('2D SPACE',''
  ) );
#7461 = ORIENTED_EDGE('',*,*,#7462,.T.);
#7462 = EDGE_CURVE('',#7430,#5981,#7463,.T.);
#7463 = SURFACE_CURVE('',#7464,(#7468,#7475),.PCURVE_S1.);
#7464 = LINE('',#7465,#7466);
#7465 = CARTESIAN_POINT('',(-37.32070529427,-66.04135774398,550.));
#7466 = VECTOR('',#7467,1.);
#7467 = DIRECTION('',(0.499652986812,0.865424359312,-3.725011514586E-02)
  );
#7468 = PCURVE('',#7286,#7469);
#7469 = DEFINITIONAL_REPRESENTATION('',(#7470),#7474);
#7470 = LINE('',#7471,#7472);
#7471 = CARTESIAN_POINT('',(-1.570796326795,0.));
#7472 = VECTOR('',#7473,1.);
#7473 = DIRECTION('',(-0.,1.));
#7474 = ( GEOMETRIC_REPRESENTATION_CONTEXT(2) 
PARAMETRIC_REPRESENTATION_CONTEXT() REPRESENTATION_CONTEXT('2D SPACE',''
  ) );
#7475 = PCURVE('',#6045,#7476);
#7476 = DEFINITIONAL_REPRESENTATION('',(#7477),#7481);
#7477 = LINE('',#7478,#7479);
#7478 = CARTESIAN_POINT('',(3.663735981263E-15,0.7));
#7479 = VECTOR('',#7480,1.);
#7480 = DIRECTION('',(1.,0.));
#7481 = ( GEOMETRIC_REPRESENTATION_CONTEXT(2) 
PARAMETRIC_REPRESENTATION_CONTEXT() REPRESENTATION_CONTEXT('2D SPACE',''
  ) );
#7482 = ORIENTED_EDGE('',*,*,#7483,.F.);
#7483 = EDGE_CURVE('',#7484,#5981,#7486,.T.);
#7484 = VERTEX_POINT('',#7485);
#7485 = CARTESIAN_POINT('',(-10.23956211348,-19.73544182781,
    547.70020820791));
#7486 = SURFACE_CURVE('',#7487,(#7492,#7499),.PCURVE_S1.);
#7487 = CIRCLE('',#7488,0.3);
#7488 = AXIS2_PLACEMENT_3D('',#7489,#7490,#7491);
#7489 = CARTESIAN_POINT('',(-10.49936973462,-19.58544182781,
    547.70020820791));
#7490 = DIRECTION('',(-0.499652986812,-0.865424359312,3.725011514586E-02
    ));
#7491 = DIRECTION('',(0.866025403784,-0.5,0.));
#7492 = PCURVE('',#7286,#7493);
#7493 = DEFINITIONAL_REPRESENTATION('',(#7494),#7498);
#7494 = LINE('',#7495,#7496);
#7495 = CARTESIAN_POINT('',(-0.,53.69110919976));
#7496 = VECTOR('',#7497,1.);
#7497 = DIRECTION('',(-1.,0.));
#7498 = ( GEOMETRIC_REPRESENTATION_CONTEXT(2) 
PARAMETRIC_REPRESENTATION_CONTEXT() REPRESENTATION_CONTEXT('2D SPACE',''
  ) );
#7499 = PCURVE('',#6008,#7500);
#7500 = DEFINITIONAL_REPRESENTATION('',(#7501),#7504);
#7501 = B_SPLINE_CURVE_WITH_KNOTS('',1,(#7502,#7503),.UNSPECIFIED.,.F.,
  .F.,(2,2),(0.,1.570796326795),.PIECEWISE_BEZIER_KNOTS.);
#7502 = CARTESIAN_POINT('',(0.,0.));
#7503 = CARTESIAN_POINT('',(-1.570796326795,0.));
#7504 = ( GEOMETRIC_REPRESENTATION_CONTEXT(2) 
PARAMETRIC_REPRESENTATION_CONTEXT() REPRESENTATION_CONTEXT('2D SPACE',''
  ) );
#7505 = ORIENTED_EDGE('',*,*,#7506,.F.);
#7506 = EDGE_CURVE('',#7271,#7484,#7507,.T.);
#7507 = SURFACE_CURVE('',#7508,(#7512,#7519),.PCURVE_S1.);
#7508 = LINE('',#7509,#7510);
#7509 = CARTESIAN_POINT('',(-37.06648519041,-66.20103560779,
    549.70020820791));
#7510 = VECTOR('',#7511,1.);
#7511 = DIRECTION('',(0.499652986812,0.865424359312,-3.725011514586E-02)
  );
#7512 = PCURVE('',#7286,#7513);
#7513 = DEFINITIONAL_REPRESENTATION('',(#7514),#7518);
#7514 = LINE('',#7515,#7516);
#7515 = CARTESIAN_POINT('',(-0.,0.));
#7516 = VECTOR('',#7517,1.);
#7517 = DIRECTION('',(-0.,1.));
#7518 = ( GEOMETRIC_REPRESENTATION_CONTEXT(2) 
PARAMETRIC_REPRESENTATION_CONTEXT() REPRESENTATION_CONTEXT('2D SPACE',''
  ) );
#7519 = PCURVE('',#5965,#7520);
#7520 = DEFINITIONAL_REPRESENTATION('',(#7521),#7526);
#7521 = B_SPLINE_CURVE_WITH_KNOTS('',3,(#7522,#7523,#7524,#7525),
  .UNSPECIFIED.,.F.,.F.,(4,4),(53.626120268229,53.69110919976),
  .PIECEWISE_BEZIER_KNOTS.);
#7522 = CARTESIAN_POINT('',(1.769738834666,0.966547297135));
#7523 = CARTESIAN_POINT('',(1.640314270615,0.966410526221));
#7524 = CARTESIAN_POINT('',(1.511160114313,0.966273755306));
#7525 = CARTESIAN_POINT('',(1.382274677912,0.966136984392));
#7526 = ( GEOMETRIC_REPRESENTATION_CONTEXT(2) 
PARAMETRIC_REPRESENTATION_CONTEXT() REPRESENTATION_CONTEXT('2D SPACE',''
  ) );
#7527 = ORIENTED_EDGE('',*,*,#7268,.F.);
#7528 = ADVANCED_FACE('',(#7529),#7201,.T.);
#7529 = FACE_BOUND('',#7530,.F.);
#7530 = EDGE_LOOP('',(#7531,#7532,#7533,#7554));
#7531 = ORIENTED_EDGE('',*,*,#7405,.F.);
#7532 = ORIENTED_EDGE('',*,*,#7117,.T.);
#7533 = ORIENTED_EDGE('',*,*,#7534,.T.);
#7534 = EDGE_CURVE('',#7118,#7430,#7535,.T.);
#7535 = SURFACE_CURVE('',#7536,(#7540,#7547),.PCURVE_S1.);
#7536 = LINE('',#7537,#7538);
#7537 = CARTESIAN_POINT('',(-37.32070529427,-66.04135774398,537.));
#7538 = VECTOR('',#7539,1.);
#7539 = DIRECTION('',(0.,0.,1.));
#7540 = PCURVE('',#7201,#7541);
#7541 = DEFINITIONAL_REPRESENTATION('',(#7542),#7546);
#7542 = LINE('',#7543,#7544);
#7543 = CARTESIAN_POINT('',(-1.570796326795,0.));
#7544 = VECTOR('',#7545,1.);
#7545 = DIRECTION('',(-0.,1.));
#7546 = ( GEOMETRIC_REPRESENTATION_CONTEXT(2) 
PARAMETRIC_REPRESENTATION_CONTEXT() REPRESENTATION_CONTEXT('2D SPACE',''
  ) );
#7547 = PCURVE('',#6890,#7548);
#7548 = DEFINITIONAL_REPRESENTATION('',(#7549),#7553);
#7549 = LINE('',#7550,#7551);
#7550 = CARTESIAN_POINT('',(0.,0.7));
#7551 = VECTOR('',#7552,1.);
#7552 = DIRECTION('',(1.,0.));
#7553 = ( GEOMETRIC_REPRESENTATION_CONTEXT(2) 
PARAMETRIC_REPRESENTATION_CONTEXT() REPRESENTATION_CONTEXT('2D SPACE',''
  ) );
#7554 = ORIENTED_EDGE('',*,*,#7429,.F.);
#7555 = ADVANCED_FACE('',(#7556),#6944,.F.);
#7556 = FACE_BOUND('',#7557,.F.);
#7557 = EDGE_LOOP('',(#7558,#7559,#7560,#7561));
#7558 = ORIENTED_EDGE('',*,*,#6928,.T.);
#7559 = ORIENTED_EDGE('',*,*,#7068,.T.);
#7560 = ORIENTED_EDGE('',*,*,#7383,.T.);
#7561 = ORIENTED_EDGE('',*,*,#7562,.T.);
#7562 = EDGE_CURVE('',#7361,#6929,#7563,.T.);
#7563 = SURFACE_CURVE('',#7564,(#7569,#7576),.PCURVE_S1.);
#7564 = ELLIPSE('',#7565,0.410072340908,0.3);
#7565 = AXIS2_PLACEMENT_3D('',#7566,#7567,#7568);
#7566 = CARTESIAN_POINT('',(-11.49378221735,-21.30781477158,
    489.27387162406));
#7567 = DIRECTION('',(0.5,0.866025403784,-0.));
#7568 = DIRECTION('',(0.,0.,1.));
#7569 = PCURVE('',#6944,#7570);
#7570 = DEFINITIONAL_REPRESENTATION('',(#7571),#7575);
#7571 = ELLIPSE('',#7572,0.410072340908,0.3);
#7572 = AXIS2_PLACEMENT_2D('',#7573,#7574);
#7573 = CARTESIAN_POINT('',(0.492159813016,0.126245963222));
#7574 = DIRECTION('',(0.928476690885,-0.371390676354));
#7575 = ( GEOMETRIC_REPRESENTATION_CONTEXT(2) 
PARAMETRIC_REPRESENTATION_CONTEXT() REPRESENTATION_CONTEXT('2D SPACE',''
  ) );
#7576 = PCURVE('',#5058,#7577);
#7577 = DEFINITIONAL_REPRESENTATION('',(#7578),#7587);
#7578 = B_SPLINE_CURVE_WITH_KNOTS('',7,(#7579,#7580,#7581,#7582,#7583,
    #7584,#7585,#7586),.UNSPECIFIED.,.F.,.F.,(8,8),(1.570796326795,
    3.14159265359),.PIECEWISE_BEZIER_KNOTS.);
#7579 = CARTESIAN_POINT('',(1.891820033961E-13,3.013385498524));
#7580 = CARTESIAN_POINT('',(-0.224399475256,2.950650161355));
#7581 = CARTESIAN_POINT('',(-0.448798950511,2.887915078929));
#7582 = CARTESIAN_POINT('',(-0.673198425771,2.830337998846));
#7583 = CARTESIAN_POINT('',(-0.897597901023,2.783086303682));
#7584 = CARTESIAN_POINT('',(-1.121997376283,2.750239966135));
#7585 = CARTESIAN_POINT('',(-1.346396851538,2.733815606051));
#7586 = CARTESIAN_POINT('',(-1.570796326795,2.733815606051));
#7587 = ( GEOMETRIC_REPRESENTATION_CONTEXT(2) 
PARAMETRIC_REPRESENTATION_CONTEXT() REPRESENTATION_CONTEXT('2D SPACE',''
  ) );
#7588 = ADVANCED_FACE('',(#7589),#6890,.F.);
#7589 = FACE_BOUND('',#7590,.F.);
#7590 = EDGE_LOOP('',(#7591,#7614,#7615,#7616,#7617,#7637));
#7591 = ORIENTED_EDGE('',*,*,#7592,.F.);
#7592 = EDGE_CURVE('',#7430,#7593,#7595,.T.);
#7593 = VERTEX_POINT('',#7594);
#7594 = CARTESIAN_POINT('',(-38.53314085957,-65.34135774398,550.));
#7595 = SURFACE_CURVE('',#7596,(#7600,#7607),.PCURVE_S1.);
#7596 = LINE('',#7597,#7598);
#7597 = CARTESIAN_POINT('',(-37.06089767313,-66.19135774398,550.));
#7598 = VECTOR('',#7599,1.);
#7599 = DIRECTION('',(-0.866025403784,0.5,0.));
#7600 = PCURVE('',#6890,#7601);
#7601 = DEFINITIONAL_REPRESENTATION('',(#7602),#7606);
#7602 = LINE('',#7603,#7604);
#7603 = CARTESIAN_POINT('',(13.,1.));
#7604 = VECTOR('',#7605,1.);
#7605 = DIRECTION('',(0.,-1.));
#7606 = ( GEOMETRIC_REPRESENTATION_CONTEXT(2) 
PARAMETRIC_REPRESENTATION_CONTEXT() REPRESENTATION_CONTEXT('2D SPACE',''
  ) );
#7607 = PCURVE('',#6045,#7608);
#7608 = DEFINITIONAL_REPRESENTATION('',(#7609),#7613);
#7609 = LINE('',#7610,#7611);
#7610 = CARTESIAN_POINT('',(1.720845688169E-15,1.));
#7611 = VECTOR('',#7612,1.);
#7612 = DIRECTION('',(0.,-1.));
#7613 = ( GEOMETRIC_REPRESENTATION_CONTEXT(2) 
PARAMETRIC_REPRESENTATION_CONTEXT() REPRESENTATION_CONTEXT('2D SPACE',''
  ) );
#7614 = ORIENTED_EDGE('',*,*,#7534,.F.);
#7615 = ORIENTED_EDGE('',*,*,#7247,.T.);
#7616 = ORIENTED_EDGE('',*,*,#6872,.T.);
#7617 = ORIENTED_EDGE('',*,*,#7618,.F.);
#7618 = EDGE_CURVE('',#7619,#6875,#7621,.T.);
#7619 = VERTEX_POINT('',#7620);
#7620 = CARTESIAN_POINT('',(-38.53314085957,-65.34135774398,539.));
#7621 = SURFACE_CURVE('',#7622,(#7625,#7631),.PCURVE_S1.);
#7622 = B_SPLINE_CURVE_WITH_KNOTS('',1,(#7623,#7624),.UNSPECIFIED.,.F.,
  .F.,(2,2),(0.,1.),.PIECEWISE_BEZIER_KNOTS.);
#7623 = CARTESIAN_POINT('',(-38.53314085957,-65.34135774398,539.));
#7624 = CARTESIAN_POINT('',(-38.27333323843,-65.49135774398,537.));
#7625 = PCURVE('',#6890,#7626);
#7626 = DEFINITIONAL_REPRESENTATION('',(#7627),#7630);
#7627 = B_SPLINE_CURVE_WITH_KNOTS('',1,(#7628,#7629),.UNSPECIFIED.,.F.,
  .F.,(2,2),(0.,1.),.PIECEWISE_BEZIER_KNOTS.);
#7628 = CARTESIAN_POINT('',(2.,-0.7));
#7629 = CARTESIAN_POINT('',(0.,-0.4));
#7630 = ( GEOMETRIC_REPRESENTATION_CONTEXT(2) 
PARAMETRIC_REPRESENTATION_CONTEXT() REPRESENTATION_CONTEXT('2D SPACE',''
  ) );
#7631 = PCURVE('',#6749,#7632);
#7632 = DEFINITIONAL_REPRESENTATION('',(#7633),#7636);
#7633 = B_SPLINE_CURVE_WITH_KNOTS('',1,(#7634,#7635),.UNSPECIFIED.,.F.,
  .F.,(2,2),(0.,1.),.PIECEWISE_BEZIER_KNOTS.);
#7634 = CARTESIAN_POINT('',(2.022374841616,0.981008035062));
#7635 = CARTESIAN_POINT('',(0.,0.981008035062));
#7636 = ( GEOMETRIC_REPRESENTATION_CONTEXT(2) 
PARAMETRIC_REPRESENTATION_CONTEXT() REPRESENTATION_CONTEXT('2D SPACE',''
  ) );
#7637 = ORIENTED_EDGE('',*,*,#7638,.T.);
#7638 = EDGE_CURVE('',#7619,#7593,#7639,.T.);
#7639 = SURFACE_CURVE('',#7640,(#7644,#7651),.PCURVE_S1.);
#7640 = LINE('',#7641,#7642);
#7641 = CARTESIAN_POINT('',(-38.53314085957,-65.34135774398,537.));
#7642 = VECTOR('',#7643,1.);
#7643 = DIRECTION('',(0.,0.,1.));
#7644 = PCURVE('',#6890,#7645);
#7645 = DEFINITIONAL_REPRESENTATION('',(#7646),#7650);
#7646 = LINE('',#7647,#7648);
#7647 = CARTESIAN_POINT('',(0.,-0.7));
#7648 = VECTOR('',#7649,1.);
#7649 = DIRECTION('',(1.,0.));
#7650 = ( GEOMETRIC_REPRESENTATION_CONTEXT(2) 
PARAMETRIC_REPRESENTATION_CONTEXT() REPRESENTATION_CONTEXT('2D SPACE',''
  ) );
#7651 = PCURVE('',#6775,#7652);
#7652 = DEFINITIONAL_REPRESENTATION('',(#7653),#7657);
#7653 = LINE('',#7654,#7655);
#7654 = CARTESIAN_POINT('',(-0.,0.));
#7655 = VECTOR('',#7656,1.);
#7656 = DIRECTION('',(-0.,1.));
#7657 = ( GEOMETRIC_REPRESENTATION_CONTEXT(2) 
PARAMETRIC_REPRESENTATION_CONTEXT() REPRESENTATION_CONTEXT('2D SPACE',''
  ) );
#7658 = ADVANCED_FACE('',(#7659),#6749,.F.);
#7659 = FACE_BOUND('',#7660,.F.);
#7660 = EDGE_LOOP('',(#7661,#7662,#7663,#7664,#7787));
#7661 = ORIENTED_EDGE('',*,*,#7045,.F.);
#7662 = ORIENTED_EDGE('',*,*,#6820,.T.);
#7663 = ORIENTED_EDGE('',*,*,#6735,.T.);
#7664 = ORIENTED_EDGE('',*,*,#7665,.T.);
#7665 = EDGE_CURVE('',#6736,#7619,#7666,.T.);
#7666 = SURFACE_CURVE('',#7667,(#7705,#7746),.PCURVE_S1.);
#7667 = B_SPLINE_CURVE_WITH_KNOTS('',8,(#7668,#7669,#7670,#7671,#7672,
    #7673,#7674,#7675,#7676,#7677,#7678,#7679,#7680,#7681,#7682,#7683,
    #7684,#7685,#7686,#7687,#7688,#7689,#7690,#7691,#7692,#7693,#7694,
    #7695,#7696,#7697,#7698,#7699,#7700,#7701,#7702,#7703,#7704),
  .UNSPECIFIED.,.F.,.F.,(9,7,7,7,7,9),(0.,6.822054187608E-02,
    0.15160105395,0.283015456274,0.519950845974,1.),.UNSPECIFIED.);
#7668 = CARTESIAN_POINT('',(-38.64294847934,-64.93155012049,
    540.72043010498));
#7669 = CARTESIAN_POINT('',(-38.64724781983,-64.9389967965,
    540.7284432131));
#7670 = CARTESIAN_POINT('',(-38.65145594691,-64.94684869022,
    540.7348635042));
#7671 = CARTESIAN_POINT('',(-38.65546263324,-64.95498552325,
    540.73930707757));
#7672 = CARTESIAN_POINT('',(-38.65918785647,-64.96328552001,
    540.74158227729));
#7673 = CARTESIAN_POINT('',(-38.66258087473,-64.97162841766,
    540.74167631999));
#7674 = CARTESIAN_POINT('',(-38.66561738726,-64.97989865452,
    540.73972952399));
#7675 = CARTESIAN_POINT('',(-38.66829478016,-64.98798873682,
    540.73599713976));
#7676 = CARTESIAN_POINT('',(-38.6734740573,-65.00535326874,
    540.72444524446));
#7677 = CARTESIAN_POINT('',(-38.67581784959,-65.01453529431,
    540.71587281563));
#7678 = CARTESIAN_POINT('',(-38.67772065475,-65.02333081535,
    540.70552528895));
#7679 = CARTESIAN_POINT('',(-38.67924327184,-65.03174002933,
    540.69378151846));
#7680 = CARTESIAN_POINT('',(-38.6804403699,-65.03977749292,
    540.68094583471));
#7681 = CARTESIAN_POINT('',(-38.68135857077,-65.04746944029,
    540.6672428575));
#7682 = CARTESIAN_POINT('',(-38.68203572318,-65.05485230316,
    540.65281670524));
#7683 = CARTESIAN_POINT('',(-38.68323526191,-65.07319433034,
    540.61396398995));
#7684 = CARTESIAN_POINT('',(-38.68344050424,-65.08371370673,
    540.58866965146));
#7685 = CARTESIAN_POINT('',(-38.68323539442,-65.09366036286,
    540.56226179458));
#7686 = CARTESIAN_POINT('',(-38.68268989154,-65.10310734768,
    540.53499238326));
#7687 = CARTESIAN_POINT('',(-38.68185623054,-65.11211201382,
    540.50704244593));
#7688 = CARTESIAN_POINT('',(-38.68077565936,-65.12072519431,
    540.47854092839));
#7689 = CARTESIAN_POINT('',(-38.67947693162,-65.12898915525,
    540.4495604613));
#7690 = CARTESIAN_POINT('',(-38.67528722397,-65.15128904103,
    540.36708312204));
#7691 = CARTESIAN_POINT('',(-38.67196074015,-65.16460068737,
    540.31269867746));
#7692 = CARTESIAN_POINT('',(-38.66814144707,-65.17708134461,
    540.25733868785));
#7693 = CARTESIAN_POINT('',(-38.66390770987,-65.18884184682,
    540.20121211035));
#7694 = CARTESIAN_POINT('',(-38.65931648981,-65.19996422079,
    540.14446712906));
#7695 = CARTESIAN_POINT('',(-38.65441219124,-65.21051588992,
    540.08721047213));
#7696 = CARTESIAN_POINT('',(-38.64922505266,-65.22054715728,
    540.02950373135));
#7697 = CARTESIAN_POINT('',(-38.63274403193,-65.24946334536,
    539.85362066534));
#7698 = CARTESIAN_POINT('',(-38.62065532964,-65.26685292949,
    539.73426274344));
#7699 = CARTESIAN_POINT('',(-38.60772209027,-65.28261651718,
    539.61374310219));
#7700 = CARTESIAN_POINT('',(-38.59404797983,-65.29691788394,
    539.49229481729));
#7701 = CARTESIAN_POINT('',(-38.5797125151,-65.30988191943,
    539.37009852301));
#7702 = CARTESIAN_POINT('',(-38.56476342887,-65.32158130661,
    539.24726842807));
#7703 = CARTESIAN_POINT('',(-38.54923419543,-65.33206625219,
    539.12388655719));
#7704 = CARTESIAN_POINT('',(-38.53314085957,-65.34135774398,539.));
#7705 = PCURVE('',#6749,#7706);
#7706 = DEFINITIONAL_REPRESENTATION('',(#7707),#7745);
#7707 = B_SPLINE_CURVE_WITH_KNOTS('',8,(#7708,#7709,#7710,#7711,#7712,
    #7713,#7714,#7715,#7716,#7717,#7718,#7719,#7720,#7721,#7722,#7723,
    #7724,#7725,#7726,#7727,#7728,#7729,#7730,#7731,#7732,#7733,#7734,
    #7735,#7736,#7737,#7738,#7739,#7740,#7741,#7742,#7743,#7744),
  .UNSPECIFIED.,.F.,.F.,(9,7,7,7,7,9),(0.,6.822054187608E-02,
    0.15160105395,0.283015456274,0.519950845974,1.),.UNSPECIFIED.);
#7708 = CARTESIAN_POINT('',(4.044749683231,0.975310445529));
#7709 = CARTESIAN_POINT('',(4.044749683758,0.975473751374));
#7710 = CARTESIAN_POINT('',(4.042851335022,0.975642855886));
#7711 = CARTESIAN_POINT('',(4.038816532953,0.975814734067));
#7712 = CARTESIAN_POINT('',(4.032588559356,0.975986623118));
#7713 = CARTESIAN_POINT('',(4.024276539316,0.97615606317));
#7714 = CARTESIAN_POINT('',(4.014128117861,0.97632092276));
#7715 = CARTESIAN_POINT('',(4.002490355883,0.97647940906));
#7716 = CARTESIAN_POINT('',(3.974198138195,0.976814194942));
#7717 = CARTESIAN_POINT('',(3.956932253741,0.976987473139));
#7718 = CARTESIAN_POINT('',(3.938394606973,0.977150206688));
#7719 = CARTESIAN_POINT('',(3.918939482952,0.977302976183));
#7720 = CARTESIAN_POINT('',(3.898836979518,0.977446540181));
#7721 = CARTESIAN_POINT('',(3.878270853804,0.97758177289));
#7722 = CARTESIAN_POINT('',(3.857339272521,0.977709632933));
#7723 = CARTESIAN_POINT('',(3.802518201038,0.978022704666));
#7724 = CARTESIAN_POINT('',(3.76825955463,0.97819767134));
#7725 = CARTESIAN_POINT('',(3.733535659177,0.978359321487));
#7726 = CARTESIAN_POINT('',(3.698508721736,0.978509520912));
#7727 = CARTESIAN_POINT('',(3.663290380628,0.978649708945));
#7728 = CARTESIAN_POINT('',(3.627950106053,0.978781113354));
#7729 = CARTESIAN_POINT('',(3.592513301156,0.978904702355));
#7730 = CARTESIAN_POINT('',(3.492888850413,0.979231694873));
#7731 = CARTESIAN_POINT('',(3.428599963095,0.979419050265));
#7732 = CARTESIAN_POINT('',(3.364234961758,0.979588058236));
#7733 = CARTESIAN_POINT('',(3.299877769315,0.979741285885));
#7734 = CARTESIAN_POINT('',(3.235584449417,0.979880623254));
#7735 = CARTESIAN_POINT('',(3.171386979861,0.980007600953));
#7736 = CARTESIAN_POINT('',(3.107292343009,0.980123333488));
#7737 = CARTESIAN_POINT('',(2.913608987516,0.980442429704));
#7738 = CARTESIAN_POINT('',(2.784420253691,0.980613652902));
#7739 = CARTESIAN_POINT('',(2.655781655367,0.980750102754));
#7740 = CARTESIAN_POINT('',(2.527746385983,0.98085549421));
#7741 = CARTESIAN_POINT('',(2.400357702045,0.980932567483));
#7742 = CARTESIAN_POINT('',(2.273649301693,0.980983055241));
#7743 = CARTESIAN_POINT('',(2.147647369683,0.981008034196));
#7744 = CARTESIAN_POINT('',(2.022374841445,0.981008034196));
#7745 = ( GEOMETRIC_REPRESENTATION_CONTEXT(2) 
PARAMETRIC_REPRESENTATION_CONTEXT() REPRESENTATION_CONTEXT('2D SPACE',''
  ) );
#7746 = PCURVE('',#6775,#7747);
#7747 = DEFINITIONAL_REPRESENTATION('',(#7748),#7786);
#7748 = B_SPLINE_CURVE_WITH_KNOTS('',8,(#7749,#7750,#7751,#7752,#7753,
    #7754,#7755,#7756,#7757,#7758,#7759,#7760,#7761,#7762,#7763,#7764,
    #7765,#7766,#7767,#7768,#7769,#7770,#7771,#7772,#7773,#7774,#7775,
    #7776,#7777,#7778,#7779,#7780,#7781,#7782,#7783,#7784,#7785),
  .UNSPECIFIED.,.F.,.F.,(9,7,7,7,7,9),(0.,6.822054187608E-02,
    0.15160105395,0.283015456274,0.519950845974,1.),.UNSPECIFIED.);
#7749 = CARTESIAN_POINT('',(-1.570796335883,3.720430104986));
#7750 = CARTESIAN_POINT('',(-1.542134066403,3.728443213104));
#7751 = CARTESIAN_POINT('',(-1.51245393318,3.734863504204));
#7752 = CARTESIAN_POINT('',(-1.482251603122,3.739307077579));
#7753 = CARTESIAN_POINT('',(-1.451964179439,3.741582277298));
#7754 = CARTESIAN_POINT('',(-1.421978625413,3.741676319996));
#7755 = CARTESIAN_POINT('',(-1.392637924237,3.739729523995));
#7756 = CARTESIAN_POINT('',(-1.364244974958,3.735997139767));
#7757 = CARTESIAN_POINT('',(-1.303843367131,3.724445244461));
#7758 = CARTESIAN_POINT('',(-1.272280444007,3.715872815636));
#7759 = CARTESIAN_POINT('',(-1.242316316603,3.705525288956));
#7760 = CARTESIAN_POINT('',(-1.213860230303,3.693781518467));
#7761 = CARTESIAN_POINT('',(-1.186797227293,3.680945834717));
#7762 = CARTESIAN_POINT('',(-1.160991743908,3.667242857501));
#7763 = CARTESIAN_POINT('',(-1.136287392432,3.652816705244));
#7764 = CARTESIAN_POINT('',(-1.075016694882,3.613963989957));
#7765 = CARTESIAN_POINT('',(-1.03998210537,3.588669651463));
#7766 = CARTESIAN_POINT('',(-1.006862079909,3.562261794582));
#7767 = CARTESIAN_POINT('',(-0.975360108138,3.534992383262));
#7768 = CARTESIAN_POINT('',(-0.945250261553,3.507042445931));
#7769 = CARTESIAN_POINT('',(-0.916337810069,3.478540928394));
#7770 = CARTESIAN_POINT('',(-0.888465719948,3.4495604613));
#7771 = CARTESIAN_POINT('',(-0.812832206197,3.367083122048));
#7772 = CARTESIAN_POINT('',(-0.767175382878,3.312698677467));
#7773 = CARTESIAN_POINT('',(-0.723763407629,3.257338687855));
#7774 = CARTESIAN_POINT('',(-0.682191748714,3.201212110358));
#7775 = CARTESIAN_POINT('',(-0.642163598682,3.14446712906));
#7776 = CARTESIAN_POINT('',(-0.603434973156,3.087210472132));
#7777 = CARTESIAN_POINT('',(-0.565823150237,3.029503731357));
#7778 = CARTESIAN_POINT('',(-0.454879221571,2.85362066534));
#7779 = CARTESIAN_POINT('',(-0.384565771524,2.734262743449));
#7780 = CARTESIAN_POINT('',(-0.316944075206,2.613743102197));
#7781 = CARTESIAN_POINT('',(-0.251359393627,2.492294817295));
#7782 = CARTESIAN_POINT('',(-0.187261471864,2.370098523014));
#7783 = CARTESIAN_POINT('',(-0.124247481243,2.247268428074));
#7784 = CARTESIAN_POINT('',(-6.19432785955E-02,2.123886557192));
#7785 = CARTESIAN_POINT('',(0.,2.));
#7786 = ( GEOMETRIC_REPRESENTATION_CONTEXT(2) 
PARAMETRIC_REPRESENTATION_CONTEXT() REPRESENTATION_CONTEXT('2D SPACE',''
  ) );
#7787 = ORIENTED_EDGE('',*,*,#7618,.T.);
#7788 = ADVANCED_FACE('',(#7789),#6775,.T.);
#7789 = FACE_BOUND('',#7790,.F.);
#7790 = EDGE_LOOP('',(#7791,#7792,#7793,#7794));
#7791 = ORIENTED_EDGE('',*,*,#7638,.F.);
#7792 = ORIENTED_EDGE('',*,*,#7665,.F.);
#7793 = ORIENTED_EDGE('',*,*,#6761,.T.);
#7794 = ORIENTED_EDGE('',*,*,#7795,.F.);
#7795 = EDGE_CURVE('',#7593,#6615,#7796,.T.);
#7796 = SURFACE_CURVE('',#7797,(#7802,#7814),.PCURVE_S1.);
#7797 = ELLIPSE('',#7798,0.432393856554,0.3);
#7798 = AXIS2_PLACEMENT_3D('',#7799,#7800,#7801);
#7799 = CARTESIAN_POINT('',(-38.38314085957,-65.08155012285,
    549.68860885178));
#7800 = DIRECTION('',(-0.360078136511,-0.623673627132,-0.693811892682));
#7801 = DIRECTION('',(0.346905946341,0.60085872451,-0.720156273022));
#7802 = PCURVE('',#6775,#7803);
#7803 = DEFINITIONAL_REPRESENTATION('',(#7804),#7813);
#7804 = B_SPLINE_CURVE_WITH_KNOTS('',7,(#7805,#7806,#7807,#7808,#7809,
    #7810,#7811,#7812),.UNSPECIFIED.,.F.,.F.,(8,8),(3.14159265359,
    4.712387402336),.PIECEWISE_BEZIER_KNOTS.);
#7805 = CARTESIAN_POINT('',(0.,13.));
#7806 = CARTESIAN_POINT('',(-0.224399249821,13.));
#7807 = CARTESIAN_POINT('',(-0.448798499642,12.981706220136));
#7808 = CARTESIAN_POINT('',(-0.673197749462,12.945121314218));
#7809 = CARTESIAN_POINT('',(-0.897596999284,12.892491429151));
#7810 = CARTESIAN_POINT('',(-1.121996249104,12.828360910694));
#7811 = CARTESIAN_POINT('',(-1.346395498925,12.758485283237));
#7812 = CARTESIAN_POINT('',(-1.570794748746,12.688609343177));
#7813 = ( GEOMETRIC_REPRESENTATION_CONTEXT(2) 
PARAMETRIC_REPRESENTATION_CONTEXT() REPRESENTATION_CONTEXT('2D SPACE',''
  ) );
#7814 = PCURVE('',#6630,#7815);
#7815 = DEFINITIONAL_REPRESENTATION('',(#7816),#7825);
#7816 = B_SPLINE_CURVE_WITH_KNOTS('',7,(#7817,#7818,#7819,#7820,#7821,
    #7822,#7823,#7824),.UNSPECIFIED.,.F.,.F.,(8,8),(3.14159265359,
    4.712387402336),.PIECEWISE_BEZIER_KNOTS.);
#7817 = CARTESIAN_POINT('',(0.,0.));
#7818 = CARTESIAN_POINT('',(-0.224399249821,8.557334633189E-18));
#7819 = CARTESIAN_POINT('',(-0.448798499642,1.82937798617E-02));
#7820 = CARTESIAN_POINT('',(-0.673197749462,5.487868578805E-02));
#7821 = CARTESIAN_POINT('',(-0.897596999284,0.107508570845));
#7822 = CARTESIAN_POINT('',(-1.121996249103,0.171639089307));
#7823 = CARTESIAN_POINT('',(-1.346395498925,0.241514716763));
#7824 = CARTESIAN_POINT('',(-1.570794748745,0.311390656823));
#7825 = ( GEOMETRIC_REPRESENTATION_CONTEXT(2) 
PARAMETRIC_REPRESENTATION_CONTEXT() REPRESENTATION_CONTEXT('2D SPACE',''
  ) );
#7826 = ADVANCED_FACE('',(#7827),#6630,.T.);
#7827 = FACE_BOUND('',#7828,.F.);
#7828 = EDGE_LOOP('',(#7829,#7830,#7831,#7855,#7876));
#7829 = ORIENTED_EDGE('',*,*,#7795,.T.);
#7830 = ORIENTED_EDGE('',*,*,#6614,.T.);
#7831 = ORIENTED_EDGE('',*,*,#7832,.T.);
#7832 = EDGE_CURVE('',#6520,#7833,#7835,.T.);
#7833 = VERTEX_POINT('',#7834);
#7834 = CARTESIAN_POINT('',(-11.97161292105,-18.73544182781,
    547.70020820791));
#7835 = SURFACE_CURVE('',#7836,(#7840,#7847),.PCURVE_S1.);
#7836 = LINE('',#7837,#7838);
#7837 = CARTESIAN_POINT('',(-38.79853599797,-65.20103560779,
    549.70020820791));
#7838 = VECTOR('',#7839,1.);
#7839 = DIRECTION('',(0.499652986812,0.865424359312,-3.725011514586E-02)
  );
#7840 = PCURVE('',#6630,#7841);
#7841 = DEFINITIONAL_REPRESENTATION('',(#7842),#7846);
#7842 = LINE('',#7843,#7844);
#7843 = CARTESIAN_POINT('',(-1.570796326795,0.));
#7844 = VECTOR('',#7845,1.);
#7845 = DIRECTION('',(-0.,1.));
#7846 = ( GEOMETRIC_REPRESENTATION_CONTEXT(2) 
PARAMETRIC_REPRESENTATION_CONTEXT() REPRESENTATION_CONTEXT('2D SPACE',''
  ) );
#7847 = PCURVE('',#6125,#7848);
#7848 = DEFINITIONAL_REPRESENTATION('',(#7849),#7854);
#7849 = B_SPLINE_CURVE_WITH_KNOTS('',3,(#7850,#7851,#7852,#7853),
  .UNSPECIFIED.,.F.,.F.,(4,4),(53.626120268229,53.69110919976),
  .PIECEWISE_BEZIER_KNOTS.);
#7850 = CARTESIAN_POINT('',(1.769738834666,0.966547297135));
#7851 = CARTESIAN_POINT('',(1.640314270615,0.966410526221));
#7852 = CARTESIAN_POINT('',(1.511160114313,0.966273755306));
#7853 = CARTESIAN_POINT('',(1.382274677912,0.966136984392));
#7854 = ( GEOMETRIC_REPRESENTATION_CONTEXT(2) 
PARAMETRIC_REPRESENTATION_CONTEXT() REPRESENTATION_CONTEXT('2D SPACE',''
  ) );
#7855 = ORIENTED_EDGE('',*,*,#7856,.F.);
#7856 = EDGE_CURVE('',#6027,#7833,#7857,.T.);
#7857 = SURFACE_CURVE('',#7858,(#7863,#7870),.PCURVE_S1.);
#7858 = CIRCLE('',#7859,0.3);
#7859 = AXIS2_PLACEMENT_3D('',#7860,#7861,#7862);
#7860 = CARTESIAN_POINT('',(-11.71180529992,-18.88544182781,
    547.70020820791));
#7861 = DIRECTION('',(-0.499652986812,-0.865424359312,3.725011514586E-02
    ));
#7862 = DIRECTION('',(1.862505757293E-02,3.225954601021E-02,
    0.999305973625));
#7863 = PCURVE('',#6630,#7864);
#7864 = DEFINITIONAL_REPRESENTATION('',(#7865),#7869);
#7865 = LINE('',#7866,#7867);
#7866 = CARTESIAN_POINT('',(-0.,53.69110919976));
#7867 = VECTOR('',#7868,1.);
#7868 = DIRECTION('',(-1.,0.));
#7869 = ( GEOMETRIC_REPRESENTATION_CONTEXT(2) 
PARAMETRIC_REPRESENTATION_CONTEXT() REPRESENTATION_CONTEXT('2D SPACE',''
  ) );
#7870 = PCURVE('',#6085,#7871);
#7871 = DEFINITIONAL_REPRESENTATION('',(#7872),#7875);
#7872 = B_SPLINE_CURVE_WITH_KNOTS('',1,(#7873,#7874),.UNSPECIFIED.,.F.,
  .F.,(2,2),(0.,1.570796326795),.PIECEWISE_BEZIER_KNOTS.);
#7873 = CARTESIAN_POINT('',(0.,0.));
#7874 = CARTESIAN_POINT('',(-1.570796326795,0.));
#7875 = ( GEOMETRIC_REPRESENTATION_CONTEXT(2) 
PARAMETRIC_REPRESENTATION_CONTEXT() REPRESENTATION_CONTEXT('2D SPACE',''
  ) );
#7876 = ORIENTED_EDGE('',*,*,#7877,.F.);
#7877 = EDGE_CURVE('',#7593,#6027,#7878,.T.);
#7878 = SURFACE_CURVE('',#7879,(#7883,#7890),.PCURVE_S1.);
#7879 = LINE('',#7880,#7881);
#7880 = CARTESIAN_POINT('',(-38.53314085957,-65.34135774398,550.));
#7881 = VECTOR('',#7882,1.);
#7882 = DIRECTION('',(0.499652986812,0.865424359312,-3.725011514586E-02)
  );
#7883 = PCURVE('',#6630,#7884);
#7884 = DEFINITIONAL_REPRESENTATION('',(#7885),#7889);
#7885 = LINE('',#7886,#7887);
#7886 = CARTESIAN_POINT('',(-0.,0.));
#7887 = VECTOR('',#7888,1.);
#7888 = DIRECTION('',(-0.,1.));
#7889 = ( GEOMETRIC_REPRESENTATION_CONTEXT(2) 
PARAMETRIC_REPRESENTATION_CONTEXT() REPRESENTATION_CONTEXT('2D SPACE',''
  ) );
#7890 = PCURVE('',#6045,#7891);
#7891 = DEFINITIONAL_REPRESENTATION('',(#7892),#7896);
#7892 = LINE('',#7893,#7894);
#7893 = CARTESIAN_POINT('',(-3.663735981263E-15,-0.7));
#7894 = VECTOR('',#7895,1.);
#7895 = DIRECTION('',(1.,0.));
#7896 = ( GEOMETRIC_REPRESENTATION_CONTEXT(2) 
PARAMETRIC_REPRESENTATION_CONTEXT() REPRESENTATION_CONTEXT('2D SPACE',''
  ) );
#7897 = ADVANCED_FACE('',(#7898),#6157,.T.);
#7898 = FACE_BOUND('',#7899,.T.);
#7899 = EDGE_LOOP('',(#7900,#7920,#7921));
#7900 = ORIENTED_EDGE('',*,*,#7901,.F.);
#7901 = EDGE_CURVE('',#6104,#6568,#7902,.T.);
#7902 = SURFACE_CURVE('',#7903,(#7907,#7914),.PCURVE_S1.);
#7903 = LINE('',#7904,#7905);
#7904 = CARTESIAN_POINT('',(-11.8546558917,-18.53286631067,547.9));
#7905 = VECTOR('',#7906,1.);
#7906 = DIRECTION('',(-0.5,-0.866025403784,0.));
#7907 = PCURVE('',#6157,#7908);
#7908 = DEFINITIONAL_REPRESENTATION('',(#7909),#7913);
#7909 = LINE('',#7910,#7911);
#7910 = CARTESIAN_POINT('',(5.E-02,0.247949934299));
#7911 = VECTOR('',#7912,1.);
#7912 = DIRECTION('',(0.,-1.));
#7913 = ( GEOMETRIC_REPRESENTATION_CONTEXT(2) 
PARAMETRIC_REPRESENTATION_CONTEXT() REPRESENTATION_CONTEXT('2D SPACE',''
  ) );
#7914 = PCURVE('',#6125,#7915);
#7915 = DEFINITIONAL_REPRESENTATION('',(#7916),#7919);
#7916 = B_SPLINE_CURVE_WITH_KNOTS('',1,(#7917,#7918),.UNSPECIFIED.,.F.,
  .F.,(2,2),(0.,0.247949934299),.PIECEWISE_BEZIER_KNOTS.);
#7917 = CARTESIAN_POINT('',(0.,1.));
#7918 = CARTESIAN_POINT('',(1.769738834666,1.));
#7919 = ( GEOMETRIC_REPRESENTATION_CONTEXT(2) 
PARAMETRIC_REPRESENTATION_CONTEXT() REPRESENTATION_CONTEXT('2D SPACE',''
  ) );
#7920 = ORIENTED_EDGE('',*,*,#6140,.T.);
#7921 = ORIENTED_EDGE('',*,*,#6567,.F.);
#7922 = ADVANCED_FACE('',(#7923),#6125,.F.);
#7923 = FACE_BOUND('',#7924,.F.);
#7924 = EDGE_LOOP('',(#7925,#7926,#7947,#7948,#7949));
#7925 = ORIENTED_EDGE('',*,*,#6103,.F.);
#7926 = ORIENTED_EDGE('',*,*,#7927,.F.);
#7927 = EDGE_CURVE('',#7833,#6058,#7928,.T.);
#7928 = SURFACE_CURVE('',#7929,(#7933,#7940),.PCURVE_S1.);
#7929 = LINE('',#7930,#7931);
#7930 = CARTESIAN_POINT('',(-11.96602540378,-18.72576396401,547.7));
#7931 = VECTOR('',#7932,1.);
#7932 = DIRECTION('',(0.5,0.866025403784,0.));
#7933 = PCURVE('',#6125,#7934);
#7934 = DEFINITIONAL_REPRESENTATION('',(#7935),#7939);
#7935 = B_SPLINE_CURVE_WITH_KNOTS('',2,(#7936,#7937,#7938),
  .UNSPECIFIED.,.F.,.F.,(3,3),(0.,0.222739024164),
  .PIECEWISE_BEZIER_KNOTS.);
#7936 = CARTESIAN_POINT('',(1.316001758537,0.966101694915));
#7937 = CARTESIAN_POINT('',(0.658000879269,0.966101694915));
#7938 = CARTESIAN_POINT('',(0.,0.966101694915));
#7939 = ( GEOMETRIC_REPRESENTATION_CONTEXT(2) 
PARAMETRIC_REPRESENTATION_CONTEXT() REPRESENTATION_CONTEXT('2D SPACE',''
  ) );
#7940 = PCURVE('',#6085,#7941);
#7941 = DEFINITIONAL_REPRESENTATION('',(#7942),#7946);
#7942 = LINE('',#7943,#7944);
#7943 = CARTESIAN_POINT('',(-1.570796326795,0.));
#7944 = VECTOR('',#7945,1.);
#7945 = DIRECTION('',(-0.,1.));
#7946 = ( GEOMETRIC_REPRESENTATION_CONTEXT(2) 
PARAMETRIC_REPRESENTATION_CONTEXT() REPRESENTATION_CONTEXT('2D SPACE',''
  ) );
#7947 = ORIENTED_EDGE('',*,*,#7832,.F.);
#7948 = ORIENTED_EDGE('',*,*,#6591,.T.);
#7949 = ORIENTED_EDGE('',*,*,#7901,.F.);
#7950 = ADVANCED_FACE('',(#7951),#6085,.T.);
#7951 = FACE_BOUND('',#7952,.F.);
#7952 = EDGE_LOOP('',(#7953,#7954,#7955));
#7953 = ORIENTED_EDGE('',*,*,#6057,.F.);
#7954 = ORIENTED_EDGE('',*,*,#7856,.T.);
#7955 = ORIENTED_EDGE('',*,*,#7927,.T.);
#7956 = ADVANCED_FACE('',(#7957),#6045,.F.);
#7957 = FACE_BOUND('',#7958,.F.);
#7958 = EDGE_LOOP('',(#7959,#7960,#7961,#7962));
#7959 = ORIENTED_EDGE('',*,*,#6026,.T.);
#7960 = ORIENTED_EDGE('',*,*,#7462,.F.);
#7961 = ORIENTED_EDGE('',*,*,#7592,.T.);
#7962 = ORIENTED_EDGE('',*,*,#7877,.T.);
#7963 = ADVANCED_FACE('',(#7964),#6008,.T.);
#7964 = FACE_BOUND('',#7965,.F.);
#7965 = EDGE_LOOP('',(#7966,#7987,#7988));
#7966 = ORIENTED_EDGE('',*,*,#7967,.F.);
#7967 = EDGE_CURVE('',#7484,#5944,#7968,.T.);
#7968 = SURFACE_CURVE('',#7969,(#7973,#7980),.PCURVE_S1.);
#7969 = LINE('',#7970,#7971);
#7970 = CARTESIAN_POINT('',(-10.23397459621,-19.72576396401,547.7));
#7971 = VECTOR('',#7972,1.);
#7972 = DIRECTION('',(0.5,0.866025403784,0.));
#7973 = PCURVE('',#6008,#7974);
#7974 = DEFINITIONAL_REPRESENTATION('',(#7975),#7979);
#7975 = LINE('',#7976,#7977);
#7976 = CARTESIAN_POINT('',(-0.,0.));
#7977 = VECTOR('',#7978,1.);
#7978 = DIRECTION('',(-0.,1.));
#7979 = ( GEOMETRIC_REPRESENTATION_CONTEXT(2) 
PARAMETRIC_REPRESENTATION_CONTEXT() REPRESENTATION_CONTEXT('2D SPACE',''
  ) );
#7980 = PCURVE('',#5965,#7981);
#7981 = DEFINITIONAL_REPRESENTATION('',(#7982),#7986);
#7982 = B_SPLINE_CURVE_WITH_KNOTS('',2,(#7983,#7984,#7985),
  .UNSPECIFIED.,.F.,.F.,(3,3),(0.,0.222739024164),
  .PIECEWISE_BEZIER_KNOTS.);
#7983 = CARTESIAN_POINT('',(1.316001758537,0.966101694915));
#7984 = CARTESIAN_POINT('',(0.658000879269,0.966101694915));
#7985 = CARTESIAN_POINT('',(0.,0.966101694915));
#7986 = ( GEOMETRIC_REPRESENTATION_CONTEXT(2) 
PARAMETRIC_REPRESENTATION_CONTEXT() REPRESENTATION_CONTEXT('2D SPACE',''
  ) );
#7987 = ORIENTED_EDGE('',*,*,#7483,.T.);
#7988 = ORIENTED_EDGE('',*,*,#5980,.F.);
#7989 = ADVANCED_FACE('',(#7990),#5965,.T.);
#7990 = FACE_BOUND('',#7991,.T.);
#7991 = EDGE_LOOP('',(#7992,#7993,#7994,#7995,#8017));
#7992 = ORIENTED_EDGE('',*,*,#5943,.F.);
#7993 = ORIENTED_EDGE('',*,*,#7967,.F.);
#7994 = ORIENTED_EDGE('',*,*,#7506,.F.);
#7995 = ORIENTED_EDGE('',*,*,#7996,.T.);
#7996 = EDGE_CURVE('',#7271,#7997,#7999,.T.);
#7997 = VERTEX_POINT('',#7998);
#7998 = CARTESIAN_POINT('',(-10.24658005128,-19.74759725264,547.9));
#7999 = SURFACE_CURVE('',#8000,(#8003,#8010),.PCURVE_S1.);
#8000 = B_SPLINE_CURVE_WITH_KNOTS('',1,(#8001,#8002),.UNSPECIFIED.,.F.,
  .F.,(2,2),(0.,1.),.PIECEWISE_BEZIER_KNOTS.);
#8001 = CARTESIAN_POINT('',(-11.00747450146,-21.06550509955,542.));
#8002 = CARTESIAN_POINT('',(-10.24658005128,-19.74759725264,547.9));
#8003 = PCURVE('',#5965,#8004);
#8004 = DEFINITIONAL_REPRESENTATION('',(#8005),#8009);
#8005 = LINE('',#8006,#8007);
#8006 = CARTESIAN_POINT('',(1.769738834666,0.));
#8007 = VECTOR('',#8008,1.);
#8008 = DIRECTION('',(0.,1.));
#8009 = ( GEOMETRIC_REPRESENTATION_CONTEXT(2) 
PARAMETRIC_REPRESENTATION_CONTEXT() REPRESENTATION_CONTEXT('2D SPACE',''
  ) );
#8010 = PCURVE('',#5789,#8011);
#8011 = DEFINITIONAL_REPRESENTATION('',(#8012),#8016);
#8012 = LINE('',#8013,#8014);
#8013 = CARTESIAN_POINT('',(0.,0.));
#8014 = VECTOR('',#8015,1.);
#8015 = DIRECTION('',(0.,1.));
#8016 = ( GEOMETRIC_REPRESENTATION_CONTEXT(2) 
PARAMETRIC_REPRESENTATION_CONTEXT() REPRESENTATION_CONTEXT('2D SPACE',''
  ) );
#8017 = ORIENTED_EDGE('',*,*,#8018,.F.);
#8018 = EDGE_CURVE('',#5915,#7997,#8019,.T.);
#8019 = SURFACE_CURVE('',#8020,(#8024,#8030),.PCURVE_S1.);
#8020 = LINE('',#8021,#8022);
#8021 = CARTESIAN_POINT('',(-10.12260508413,-19.53286631067,547.9));
#8022 = VECTOR('',#8023,1.);
#8023 = DIRECTION('',(-0.5,-0.866025403784,0.));
#8024 = PCURVE('',#5965,#8025);
#8025 = DEFINITIONAL_REPRESENTATION('',(#8026),#8029);
#8026 = B_SPLINE_CURVE_WITH_KNOTS('',1,(#8027,#8028),.UNSPECIFIED.,.F.,
  .F.,(2,2),(0.,0.247949934299),.PIECEWISE_BEZIER_KNOTS.);
#8027 = CARTESIAN_POINT('',(0.,1.));
#8028 = CARTESIAN_POINT('',(1.769738834666,1.));
#8029 = ( GEOMETRIC_REPRESENTATION_CONTEXT(2) 
PARAMETRIC_REPRESENTATION_CONTEXT() REPRESENTATION_CONTEXT('2D SPACE',''
  ) );
#8030 = PCURVE('',#5931,#8031);
#8031 = DEFINITIONAL_REPRESENTATION('',(#8032),#8036);
#8032 = LINE('',#8033,#8034);
#8033 = CARTESIAN_POINT('',(5.E-02,0.247949934299));
#8034 = VECTOR('',#8035,1.);
#8035 = DIRECTION('',(0.,-1.));
#8036 = ( GEOMETRIC_REPRESENTATION_CONTEXT(2) 
PARAMETRIC_REPRESENTATION_CONTEXT() REPRESENTATION_CONTEXT('2D SPACE',''
  ) );
#8037 = ADVANCED_FACE('',(#8038),#5931,.F.);
#8038 = FACE_BOUND('',#8039,.F.);
#8039 = EDGE_LOOP('',(#8040,#8041,#8042));
#8040 = ORIENTED_EDGE('',*,*,#8018,.F.);
#8041 = ORIENTED_EDGE('',*,*,#5914,.F.);
#8042 = ORIENTED_EDGE('',*,*,#8043,.F.);
#8043 = EDGE_CURVE('',#7997,#5572,#8044,.T.);
#8044 = SURFACE_CURVE('',#8045,(#8050,#8057),.PCURVE_S1.);
#8045 = CIRCLE('',#8046,5.E-02);
#8046 = AXIS2_PLACEMENT_3D('',#8047,#8048,#8049);
#8047 = CARTESIAN_POINT('',(-10.20327878109,-19.77259725264,547.9));
#8048 = DIRECTION('',(-0.,0.,-1.));
#8049 = DIRECTION('',(-0.866025403784,0.5,0.));
#8050 = PCURVE('',#5931,#8051);
#8051 = DEFINITIONAL_REPRESENTATION('',(#8052),#8056);
#8052 = CIRCLE('',#8053,5.E-02);
#8053 = AXIS2_PLACEMENT_2D('',#8054,#8055);
#8054 = CARTESIAN_POINT('',(0.,0.));
#8055 = DIRECTION('',(1.,0.));
#8056 = ( GEOMETRIC_REPRESENTATION_CONTEXT(2) 
PARAMETRIC_REPRESENTATION_CONTEXT() REPRESENTATION_CONTEXT('2D SPACE',''
  ) );
#8057 = PCURVE('',#5789,#8058);
#8058 = DEFINITIONAL_REPRESENTATION('',(#8059),#8063);
#8059 = LINE('',#8060,#8061);
#8060 = CARTESIAN_POINT('',(0.,1.));
#8061 = VECTOR('',#8062,1.);
#8062 = DIRECTION('',(1.,0.));
#8063 = ( GEOMETRIC_REPRESENTATION_CONTEXT(2) 
PARAMETRIC_REPRESENTATION_CONTEXT() REPRESENTATION_CONTEXT('2D SPACE',''
  ) );
#8064 = ADVANCED_FACE('',(#8065),#5789,.T.);
#8065 = FACE_BOUND('',#8066,.T.);
#8066 = EDGE_LOOP('',(#8067,#8068,#8089,#8090,#8091));
#8067 = ORIENTED_EDGE('',*,*,#7298,.F.);
#8068 = ORIENTED_EDGE('',*,*,#8069,.T.);
#8069 = EDGE_CURVE('',#7299,#5543,#8070,.T.);
#8070 = SURFACE_CURVE('',#8071,(#8076,#8082),.PCURVE_S1.);
#8071 = CIRCLE('',#8072,1.7);
#8072 = AXIS2_PLACEMENT_3D('',#8073,#8074,#8075);
#8073 = CARTESIAN_POINT('',(-9.535231315033,-21.91550509955,542.));
#8074 = DIRECTION('',(-0.,0.,-1.));
#8075 = DIRECTION('',(-0.866025403784,0.5,0.));
#8076 = PCURVE('',#5789,#8077);
#8077 = DEFINITIONAL_REPRESENTATION('',(#8078),#8081);
#8078 = B_SPLINE_CURVE_WITH_KNOTS('',1,(#8079,#8080),.UNSPECIFIED.,.F.,
  .F.,(2,2),(0.,1.457583928998),.PIECEWISE_BEZIER_KNOTS.);
#8079 = CARTESIAN_POINT('',(0.,0.));
#8080 = CARTESIAN_POINT('',(1.523587782319,0.));
#8081 = ( GEOMETRIC_REPRESENTATION_CONTEXT(2) 
PARAMETRIC_REPRESENTATION_CONTEXT() REPRESENTATION_CONTEXT('2D SPACE',''
  ) );
#8082 = PCURVE('',#5560,#8083);
#8083 = DEFINITIONAL_REPRESENTATION('',(#8084),#8088);
#8084 = LINE('',#8085,#8086);
#8085 = CARTESIAN_POINT('',(-0.,49.));
#8086 = VECTOR('',#8087,1.);
#8087 = DIRECTION('',(-1.,0.));
#8088 = ( GEOMETRIC_REPRESENTATION_CONTEXT(2) 
PARAMETRIC_REPRESENTATION_CONTEXT() REPRESENTATION_CONTEXT('2D SPACE',''
  ) );
#8089 = ORIENTED_EDGE('',*,*,#5571,.F.);
#8090 = ORIENTED_EDGE('',*,*,#8043,.F.);
#8091 = ORIENTED_EDGE('',*,*,#7996,.F.);
#8092 = ADVANCED_FACE('',(#8093),#5560,.F.);
#8093 = FACE_BOUND('',#8094,.T.);
#8094 = EDGE_LOOP('',(#8095,#8116,#8117,#8118));
#8095 = ORIENTED_EDGE('',*,*,#8096,.T.);
#8096 = EDGE_CURVE('',#7320,#5170,#8097,.T.);
#8097 = SURFACE_CURVE('',#8098,(#8103,#8110),.PCURVE_S1.);
#8098 = CIRCLE('',#8099,1.7);
#8099 = AXIS2_PLACEMENT_3D('',#8100,#8101,#8102);
#8100 = CARTESIAN_POINT('',(-9.535231315033,-21.91550509955,493.));
#8101 = DIRECTION('',(-0.,0.,-1.));
#8102 = DIRECTION('',(-0.866025403784,0.5,0.));
#8103 = PCURVE('',#5560,#8104);
#8104 = DEFINITIONAL_REPRESENTATION('',(#8105),#8109);
#8105 = LINE('',#8106,#8107);
#8106 = CARTESIAN_POINT('',(-0.,0.));
#8107 = VECTOR('',#8108,1.);
#8108 = DIRECTION('',(-1.,0.));
#8109 = ( GEOMETRIC_REPRESENTATION_CONTEXT(2) 
PARAMETRIC_REPRESENTATION_CONTEXT() REPRESENTATION_CONTEXT('2D SPACE',''
  ) );
#8110 = PCURVE('',#5407,#8111);
#8111 = DEFINITIONAL_REPRESENTATION('',(#8112),#8115);
#8112 = B_SPLINE_CURVE_WITH_KNOTS('',1,(#8113,#8114),.UNSPECIFIED.,.F.,
  .F.,(2,2),(0.,1.457583928998),.PIECEWISE_BEZIER_KNOTS.);
#8113 = CARTESIAN_POINT('',(0.,1.));
#8114 = CARTESIAN_POINT('',(1.523587782319,1.));
#8115 = ( GEOMETRIC_REPRESENTATION_CONTEXT(2) 
PARAMETRIC_REPRESENTATION_CONTEXT() REPRESENTATION_CONTEXT('2D SPACE',''
  ) );
#8116 = ORIENTED_EDGE('',*,*,#5542,.T.);
#8117 = ORIENTED_EDGE('',*,*,#8069,.F.);
#8118 = ORIENTED_EDGE('',*,*,#7319,.F.);
#8119 = ADVANCED_FACE('',(#8120),#5407,.T.);
#8120 = FACE_BOUND('',#8121,.T.);
#8121 = EDGE_LOOP('',(#8122,#8144,#8166,#8167,#8168));
#8122 = ORIENTED_EDGE('',*,*,#8123,.F.);
#8123 = EDGE_CURVE('',#8124,#7340,#8126,.T.);
#8124 = VERTEX_POINT('',#8125);
#8125 = CARTESIAN_POINT('',(-10.24658005128,-19.74759725264,487.1));
#8126 = SURFACE_CURVE('',#8127,(#8130,#8137),.PCURVE_S1.);
#8127 = B_SPLINE_CURVE_WITH_KNOTS('',1,(#8128,#8129),.UNSPECIFIED.,.F.,
  .F.,(2,2),(0.,1.),.PIECEWISE_BEZIER_KNOTS.);
#8128 = CARTESIAN_POINT('',(-10.24658005128,-19.74759725264,487.1));
#8129 = CARTESIAN_POINT('',(-11.00747450146,-21.06550509955,493.));
#8130 = PCURVE('',#5407,#8131);
#8131 = DEFINITIONAL_REPRESENTATION('',(#8132),#8136);
#8132 = LINE('',#8133,#8134);
#8133 = CARTESIAN_POINT('',(0.,0.));
#8134 = VECTOR('',#8135,1.);
#8135 = DIRECTION('',(0.,1.));
#8136 = ( GEOMETRIC_REPRESENTATION_CONTEXT(2) 
PARAMETRIC_REPRESENTATION_CONTEXT() REPRESENTATION_CONTEXT('2D SPACE',''
  ) );
#8137 = PCURVE('',#5117,#8138);
#8138 = DEFINITIONAL_REPRESENTATION('',(#8139),#8143);
#8139 = LINE('',#8140,#8141);
#8140 = CARTESIAN_POINT('',(1.769738834666,0.));
#8141 = VECTOR('',#8142,1.);
#8142 = DIRECTION('',(0.,1.));
#8143 = ( GEOMETRIC_REPRESENTATION_CONTEXT(2) 
PARAMETRIC_REPRESENTATION_CONTEXT() REPRESENTATION_CONTEXT('2D SPACE',''
  ) );
#8144 = ORIENTED_EDGE('',*,*,#8145,.T.);
#8145 = EDGE_CURVE('',#8124,#5141,#8146,.T.);
#8146 = SURFACE_CURVE('',#8147,(#8152,#8159),.PCURVE_S1.);
#8147 = CIRCLE('',#8148,5.E-02);
#8148 = AXIS2_PLACEMENT_3D('',#8149,#8150,#8151);
#8149 = CARTESIAN_POINT('',(-10.20327878109,-19.77259725264,487.1));
#8150 = DIRECTION('',(-0.,0.,-1.));
#8151 = DIRECTION('',(-0.866025403784,0.5,0.));
#8152 = PCURVE('',#5407,#8153);
#8153 = DEFINITIONAL_REPRESENTATION('',(#8154),#8158);
#8154 = LINE('',#8155,#8156);
#8155 = CARTESIAN_POINT('',(0.,0.));
#8156 = VECTOR('',#8157,1.);
#8157 = DIRECTION('',(1.,0.));
#8158 = ( GEOMETRIC_REPRESENTATION_CONTEXT(2) 
PARAMETRIC_REPRESENTATION_CONTEXT() REPRESENTATION_CONTEXT('2D SPACE',''
  ) );
#8159 = PCURVE('',#5157,#8160);
#8160 = DEFINITIONAL_REPRESENTATION('',(#8161),#8165);
#8161 = CIRCLE('',#8162,5.E-02);
#8162 = AXIS2_PLACEMENT_2D('',#8163,#8164);
#8163 = CARTESIAN_POINT('',(22.250000006495,-6.394884621841E-14));
#8164 = DIRECTION('',(-4.719101123571E-02,0.998885883602));
#8165 = ( GEOMETRIC_REPRESENTATION_CONTEXT(2) 
PARAMETRIC_REPRESENTATION_CONTEXT() REPRESENTATION_CONTEXT('2D SPACE',''
  ) );
#8166 = ORIENTED_EDGE('',*,*,#5169,.F.);
#8167 = ORIENTED_EDGE('',*,*,#8096,.F.);
#8168 = ORIENTED_EDGE('',*,*,#7339,.F.);
#8169 = ADVANCED_FACE('',(#8170),#5157,.T.);
#8170 = FACE_BOUND('',#8171,.T.);
#8171 = EDGE_LOOP('',(#8172,#8192,#8193));
#8172 = ORIENTED_EDGE('',*,*,#8173,.F.);
#8173 = EDGE_CURVE('',#5080,#8124,#8174,.T.);
#8174 = SURFACE_CURVE('',#8175,(#8179,#8186),.PCURVE_S1.);
#8175 = LINE('',#8176,#8177);
#8176 = CARTESIAN_POINT('',(-10.12260508413,-19.53286631067,487.1));
#8177 = VECTOR('',#8178,1.);
#8178 = DIRECTION('',(-0.5,-0.866025403784,0.));
#8179 = PCURVE('',#5157,#8180);
#8180 = DEFINITIONAL_REPRESENTATION('',(#8181),#8185);
#8181 = LINE('',#8182,#8183);
#8182 = CARTESIAN_POINT('',(21.999966766722,3.82432860446E-02));
#8183 = VECTOR('',#8184,1.);
#8184 = DIRECTION('',(0.998885883602,4.719101123571E-02));
#8185 = ( GEOMETRIC_REPRESENTATION_CONTEXT(2) 
PARAMETRIC_REPRESENTATION_CONTEXT() REPRESENTATION_CONTEXT('2D SPACE',''
  ) );
#8186 = PCURVE('',#5117,#8187);
#8187 = DEFINITIONAL_REPRESENTATION('',(#8188),#8191);
#8188 = B_SPLINE_CURVE_WITH_KNOTS('',1,(#8189,#8190),.UNSPECIFIED.,.F.,
  .F.,(2,2),(0.,0.247949934299),.PIECEWISE_BEZIER_KNOTS.);
#8189 = CARTESIAN_POINT('',(0.,0.));
#8190 = CARTESIAN_POINT('',(1.769738834666,0.));
#8191 = ( GEOMETRIC_REPRESENTATION_CONTEXT(2) 
PARAMETRIC_REPRESENTATION_CONTEXT() REPRESENTATION_CONTEXT('2D SPACE',''
  ) );
#8192 = ORIENTED_EDGE('',*,*,#5140,.F.);
#8193 = ORIENTED_EDGE('',*,*,#8145,.F.);
#8194 = ADVANCED_FACE('',(#8195),#5117,.T.);
#8195 = FACE_BOUND('',#8196,.T.);
#8196 = EDGE_LOOP('',(#8197,#8198,#8199,#8200));
#8197 = ORIENTED_EDGE('',*,*,#5079,.F.);
#8198 = ORIENTED_EDGE('',*,*,#8173,.T.);
#8199 = ORIENTED_EDGE('',*,*,#8123,.T.);
#8200 = ORIENTED_EDGE('',*,*,#8201,.F.);
#8201 = EDGE_CURVE('',#5025,#7340,#8202,.T.);
#8202 = SURFACE_CURVE('',#8203,(#8207,#8219),.PCURVE_S1.);
#8203 = LINE('',#8204,#8205);
#8204 = CARTESIAN_POINT('',(-10.13171097175,-19.54863817068,
    487.21947347095));
#8205 = VECTOR('',#8206,1.);
#8206 = DIRECTION('',(-0.365789118252,-0.633565337668,0.681757496383));
#8207 = PCURVE('',#5117,#8208);
#8208 = DEFINITIONAL_REPRESENTATION('',(#8209),#8218);
#8209 = B_SPLINE_CURVE_WITH_KNOTS('',7,(#8210,#8211,#8212,#8213,#8214,
    #8215,#8216,#8217),.UNSPECIFIED.,.F.,.F.,(8,8),(-2.489381769502E-02,
    0.468848017548),.PIECEWISE_BEZIER_KNOTS.);
#8210 = CARTESIAN_POINT('',(9.165661403128E-14,1.737320747861E-02));
#8211 = CARTESIAN_POINT('',(0.332817515665,2.5523623882E-02));
#8212 = CARTESIAN_POINT('',(0.630532154816,3.367404028492E-02));
#8213 = CARTESIAN_POINT('',(0.899804404451,4.182445668874E-02));
#8214 = CARTESIAN_POINT('',(1.145203607464,4.997487309112E-02));
#8215 = CARTESIAN_POINT('',(1.3702503556,5.812528949536E-02));
#8216 = CARTESIAN_POINT('',(1.577688019546,6.627570589836E-02));
#8217 = CARTESIAN_POINT('',(1.769738834666,7.442612230148E-02));
#8218 = ( GEOMETRIC_REPRESENTATION_CONTEXT(2) 
PARAMETRIC_REPRESENTATION_CONTEXT() REPRESENTATION_CONTEXT('2D SPACE',''
  ) );
#8219 = PCURVE('',#5058,#8220);
#8220 = DEFINITIONAL_REPRESENTATION('',(#8221),#8225);
#8221 = LINE('',#8222,#8223);
#8222 = CARTESIAN_POINT('',(-0.,0.));
#8223 = VECTOR('',#8224,1.);
#8224 = DIRECTION('',(-0.,1.));
#8225 = ( GEOMETRIC_REPRESENTATION_CONTEXT(2) 
PARAMETRIC_REPRESENTATION_CONTEXT() REPRESENTATION_CONTEXT('2D SPACE',''
  ) );
#8226 = ADVANCED_FACE('',(#8227),#5058,.T.);
#8227 = FACE_BOUND('',#8228,.F.);
#8228 = EDGE_LOOP('',(#8229,#8230,#8231,#8260,#8261,#8262));
#8229 = ORIENTED_EDGE('',*,*,#8201,.F.);
#8230 = ORIENTED_EDGE('',*,*,#5024,.T.);
#8231 = ORIENTED_EDGE('',*,*,#8232,.T.);
#8232 = EDGE_CURVE('',#4992,#6957,#8233,.T.);
#8233 = SURFACE_CURVE('',#8234,(#8239,#8249),.PCURVE_S1.);
#8234 = ELLIPSE('',#8235,0.44003916582,0.3);
#8235 = AXIS2_PLACEMENT_3D('',#8236,#8237,#8238);
#8236 = CARTESIAN_POINT('',(-10.27376263444,-19.19467886775,487.));
#8237 = DIRECTION('',(-0.,0.,-1.));
#8238 = DIRECTION('',(-0.5,-0.866025403784,0.));
#8239 = PCURVE('',#5058,#8240);
#8240 = DEFINITIONAL_REPRESENTATION('',(#8241),#8248);
#8241 = B_SPLINE_CURVE_WITH_KNOTS('',5,(#8242,#8243,#8244,#8245,#8246,
    #8247),.UNSPECIFIED.,.F.,.F.,(6,6),(5.03626400851,6.28318530718),
  .PIECEWISE_BEZIER_KNOTS.);
#8242 = CARTESIAN_POINT('',(-0.323875028126,-0.219473470952));
#8243 = CARTESIAN_POINT('',(-0.573259287859,-0.143364865384));
#8244 = CARTESIAN_POINT('',(-0.822642587266,-7.519383370571E-02));
#8245 = CARTESIAN_POINT('',(-1.072032595426,-2.499430285372E-02));
#8246 = CARTESIAN_POINT('',(-1.321412067061,-5.227300074277E-17));
#8247 = CARTESIAN_POINT('',(-1.570796326795,6.938893903907E-18));
#8248 = ( GEOMETRIC_REPRESENTATION_CONTEXT(2) 
PARAMETRIC_REPRESENTATION_CONTEXT() REPRESENTATION_CONTEXT('2D SPACE',''
  ) );
#8249 = PCURVE('',#5008,#8250);
#8250 = DEFINITIONAL_REPRESENTATION('',(#8251),#8259);
#8251 = ( BOUNDED_CURVE() B_SPLINE_CURVE(2,(#8252,#8253,#8254,#8255,
#8256,#8257,#8258),.UNSPECIFIED.,.T.,.F.) B_SPLINE_CURVE_WITH_KNOTS((1,2
    ,2,2,2,1),(-2.094395102393,0.,2.094395102393,4.188790204786,
6.28318530718,8.377580409573),.UNSPECIFIED.) CURVE() 
GEOMETRIC_REPRESENTATION_ITEM() RATIONAL_B_SPLINE_CURVE((1.,0.5,1.,0.5,
1.,0.5,1.)) REPRESENTATION_ITEM('') );
#8252 = CARTESIAN_POINT('',(0.3,0.7));
#8253 = CARTESIAN_POINT('',(0.3,0.180384757729));
#8254 = CARTESIAN_POINT('',(-0.36005874873,0.440192378865));
#8255 = CARTESIAN_POINT('',(-1.02011749746,0.7));
#8256 = CARTESIAN_POINT('',(-0.36005874873,0.959807621135));
#8257 = CARTESIAN_POINT('',(0.3,1.219615242271));
#8258 = CARTESIAN_POINT('',(0.3,0.7));
#8259 = ( GEOMETRIC_REPRESENTATION_CONTEXT(2) 
PARAMETRIC_REPRESENTATION_CONTEXT() REPRESENTATION_CONTEXT('2D SPACE',''
  ) );
#8260 = ORIENTED_EDGE('',*,*,#6956,.T.);
#8261 = ORIENTED_EDGE('',*,*,#7562,.F.);
#8262 = ORIENTED_EDGE('',*,*,#7360,.F.);
#8263 = ADVANCED_FACE('',(#8264),#5008,.F.);
#8264 = FACE_BOUND('',#8265,.F.);
#8265 = EDGE_LOOP('',(#8266,#8267,#8268));
#8266 = ORIENTED_EDGE('',*,*,#8232,.F.);
#8267 = ORIENTED_EDGE('',*,*,#4991,.T.);
#8268 = ORIENTED_EDGE('',*,*,#6979,.F.);
#8269 = ADVANCED_FACE('',(#8270),#4975,.F.);
#8270 = FACE_BOUND('',#8271,.F.);
#8271 = EDGE_LOOP('',(#8272,#8273,#8302));
#8272 = ORIENTED_EDGE('',*,*,#4958,.T.);
#8273 = ORIENTED_EDGE('',*,*,#8274,.F.);
#8274 = EDGE_CURVE('',#7001,#4904,#8275,.T.);
#8275 = SURFACE_CURVE('',#8276,(#8281,#8292),.PCURVE_S1.);
#8276 = ELLIPSE('',#8277,0.44003916582,0.3);
#8277 = AXIS2_PLACEMENT_3D('',#8278,#8279,#8280);
#8278 = CARTESIAN_POINT('',(-11.48619819973,-18.49467886775,487.));
#8279 = DIRECTION('',(-0.,0.,-1.));
#8280 = DIRECTION('',(-0.5,-0.866025403784,0.));
#8281 = PCURVE('',#4975,#8282);
#8282 = DEFINITIONAL_REPRESENTATION('',(#8283),#8291);
#8283 = ( BOUNDED_CURVE() B_SPLINE_CURVE(2,(#8284,#8285,#8286,#8287,
#8288,#8289,#8290),.UNSPECIFIED.,.T.,.F.) B_SPLINE_CURVE_WITH_KNOTS((1,2
    ,2,2,2,1),(-2.094395102393,0.,2.094395102393,4.188790204786,
6.28318530718,8.377580409573),.UNSPECIFIED.) CURVE() 
GEOMETRIC_REPRESENTATION_ITEM() RATIONAL_B_SPLINE_CURVE((1.,0.5,1.,0.5,
1.,0.5,1.)) REPRESENTATION_ITEM('') );
#8284 = CARTESIAN_POINT('',(0.3,-0.7));
#8285 = CARTESIAN_POINT('',(0.3,-1.219615242271));
#8286 = CARTESIAN_POINT('',(-0.36005874873,-0.959807621135));
#8287 = CARTESIAN_POINT('',(-1.02011749746,-0.7));
#8288 = CARTESIAN_POINT('',(-0.36005874873,-0.440192378865));
#8289 = CARTESIAN_POINT('',(0.3,-0.180384757729));
#8290 = CARTESIAN_POINT('',(0.3,-0.7));
#8291 = ( GEOMETRIC_REPRESENTATION_CONTEXT(2) 
PARAMETRIC_REPRESENTATION_CONTEXT() REPRESENTATION_CONTEXT('2D SPACE',''
  ) );
#8292 = PCURVE('',#4937,#8293);
#8293 = DEFINITIONAL_REPRESENTATION('',(#8294),#8301);
#8294 = B_SPLINE_CURVE_WITH_KNOTS('',5,(#8295,#8296,#8297,#8298,#8299,
    #8300),.UNSPECIFIED.,.F.,.F.,(6,6),(0.,1.246921298694),
  .PIECEWISE_BEZIER_KNOTS.);
#8295 = CARTESIAN_POINT('',(-1.110223024625E-16,-1.387778780781E-17));
#8296 = CARTESIAN_POINT('',(-0.249384259739,9.529120656611E-17));
#8297 = CARTESIAN_POINT('',(-0.498763731378,-2.499430285475E-02));
#8298 = CARTESIAN_POINT('',(-0.748153739544,-7.51938337086E-02));
#8299 = CARTESIAN_POINT('',(-0.997537038955,-0.143364865389));
#8300 = CARTESIAN_POINT('',(-1.246921298694,-0.219473470959));
#8301 = ( GEOMETRIC_REPRESENTATION_CONTEXT(2) 
PARAMETRIC_REPRESENTATION_CONTEXT() REPRESENTATION_CONTEXT('2D SPACE',''
  ) );
#8302 = ORIENTED_EDGE('',*,*,#7000,.F.);
#8303 = ADVANCED_FACE('',(#8304),#4937,.T.);
#8304 = FACE_BOUND('',#8305,.F.);
#8305 = EDGE_LOOP('',(#8306,#8307,#8308,#8309,#8335,#8336));
#8306 = ORIENTED_EDGE('',*,*,#7023,.F.);
#8307 = ORIENTED_EDGE('',*,*,#8274,.T.);
#8308 = ORIENTED_EDGE('',*,*,#4903,.T.);
#8309 = ORIENTED_EDGE('',*,*,#8310,.T.);
#8310 = EDGE_CURVE('',#4843,#6664,#8311,.T.);
#8311 = SURFACE_CURVE('',#8312,(#8316,#8323),.PCURVE_S1.);
#8312 = LINE('',#8313,#8314);
#8313 = CARTESIAN_POINT('',(-11.86376177932,-18.54863817068,
    487.21947347095));
#8314 = VECTOR('',#8315,1.);
#8315 = DIRECTION('',(-0.365789118252,-0.633565337668,0.681757496383));
#8316 = PCURVE('',#4937,#8317);
#8317 = DEFINITIONAL_REPRESENTATION('',(#8318),#8322);
#8318 = LINE('',#8319,#8320);
#8319 = CARTESIAN_POINT('',(-1.570796326795,0.));
#8320 = VECTOR('',#8321,1.);
#8321 = DIRECTION('',(-0.,1.));
#8322 = ( GEOMETRIC_REPRESENTATION_CONTEXT(2) 
PARAMETRIC_REPRESENTATION_CONTEXT() REPRESENTATION_CONTEXT('2D SPACE',''
  ) );
#8323 = PCURVE('',#4880,#8324);
#8324 = DEFINITIONAL_REPRESENTATION('',(#8325),#8334);
#8325 = B_SPLINE_CURVE_WITH_KNOTS('',7,(#8326,#8327,#8328,#8329,#8330,
    #8331,#8332,#8333),.UNSPECIFIED.,.F.,.F.,(8,8),(-2.489381769502E-02,
    0.468848017548),.PIECEWISE_BEZIER_KNOTS.);
#8326 = CARTESIAN_POINT('',(9.165661403128E-14,1.737320747861E-02));
#8327 = CARTESIAN_POINT('',(0.332817515665,2.5523623882E-02));
#8328 = CARTESIAN_POINT('',(0.630532154816,3.367404028492E-02));
#8329 = CARTESIAN_POINT('',(0.899804404451,4.182445668874E-02));
#8330 = CARTESIAN_POINT('',(1.145203607464,4.997487309112E-02));
#8331 = CARTESIAN_POINT('',(1.3702503556,5.812528949536E-02));
#8332 = CARTESIAN_POINT('',(1.577688019546,6.627570589836E-02));
#8333 = CARTESIAN_POINT('',(1.769738834666,7.442612230148E-02));
#8334 = ( GEOMETRIC_REPRESENTATION_CONTEXT(2) 
PARAMETRIC_REPRESENTATION_CONTEXT() REPRESENTATION_CONTEXT('2D SPACE',''
  ) );
#8335 = ORIENTED_EDGE('',*,*,#6684,.T.);
#8336 = ORIENTED_EDGE('',*,*,#6842,.T.);
#8337 = ADVANCED_FACE('',(#8338),#4880,.F.);
#8338 = FACE_BOUND('',#8339,.F.);
#8339 = EDGE_LOOP('',(#8340,#8341,#8363,#8383));
#8340 = ORIENTED_EDGE('',*,*,#4842,.F.);
#8341 = ORIENTED_EDGE('',*,*,#8342,.T.);
#8342 = EDGE_CURVE('',#4810,#8343,#8345,.T.);
#8343 = VERTEX_POINT('',#8344);
#8344 = CARTESIAN_POINT('',(-11.97863085885,-18.74759725264,487.1));
#8345 = SURFACE_CURVE('',#8346,(#8350,#8356),.PCURVE_S1.);
#8346 = LINE('',#8347,#8348);
#8347 = CARTESIAN_POINT('',(-11.8546558917,-18.53286631067,487.1));
#8348 = VECTOR('',#8349,1.);
#8349 = DIRECTION('',(-0.5,-0.866025403784,0.));
#8350 = PCURVE('',#4880,#8351);
#8351 = DEFINITIONAL_REPRESENTATION('',(#8352),#8355);
#8352 = B_SPLINE_CURVE_WITH_KNOTS('',1,(#8353,#8354),.UNSPECIFIED.,.F.,
  .F.,(2,2),(0.,0.247949934299),.PIECEWISE_BEZIER_KNOTS.);
#8353 = CARTESIAN_POINT('',(0.,0.));
#8354 = CARTESIAN_POINT('',(1.769738834666,0.));
#8355 = ( GEOMETRIC_REPRESENTATION_CONTEXT(2) 
PARAMETRIC_REPRESENTATION_CONTEXT() REPRESENTATION_CONTEXT('2D SPACE',''
  ) );
#8356 = PCURVE('',#4826,#8357);
#8357 = DEFINITIONAL_REPRESENTATION('',(#8358),#8362);
#8358 = LINE('',#8359,#8360);
#8359 = CARTESIAN_POINT('',(21.999966766722,3.82432860446E-02));
#8360 = VECTOR('',#8361,1.);
#8361 = DIRECTION('',(0.998885883602,4.719101123571E-02));
#8362 = ( GEOMETRIC_REPRESENTATION_CONTEXT(2) 
PARAMETRIC_REPRESENTATION_CONTEXT() REPRESENTATION_CONTEXT('2D SPACE',''
  ) );
#8363 = ORIENTED_EDGE('',*,*,#8364,.T.);
#8364 = EDGE_CURVE('',#8343,#6664,#8365,.T.);
#8365 = SURFACE_CURVE('',#8366,(#8369,#8376),.PCURVE_S1.);
#8366 = B_SPLINE_CURVE_WITH_KNOTS('',1,(#8367,#8368),.UNSPECIFIED.,.F.,
  .F.,(2,2),(0.,1.),.PIECEWISE_BEZIER_KNOTS.);
#8367 = CARTESIAN_POINT('',(-11.97863085885,-18.74759725264,487.1));
#8368 = CARTESIAN_POINT('',(-12.73952530903,-20.06550509955,493.));
#8369 = PCURVE('',#4880,#8370);
#8370 = DEFINITIONAL_REPRESENTATION('',(#8371),#8375);
#8371 = LINE('',#8372,#8373);
#8372 = CARTESIAN_POINT('',(1.769738834666,0.));
#8373 = VECTOR('',#8374,1.);
#8374 = DIRECTION('',(0.,1.));
#8375 = ( GEOMETRIC_REPRESENTATION_CONTEXT(2) 
PARAMETRIC_REPRESENTATION_CONTEXT() REPRESENTATION_CONTEXT('2D SPACE',''
  ) );
#8376 = PCURVE('',#4674,#8377);
#8377 = DEFINITIONAL_REPRESENTATION('',(#8378),#8382);
#8378 = LINE('',#8379,#8380);
#8379 = CARTESIAN_POINT('',(0.,0.));
#8380 = VECTOR('',#8381,1.);
#8381 = DIRECTION('',(0.,1.));
#8382 = ( GEOMETRIC_REPRESENTATION_CONTEXT(2) 
PARAMETRIC_REPRESENTATION_CONTEXT() REPRESENTATION_CONTEXT('2D SPACE',''
  ) );
#8383 = ORIENTED_EDGE('',*,*,#8310,.F.);
#8384 = ADVANCED_FACE('',(#8385),#4826,.F.);
#8385 = FACE_BOUND('',#8386,.F.);
#8386 = EDGE_LOOP('',(#8387,#8388,#8389));
#8387 = ORIENTED_EDGE('',*,*,#8342,.F.);
#8388 = ORIENTED_EDGE('',*,*,#4809,.T.);
#8389 = ORIENTED_EDGE('',*,*,#8390,.F.);
#8390 = EDGE_CURVE('',#8343,#4437,#8391,.T.);
#8391 = SURFACE_CURVE('',#8392,(#8397,#8404),.PCURVE_S1.);
#8392 = CIRCLE('',#8393,5.E-02);
#8393 = AXIS2_PLACEMENT_3D('',#8394,#8395,#8396);
#8394 = CARTESIAN_POINT('',(-12.02193212904,-18.72259725264,487.1));
#8395 = DIRECTION('',(-0.,0.,1.));
#8396 = DIRECTION('',(0.866025403784,-0.5,0.));
#8397 = PCURVE('',#4826,#8398);
#8398 = DEFINITIONAL_REPRESENTATION('',(#8399),#8403);
#8399 = CIRCLE('',#8400,5.E-02);
#8400 = AXIS2_PLACEMENT_2D('',#8401,#8402);
#8401 = CARTESIAN_POINT('',(22.250000006495,-6.217248937901E-14));
#8402 = DIRECTION('',(-4.719101123571E-02,0.998885883602));
#8403 = ( GEOMETRIC_REPRESENTATION_CONTEXT(2) 
PARAMETRIC_REPRESENTATION_CONTEXT() REPRESENTATION_CONTEXT('2D SPACE',''
  ) );
#8404 = PCURVE('',#4674,#8405);
#8405 = DEFINITIONAL_REPRESENTATION('',(#8406),#8410);
#8406 = LINE('',#8407,#8408);
#8407 = CARTESIAN_POINT('',(0.,0.));
#8408 = VECTOR('',#8409,1.);
#8409 = DIRECTION('',(1.,0.));
#8410 = ( GEOMETRIC_REPRESENTATION_CONTEXT(2) 
PARAMETRIC_REPRESENTATION_CONTEXT() REPRESENTATION_CONTEXT('2D SPACE',''
  ) );
#8411 = ADVANCED_FACE('',(#8412),#4674,.F.);
#8412 = FACE_BOUND('',#8413,.F.);
#8413 = EDGE_LOOP('',(#8414,#8415,#8416,#8417,#8438));
#8414 = ORIENTED_EDGE('',*,*,#8364,.F.);
#8415 = ORIENTED_EDGE('',*,*,#8390,.T.);
#8416 = ORIENTED_EDGE('',*,*,#4436,.F.);
#8417 = ORIENTED_EDGE('',*,*,#8418,.F.);
#8418 = EDGE_CURVE('',#6644,#4406,#8419,.T.);
#8419 = SURFACE_CURVE('',#8420,(#8425,#8431),.PCURVE_S1.);
#8420 = CIRCLE('',#8421,1.7);
#8421 = AXIS2_PLACEMENT_3D('',#8422,#8423,#8424);
#8422 = CARTESIAN_POINT('',(-14.21176849546,-19.21550509955,493.));
#8423 = DIRECTION('',(-0.,0.,1.));
#8424 = DIRECTION('',(0.866025403784,-0.5,0.));
#8425 = PCURVE('',#4674,#8426);
#8426 = DEFINITIONAL_REPRESENTATION('',(#8427),#8430);
#8427 = B_SPLINE_CURVE_WITH_KNOTS('',1,(#8428,#8429),.UNSPECIFIED.,.F.,
  .F.,(2,2),(0.,1.457583928998),.PIECEWISE_BEZIER_KNOTS.);
#8428 = CARTESIAN_POINT('',(0.,1.));
#8429 = CARTESIAN_POINT('',(1.523587782319,1.));
#8430 = ( GEOMETRIC_REPRESENTATION_CONTEXT(2) 
PARAMETRIC_REPRESENTATION_CONTEXT() REPRESENTATION_CONTEXT('2D SPACE',''
  ) );
#8431 = PCURVE('',#4425,#8432);
#8432 = DEFINITIONAL_REPRESENTATION('',(#8433),#8437);
#8433 = LINE('',#8434,#8435);
#8434 = CARTESIAN_POINT('',(0.,0.));
#8435 = VECTOR('',#8436,1.);
#8436 = DIRECTION('',(1.,0.));
#8437 = ( GEOMETRIC_REPRESENTATION_CONTEXT(2) 
PARAMETRIC_REPRESENTATION_CONTEXT() REPRESENTATION_CONTEXT('2D SPACE',''
  ) );
#8438 = ORIENTED_EDGE('',*,*,#6663,.F.);
#8439 = ADVANCED_FACE('',(#8440),#4425,.F.);
#8440 = FACE_BOUND('',#8441,.F.);
#8441 = EDGE_LOOP('',(#8442,#8443,#8444,#8445));
#8442 = ORIENTED_EDGE('',*,*,#8418,.T.);
#8443 = ORIENTED_EDGE('',*,*,#4405,.T.);
#8444 = ORIENTED_EDGE('',*,*,#6545,.F.);
#8445 = ORIENTED_EDGE('',*,*,#6643,.F.);
#8446 = ADVANCED_FACE('',(#8447),#4268,.F.);
#8447 = FACE_BOUND('',#8448,.F.);
#8448 = EDGE_LOOP('',(#8449,#8477,#8498,#8499,#8523));
#8449 = ORIENTED_EDGE('',*,*,#8450,.F.);
#8450 = EDGE_CURVE('',#8451,#8453,#8455,.T.);
#8451 = VERTEX_POINT('',#8452);
#8452 = CARTESIAN_POINT('',(-11.00747450146,21.065505099559,542.));
#8453 = VERTEX_POINT('',#8454);
#8454 = CARTESIAN_POINT('',(-10.27203402723,19.791684832251,
    547.70262905309));
#8455 = SURFACE_CURVE('',#8456,(#8459,#8466),.PCURVE_S1.);
#8456 = B_SPLINE_CURVE_WITH_KNOTS('',1,(#8457,#8458),.UNSPECIFIED.,.F.,
  .F.,(2,2),(0.,1.),.PIECEWISE_BEZIER_KNOTS.);
#8457 = CARTESIAN_POINT('',(-11.00747450146,21.065505099559,542.));
#8458 = CARTESIAN_POINT('',(-10.24658005128,19.747597252644,547.9));
#8459 = PCURVE('',#4268,#8460);
#8460 = DEFINITIONAL_REPRESENTATION('',(#8461),#8465);
#8461 = LINE('',#8462,#8463);
#8462 = CARTESIAN_POINT('',(0.,0.));
#8463 = VECTOR('',#8464,1.);
#8464 = DIRECTION('',(0.,1.));
#8465 = ( GEOMETRIC_REPRESENTATION_CONTEXT(2) 
PARAMETRIC_REPRESENTATION_CONTEXT() REPRESENTATION_CONTEXT('2D SPACE',''
  ) );
#8466 = PCURVE('',#8467,#8472);
#8467 = PLANE('',#8468);
#8468 = AXIS2_PLACEMENT_3D('',#8469,#8470,#8471);
#8469 = CARTESIAN_POINT('',(-20.36872736185,37.279670676243,
    525.56374488546));
#8470 = DIRECTION('',(0.866025403784,0.5,-0.));
#8471 = DIRECTION('',(-0.,0.,-1.));
#8472 = DEFINITIONAL_REPRESENTATION('',(#8473),#8476);
#8473 = B_SPLINE_CURVE_WITH_KNOTS('',1,(#8474,#8475),.UNSPECIFIED.,.F.,
  .F.,(2,2),(0.,1.),.PIECEWISE_BEZIER_KNOTS.);
#8474 = CARTESIAN_POINT('',(-16.43625511453,-18.72250572076));
#8475 = CARTESIAN_POINT('',(-22.33625511453,-20.24429462113));
#8476 = ( GEOMETRIC_REPRESENTATION_CONTEXT(2) 
PARAMETRIC_REPRESENTATION_CONTEXT() REPRESENTATION_CONTEXT('2D SPACE',''
  ) );
#8477 = ORIENTED_EDGE('',*,*,#8478,.T.);
#8478 = EDGE_CURVE('',#8451,#2267,#8479,.T.);
#8479 = SURFACE_CURVE('',#8480,(#8485,#8491),.PCURVE_S1.);
#8480 = CIRCLE('',#8481,1.7);
#8481 = AXIS2_PLACEMENT_3D('',#8482,#8483,#8484);
#8482 = CARTESIAN_POINT('',(-9.535231315033,21.915505099559,542.));
#8483 = DIRECTION('',(0.,0.,1.));
#8484 = DIRECTION('',(-0.866025403784,-0.5,0.));
#8485 = PCURVE('',#4268,#8486);
#8486 = DEFINITIONAL_REPRESENTATION('',(#8487),#8490);
#8487 = B_SPLINE_CURVE_WITH_KNOTS('',1,(#8488,#8489),.UNSPECIFIED.,.F.,
  .F.,(2,2),(0.,1.457583928998),.PIECEWISE_BEZIER_KNOTS.);
#8488 = CARTESIAN_POINT('',(0.,0.));
#8489 = CARTESIAN_POINT('',(1.523587782319,0.));
#8490 = ( GEOMETRIC_REPRESENTATION_CONTEXT(2) 
PARAMETRIC_REPRESENTATION_CONTEXT() REPRESENTATION_CONTEXT('2D SPACE',''
  ) );
#8491 = PCURVE('',#2284,#8492);
#8492 = DEFINITIONAL_REPRESENTATION('',(#8493),#8497);
#8493 = LINE('',#8494,#8495);
#8494 = CARTESIAN_POINT('',(0.,49.));
#8495 = VECTOR('',#8496,1.);
#8496 = DIRECTION('',(1.,0.));
#8497 = ( GEOMETRIC_REPRESENTATION_CONTEXT(2) 
PARAMETRIC_REPRESENTATION_CONTEXT() REPRESENTATION_CONTEXT('2D SPACE',''
  ) );
#8498 = ORIENTED_EDGE('',*,*,#4032,.T.);
#8499 = ORIENTED_EDGE('',*,*,#8500,.F.);
#8500 = EDGE_CURVE('',#8501,#4000,#8503,.T.);
#8501 = VERTEX_POINT('',#8502);
#8502 = CARTESIAN_POINT('',(-10.24658005128,19.747597252644,547.9));
#8503 = SURFACE_CURVE('',#8504,(#8509,#8516),.PCURVE_S1.);
#8504 = CIRCLE('',#8505,5.E-02);
#8505 = AXIS2_PLACEMENT_3D('',#8506,#8507,#8508);
#8506 = CARTESIAN_POINT('',(-10.20327878109,19.772597252644,547.9));
#8507 = DIRECTION('',(0.,0.,1.));
#8508 = DIRECTION('',(-0.866025403784,-0.5,0.));
#8509 = PCURVE('',#4268,#8510);
#8510 = DEFINITIONAL_REPRESENTATION('',(#8511),#8515);
#8511 = LINE('',#8512,#8513);
#8512 = CARTESIAN_POINT('',(0.,1.));
#8513 = VECTOR('',#8514,1.);
#8514 = DIRECTION('',(1.,0.));
#8515 = ( GEOMETRIC_REPRESENTATION_CONTEXT(2) 
PARAMETRIC_REPRESENTATION_CONTEXT() REPRESENTATION_CONTEXT('2D SPACE',''
  ) );
#8516 = PCURVE('',#4016,#8517);
#8517 = DEFINITIONAL_REPRESENTATION('',(#8518),#8522);
#8518 = CIRCLE('',#8519,5.E-02);
#8519 = AXIS2_PLACEMENT_2D('',#8520,#8521);
#8520 = CARTESIAN_POINT('',(0.,0.));
#8521 = DIRECTION('',(1.,0.));
#8522 = ( GEOMETRIC_REPRESENTATION_CONTEXT(2) 
PARAMETRIC_REPRESENTATION_CONTEXT() REPRESENTATION_CONTEXT('2D SPACE',''
  ) );
#8523 = ORIENTED_EDGE('',*,*,#8524,.F.);
#8524 = EDGE_CURVE('',#8453,#8501,#8525,.T.);
#8525 = SURFACE_CURVE('',#8526,(#8529,#8536),.PCURVE_S1.);
#8526 = B_SPLINE_CURVE_WITH_KNOTS('',1,(#8527,#8528),.UNSPECIFIED.,.F.,
  .F.,(2,2),(0.,1.),.PIECEWISE_BEZIER_KNOTS.);
#8527 = CARTESIAN_POINT('',(-11.00747450146,21.065505099559,542.));
#8528 = CARTESIAN_POINT('',(-10.24658005128,19.747597252644,547.9));
#8529 = PCURVE('',#4268,#8530);
#8530 = DEFINITIONAL_REPRESENTATION('',(#8531),#8535);
#8531 = LINE('',#8532,#8533);
#8532 = CARTESIAN_POINT('',(0.,0.));
#8533 = VECTOR('',#8534,1.);
#8534 = DIRECTION('',(0.,1.));
#8535 = ( GEOMETRIC_REPRESENTATION_CONTEXT(2) 
PARAMETRIC_REPRESENTATION_CONTEXT() REPRESENTATION_CONTEXT('2D SPACE',''
  ) );
#8536 = PCURVE('',#3984,#8537);
#8537 = DEFINITIONAL_REPRESENTATION('',(#8538),#8542);
#8538 = LINE('',#8539,#8540);
#8539 = CARTESIAN_POINT('',(1.769738834666,0.));
#8540 = VECTOR('',#8541,1.);
#8541 = DIRECTION('',(0.,1.));
#8542 = ( GEOMETRIC_REPRESENTATION_CONTEXT(2) 
PARAMETRIC_REPRESENTATION_CONTEXT() REPRESENTATION_CONTEXT('2D SPACE',''
  ) );
#8543 = ADVANCED_FACE('',(#8544),#8467,.T.);
#8544 = FACE_BOUND('',#8545,.T.);
#8545 = EDGE_LOOP('',(#8546,#8574,#8575,#8595,#8616,#8639,#8667,#8693));
#8546 = ORIENTED_EDGE('',*,*,#8547,.T.);
#8547 = EDGE_CURVE('',#8548,#8453,#8550,.T.);
#8548 = VERTEX_POINT('',#8549);
#8549 = CARTESIAN_POINT('',(-36.91089767313,65.931550122852,
    549.68860885178));
#8550 = SURFACE_CURVE('',#8551,(#8555,#8562),.PCURVE_S1.);
#8551 = LINE('',#8552,#8553);
#8552 = CARTESIAN_POINT('',(-37.06648519041,66.20103560779,
    549.70020820791));
#8553 = VECTOR('',#8554,1.);
#8554 = DIRECTION('',(0.499652986812,-0.865424359312,-3.725011514586E-02
    ));
#8555 = PCURVE('',#8467,#8556);
#8556 = DEFINITIONAL_REPRESENTATION('',(#8557),#8561);
#8557 = LINE('',#8558,#8559);
#8558 = CARTESIAN_POINT('',(-24.13646332245,33.395515657121));
#8559 = VECTOR('',#8560,1.);
#8560 = DIRECTION('',(3.725011514586E-02,-0.999305973625));
#8561 = ( GEOMETRIC_REPRESENTATION_CONTEXT(2) 
PARAMETRIC_REPRESENTATION_CONTEXT() REPRESENTATION_CONTEXT('2D SPACE',''
  ) );
#8562 = PCURVE('',#8563,#8568);
#8563 = CYLINDRICAL_SURFACE('',#8564,0.3);
#8564 = AXIS2_PLACEMENT_3D('',#8565,#8566,#8567);
#8565 = CARTESIAN_POINT('',(-37.32629281154,66.05103560779,
    549.70020820791));
#8566 = DIRECTION('',(0.499652986812,-0.865424359312,-3.725011514586E-02
    ));
#8567 = DIRECTION('',(1.862505757293E-02,-3.225954601021E-02,
    0.999305973625));
#8568 = DEFINITIONAL_REPRESENTATION('',(#8569),#8573);
#8569 = LINE('',#8570,#8571);
#8570 = CARTESIAN_POINT('',(-1.570796326795,0.));
#8571 = VECTOR('',#8572,1.);
#8572 = DIRECTION('',(-0.,1.));
#8573 = ( GEOMETRIC_REPRESENTATION_CONTEXT(2) 
PARAMETRIC_REPRESENTATION_CONTEXT() REPRESENTATION_CONTEXT('2D SPACE',''
  ) );
#8574 = ORIENTED_EDGE('',*,*,#8450,.F.);
#8575 = ORIENTED_EDGE('',*,*,#8576,.F.);
#8576 = EDGE_CURVE('',#8577,#8451,#8579,.T.);
#8577 = VERTEX_POINT('',#8578);
#8578 = CARTESIAN_POINT('',(-11.00747450146,21.065505099559,493.));
#8579 = SURFACE_CURVE('',#8580,(#8583,#8589),.PCURVE_S1.);
#8580 = B_SPLINE_CURVE_WITH_KNOTS('',1,(#8581,#8582),.UNSPECIFIED.,.F.,
  .F.,(2,2),(0.,1.),.PIECEWISE_BEZIER_KNOTS.);
#8581 = CARTESIAN_POINT('',(-11.00747450146,21.065505099559,493.));
#8582 = CARTESIAN_POINT('',(-11.00747450146,21.065505099559,542.));
#8583 = PCURVE('',#8467,#8584);
#8584 = DEFINITIONAL_REPRESENTATION('',(#8585),#8588);
#8585 = B_SPLINE_CURVE_WITH_KNOTS('',1,(#8586,#8587),.UNSPECIFIED.,.F.,
  .F.,(2,2),(0.,1.),.PIECEWISE_BEZIER_KNOTS.);
#8586 = CARTESIAN_POINT('',(32.563744885463,-18.72250572076));
#8587 = CARTESIAN_POINT('',(-16.43625511453,-18.72250572076));
#8588 = ( GEOMETRIC_REPRESENTATION_CONTEXT(2) 
PARAMETRIC_REPRESENTATION_CONTEXT() REPRESENTATION_CONTEXT('2D SPACE',''
  ) );
#8589 = PCURVE('',#2284,#8590);
#8590 = DEFINITIONAL_REPRESENTATION('',(#8591),#8594);
#8591 = B_SPLINE_CURVE_WITH_KNOTS('',1,(#8592,#8593),.UNSPECIFIED.,.F.,
  .F.,(2,2),(0.,1.),.PIECEWISE_BEZIER_KNOTS.);
#8592 = CARTESIAN_POINT('',(0.,0.));
#8593 = CARTESIAN_POINT('',(0.,49.));
#8594 = ( GEOMETRIC_REPRESENTATION_CONTEXT(2) 
PARAMETRIC_REPRESENTATION_CONTEXT() REPRESENTATION_CONTEXT('2D SPACE',''
  ) );
#8595 = ORIENTED_EDGE('',*,*,#8596,.F.);
#8596 = EDGE_CURVE('',#8597,#8577,#8599,.T.);
#8597 = VERTEX_POINT('',#8598);
#8598 = CARTESIAN_POINT('',(-10.30321047469,19.845684023241,
    487.53911412157));
#8599 = SURFACE_CURVE('',#8600,(#8603,#8609),.PCURVE_S1.);
#8600 = B_SPLINE_CURVE_WITH_KNOTS('',1,(#8601,#8602),.UNSPECIFIED.,.F.,
  .F.,(2,2),(0.,1.),.PIECEWISE_BEZIER_KNOTS.);
#8601 = CARTESIAN_POINT('',(-10.24658005128,19.747597252644,487.1));
#8602 = CARTESIAN_POINT('',(-11.00747450146,21.065505099559,493.));
#8603 = PCURVE('',#8467,#8604);
#8604 = DEFINITIONAL_REPRESENTATION('',(#8605),#8608);
#8605 = B_SPLINE_CURVE_WITH_KNOTS('',1,(#8606,#8607),.UNSPECIFIED.,.F.,
  .F.,(2,2),(0.,1.),.PIECEWISE_BEZIER_KNOTS.);
#8606 = CARTESIAN_POINT('',(38.463744885463,-20.24429462113));
#8607 = CARTESIAN_POINT('',(32.563744885463,-18.72250572076));
#8608 = ( GEOMETRIC_REPRESENTATION_CONTEXT(2) 
PARAMETRIC_REPRESENTATION_CONTEXT() REPRESENTATION_CONTEXT('2D SPACE',''
  ) );
#8609 = PCURVE('',#2533,#8610);
#8610 = DEFINITIONAL_REPRESENTATION('',(#8611),#8615);
#8611 = LINE('',#8612,#8613);
#8612 = CARTESIAN_POINT('',(0.,0.));
#8613 = VECTOR('',#8614,1.);
#8614 = DIRECTION('',(0.,1.));
#8615 = ( GEOMETRIC_REPRESENTATION_CONTEXT(2) 
PARAMETRIC_REPRESENTATION_CONTEXT() REPRESENTATION_CONTEXT('2D SPACE',''
  ) );
#8616 = ORIENTED_EDGE('',*,*,#8617,.T.);
#8617 = EDGE_CURVE('',#8597,#8618,#8620,.T.);
#8618 = VERTEX_POINT('',#8619);
#8619 = CARTESIAN_POINT('',(-11.23397459621,21.457814771583,
    489.27387162406));
#8620 = SURFACE_CURVE('',#8621,(#8625,#8632),.PCURVE_S1.);
#8621 = LINE('',#8622,#8623);
#8622 = CARTESIAN_POINT('',(-10.13171097175,19.548638170688,
    487.21947347095));
#8623 = VECTOR('',#8624,1.);
#8624 = DIRECTION('',(-0.365789118252,0.633565337668,0.681757496383));
#8625 = PCURVE('',#8467,#8626);
#8626 = DEFINITIONAL_REPRESENTATION('',(#8627),#8631);
#8627 = LINE('',#8628,#8629);
#8628 = CARTESIAN_POINT('',(38.344271414512,-20.47403278018));
#8629 = VECTOR('',#8630,1.);
#8630 = DIRECTION('',(-0.681757496383,0.731578236503));
#8631 = ( GEOMETRIC_REPRESENTATION_CONTEXT(2) 
PARAMETRIC_REPRESENTATION_CONTEXT() REPRESENTATION_CONTEXT('2D SPACE',''
  ) );
#8632 = PCURVE('',#2796,#8633);
#8633 = DEFINITIONAL_REPRESENTATION('',(#8634),#8638);
#8634 = LINE('',#8635,#8636);
#8635 = CARTESIAN_POINT('',(-1.570796326795,0.));
#8636 = VECTOR('',#8637,1.);
#8637 = DIRECTION('',(-0.,1.));
#8638 = ( GEOMETRIC_REPRESENTATION_CONTEXT(2) 
PARAMETRIC_REPRESENTATION_CONTEXT() REPRESENTATION_CONTEXT('2D SPACE',''
  ) );
#8639 = ORIENTED_EDGE('',*,*,#8640,.T.);
#8640 = EDGE_CURVE('',#8618,#8641,#8643,.T.);
#8641 = VERTEX_POINT('',#8642);
#8642 = CARTESIAN_POINT('',(-11.23397459621,21.457814771583,
    492.86379928315));
#8643 = SURFACE_CURVE('',#8644,(#8648,#8655),.PCURVE_S1.);
#8644 = LINE('',#8645,#8646);
#8645 = CARTESIAN_POINT('',(-11.23397459621,21.457814771583,
    507.2137720843));
#8646 = VECTOR('',#8647,1.);
#8647 = DIRECTION('',(0.,0.,1.));
#8648 = PCURVE('',#8467,#8649);
#8649 = DEFINITIONAL_REPRESENTATION('',(#8650),#8654);
#8650 = LINE('',#8651,#8652);
#8651 = CARTESIAN_POINT('',(18.349972801154,-18.26950553126));
#8652 = VECTOR('',#8653,1.);
#8653 = DIRECTION('',(-1.,0.));
#8654 = ( GEOMETRIC_REPRESENTATION_CONTEXT(2) 
PARAMETRIC_REPRESENTATION_CONTEXT() REPRESENTATION_CONTEXT('2D SPACE',''
  ) );
#8655 = PCURVE('',#8656,#8661);
#8656 = PLANE('',#8657);
#8657 = AXIS2_PLACEMENT_3D('',#8658,#8659,#8660);
#8658 = CARTESIAN_POINT('',(-11.75358983848,21.157814771583,
    488.86379928315));
#8659 = DIRECTION('',(-0.5,0.866025403784,0.));
#8660 = DIRECTION('',(0.321633760451,0.185695338177,0.928476690885));
#8661 = DEFINITIONAL_REPRESENTATION('',(#8662),#8666);
#8662 = LINE('',#8663,#8664);
#8663 = CARTESIAN_POINT('',(17.260356430063,-6.257922795169));
#8664 = VECTOR('',#8665,1.);
#8665 = DIRECTION('',(0.928476690885,-0.371390676354));
#8666 = ( GEOMETRIC_REPRESENTATION_CONTEXT(2) 
PARAMETRIC_REPRESENTATION_CONTEXT() REPRESENTATION_CONTEXT('2D SPACE',''
  ) );
#8667 = ORIENTED_EDGE('',*,*,#8668,.T.);
#8668 = EDGE_CURVE('',#8641,#8669,#8671,.T.);
#8669 = VERTEX_POINT('',#8670);
#8670 = CARTESIAN_POINT('',(-36.91089767313,65.931550122853,
    540.72043010753));
#8671 = SURFACE_CURVE('',#8672,(#8675,#8681),.PCURVE_S1.);
#8672 = B_SPLINE_CURVE_WITH_KNOTS('',1,(#8673,#8674),.UNSPECIFIED.,.F.,
  .F.,(2,2),(0.,1.),.PIECEWISE_BEZIER_KNOTS.);
#8673 = CARTESIAN_POINT('',(-11.23397459621,21.457814771583,
    492.86379928315));
#8674 = CARTESIAN_POINT('',(-37.56089767313,67.057383147772,
    541.93189964157));
#8675 = PCURVE('',#8467,#8676);
#8676 = DEFINITIONAL_REPRESENTATION('',(#8677),#8680);
#8677 = B_SPLINE_CURVE_WITH_KNOTS('',1,(#8678,#8679),.UNSPECIFIED.,.F.,
  .F.,(2,2),(0.,1.),.PIECEWISE_BEZIER_KNOTS.);
#8678 = CARTESIAN_POINT('',(32.699945602309,-18.26950553126));
#8679 = CARTESIAN_POINT('',(-16.36815475611,34.384340622577));
#8680 = ( GEOMETRIC_REPRESENTATION_CONTEXT(2) 
PARAMETRIC_REPRESENTATION_CONTEXT() REPRESENTATION_CONTEXT('2D SPACE',''
  ) );
#8681 = PCURVE('',#8682,#8687);
#8682 = B_SPLINE_SURFACE_WITH_KNOTS('',1,1,(
    (#8683,#8684)
    ,(#8685,#8686
    )),.UNSPECIFIED.,.F.,.F.,.F.,(2,2),(2,2),(0.,4.044749683231),(0.,1.)
  ,.PIECEWISE_BEZIER_KNOTS.);
#8683 = CARTESIAN_POINT('',(-11.75358983848,21.157814771583,
    488.86379928315));
#8684 = CARTESIAN_POINT('',(-38.0805129154,66.757383147772,
    537.93189964157));
#8685 = CARTESIAN_POINT('',(-11.23397459621,21.457814771583,
    492.86379928315));
#8686 = CARTESIAN_POINT('',(-37.56089767313,67.057383147772,
    541.93189964157));
#8687 = DEFINITIONAL_REPRESENTATION('',(#8688),#8692);
#8688 = LINE('',#8689,#8690);
#8689 = CARTESIAN_POINT('',(4.044749683231,0.));
#8690 = VECTOR('',#8691,1.);
#8691 = DIRECTION('',(0.,1.));
#8692 = ( GEOMETRIC_REPRESENTATION_CONTEXT(2) 
PARAMETRIC_REPRESENTATION_CONTEXT() REPRESENTATION_CONTEXT('2D SPACE',''
  ) );
#8693 = ORIENTED_EDGE('',*,*,#8694,.T.);
#8694 = EDGE_CURVE('',#8669,#8548,#8695,.T.);
#8695 = SURFACE_CURVE('',#8696,(#8700,#8707),.PCURVE_S1.);
#8696 = LINE('',#8697,#8698);
#8697 = CARTESIAN_POINT('',(-36.91089767313,65.931550122852,537.));
#8698 = VECTOR('',#8699,1.);
#8699 = DIRECTION('',(0.,0.,1.));
#8700 = PCURVE('',#8467,#8701);
#8701 = DEFINITIONAL_REPRESENTATION('',(#8702),#8706);
#8702 = LINE('',#8703,#8704);
#8703 = CARTESIAN_POINT('',(-11.43625511453,33.084340622577));
#8704 = VECTOR('',#8705,1.);
#8705 = DIRECTION('',(-1.,0.));
#8706 = ( GEOMETRIC_REPRESENTATION_CONTEXT(2) 
PARAMETRIC_REPRESENTATION_CONTEXT() REPRESENTATION_CONTEXT('2D SPACE',''
  ) );
#8707 = PCURVE('',#8708,#8713);
#8708 = CYLINDRICAL_SURFACE('',#8709,0.3);
#8709 = AXIS2_PLACEMENT_3D('',#8710,#8711,#8712);
#8710 = CARTESIAN_POINT('',(-37.17070529427,65.781550122852,537.));
#8711 = DIRECTION('',(0.,0.,1.));
#8712 = DIRECTION('',(-0.5,0.866025403784,0.));
#8713 = DEFINITIONAL_REPRESENTATION('',(#8714),#8718);
#8714 = LINE('',#8715,#8716);
#8715 = CARTESIAN_POINT('',(-1.570796326795,0.));
#8716 = VECTOR('',#8717,1.);
#8717 = DIRECTION('',(-0.,1.));
#8718 = ( GEOMETRIC_REPRESENTATION_CONTEXT(2) 
PARAMETRIC_REPRESENTATION_CONTEXT() REPRESENTATION_CONTEXT('2D SPACE',''
  ) );
#8719 = ADVANCED_FACE('',(#8720),#8656,.T.);
#8720 = FACE_BOUND('',#8721,.T.);
#8721 = EDGE_LOOP('',(#8722,#8752,#8773,#8774));
#8722 = ORIENTED_EDGE('',*,*,#8723,.T.);
#8723 = EDGE_CURVE('',#8724,#8726,#8728,.T.);
#8724 = VERTEX_POINT('',#8725);
#8725 = CARTESIAN_POINT('',(-11.49378221735,21.307814771583,
    488.86379928315));
#8726 = VERTEX_POINT('',#8727);
#8727 = CARTESIAN_POINT('',(-11.75358983848,21.157814771583,
    488.86379928315));
#8728 = SURFACE_CURVE('',#8729,(#8733,#8740),.PCURVE_S1.);
#8729 = LINE('',#8730,#8731);
#8730 = CARTESIAN_POINT('',(-11.92679491924,21.057814771583,
    488.86379928315));
#8731 = VECTOR('',#8732,1.);
#8732 = DIRECTION('',(-0.866025403784,-0.5,0.));
#8733 = PCURVE('',#8656,#8734);
#8734 = DEFINITIONAL_REPRESENTATION('',(#8735),#8739);
#8735 = LINE('',#8736,#8737);
#8736 = CARTESIAN_POINT('',(-7.427813527082E-02,-0.185695338177));
#8737 = VECTOR('',#8738,1.);
#8738 = DIRECTION('',(-0.371390676354,-0.928476690885));
#8739 = ( GEOMETRIC_REPRESENTATION_CONTEXT(2) 
PARAMETRIC_REPRESENTATION_CONTEXT() REPRESENTATION_CONTEXT('2D SPACE',''
  ) );
#8740 = PCURVE('',#8741,#8746);
#8741 = PLANE('',#8742);
#8742 = AXIS2_PLACEMENT_3D('',#8743,#8744,#8745);
#8743 = CARTESIAN_POINT('',(-11.1,19.225763964015,487.));
#8744 = DIRECTION('',(0.340878748192,-0.590419311088,0.731578236503));
#8745 = DIRECTION('',(-0.365789118252,0.633565337668,0.681757496383));
#8746 = DEFINITIONAL_REPRESENTATION('',(#8747),#8751);
#8747 = LINE('',#8748,#8749);
#8748 = CARTESIAN_POINT('',(2.733815606051,-0.2));
#8749 = VECTOR('',#8750,1.);
#8750 = DIRECTION('',(5.551115123126E-17,1.));
#8751 = ( GEOMETRIC_REPRESENTATION_CONTEXT(2) 
PARAMETRIC_REPRESENTATION_CONTEXT() REPRESENTATION_CONTEXT('2D SPACE',''
  ) );
#8752 = ORIENTED_EDGE('',*,*,#8753,.T.);
#8753 = EDGE_CURVE('',#8726,#8641,#8754,.T.);
#8754 = SURFACE_CURVE('',#8755,(#8759,#8766),.PCURVE_S1.);
#8755 = LINE('',#8756,#8757);
#8756 = CARTESIAN_POINT('',(-11.75358983848,21.157814771583,
    488.86379928315));
#8757 = VECTOR('',#8758,1.);
#8758 = DIRECTION('',(0.128466600646,7.417022646512E-02,0.988936352868)
  );
#8759 = PCURVE('',#8656,#8760);
#8760 = DEFINITIONAL_REPRESENTATION('',(#8761),#8765);
#8761 = LINE('',#8762,#8763);
#8762 = CARTESIAN_POINT('',(0.,0.));
#8763 = VECTOR('',#8764,1.);
#8764 = DIRECTION('',(0.973296613552,-0.229551088102));
#8765 = ( GEOMETRIC_REPRESENTATION_CONTEXT(2) 
PARAMETRIC_REPRESENTATION_CONTEXT() REPRESENTATION_CONTEXT('2D SPACE',''
  ) );
#8766 = PCURVE('',#8682,#8767);
#8767 = DEFINITIONAL_REPRESENTATION('',(#8768),#8772);
#8768 = LINE('',#8769,#8770);
#8769 = CARTESIAN_POINT('',(0.,0.));
#8770 = VECTOR('',#8771,1.);
#8771 = DIRECTION('',(1.,0.));
#8772 = ( GEOMETRIC_REPRESENTATION_CONTEXT(2) 
PARAMETRIC_REPRESENTATION_CONTEXT() REPRESENTATION_CONTEXT('2D SPACE',''
  ) );
#8773 = ORIENTED_EDGE('',*,*,#8640,.F.);
#8774 = ORIENTED_EDGE('',*,*,#8775,.T.);
#8775 = EDGE_CURVE('',#8618,#8724,#8776,.T.);
#8776 = SURFACE_CURVE('',#8777,(#8782,#8789),.PCURVE_S1.);
#8777 = ELLIPSE('',#8778,0.410072340908,0.3);
#8778 = AXIS2_PLACEMENT_3D('',#8779,#8780,#8781);
#8779 = CARTESIAN_POINT('',(-11.49378221735,21.307814771583,
    489.27387162406));
#8780 = DIRECTION('',(-0.5,0.866025403784,0.));
#8781 = DIRECTION('',(0.,0.,1.));
#8782 = PCURVE('',#8656,#8783);
#8783 = DEFINITIONAL_REPRESENTATION('',(#8784),#8788);
#8784 = ELLIPSE('',#8785,0.410072340908,0.3);
#8785 = AXIS2_PLACEMENT_2D('',#8786,#8787);
#8786 = CARTESIAN_POINT('',(0.492159813016,0.126245963222));
#8787 = DIRECTION('',(0.928476690885,-0.371390676354));
#8788 = ( GEOMETRIC_REPRESENTATION_CONTEXT(2) 
PARAMETRIC_REPRESENTATION_CONTEXT() REPRESENTATION_CONTEXT('2D SPACE',''
  ) );
#8789 = PCURVE('',#2796,#8790);
#8790 = DEFINITIONAL_REPRESENTATION('',(#8791),#8800);
#8791 = B_SPLINE_CURVE_WITH_KNOTS('',7,(#8792,#8793,#8794,#8795,#8796,
    #8797,#8798,#8799),.UNSPECIFIED.,.F.,.F.,(8,8),(1.570796326795,
    3.14159265359),.PIECEWISE_BEZIER_KNOTS.);
#8792 = CARTESIAN_POINT('',(-1.570796326795,3.013385498524));
#8793 = CARTESIAN_POINT('',(-1.346396851539,2.950650161355));
#8794 = CARTESIAN_POINT('',(-1.121997376283,2.887915078929));
#8795 = CARTESIAN_POINT('',(-0.897597901024,2.830337998846));
#8796 = CARTESIAN_POINT('',(-0.673198425771,2.783086303682));
#8797 = CARTESIAN_POINT('',(-0.448798950512,2.750239966135));
#8798 = CARTESIAN_POINT('',(-0.224399475256,2.733815606051));
#8799 = CARTESIAN_POINT('',(0.,2.733815606051));
#8800 = ( GEOMETRIC_REPRESENTATION_CONTEXT(2) 
PARAMETRIC_REPRESENTATION_CONTEXT() REPRESENTATION_CONTEXT('2D SPACE',''
  ) );
#8801 = ADVANCED_FACE('',(#8802),#8741,.F.);
#8802 = FACE_BOUND('',#8803,.F.);
#8803 = EDGE_LOOP('',(#8804,#8834,#8860,#8888,#8911,#8932,#8955,#8976,
    #8977));
#8804 = ORIENTED_EDGE('',*,*,#8805,.F.);
#8805 = EDGE_CURVE('',#8806,#8808,#8810,.T.);
#8806 = VERTEX_POINT('',#8807);
#8807 = CARTESIAN_POINT('',(-38.27333323843,65.491357743989,537.));
#8808 = VERTEX_POINT('',#8809);
#8809 = CARTESIAN_POINT('',(-37.58051291541,65.891357743989,537.));
#8810 = SURFACE_CURVE('',#8811,(#8815,#8822),.PCURVE_S1.);
#8811 = LINE('',#8812,#8813);
#8812 = CARTESIAN_POINT('',(-38.7929484807,65.191357743987,537.));
#8813 = VECTOR('',#8814,1.);
#8814 = DIRECTION('',(0.866025403784,0.5,0.));
#8815 = PCURVE('',#8741,#8816);
#8816 = DEFINITIONAL_REPRESENTATION('',(#8817),#8821);
#8817 = LINE('',#8818,#8819);
#8818 = CARTESIAN_POINT('',(73.339860970011,1.));
#8819 = VECTOR('',#8820,1.);
#8820 = DIRECTION('',(-5.551115123126E-17,-1.));
#8821 = ( GEOMETRIC_REPRESENTATION_CONTEXT(2) 
PARAMETRIC_REPRESENTATION_CONTEXT() REPRESENTATION_CONTEXT('2D SPACE',''
  ) );
#8822 = PCURVE('',#8823,#8828);
#8823 = PLANE('',#8824);
#8824 = AXIS2_PLACEMENT_3D('',#8825,#8826,#8827);
#8825 = CARTESIAN_POINT('',(-37.92692307692,65.691357743987,537.));
#8826 = DIRECTION('',(0.5,-0.866025403784,0.));
#8827 = DIRECTION('',(0.,0.,1.));
#8828 = DEFINITIONAL_REPRESENTATION('',(#8829),#8833);
#8829 = LINE('',#8830,#8831);
#8830 = CARTESIAN_POINT('',(0.,1.));
#8831 = VECTOR('',#8832,1.);
#8832 = DIRECTION('',(0.,-1.));
#8833 = ( GEOMETRIC_REPRESENTATION_CONTEXT(2) 
PARAMETRIC_REPRESENTATION_CONTEXT() REPRESENTATION_CONTEXT('2D SPACE',''
  ) );
#8834 = ORIENTED_EDGE('',*,*,#8835,.F.);
#8835 = EDGE_CURVE('',#8836,#8806,#8838,.T.);
#8836 = VERTEX_POINT('',#8837);
#8837 = CARTESIAN_POINT('',(-12.44641016151,20.757814771583,
    488.86379928315));
#8838 = SURFACE_CURVE('',#8839,(#8842,#8848),.PCURVE_S1.);
#8839 = B_SPLINE_CURVE_WITH_KNOTS('',1,(#8840,#8841),.UNSPECIFIED.,.F.,
  .F.,(2,2),(0.,1.),.PIECEWISE_BEZIER_KNOTS.);
#8840 = CARTESIAN_POINT('',(-12.44641016151,20.757814771583,
    488.86379928315));
#8841 = CARTESIAN_POINT('',(-38.77333323843,66.357383147772,
    537.93189964157));
#8842 = PCURVE('',#8741,#8843);
#8843 = DEFINITIONAL_REPRESENTATION('',(#8844),#8847);
#8844 = B_SPLINE_CURVE_WITH_KNOTS('',1,(#8845,#8846),.UNSPECIFIED.,.F.,
  .F.,(2,2),(0.,1.),.PIECEWISE_BEZIER_KNOTS.);
#8845 = CARTESIAN_POINT('',(2.733815606051,0.4));
#8846 = CARTESIAN_POINT('',(74.706768773037,0.4));
#8847 = ( GEOMETRIC_REPRESENTATION_CONTEXT(2) 
PARAMETRIC_REPRESENTATION_CONTEXT() REPRESENTATION_CONTEXT('2D SPACE',''
  ) );
#8848 = PCURVE('',#8849,#8854);
#8849 = B_SPLINE_SURFACE_WITH_KNOTS('',1,1,(
    (#8850,#8851)
    ,(#8852,#8853
    )),.UNSPECIFIED.,.F.,.F.,.F.,(2,2),(2,2),(0.,4.044749683231),(0.,1.)
  ,.PIECEWISE_BEZIER_KNOTS.);
#8850 = CARTESIAN_POINT('',(-12.44641016151,20.757814771583,
    488.86379928315));
#8851 = CARTESIAN_POINT('',(-38.77333323843,66.357383147772,
    537.93189964157));
#8852 = CARTESIAN_POINT('',(-12.96602540378,20.457814771583,
    492.86379928315));
#8853 = CARTESIAN_POINT('',(-39.2929484807,66.057383147772,
    541.93189964157));
#8854 = DEFINITIONAL_REPRESENTATION('',(#8855),#8859);
#8855 = LINE('',#8856,#8857);
#8856 = CARTESIAN_POINT('',(0.,0.));
#8857 = VECTOR('',#8858,1.);
#8858 = DIRECTION('',(0.,1.));
#8859 = ( GEOMETRIC_REPRESENTATION_CONTEXT(2) 
PARAMETRIC_REPRESENTATION_CONTEXT() REPRESENTATION_CONTEXT('2D SPACE',''
  ) );
#8860 = ORIENTED_EDGE('',*,*,#8861,.F.);
#8861 = EDGE_CURVE('',#8862,#8836,#8864,.T.);
#8862 = VERTEX_POINT('',#8863);
#8863 = CARTESIAN_POINT('',(-12.70621778264,20.607814771583,
    488.86379928315));
#8864 = SURFACE_CURVE('',#8865,(#8869,#8876),.PCURVE_S1.);
#8865 = LINE('',#8866,#8867);
#8866 = CARTESIAN_POINT('',(-12.27320508075,20.857814771583,
    488.86379928315));
#8867 = VECTOR('',#8868,1.);
#8868 = DIRECTION('',(0.866025403784,0.5,0.));
#8869 = PCURVE('',#8741,#8870);
#8870 = DEFINITIONAL_REPRESENTATION('',(#8871),#8875);
#8871 = LINE('',#8872,#8873);
#8872 = CARTESIAN_POINT('',(2.733815606051,0.2));
#8873 = VECTOR('',#8874,1.);
#8874 = DIRECTION('',(-5.551115123126E-17,-1.));
#8875 = ( GEOMETRIC_REPRESENTATION_CONTEXT(2) 
PARAMETRIC_REPRESENTATION_CONTEXT() REPRESENTATION_CONTEXT('2D SPACE',''
  ) );
#8876 = PCURVE('',#8877,#8882);
#8877 = PLANE('',#8878);
#8878 = AXIS2_PLACEMENT_3D('',#8879,#8880,#8881);
#8879 = CARTESIAN_POINT('',(-12.44641016151,20.757814771583,
    488.86379928315));
#8880 = DIRECTION('',(0.5,-0.866025403784,0.));
#8881 = DIRECTION('',(-0.321633760451,-0.185695338177,0.928476690885));
#8882 = DEFINITIONAL_REPRESENTATION('',(#8883),#8887);
#8883 = LINE('',#8884,#8885);
#8884 = CARTESIAN_POINT('',(-7.427813527082E-02,-0.185695338177));
#8885 = VECTOR('',#8886,1.);
#8886 = DIRECTION('',(-0.371390676354,-0.928476690885));
#8887 = ( GEOMETRIC_REPRESENTATION_CONTEXT(2) 
PARAMETRIC_REPRESENTATION_CONTEXT() REPRESENTATION_CONTEXT('2D SPACE',''
  ) );
#8888 = ORIENTED_EDGE('',*,*,#8889,.F.);
#8889 = EDGE_CURVE('',#8890,#8862,#8892,.T.);
#8890 = VERTEX_POINT('',#8891);
#8891 = CARTESIAN_POINT('',(-11.70621778264,18.875763964015,487.));
#8892 = SURFACE_CURVE('',#8893,(#8897,#8904),.PCURVE_S1.);
#8893 = LINE('',#8894,#8895);
#8894 = CARTESIAN_POINT('',(-11.70621778264,18.875763964015,487.));
#8895 = VECTOR('',#8896,1.);
#8896 = DIRECTION('',(-0.365789118252,0.633565337668,0.681757496383));
#8897 = PCURVE('',#8741,#8898);
#8898 = DEFINITIONAL_REPRESENTATION('',(#8899),#8903);
#8899 = LINE('',#8900,#8901);
#8900 = CARTESIAN_POINT('',(5.52335954751E-15,0.7));
#8901 = VECTOR('',#8902,1.);
#8902 = DIRECTION('',(1.,0.));
#8903 = ( GEOMETRIC_REPRESENTATION_CONTEXT(2) 
PARAMETRIC_REPRESENTATION_CONTEXT() REPRESENTATION_CONTEXT('2D SPACE',''
  ) );
#8904 = PCURVE('',#2917,#8905);
#8905 = DEFINITIONAL_REPRESENTATION('',(#8906),#8910);
#8906 = LINE('',#8907,#8908);
#8907 = CARTESIAN_POINT('',(-1.570796326795,0.));
#8908 = VECTOR('',#8909,1.);
#8909 = DIRECTION('',(-0.,1.));
#8910 = ( GEOMETRIC_REPRESENTATION_CONTEXT(2) 
PARAMETRIC_REPRESENTATION_CONTEXT() REPRESENTATION_CONTEXT('2D SPACE',''
  ) );
#8911 = ORIENTED_EDGE('',*,*,#8912,.T.);
#8912 = EDGE_CURVE('',#8890,#2818,#8913,.T.);
#8913 = SURFACE_CURVE('',#8914,(#8918,#8925),.PCURVE_S1.);
#8914 = LINE('',#8915,#8916);
#8915 = CARTESIAN_POINT('',(-11.96602540378,18.725763964015,487.));
#8916 = VECTOR('',#8917,1.);
#8917 = DIRECTION('',(0.866025403784,0.5,0.));
#8918 = PCURVE('',#8741,#8919);
#8919 = DEFINITIONAL_REPRESENTATION('',(#8920),#8924);
#8920 = LINE('',#8921,#8922);
#8921 = CARTESIAN_POINT('',(1.110223024625E-16,1.));
#8922 = VECTOR('',#8923,1.);
#8923 = DIRECTION('',(-5.551115123126E-17,-1.));
#8924 = ( GEOMETRIC_REPRESENTATION_CONTEXT(2) 
PARAMETRIC_REPRESENTATION_CONTEXT() REPRESENTATION_CONTEXT('2D SPACE',''
  ) );
#8925 = PCURVE('',#2867,#8926);
#8926 = DEFINITIONAL_REPRESENTATION('',(#8927),#8931);
#8927 = LINE('',#8928,#8929);
#8928 = CARTESIAN_POINT('',(0.3,1.));
#8929 = VECTOR('',#8930,1.);
#8930 = DIRECTION('',(0.,-1.));
#8931 = ( GEOMETRIC_REPRESENTATION_CONTEXT(2) 
PARAMETRIC_REPRESENTATION_CONTEXT() REPRESENTATION_CONTEXT('2D SPACE',''
  ) );
#8932 = ORIENTED_EDGE('',*,*,#8933,.T.);
#8933 = EDGE_CURVE('',#2818,#8934,#8936,.T.);
#8934 = VERTEX_POINT('',#8935);
#8935 = CARTESIAN_POINT('',(-10.49378221735,19.575763964015,487.));
#8936 = SURFACE_CURVE('',#8937,(#8941,#8948),.PCURVE_S1.);
#8937 = LINE('',#8938,#8939);
#8938 = CARTESIAN_POINT('',(-11.96602540378,18.725763964015,487.));
#8939 = VECTOR('',#8940,1.);
#8940 = DIRECTION('',(0.866025403784,0.5,0.));
#8941 = PCURVE('',#8741,#8942);
#8942 = DEFINITIONAL_REPRESENTATION('',(#8943),#8947);
#8943 = LINE('',#8944,#8945);
#8944 = CARTESIAN_POINT('',(1.110223024625E-16,1.));
#8945 = VECTOR('',#8946,1.);
#8946 = DIRECTION('',(-5.551115123126E-17,-1.));
#8947 = ( GEOMETRIC_REPRESENTATION_CONTEXT(2) 
PARAMETRIC_REPRESENTATION_CONTEXT() REPRESENTATION_CONTEXT('2D SPACE',''
  ) );
#8948 = PCURVE('',#2834,#8949);
#8949 = DEFINITIONAL_REPRESENTATION('',(#8950),#8954);
#8950 = LINE('',#8951,#8952);
#8951 = CARTESIAN_POINT('',(0.3,1.));
#8952 = VECTOR('',#8953,1.);
#8953 = DIRECTION('',(0.,-1.));
#8954 = ( GEOMETRIC_REPRESENTATION_CONTEXT(2) 
PARAMETRIC_REPRESENTATION_CONTEXT() REPRESENTATION_CONTEXT('2D SPACE',''
  ) );
#8955 = ORIENTED_EDGE('',*,*,#8956,.T.);
#8956 = EDGE_CURVE('',#8934,#8724,#8957,.T.);
#8957 = SURFACE_CURVE('',#8958,(#8962,#8969),.PCURVE_S1.);
#8958 = LINE('',#8959,#8960);
#8959 = CARTESIAN_POINT('',(-10.49378221735,19.575763964015,487.));
#8960 = VECTOR('',#8961,1.);
#8961 = DIRECTION('',(-0.365789118252,0.633565337668,0.681757496383));
#8962 = PCURVE('',#8741,#8963);
#8963 = DEFINITIONAL_REPRESENTATION('',(#8964),#8968);
#8964 = LINE('',#8965,#8966);
#8965 = CARTESIAN_POINT('',(7.355227538142E-15,-0.7));
#8966 = VECTOR('',#8967,1.);
#8967 = DIRECTION('',(1.,0.));
#8968 = ( GEOMETRIC_REPRESENTATION_CONTEXT(2) 
PARAMETRIC_REPRESENTATION_CONTEXT() REPRESENTATION_CONTEXT('2D SPACE',''
  ) );
#8969 = PCURVE('',#2796,#8970);
#8970 = DEFINITIONAL_REPRESENTATION('',(#8971),#8975);
#8971 = LINE('',#8972,#8973);
#8972 = CARTESIAN_POINT('',(-0.,0.));
#8973 = VECTOR('',#8974,1.);
#8974 = DIRECTION('',(-0.,1.));
#8975 = ( GEOMETRIC_REPRESENTATION_CONTEXT(2) 
PARAMETRIC_REPRESENTATION_CONTEXT() REPRESENTATION_CONTEXT('2D SPACE',''
  ) );
#8976 = ORIENTED_EDGE('',*,*,#8723,.T.);
#8977 = ORIENTED_EDGE('',*,*,#8978,.T.);
#8978 = EDGE_CURVE('',#8726,#8808,#8979,.T.);
#8979 = SURFACE_CURVE('',#8980,(#8983,#8989),.PCURVE_S1.);
#8980 = B_SPLINE_CURVE_WITH_KNOTS('',1,(#8981,#8982),.UNSPECIFIED.,.F.,
  .F.,(2,2),(0.,1.),.PIECEWISE_BEZIER_KNOTS.);
#8981 = CARTESIAN_POINT('',(-11.75358983848,21.157814771583,
    488.86379928315));
#8982 = CARTESIAN_POINT('',(-38.0805129154,66.757383147772,
    537.93189964157));
#8983 = PCURVE('',#8741,#8984);
#8984 = DEFINITIONAL_REPRESENTATION('',(#8985),#8988);
#8985 = B_SPLINE_CURVE_WITH_KNOTS('',1,(#8986,#8987),.UNSPECIFIED.,.F.,
  .F.,(2,2),(0.,1.),.PIECEWISE_BEZIER_KNOTS.);
#8986 = CARTESIAN_POINT('',(2.733815606051,-0.4));
#8987 = CARTESIAN_POINT('',(74.706768773037,-0.4));
#8988 = ( GEOMETRIC_REPRESENTATION_CONTEXT(2) 
PARAMETRIC_REPRESENTATION_CONTEXT() REPRESENTATION_CONTEXT('2D SPACE',''
  ) );
#8989 = PCURVE('',#8682,#8990);
#8990 = DEFINITIONAL_REPRESENTATION('',(#8991),#8995);
#8991 = LINE('',#8992,#8993);
#8992 = CARTESIAN_POINT('',(0.,0.));
#8993 = VECTOR('',#8994,1.);
#8994 = DIRECTION('',(0.,1.));
#8995 = ( GEOMETRIC_REPRESENTATION_CONTEXT(2) 
PARAMETRIC_REPRESENTATION_CONTEXT() REPRESENTATION_CONTEXT('2D SPACE',''
  ) );
#8996 = ADVANCED_FACE('',(#8997),#8849,.T.);
#8997 = FACE_BOUND('',#8998,.T.);
#8998 = EDGE_LOOP('',(#8999,#9000,#9023,#9049,#9179));
#8999 = ORIENTED_EDGE('',*,*,#8835,.F.);
#9000 = ORIENTED_EDGE('',*,*,#9001,.T.);
#9001 = EDGE_CURVE('',#8836,#9002,#9004,.T.);
#9002 = VERTEX_POINT('',#9003);
#9003 = CARTESIAN_POINT('',(-12.96602540378,20.457814771583,
    492.86379928315));
#9004 = SURFACE_CURVE('',#9005,(#9009,#9016),.PCURVE_S1.);
#9005 = LINE('',#9006,#9007);
#9006 = CARTESIAN_POINT('',(-12.44641016151,20.757814771583,
    488.86379928315));
#9007 = VECTOR('',#9008,1.);
#9008 = DIRECTION('',(-0.128466600646,-7.417022646512E-02,0.988936352868
    ));
#9009 = PCURVE('',#8849,#9010);
#9010 = DEFINITIONAL_REPRESENTATION('',(#9011),#9015);
#9011 = LINE('',#9012,#9013);
#9012 = CARTESIAN_POINT('',(0.,0.));
#9013 = VECTOR('',#9014,1.);
#9014 = DIRECTION('',(1.,0.));
#9015 = ( GEOMETRIC_REPRESENTATION_CONTEXT(2) 
PARAMETRIC_REPRESENTATION_CONTEXT() REPRESENTATION_CONTEXT('2D SPACE',''
  ) );
#9016 = PCURVE('',#8877,#9017);
#9017 = DEFINITIONAL_REPRESENTATION('',(#9018),#9022);
#9018 = LINE('',#9019,#9020);
#9019 = CARTESIAN_POINT('',(0.,-0.));
#9020 = VECTOR('',#9021,1.);
#9021 = DIRECTION('',(0.973296613552,-0.229551088102));
#9022 = ( GEOMETRIC_REPRESENTATION_CONTEXT(2) 
PARAMETRIC_REPRESENTATION_CONTEXT() REPRESENTATION_CONTEXT('2D SPACE',''
  ) );
#9023 = ORIENTED_EDGE('',*,*,#9024,.T.);
#9024 = EDGE_CURVE('',#9002,#9025,#9027,.T.);
#9025 = VERTEX_POINT('',#9026);
#9026 = CARTESIAN_POINT('',(-38.6429484807,64.931550122853,
    540.72043010753));
#9027 = SURFACE_CURVE('',#9028,(#9031,#9038),.PCURVE_S1.);
#9028 = B_SPLINE_CURVE_WITH_KNOTS('',1,(#9029,#9030),.UNSPECIFIED.,.F.,
  .F.,(2,2),(0.,1.),.PIECEWISE_BEZIER_KNOTS.);
#9029 = CARTESIAN_POINT('',(-12.96602540378,20.457814771583,
    492.86379928315));
#9030 = CARTESIAN_POINT('',(-39.2929484807,66.057383147772,
    541.93189964157));
#9031 = PCURVE('',#8849,#9032);
#9032 = DEFINITIONAL_REPRESENTATION('',(#9033),#9037);
#9033 = LINE('',#9034,#9035);
#9034 = CARTESIAN_POINT('',(4.044749683231,0.));
#9035 = VECTOR('',#9036,1.);
#9036 = DIRECTION('',(0.,1.));
#9037 = ( GEOMETRIC_REPRESENTATION_CONTEXT(2) 
PARAMETRIC_REPRESENTATION_CONTEXT() REPRESENTATION_CONTEXT('2D SPACE',''
  ) );
#9038 = PCURVE('',#9039,#9044);
#9039 = PLANE('',#9040);
#9040 = AXIS2_PLACEMENT_3D('',#9041,#9042,#9043);
#9041 = CARTESIAN_POINT('',(-22.10077816941,36.279670676243,
    525.56374488546));
#9042 = DIRECTION('',(0.866025403784,0.5,-0.));
#9043 = DIRECTION('',(-0.,0.,-1.));
#9044 = DEFINITIONAL_REPRESENTATION('',(#9045),#9048);
#9045 = B_SPLINE_CURVE_WITH_KNOTS('',1,(#9046,#9047),.UNSPECIFIED.,.F.,
  .F.,(2,2),(0.,1.),.PIECEWISE_BEZIER_KNOTS.);
#9046 = CARTESIAN_POINT('',(32.699945602309,-18.26950553126));
#9047 = CARTESIAN_POINT('',(-16.36815475611,34.384340622577));
#9048 = ( GEOMETRIC_REPRESENTATION_CONTEXT(2) 
PARAMETRIC_REPRESENTATION_CONTEXT() REPRESENTATION_CONTEXT('2D SPACE',''
  ) );
#9049 = ORIENTED_EDGE('',*,*,#9050,.T.);
#9050 = EDGE_CURVE('',#9025,#9051,#9053,.T.);
#9051 = VERTEX_POINT('',#9052);
#9052 = CARTESIAN_POINT('',(-38.53314085957,65.341357743987,539.));
#9053 = SURFACE_CURVE('',#9054,(#9092,#9133),.PCURVE_S1.);
#9054 = B_SPLINE_CURVE_WITH_KNOTS('',8,(#9055,#9056,#9057,#9058,#9059,
    #9060,#9061,#9062,#9063,#9064,#9065,#9066,#9067,#9068,#9069,#9070,
    #9071,#9072,#9073,#9074,#9075,#9076,#9077,#9078,#9079,#9080,#9081,
    #9082,#9083,#9084,#9085,#9086,#9087,#9088,#9089,#9090,#9091),
  .UNSPECIFIED.,.F.,.F.,(9,7,7,7,7,9),(0.,6.822053939413E-02,
    0.15160105169,0.283015454365,0.519950844696,1.),.UNSPECIFIED.);
#9055 = CARTESIAN_POINT('',(-38.6429484807,64.931550122852,
    540.72043010752));
#9056 = CARTESIAN_POINT('',(-38.64724782099,64.938996798669,
    540.72844321487));
#9057 = CARTESIAN_POINT('',(-38.65145594785,64.946848692152,
    540.73486350525));
#9058 = CARTESIAN_POINT('',(-38.65546263398,64.954985524902,
    540.73930707803));
#9059 = CARTESIAN_POINT('',(-38.65918785701,64.963285521339,
    540.74158227731));
#9060 = CARTESIAN_POINT('',(-38.66258087509,64.971628418648,
    540.74167631976));
#9061 = CARTESIAN_POINT('',(-38.66561738748,64.97989865516,
    540.73972952369));
#9062 = CARTESIAN_POINT('',(-38.66829478026,64.987988737127,
    540.73599713956));
#9063 = CARTESIAN_POINT('',(-38.6734740573,65.005353268743,
    540.72444524446));
#9064 = CARTESIAN_POINT('',(-38.67581784959,65.014535294311,
    540.71587281563));
#9065 = CARTESIAN_POINT('',(-38.67772065475,65.023330815356,
    540.70552528895));
#9066 = CARTESIAN_POINT('',(-38.67924327184,65.031740029337,
    540.69378151846));
#9067 = CARTESIAN_POINT('',(-38.6804403699,65.039777492929,
    540.68094583471));
#9068 = CARTESIAN_POINT('',(-38.68135857077,65.047469440295,
    540.6672428575));
#9069 = CARTESIAN_POINT('',(-38.68203572318,65.054852303168,
    540.65281670524));
#9070 = CARTESIAN_POINT('',(-38.68323526191,65.073194330343,
    540.61396398995));
#9071 = CARTESIAN_POINT('',(-38.68344050424,65.083713706739,
    540.58866965146));
#9072 = CARTESIAN_POINT('',(-38.68323539442,65.093660362869,
    540.56226179458));
#9073 = CARTESIAN_POINT('',(-38.68268989154,65.103107347688,
    540.53499238326));
#9074 = CARTESIAN_POINT('',(-38.68185623054,65.112112013826,
    540.50704244593));
#9075 = CARTESIAN_POINT('',(-38.68077565936,65.12072519431,
    540.47854092839));
#9076 = CARTESIAN_POINT('',(-38.67947693161,65.128989155251,
    540.4495604613));
#9077 = CARTESIAN_POINT('',(-38.67528722397,65.151289041037,
    540.36708312204));
#9078 = CARTESIAN_POINT('',(-38.67196074015,65.164600687373,
    540.31269867746));
#9079 = CARTESIAN_POINT('',(-38.66814144707,65.17708134461,
    540.25733868785));
#9080 = CARTESIAN_POINT('',(-38.66390770987,65.188841846824,
    540.20121211035));
#9081 = CARTESIAN_POINT('',(-38.65931648981,65.199964220797,
    540.14446712906));
#9082 = CARTESIAN_POINT('',(-38.65441219124,65.21051588992,
    540.08721047213));
#9083 = CARTESIAN_POINT('',(-38.64922505266,65.220547157285,
    540.02950373135));
#9084 = CARTESIAN_POINT('',(-38.63274403193,65.249463345367,
    539.85362066534));
#9085 = CARTESIAN_POINT('',(-38.62065532964,65.266852929491,
    539.73426274344));
#9086 = CARTESIAN_POINT('',(-38.60772209027,65.282616517186,
    539.6137431022));
#9087 = CARTESIAN_POINT('',(-38.59404797983,65.296917883948,
    539.49229481729));
#9088 = CARTESIAN_POINT('',(-38.5797125151,65.309881919434,
    539.37009852301));
#9089 = CARTESIAN_POINT('',(-38.56476342887,65.321581306617,
    539.24726842807));
#9090 = CARTESIAN_POINT('',(-38.54923419543,65.332066252199,
    539.12388655719));
#9091 = CARTESIAN_POINT('',(-38.53314085957,65.341357743987,539.));
#9092 = PCURVE('',#8849,#9093);
#9093 = DEFINITIONAL_REPRESENTATION('',(#9094),#9132);
#9094 = B_SPLINE_CURVE_WITH_KNOTS('',8,(#9095,#9096,#9097,#9098,#9099,
    #9100,#9101,#9102,#9103,#9104,#9105,#9106,#9107,#9108,#9109,#9110,
    #9111,#9112,#9113,#9114,#9115,#9116,#9117,#9118,#9119,#9120,#9121,
    #9122,#9123,#9124,#9125,#9126,#9127,#9128,#9129,#9130,#9131),
  .UNSPECIFIED.,.F.,.F.,(9,7,7,7,7,9),(0.,6.822053939413E-02,
    0.15160105169,0.283015454365,0.519950844696,1.),.UNSPECIFIED.);
#9095 = CARTESIAN_POINT('',(4.044749683231,0.975310445581));
#9096 = CARTESIAN_POINT('',(4.044749683231,0.975473751421));
#9097 = CARTESIAN_POINT('',(4.042851334068,0.975642855927));
#9098 = CARTESIAN_POINT('',(4.038816531723,0.975814734101));
#9099 = CARTESIAN_POINT('',(4.032588558037,0.975986623145));
#9100 = CARTESIAN_POINT('',(4.024276538105,0.97615606319));
#9101 = CARTESIAN_POINT('',(4.01412811694,0.976320922773));
#9102 = CARTESIAN_POINT('',(4.002490355386,0.976479409066));
#9103 = CARTESIAN_POINT('',(3.974198138195,0.976814194942));
#9104 = CARTESIAN_POINT('',(3.956932253741,0.976987473139));
#9105 = CARTESIAN_POINT('',(3.938394606973,0.977150206688));
#9106 = CARTESIAN_POINT('',(3.918939482952,0.977302976183));
#9107 = CARTESIAN_POINT('',(3.898836979518,0.977446540181));
#9108 = CARTESIAN_POINT('',(3.878270853804,0.97758177289));
#9109 = CARTESIAN_POINT('',(3.857339272521,0.977709632933));
#9110 = CARTESIAN_POINT('',(3.802518201039,0.978022704666));
#9111 = CARTESIAN_POINT('',(3.768259554629,0.97819767134));
#9112 = CARTESIAN_POINT('',(3.733535659177,0.978359321487));
#9113 = CARTESIAN_POINT('',(3.698508721736,0.978509520912));
#9114 = CARTESIAN_POINT('',(3.663290380627,0.978649708945));
#9115 = CARTESIAN_POINT('',(3.627950106054,0.978781113354));
#9116 = CARTESIAN_POINT('',(3.592513301156,0.978904702355));
#9117 = CARTESIAN_POINT('',(3.492888850413,0.979231694873));
#9118 = CARTESIAN_POINT('',(3.428599963096,0.979419050265));
#9119 = CARTESIAN_POINT('',(3.364234961757,0.979588058236));
#9120 = CARTESIAN_POINT('',(3.299877769315,0.979741285885));
#9121 = CARTESIAN_POINT('',(3.235584449417,0.979880623254));
#9122 = CARTESIAN_POINT('',(3.171386979861,0.980007600953));
#9123 = CARTESIAN_POINT('',(3.107292343009,0.980123333488));
#9124 = CARTESIAN_POINT('',(2.913608987516,0.980442429704));
#9125 = CARTESIAN_POINT('',(2.78442025369,0.980613652902));
#9126 = CARTESIAN_POINT('',(2.65578165537,0.980750102754));
#9127 = CARTESIAN_POINT('',(2.527746385979,0.98085549421));
#9128 = CARTESIAN_POINT('',(2.400357702048,0.980932567483));
#9129 = CARTESIAN_POINT('',(2.273649301691,0.980983055241));
#9130 = CARTESIAN_POINT('',(2.147647369684,0.981008034196));
#9131 = CARTESIAN_POINT('',(2.022374841445,0.981008034196));
#9132 = ( GEOMETRIC_REPRESENTATION_CONTEXT(2) 
PARAMETRIC_REPRESENTATION_CONTEXT() REPRESENTATION_CONTEXT('2D SPACE',''
  ) );
#9133 = PCURVE('',#9134,#9139);
#9134 = CYLINDRICAL_SURFACE('',#9135,0.3);
#9135 = AXIS2_PLACEMENT_3D('',#9136,#9137,#9138);
#9136 = CARTESIAN_POINT('',(-38.38314085957,65.081550122852,537.));
#9137 = DIRECTION('',(0.,0.,1.));
#9138 = DIRECTION('',(-0.866025403784,-0.5,0.));
#9139 = DEFINITIONAL_REPRESENTATION('',(#9140),#9178);
#9140 = B_SPLINE_CURVE_WITH_KNOTS('',8,(#9141,#9142,#9143,#9144,#9145,
    #9146,#9147,#9148,#9149,#9150,#9151,#9152,#9153,#9154,#9155,#9156,
    #9157,#9158,#9159,#9160,#9161,#9162,#9163,#9164,#9165,#9166,#9167,
    #9168,#9169,#9170,#9171,#9172,#9173,#9174,#9175,#9176,#9177),
  .UNSPECIFIED.,.F.,.F.,(9,7,7,7,7,9),(0.,6.822053939413E-02,
    0.15160105169,0.283015454365,0.519950844696,1.),.UNSPECIFIED.);
#9141 = CARTESIAN_POINT('',(0.,3.720430107527));
#9142 = CARTESIAN_POINT('',(-2.866226858388E-02,3.728443214873));
#9143 = CARTESIAN_POINT('',(-5.834240076606E-02,3.734863505258));
#9144 = CARTESIAN_POINT('',(-8.854472966953E-02,3.739307078033));
#9145 = CARTESIAN_POINT('',(-0.118832152119,3.741582277314));
#9146 = CARTESIAN_POINT('',(-0.148817704878,3.741676319762));
#9147 = CARTESIAN_POINT('',(-0.178158404803,3.739729523698));
#9148 = CARTESIAN_POINT('',(-0.206551352898,3.735997139564));
#9149 = CARTESIAN_POINT('',(-0.266952959664,3.724445244461));
#9150 = CARTESIAN_POINT('',(-0.298515882788,3.715872815636));
#9151 = CARTESIAN_POINT('',(-0.328480010192,3.705525288956));
#9152 = CARTESIAN_POINT('',(-0.356936096492,3.693781518467));
#9153 = CARTESIAN_POINT('',(-0.383999099502,3.680945834717));
#9154 = CARTESIAN_POINT('',(-0.409804582887,3.667242857501));
#9155 = CARTESIAN_POINT('',(-0.434508934363,3.652816705244));
#9156 = CARTESIAN_POINT('',(-0.495779631913,3.613963989957));
#9157 = CARTESIAN_POINT('',(-0.530814221426,3.588669651462));
#9158 = CARTESIAN_POINT('',(-0.563934246885,3.562261794582));
#9159 = CARTESIAN_POINT('',(-0.595436218656,3.534992383262));
#9160 = CARTESIAN_POINT('',(-0.625546065243,3.507042445931));
#9161 = CARTESIAN_POINT('',(-0.654458516726,3.478540928395));
#9162 = CARTESIAN_POINT('',(-0.682330606847,3.4495604613));
#9163 = CARTESIAN_POINT('',(-0.757964120598,3.367083122048));
#9164 = CARTESIAN_POINT('',(-0.803620943917,3.312698677467));
#9165 = CARTESIAN_POINT('',(-0.847032919166,3.257338687854));
#9166 = CARTESIAN_POINT('',(-0.888604578081,3.201212110358));
#9167 = CARTESIAN_POINT('',(-0.928632728113,3.144467129061));
#9168 = CARTESIAN_POINT('',(-0.967361353639,3.087210472132));
#9169 = CARTESIAN_POINT('',(-1.004973176558,3.029503731357));
#9170 = CARTESIAN_POINT('',(-1.115917105224,2.85362066534));
#9171 = CARTESIAN_POINT('',(-1.186230555272,2.734262743448));
#9172 = CARTESIAN_POINT('',(-1.253852251587,2.6137431022));
#9173 = CARTESIAN_POINT('',(-1.319436933172,2.492294817292));
#9174 = CARTESIAN_POINT('',(-1.383534854929,2.370098523016));
#9175 = CARTESIAN_POINT('',(-1.446548845553,2.247268428073));
#9176 = CARTESIAN_POINT('',(-1.508853048199,2.123886557192));
#9177 = CARTESIAN_POINT('',(-1.570796326795,2.));
#9178 = ( GEOMETRIC_REPRESENTATION_CONTEXT(2) 
PARAMETRIC_REPRESENTATION_CONTEXT() REPRESENTATION_CONTEXT('2D SPACE',''
  ) );
#9179 = ORIENTED_EDGE('',*,*,#9180,.T.);
#9180 = EDGE_CURVE('',#9051,#8806,#9181,.T.);
#9181 = SURFACE_CURVE('',#9182,(#9185,#9191),.PCURVE_S1.);
#9182 = B_SPLINE_CURVE_WITH_KNOTS('',1,(#9183,#9184),.UNSPECIFIED.,.F.,
  .F.,(2,2),(0.,1.),.PIECEWISE_BEZIER_KNOTS.);
#9183 = CARTESIAN_POINT('',(-38.53314085957,65.341357743987,539.));
#9184 = CARTESIAN_POINT('',(-38.27333323843,65.491357743987,537.));
#9185 = PCURVE('',#8849,#9186);
#9186 = DEFINITIONAL_REPRESENTATION('',(#9187),#9190);
#9187 = B_SPLINE_CURVE_WITH_KNOTS('',1,(#9188,#9189),.UNSPECIFIED.,.F.,
  .F.,(2,2),(0.,1.),.PIECEWISE_BEZIER_KNOTS.);
#9188 = CARTESIAN_POINT('',(2.022374841616,0.981008035062));
#9189 = CARTESIAN_POINT('',(0.,0.981008035062));
#9190 = ( GEOMETRIC_REPRESENTATION_CONTEXT(2) 
PARAMETRIC_REPRESENTATION_CONTEXT() REPRESENTATION_CONTEXT('2D SPACE',''
  ) );
#9191 = PCURVE('',#8823,#9192);
#9192 = DEFINITIONAL_REPRESENTATION('',(#9193),#9196);
#9193 = B_SPLINE_CURVE_WITH_KNOTS('',1,(#9194,#9195),.UNSPECIFIED.,.F.,
  .F.,(2,2),(0.,1.),.PIECEWISE_BEZIER_KNOTS.);
#9194 = CARTESIAN_POINT('',(2.,0.7));
#9195 = CARTESIAN_POINT('',(0.,0.4));
#9196 = ( GEOMETRIC_REPRESENTATION_CONTEXT(2) 
PARAMETRIC_REPRESENTATION_CONTEXT() REPRESENTATION_CONTEXT('2D SPACE',''
  ) );
#9197 = ADVANCED_FACE('',(#9198),#9039,.F.);
#9198 = FACE_BOUND('',#9199,.F.);
#9199 = EDGE_LOOP('',(#9200,#9230,#9251,#9271,#9292,#9315,#9336,#9337));
#9200 = ORIENTED_EDGE('',*,*,#9201,.T.);
#9201 = EDGE_CURVE('',#9202,#9204,#9206,.T.);
#9202 = VERTEX_POINT('',#9203);
#9203 = CARTESIAN_POINT('',(-38.6429484807,64.931550122852,
    549.68860885178));
#9204 = VERTEX_POINT('',#9205);
#9205 = CARTESIAN_POINT('',(-12.0040848348,18.791684832251,
    547.70262905309));
#9206 = SURFACE_CURVE('',#9207,(#9211,#9218),.PCURVE_S1.);
#9207 = LINE('',#9208,#9209);
#9208 = CARTESIAN_POINT('',(-38.79853599797,65.20103560779,
    549.70020820791));
#9209 = VECTOR('',#9210,1.);
#9210 = DIRECTION('',(0.499652986812,-0.865424359312,-3.725011514586E-02
    ));
#9211 = PCURVE('',#9039,#9212);
#9212 = DEFINITIONAL_REPRESENTATION('',(#9213),#9217);
#9213 = LINE('',#9214,#9215);
#9214 = CARTESIAN_POINT('',(-24.13646332245,33.395515657121));
#9215 = VECTOR('',#9216,1.);
#9216 = DIRECTION('',(3.725011514586E-02,-0.999305973625));
#9217 = ( GEOMETRIC_REPRESENTATION_CONTEXT(2) 
PARAMETRIC_REPRESENTATION_CONTEXT() REPRESENTATION_CONTEXT('2D SPACE',''
  ) );
#9218 = PCURVE('',#9219,#9224);
#9219 = CYLINDRICAL_SURFACE('',#9220,0.3);
#9220 = AXIS2_PLACEMENT_3D('',#9221,#9222,#9223);
#9221 = CARTESIAN_POINT('',(-38.53872837684,65.35103560779,
    549.70020820791));
#9222 = DIRECTION('',(0.499652986812,-0.865424359312,-3.725011514586E-02
    ));
#9223 = DIRECTION('',(-0.866025403784,-0.5,0.));
#9224 = DEFINITIONAL_REPRESENTATION('',(#9225),#9229);
#9225 = LINE('',#9226,#9227);
#9226 = CARTESIAN_POINT('',(-0.,0.));
#9227 = VECTOR('',#9228,1.);
#9228 = DIRECTION('',(-0.,1.));
#9229 = ( GEOMETRIC_REPRESENTATION_CONTEXT(2) 
PARAMETRIC_REPRESENTATION_CONTEXT() REPRESENTATION_CONTEXT('2D SPACE',''
  ) );
#9230 = ORIENTED_EDGE('',*,*,#9231,.F.);
#9231 = EDGE_CURVE('',#9232,#9204,#9234,.T.);
#9232 = VERTEX_POINT('',#9233);
#9233 = CARTESIAN_POINT('',(-12.73952530903,20.065505099559,542.));
#9234 = SURFACE_CURVE('',#9235,(#9238,#9244),.PCURVE_S1.);
#9235 = B_SPLINE_CURVE_WITH_KNOTS('',1,(#9236,#9237),.UNSPECIFIED.,.F.,
  .F.,(2,2),(0.,1.),.PIECEWISE_BEZIER_KNOTS.);
#9236 = CARTESIAN_POINT('',(-12.73952530903,20.065505099559,542.));
#9237 = CARTESIAN_POINT('',(-11.97863085885,18.747597252644,547.9));
#9238 = PCURVE('',#9039,#9239);
#9239 = DEFINITIONAL_REPRESENTATION('',(#9240),#9243);
#9240 = B_SPLINE_CURVE_WITH_KNOTS('',1,(#9241,#9242),.UNSPECIFIED.,.F.,
  .F.,(2,2),(0.,1.),.PIECEWISE_BEZIER_KNOTS.);
#9241 = CARTESIAN_POINT('',(-16.43625511453,-18.72250572076));
#9242 = CARTESIAN_POINT('',(-22.33625511453,-20.24429462113));
#9243 = ( GEOMETRIC_REPRESENTATION_CONTEXT(2) 
PARAMETRIC_REPRESENTATION_CONTEXT() REPRESENTATION_CONTEXT('2D SPACE',''
  ) );
#9244 = PCURVE('',#3648,#9245);
#9245 = DEFINITIONAL_REPRESENTATION('',(#9246),#9250);
#9246 = LINE('',#9247,#9248);
#9247 = CARTESIAN_POINT('',(0.,0.));
#9248 = VECTOR('',#9249,1.);
#9249 = DIRECTION('',(0.,1.));
#9250 = ( GEOMETRIC_REPRESENTATION_CONTEXT(2) 
PARAMETRIC_REPRESENTATION_CONTEXT() REPRESENTATION_CONTEXT('2D SPACE',''
  ) );
#9251 = ORIENTED_EDGE('',*,*,#9252,.F.);
#9252 = EDGE_CURVE('',#9253,#9232,#9255,.T.);
#9253 = VERTEX_POINT('',#9254);
#9254 = CARTESIAN_POINT('',(-12.73952530903,20.065505099559,493.));
#9255 = SURFACE_CURVE('',#9256,(#9259,#9265),.PCURVE_S1.);
#9256 = B_SPLINE_CURVE_WITH_KNOTS('',1,(#9257,#9258),.UNSPECIFIED.,.F.,
  .F.,(2,2),(0.,1.),.PIECEWISE_BEZIER_KNOTS.);
#9257 = CARTESIAN_POINT('',(-12.73952530903,20.065505099559,493.));
#9258 = CARTESIAN_POINT('',(-12.73952530903,20.065505099559,542.));
#9259 = PCURVE('',#9039,#9260);
#9260 = DEFINITIONAL_REPRESENTATION('',(#9261),#9264);
#9261 = B_SPLINE_CURVE_WITH_KNOTS('',1,(#9262,#9263),.UNSPECIFIED.,.F.,
  .F.,(2,2),(0.,1.),.PIECEWISE_BEZIER_KNOTS.);
#9262 = CARTESIAN_POINT('',(32.563744885463,-18.72250572076));
#9263 = CARTESIAN_POINT('',(-16.43625511453,-18.72250572076));
#9264 = ( GEOMETRIC_REPRESENTATION_CONTEXT(2) 
PARAMETRIC_REPRESENTATION_CONTEXT() REPRESENTATION_CONTEXT('2D SPACE',''
  ) );
#9265 = PCURVE('',#3419,#9266);
#9266 = DEFINITIONAL_REPRESENTATION('',(#9267),#9270);
#9267 = B_SPLINE_CURVE_WITH_KNOTS('',1,(#9268,#9269),.UNSPECIFIED.,.F.,
  .F.,(2,2),(0.,1.),.PIECEWISE_BEZIER_KNOTS.);
#9268 = CARTESIAN_POINT('',(0.,0.));
#9269 = CARTESIAN_POINT('',(0.,49.));
#9270 = ( GEOMETRIC_REPRESENTATION_CONTEXT(2) 
PARAMETRIC_REPRESENTATION_CONTEXT() REPRESENTATION_CONTEXT('2D SPACE',''
  ) );
#9271 = ORIENTED_EDGE('',*,*,#9272,.F.);
#9272 = EDGE_CURVE('',#9273,#9253,#9275,.T.);
#9273 = VERTEX_POINT('',#9274);
#9274 = CARTESIAN_POINT('',(-12.03526128226,18.845684023241,
    487.53911412157));
#9275 = SURFACE_CURVE('',#9276,(#9279,#9285),.PCURVE_S1.);
#9276 = B_SPLINE_CURVE_WITH_KNOTS('',1,(#9277,#9278),.UNSPECIFIED.,.F.,
  .F.,(2,2),(0.,1.),.PIECEWISE_BEZIER_KNOTS.);
#9277 = CARTESIAN_POINT('',(-11.97863085885,18.747597252644,487.1));
#9278 = CARTESIAN_POINT('',(-12.73952530903,20.065505099559,493.));
#9279 = PCURVE('',#9039,#9280);
#9280 = DEFINITIONAL_REPRESENTATION('',(#9281),#9284);
#9281 = B_SPLINE_CURVE_WITH_KNOTS('',1,(#9282,#9283),.UNSPECIFIED.,.F.,
  .F.,(2,2),(0.,1.),.PIECEWISE_BEZIER_KNOTS.);
#9282 = CARTESIAN_POINT('',(38.463744885463,-20.24429462113));
#9283 = CARTESIAN_POINT('',(32.563744885463,-18.72250572076));
#9284 = ( GEOMETRIC_REPRESENTATION_CONTEXT(2) 
PARAMETRIC_REPRESENTATION_CONTEXT() REPRESENTATION_CONTEXT('2D SPACE',''
  ) );
#9285 = PCURVE('',#3266,#9286);
#9286 = DEFINITIONAL_REPRESENTATION('',(#9287),#9291);
#9287 = LINE('',#9288,#9289);
#9288 = CARTESIAN_POINT('',(0.,0.));
#9289 = VECTOR('',#9290,1.);
#9290 = DIRECTION('',(0.,1.));
#9291 = ( GEOMETRIC_REPRESENTATION_CONTEXT(2) 
PARAMETRIC_REPRESENTATION_CONTEXT() REPRESENTATION_CONTEXT('2D SPACE',''
  ) );
#9292 = ORIENTED_EDGE('',*,*,#9293,.T.);
#9293 = EDGE_CURVE('',#9273,#9294,#9296,.T.);
#9294 = VERTEX_POINT('',#9295);
#9295 = CARTESIAN_POINT('',(-12.96602540378,20.457814771583,
    489.27387162406));
#9296 = SURFACE_CURVE('',#9297,(#9301,#9308),.PCURVE_S1.);
#9297 = LINE('',#9298,#9299);
#9298 = CARTESIAN_POINT('',(-11.86376177932,18.548638170688,
    487.21947347095));
#9299 = VECTOR('',#9300,1.);
#9300 = DIRECTION('',(-0.365789118252,0.633565337668,0.681757496383));
#9301 = PCURVE('',#9039,#9302);
#9302 = DEFINITIONAL_REPRESENTATION('',(#9303),#9307);
#9303 = LINE('',#9304,#9305);
#9304 = CARTESIAN_POINT('',(38.344271414512,-20.47403278018));
#9305 = VECTOR('',#9306,1.);
#9306 = DIRECTION('',(-0.681757496383,0.731578236503));
#9307 = ( GEOMETRIC_REPRESENTATION_CONTEXT(2) 
PARAMETRIC_REPRESENTATION_CONTEXT() REPRESENTATION_CONTEXT('2D SPACE',''
  ) );
#9308 = PCURVE('',#2917,#9309);
#9309 = DEFINITIONAL_REPRESENTATION('',(#9310),#9314);
#9310 = LINE('',#9311,#9312);
#9311 = CARTESIAN_POINT('',(-0.,0.));
#9312 = VECTOR('',#9313,1.);
#9313 = DIRECTION('',(-0.,1.));
#9314 = ( GEOMETRIC_REPRESENTATION_CONTEXT(2) 
PARAMETRIC_REPRESENTATION_CONTEXT() REPRESENTATION_CONTEXT('2D SPACE',''
  ) );
#9315 = ORIENTED_EDGE('',*,*,#9316,.F.);
#9316 = EDGE_CURVE('',#9002,#9294,#9317,.T.);
#9317 = SURFACE_CURVE('',#9318,(#9322,#9329),.PCURVE_S1.);
#9318 = LINE('',#9319,#9320);
#9319 = CARTESIAN_POINT('',(-12.96602540378,20.457814771583,
    507.2137720843));
#9320 = VECTOR('',#9321,1.);
#9321 = DIRECTION('',(-0.,0.,-1.));
#9322 = PCURVE('',#9039,#9323);
#9323 = DEFINITIONAL_REPRESENTATION('',(#9324),#9328);
#9324 = LINE('',#9325,#9326);
#9325 = CARTESIAN_POINT('',(18.349972801154,-18.26950553126));
#9326 = VECTOR('',#9327,1.);
#9327 = DIRECTION('',(1.,0.));
#9328 = ( GEOMETRIC_REPRESENTATION_CONTEXT(2) 
PARAMETRIC_REPRESENTATION_CONTEXT() REPRESENTATION_CONTEXT('2D SPACE',''
  ) );
#9329 = PCURVE('',#8877,#9330);
#9330 = DEFINITIONAL_REPRESENTATION('',(#9331),#9335);
#9331 = LINE('',#9332,#9333);
#9332 = CARTESIAN_POINT('',(17.260356430063,-6.257922795169));
#9333 = VECTOR('',#9334,1.);
#9334 = DIRECTION('',(-0.928476690885,0.371390676354));
#9335 = ( GEOMETRIC_REPRESENTATION_CONTEXT(2) 
PARAMETRIC_REPRESENTATION_CONTEXT() REPRESENTATION_CONTEXT('2D SPACE',''
  ) );
#9336 = ORIENTED_EDGE('',*,*,#9024,.T.);
#9337 = ORIENTED_EDGE('',*,*,#9338,.T.);
#9338 = EDGE_CURVE('',#9025,#9202,#9339,.T.);
#9339 = SURFACE_CURVE('',#9340,(#9344,#9351),.PCURVE_S1.);
#9340 = LINE('',#9341,#9342);
#9341 = CARTESIAN_POINT('',(-38.6429484807,64.931550122852,537.));
#9342 = VECTOR('',#9343,1.);
#9343 = DIRECTION('',(0.,0.,1.));
#9344 = PCURVE('',#9039,#9345);
#9345 = DEFINITIONAL_REPRESENTATION('',(#9346),#9350);
#9346 = LINE('',#9347,#9348);
#9347 = CARTESIAN_POINT('',(-11.43625511453,33.084340622577));
#9348 = VECTOR('',#9349,1.);
#9349 = DIRECTION('',(-1.,0.));
#9350 = ( GEOMETRIC_REPRESENTATION_CONTEXT(2) 
PARAMETRIC_REPRESENTATION_CONTEXT() REPRESENTATION_CONTEXT('2D SPACE',''
  ) );
#9351 = PCURVE('',#9134,#9352);
#9352 = DEFINITIONAL_REPRESENTATION('',(#9353),#9357);
#9353 = LINE('',#9354,#9355);
#9354 = CARTESIAN_POINT('',(-0.,0.));
#9355 = VECTOR('',#9356,1.);
#9356 = DIRECTION('',(-0.,1.));
#9357 = ( GEOMETRIC_REPRESENTATION_CONTEXT(2) 
PARAMETRIC_REPRESENTATION_CONTEXT() REPRESENTATION_CONTEXT('2D SPACE',''
  ) );
#9358 = ADVANCED_FACE('',(#9359),#9219,.T.);
#9359 = FACE_BOUND('',#9360,.F.);
#9360 = EDGE_LOOP('',(#9361,#9394,#9415,#9438,#9460));
#9361 = ORIENTED_EDGE('',*,*,#9362,.T.);
#9362 = EDGE_CURVE('',#9202,#9363,#9365,.T.);
#9363 = VERTEX_POINT('',#9364);
#9364 = CARTESIAN_POINT('',(-38.53314085957,65.341357743987,550.));
#9365 = SURFACE_CURVE('',#9366,(#9371,#9383),.PCURVE_S1.);
#9366 = ELLIPSE('',#9367,0.432393856554,0.3);
#9367 = AXIS2_PLACEMENT_3D('',#9368,#9369,#9370);
#9368 = CARTESIAN_POINT('',(-38.38314085957,65.081550122852,
    549.68860885178));
#9369 = DIRECTION('',(-0.360078136511,0.623673627132,-0.693811892682));
#9370 = DIRECTION('',(-0.346905946341,0.60085872451,0.720156273022));
#9371 = PCURVE('',#9219,#9372);
#9372 = DEFINITIONAL_REPRESENTATION('',(#9373),#9382);
#9373 = B_SPLINE_CURVE_WITH_KNOTS('',7,(#9374,#9375,#9376,#9377,#9378,
    #9379,#9380,#9381),.UNSPECIFIED.,.F.,.F.,(8,8),(4.712390558434,
    6.28318530718),.PIECEWISE_BEZIER_KNOTS.);
#9374 = CARTESIAN_POINT('',(-1.578049477758E-06,0.311390656823));
#9375 = CARTESIAN_POINT('',(-0.22440082787,0.241514716763));
#9376 = CARTESIAN_POINT('',(-0.448800077692,0.171639089307));
#9377 = CARTESIAN_POINT('',(-0.673199327511,0.107508570845));
#9378 = CARTESIAN_POINT('',(-0.897598577333,5.487868578805E-02));
#9379 = CARTESIAN_POINT('',(-1.121997827153,1.829377986171E-02));
#9380 = CARTESIAN_POINT('',(-1.346397076974,0.));
#9381 = CARTESIAN_POINT('',(-1.570796326795,0.));
#9382 = ( GEOMETRIC_REPRESENTATION_CONTEXT(2) 
PARAMETRIC_REPRESENTATION_CONTEXT() REPRESENTATION_CONTEXT('2D SPACE',''
  ) );
#9383 = PCURVE('',#9134,#9384);
#9384 = DEFINITIONAL_REPRESENTATION('',(#9385),#9393);
#9385 = B_SPLINE_CURVE_WITH_KNOTS('',6,(#9386,#9387,#9388,#9389,#9390,
    #9391,#9392),.UNSPECIFIED.,.F.,.F.,(7,7),(4.712390558434,
    6.28318530718),.PIECEWISE_BEZIER_KNOTS.);
#9386 = CARTESIAN_POINT('',(-1.578049146356E-06,12.688609343177));
#9387 = CARTESIAN_POINT('',(-0.26180070284,12.770131273247));
#9388 = CARTESIAN_POINT('',(-0.523598612542,12.851647024294));
#9389 = CARTESIAN_POINT('',(-0.78539914216,12.923144883643));
#9390 = CARTESIAN_POINT('',(-1.047199022249,12.974395166164));
#9391 = CARTESIAN_POINT('',(-1.308997202004,13.));
#9392 = CARTESIAN_POINT('',(-1.570796326795,13.));
#9393 = ( GEOMETRIC_REPRESENTATION_CONTEXT(2) 
PARAMETRIC_REPRESENTATION_CONTEXT() REPRESENTATION_CONTEXT('2D SPACE',''
  ) );
#9394 = ORIENTED_EDGE('',*,*,#9395,.T.);
#9395 = EDGE_CURVE('',#9363,#3840,#9396,.T.);
#9396 = SURFACE_CURVE('',#9397,(#9401,#9408),.PCURVE_S1.);
#9397 = LINE('',#9398,#9399);
#9398 = CARTESIAN_POINT('',(-38.53314085957,65.341357743987,550.));
#9399 = VECTOR('',#9400,1.);
#9400 = DIRECTION('',(0.499652986812,-0.865424359312,-3.725011514586E-02
    ));
#9401 = PCURVE('',#9219,#9402);
#9402 = DEFINITIONAL_REPRESENTATION('',(#9403),#9407);
#9403 = LINE('',#9404,#9405);
#9404 = CARTESIAN_POINT('',(-1.570796326795,0.));
#9405 = VECTOR('',#9406,1.);
#9406 = DIRECTION('',(-0.,1.));
#9407 = ( GEOMETRIC_REPRESENTATION_CONTEXT(2) 
PARAMETRIC_REPRESENTATION_CONTEXT() REPRESENTATION_CONTEXT('2D SPACE',''
  ) );
#9408 = PCURVE('',#3904,#9409);
#9409 = DEFINITIONAL_REPRESENTATION('',(#9410),#9414);
#9410 = LINE('',#9411,#9412);
#9411 = CARTESIAN_POINT('',(-3.10862446895E-15,0.7));
#9412 = VECTOR('',#9413,1.);
#9413 = DIRECTION('',(1.,0.));
#9414 = ( GEOMETRIC_REPRESENTATION_CONTEXT(2) 
PARAMETRIC_REPRESENTATION_CONTEXT() REPRESENTATION_CONTEXT('2D SPACE',''
  ) );
#9415 = ORIENTED_EDGE('',*,*,#9416,.F.);
#9416 = EDGE_CURVE('',#9417,#3840,#9419,.T.);
#9417 = VERTEX_POINT('',#9418);
#9418 = CARTESIAN_POINT('',(-11.97161292105,18.735441827818,
    547.70020820791));
#9419 = SURFACE_CURVE('',#9420,(#9425,#9432),.PCURVE_S1.);
#9420 = CIRCLE('',#9421,0.3);
#9421 = AXIS2_PLACEMENT_3D('',#9422,#9423,#9424);
#9422 = CARTESIAN_POINT('',(-11.71180529992,18.885441827818,
    547.70020820791));
#9423 = DIRECTION('',(-0.499652986812,0.865424359312,3.725011514586E-02)
  );
#9424 = DIRECTION('',(-0.866025403784,-0.5,0.));
#9425 = PCURVE('',#9219,#9426);
#9426 = DEFINITIONAL_REPRESENTATION('',(#9427),#9431);
#9427 = LINE('',#9428,#9429);
#9428 = CARTESIAN_POINT('',(-0.,53.69110919976));
#9429 = VECTOR('',#9430,1.);
#9430 = DIRECTION('',(-1.,0.));
#9431 = ( GEOMETRIC_REPRESENTATION_CONTEXT(2) 
PARAMETRIC_REPRESENTATION_CONTEXT() REPRESENTATION_CONTEXT('2D SPACE',''
  ) );
#9432 = PCURVE('',#3867,#9433);
#9433 = DEFINITIONAL_REPRESENTATION('',(#9434),#9437);
#9434 = B_SPLINE_CURVE_WITH_KNOTS('',1,(#9435,#9436),.UNSPECIFIED.,.F.,
  .F.,(2,2),(0.,1.570796326795),.PIECEWISE_BEZIER_KNOTS.);
#9435 = CARTESIAN_POINT('',(0.,0.));
#9436 = CARTESIAN_POINT('',(-1.570796326795,0.));
#9437 = ( GEOMETRIC_REPRESENTATION_CONTEXT(2) 
PARAMETRIC_REPRESENTATION_CONTEXT() REPRESENTATION_CONTEXT('2D SPACE',''
  ) );
#9438 = ORIENTED_EDGE('',*,*,#9439,.F.);
#9439 = EDGE_CURVE('',#9204,#9417,#9440,.T.);
#9440 = SURFACE_CURVE('',#9441,(#9445,#9452),.PCURVE_S1.);
#9441 = LINE('',#9442,#9443);
#9442 = CARTESIAN_POINT('',(-38.79853599797,65.20103560779,
    549.70020820791));
#9443 = VECTOR('',#9444,1.);
#9444 = DIRECTION('',(0.499652986812,-0.865424359312,-3.725011514586E-02
    ));
#9445 = PCURVE('',#9219,#9446);
#9446 = DEFINITIONAL_REPRESENTATION('',(#9447),#9451);
#9447 = LINE('',#9448,#9449);
#9448 = CARTESIAN_POINT('',(-0.,0.));
#9449 = VECTOR('',#9450,1.);
#9450 = DIRECTION('',(-0.,1.));
#9451 = ( GEOMETRIC_REPRESENTATION_CONTEXT(2) 
PARAMETRIC_REPRESENTATION_CONTEXT() REPRESENTATION_CONTEXT('2D SPACE',''
  ) );
#9452 = PCURVE('',#3824,#9453);
#9453 = DEFINITIONAL_REPRESENTATION('',(#9454),#9459);
#9454 = B_SPLINE_CURVE_WITH_KNOTS('',3,(#9455,#9456,#9457,#9458),
  .UNSPECIFIED.,.F.,.F.,(4,4),(53.626120268229,53.69110919976),
  .PIECEWISE_BEZIER_KNOTS.);
#9455 = CARTESIAN_POINT('',(1.769738834666,0.966547297135));
#9456 = CARTESIAN_POINT('',(1.640314270615,0.966410526221));
#9457 = CARTESIAN_POINT('',(1.511160114313,0.966273755306));
#9458 = CARTESIAN_POINT('',(1.382274677912,0.966136984392));
#9459 = ( GEOMETRIC_REPRESENTATION_CONTEXT(2) 
PARAMETRIC_REPRESENTATION_CONTEXT() REPRESENTATION_CONTEXT('2D SPACE',''
  ) );
#9460 = ORIENTED_EDGE('',*,*,#9201,.F.);
#9461 = ADVANCED_FACE('',(#9462),#9134,.T.);
#9462 = FACE_BOUND('',#9463,.F.);
#9463 = EDGE_LOOP('',(#9464,#9465,#9466,#9487));
#9464 = ORIENTED_EDGE('',*,*,#9338,.F.);
#9465 = ORIENTED_EDGE('',*,*,#9050,.T.);
#9466 = ORIENTED_EDGE('',*,*,#9467,.T.);
#9467 = EDGE_CURVE('',#9051,#9363,#9468,.T.);
#9468 = SURFACE_CURVE('',#9469,(#9473,#9480),.PCURVE_S1.);
#9469 = LINE('',#9470,#9471);
#9470 = CARTESIAN_POINT('',(-38.53314085957,65.341357743987,537.));
#9471 = VECTOR('',#9472,1.);
#9472 = DIRECTION('',(0.,0.,1.));
#9473 = PCURVE('',#9134,#9474);
#9474 = DEFINITIONAL_REPRESENTATION('',(#9475),#9479);
#9475 = LINE('',#9476,#9477);
#9476 = CARTESIAN_POINT('',(-1.570796326795,0.));
#9477 = VECTOR('',#9478,1.);
#9478 = DIRECTION('',(-0.,1.));
#9479 = ( GEOMETRIC_REPRESENTATION_CONTEXT(2) 
PARAMETRIC_REPRESENTATION_CONTEXT() REPRESENTATION_CONTEXT('2D SPACE',''
  ) );
#9480 = PCURVE('',#8823,#9481);
#9481 = DEFINITIONAL_REPRESENTATION('',(#9482),#9486);
#9482 = LINE('',#9483,#9484);
#9483 = CARTESIAN_POINT('',(0.,0.7));
#9484 = VECTOR('',#9485,1.);
#9485 = DIRECTION('',(1.,0.));
#9486 = ( GEOMETRIC_REPRESENTATION_CONTEXT(2) 
PARAMETRIC_REPRESENTATION_CONTEXT() REPRESENTATION_CONTEXT('2D SPACE',''
  ) );
#9487 = ORIENTED_EDGE('',*,*,#9362,.F.);
#9488 = ADVANCED_FACE('',(#9489),#8877,.F.);
#9489 = FACE_BOUND('',#9490,.F.);
#9490 = EDGE_LOOP('',(#9491,#9492,#9493,#9494));
#9491 = ORIENTED_EDGE('',*,*,#8861,.T.);
#9492 = ORIENTED_EDGE('',*,*,#9001,.T.);
#9493 = ORIENTED_EDGE('',*,*,#9316,.T.);
#9494 = ORIENTED_EDGE('',*,*,#9495,.T.);
#9495 = EDGE_CURVE('',#9294,#8862,#9496,.T.);
#9496 = SURFACE_CURVE('',#9497,(#9502,#9509),.PCURVE_S1.);
#9497 = ELLIPSE('',#9498,0.410072340908,0.3);
#9498 = AXIS2_PLACEMENT_3D('',#9499,#9500,#9501);
#9499 = CARTESIAN_POINT('',(-12.70621778264,20.607814771583,
    489.27387162406));
#9500 = DIRECTION('',(0.5,-0.866025403784,0.));
#9501 = DIRECTION('',(0.,0.,1.));
#9502 = PCURVE('',#8877,#9503);
#9503 = DEFINITIONAL_REPRESENTATION('',(#9504),#9508);
#9504 = ELLIPSE('',#9505,0.410072340908,0.3);
#9505 = AXIS2_PLACEMENT_2D('',#9506,#9507);
#9506 = CARTESIAN_POINT('',(0.492159813016,0.126245963222));
#9507 = DIRECTION('',(0.928476690885,-0.371390676354));
#9508 = ( GEOMETRIC_REPRESENTATION_CONTEXT(2) 
PARAMETRIC_REPRESENTATION_CONTEXT() REPRESENTATION_CONTEXT('2D SPACE',''
  ) );
#9509 = PCURVE('',#2917,#9510);
#9510 = DEFINITIONAL_REPRESENTATION('',(#9511),#9520);
#9511 = B_SPLINE_CURVE_WITH_KNOTS('',7,(#9512,#9513,#9514,#9515,#9516,
    #9517,#9518,#9519),.UNSPECIFIED.,.F.,.F.,(8,8),(1.570796326795,
    3.14159265359),.PIECEWISE_BEZIER_KNOTS.);
#9512 = CARTESIAN_POINT('',(1.891820033961E-13,3.013385498524));
#9513 = CARTESIAN_POINT('',(-0.224399475256,2.950650161355));
#9514 = CARTESIAN_POINT('',(-0.448798950511,2.887915078929));
#9515 = CARTESIAN_POINT('',(-0.673198425771,2.830337998846));
#9516 = CARTESIAN_POINT('',(-0.897597901023,2.783086303682));
#9517 = CARTESIAN_POINT('',(-1.121997376283,2.750239966135));
#9518 = CARTESIAN_POINT('',(-1.346396851538,2.733815606051));
#9519 = CARTESIAN_POINT('',(-1.570796326795,2.733815606051));
#9520 = ( GEOMETRIC_REPRESENTATION_CONTEXT(2) 
PARAMETRIC_REPRESENTATION_CONTEXT() REPRESENTATION_CONTEXT('2D SPACE',''
  ) );
#9521 = ADVANCED_FACE('',(#9522),#8823,.F.);
#9522 = FACE_BOUND('',#9523,.F.);
#9523 = EDGE_LOOP('',(#9524,#9547,#9548,#9549,#9550,#9570));
#9524 = ORIENTED_EDGE('',*,*,#9525,.F.);
#9525 = EDGE_CURVE('',#9363,#9526,#9528,.T.);
#9526 = VERTEX_POINT('',#9527);
#9527 = CARTESIAN_POINT('',(-37.32070529427,66.041357743987,550.));
#9528 = SURFACE_CURVE('',#9529,(#9533,#9540),.PCURVE_S1.);
#9529 = LINE('',#9530,#9531);
#9530 = CARTESIAN_POINT('',(-38.7929484807,65.191357743987,550.));
#9531 = VECTOR('',#9532,1.);
#9532 = DIRECTION('',(0.866025403784,0.5,0.));
#9533 = PCURVE('',#8823,#9534);
#9534 = DEFINITIONAL_REPRESENTATION('',(#9535),#9539);
#9535 = LINE('',#9536,#9537);
#9536 = CARTESIAN_POINT('',(13.,1.));
#9537 = VECTOR('',#9538,1.);
#9538 = DIRECTION('',(0.,-1.));
#9539 = ( GEOMETRIC_REPRESENTATION_CONTEXT(2) 
PARAMETRIC_REPRESENTATION_CONTEXT() REPRESENTATION_CONTEXT('2D SPACE',''
  ) );
#9540 = PCURVE('',#3904,#9541);
#9541 = DEFINITIONAL_REPRESENTATION('',(#9542),#9546);
#9542 = LINE('',#9543,#9544);
#9543 = CARTESIAN_POINT('',(-9.436895709314E-16,1.));
#9544 = VECTOR('',#9545,1.);
#9545 = DIRECTION('',(1.291476043589E-19,-1.));
#9546 = ( GEOMETRIC_REPRESENTATION_CONTEXT(2) 
PARAMETRIC_REPRESENTATION_CONTEXT() REPRESENTATION_CONTEXT('2D SPACE',''
  ) );
#9547 = ORIENTED_EDGE('',*,*,#9467,.F.);
#9548 = ORIENTED_EDGE('',*,*,#9180,.T.);
#9549 = ORIENTED_EDGE('',*,*,#8805,.T.);
#9550 = ORIENTED_EDGE('',*,*,#9551,.F.);
#9551 = EDGE_CURVE('',#9552,#8808,#9554,.T.);
#9552 = VERTEX_POINT('',#9553);
#9553 = CARTESIAN_POINT('',(-37.32070529427,66.041357743987,539.));
#9554 = SURFACE_CURVE('',#9555,(#9558,#9564),.PCURVE_S1.);
#9555 = B_SPLINE_CURVE_WITH_KNOTS('',1,(#9556,#9557),.UNSPECIFIED.,.F.,
  .F.,(2,2),(0.,1.),.PIECEWISE_BEZIER_KNOTS.);
#9556 = CARTESIAN_POINT('',(-37.32070529427,66.041357743987,539.));
#9557 = CARTESIAN_POINT('',(-37.5805129154,65.891357743987,537.));
#9558 = PCURVE('',#8823,#9559);
#9559 = DEFINITIONAL_REPRESENTATION('',(#9560),#9563);
#9560 = B_SPLINE_CURVE_WITH_KNOTS('',1,(#9561,#9562),.UNSPECIFIED.,.F.,
  .F.,(2,2),(0.,1.),.PIECEWISE_BEZIER_KNOTS.);
#9561 = CARTESIAN_POINT('',(2.,-0.7));
#9562 = CARTESIAN_POINT('',(0.,-0.4));
#9563 = ( GEOMETRIC_REPRESENTATION_CONTEXT(2) 
PARAMETRIC_REPRESENTATION_CONTEXT() REPRESENTATION_CONTEXT('2D SPACE',''
  ) );
#9564 = PCURVE('',#8682,#9565);
#9565 = DEFINITIONAL_REPRESENTATION('',(#9566),#9569);
#9566 = B_SPLINE_CURVE_WITH_KNOTS('',1,(#9567,#9568),.UNSPECIFIED.,.F.,
  .F.,(2,2),(0.,1.),.PIECEWISE_BEZIER_KNOTS.);
#9567 = CARTESIAN_POINT('',(2.022374841616,0.981008035062));
#9568 = CARTESIAN_POINT('',(0.,0.981008035062));
#9569 = ( GEOMETRIC_REPRESENTATION_CONTEXT(2) 
PARAMETRIC_REPRESENTATION_CONTEXT() REPRESENTATION_CONTEXT('2D SPACE',''
  ) );
#9570 = ORIENTED_EDGE('',*,*,#9571,.T.);
#9571 = EDGE_CURVE('',#9552,#9526,#9572,.T.);
#9572 = SURFACE_CURVE('',#9573,(#9577,#9584),.PCURVE_S1.);
#9573 = LINE('',#9574,#9575);
#9574 = CARTESIAN_POINT('',(-37.32070529427,66.041357743987,537.));
#9575 = VECTOR('',#9576,1.);
#9576 = DIRECTION('',(0.,0.,1.));
#9577 = PCURVE('',#8823,#9578);
#9578 = DEFINITIONAL_REPRESENTATION('',(#9579),#9583);
#9579 = LINE('',#9580,#9581);
#9580 = CARTESIAN_POINT('',(0.,-0.7));
#9581 = VECTOR('',#9582,1.);
#9582 = DIRECTION('',(1.,0.));
#9583 = ( GEOMETRIC_REPRESENTATION_CONTEXT(2) 
PARAMETRIC_REPRESENTATION_CONTEXT() REPRESENTATION_CONTEXT('2D SPACE',''
  ) );
#9584 = PCURVE('',#8708,#9585);
#9585 = DEFINITIONAL_REPRESENTATION('',(#9586),#9590);
#9586 = LINE('',#9587,#9588);
#9587 = CARTESIAN_POINT('',(-0.,0.));
#9588 = VECTOR('',#9589,1.);
#9589 = DIRECTION('',(-0.,1.));
#9590 = ( GEOMETRIC_REPRESENTATION_CONTEXT(2) 
PARAMETRIC_REPRESENTATION_CONTEXT() REPRESENTATION_CONTEXT('2D SPACE',''
  ) );
#9591 = ADVANCED_FACE('',(#9592),#8682,.F.);
#9592 = FACE_BOUND('',#9593,.F.);
#9593 = EDGE_LOOP('',(#9594,#9595,#9596,#9597,#9720));
#9594 = ORIENTED_EDGE('',*,*,#8978,.F.);
#9595 = ORIENTED_EDGE('',*,*,#8753,.T.);
#9596 = ORIENTED_EDGE('',*,*,#8668,.T.);
#9597 = ORIENTED_EDGE('',*,*,#9598,.T.);
#9598 = EDGE_CURVE('',#8669,#9552,#9599,.T.);
#9599 = SURFACE_CURVE('',#9600,(#9638,#9679),.PCURVE_S1.);
#9600 = B_SPLINE_CURVE_WITH_KNOTS('',8,(#9601,#9602,#9603,#9604,#9605,
    #9606,#9607,#9608,#9609,#9610,#9611,#9612,#9613,#9614,#9615,#9616,
    #9617,#9618,#9619,#9620,#9621,#9622,#9623,#9624,#9625,#9626,#9627,
    #9628,#9629,#9630,#9631,#9632,#9633,#9634,#9635,#9636,#9637),
  .UNSPECIFIED.,.F.,.F.,(9,7,7,7,7,9),(0.,6.822054187608E-02,
    0.15160105395,0.283015456274,0.519950845974,1.),.UNSPECIFIED.);
#9601 = CARTESIAN_POINT('',(-36.91089767177,65.931550120491,
    540.72043010498));
#9602 = CARTESIAN_POINT('',(-36.91519701213,65.93899679658,
    540.7284432131));
#9603 = CARTESIAN_POINT('',(-36.91989288802,65.946567088392,
    540.7348635042));
#9604 = CARTESIAN_POINT('',(-36.92493624897,65.95410539706,
    540.73930707757));
#9605 = CARTESIAN_POINT('',(-36.93026164539,65.96148153339,
    540.74158227729));
#9606 = CARTESIAN_POINT('',(-36.93579029757,65.968591422222,
    540.74167631999));
#9607 = CARTESIAN_POINT('',(-36.94143427651,65.975356237644,
    540.73972952399));
#9608 = CARTESIAN_POINT('',(-36.94710179686,65.981719969062,
    540.73599713976));
#9609 = CARTESIAN_POINT('',(-36.95955028406,65.994887620598,
    540.72444524446));
#9610 = CARTESIAN_POINT('',(-36.96633025531,66.001508417045,
    540.71587281563));
#9611 = CARTESIAN_POINT('',(-36.9729959974,66.007554055172,
    540.70552528895));
#9612 = CARTESIAN_POINT('',(-36.97951728178,66.013077287245,
    540.69378151846));
#9613 = CARTESIAN_POINT('',(-36.98587938041,66.018132736372,
    540.68094583471));
#9614 = CARTESIAN_POINT('',(-36.99208170179,66.022773895334,
    540.6672428575));
#9615 = CARTESIAN_POINT('',(-36.99813687239,66.02705175796,
    540.65281670524));
#9616 = CARTESIAN_POINT('',(-37.01342176452,66.03726160256,
    540.61396398995));
#9617 = CARTESIAN_POINT('',(-37.02242919054,66.042699035831,
    540.58866965146));
#9618 = CARTESIAN_POINT('',(-37.03114580234,66.047494733582,
    540.56226179458));
#9619 = CARTESIAN_POINT('',(-37.03959988263,66.051745806636,
    540.53499238326));
#9620 = CARTESIAN_POINT('',(-37.04781498275,66.055526168103,
    540.50704244593));
#9621 = CARTESIAN_POINT('',(-37.05581450145,66.058896956251,
    540.47854092839));
#9622 = CARTESIAN_POINT('',(-37.06362066543,66.061904205502,
    540.4495604613));
#9623 = CARTESIAN_POINT('',(-37.08502778685,66.069425755142,
    540.36708312204));
#9624 = CARTESIAN_POINT('',(-37.09821925265,66.073200758815,
    540.31269867746));
#9625 = CARTESIAN_POINT('',(-37.11093746542,66.076133482601,
    540.25733868785));
#9626 = CARTESIAN_POINT('',(-37.12323922769,66.078347209738,
    540.20121211035));
#9627 = CARTESIAN_POINT('',(-37.13516709614,66.079932283518,
    540.14446712906));
#9628 = CARTESIAN_POINT('',(-37.14675725893,66.08096087093,
    540.08721047213));
#9629 = CARTESIAN_POINT('',(-37.15803816059,66.081484310833,
    540.02950373135));
#9630 = CARTESIAN_POINT('',(-37.19132082442,66.081669422237,
    539.85362066534));
#9631 = CARTESIAN_POINT('',(-37.21242499717,66.079895091022,
    539.73426274344));
#9632 = CARTESIAN_POINT('',(-37.23254328426,66.076576371021,
    539.61374310219));
#9633 = CARTESIAN_POINT('',(-37.2517656864,66.07188492739,
    539.49229481729));
#9634 = CARTESIAN_POINT('',(-37.27016060284,66.065952068497,
    539.37009852301));
#9635 = CARTESIAN_POINT('',(-37.28776711246,66.058855473652,
    539.24726842807));
#9636 = CARTESIAN_POINT('',(-37.30461195841,66.050649235777,
    539.12388655719));
#9637 = CARTESIAN_POINT('',(-37.32070529427,66.041357743987,539.));
#9638 = PCURVE('',#8682,#9639);
#9639 = DEFINITIONAL_REPRESENTATION('',(#9640),#9678);
#9640 = B_SPLINE_CURVE_WITH_KNOTS('',8,(#9641,#9642,#9643,#9644,#9645,
    #9646,#9647,#9648,#9649,#9650,#9651,#9652,#9653,#9654,#9655,#9656,
    #9657,#9658,#9659,#9660,#9661,#9662,#9663,#9664,#9665,#9666,#9667,
    #9668,#9669,#9670,#9671,#9672,#9673,#9674,#9675,#9676,#9677),
  .UNSPECIFIED.,.F.,.F.,(9,7,7,7,7,9),(0.,6.822054187608E-02,
    0.15160105395,0.283015456274,0.519950845974,1.),.UNSPECIFIED.);
#9641 = CARTESIAN_POINT('',(4.044749683231,0.975310445529));
#9642 = CARTESIAN_POINT('',(4.044749683758,0.975473751374));
#9643 = CARTESIAN_POINT('',(4.042851335022,0.975642855886));
#9644 = CARTESIAN_POINT('',(4.038816532953,0.975814734067));
#9645 = CARTESIAN_POINT('',(4.032588559356,0.975986623118));
#9646 = CARTESIAN_POINT('',(4.024276539316,0.97615606317));
#9647 = CARTESIAN_POINT('',(4.014128117861,0.97632092276));
#9648 = CARTESIAN_POINT('',(4.002490355883,0.97647940906));
#9649 = CARTESIAN_POINT('',(3.974198138195,0.976814194942));
#9650 = CARTESIAN_POINT('',(3.956932253741,0.976987473139));
#9651 = CARTESIAN_POINT('',(3.938394606973,0.977150206688));
#9652 = CARTESIAN_POINT('',(3.918939482952,0.977302976183));
#9653 = CARTESIAN_POINT('',(3.898836979518,0.977446540181));
#9654 = CARTESIAN_POINT('',(3.878270853804,0.97758177289));
#9655 = CARTESIAN_POINT('',(3.857339272521,0.977709632933));
#9656 = CARTESIAN_POINT('',(3.802518201038,0.978022704666));
#9657 = CARTESIAN_POINT('',(3.76825955463,0.97819767134));
#9658 = CARTESIAN_POINT('',(3.733535659177,0.978359321487));
#9659 = CARTESIAN_POINT('',(3.698508721736,0.978509520912));
#9660 = CARTESIAN_POINT('',(3.663290380628,0.978649708945));
#9661 = CARTESIAN_POINT('',(3.627950106053,0.978781113354));
#9662 = CARTESIAN_POINT('',(3.592513301156,0.978904702355));
#9663 = CARTESIAN_POINT('',(3.492888850413,0.979231694873));
#9664 = CARTESIAN_POINT('',(3.428599963095,0.979419050265));
#9665 = CARTESIAN_POINT('',(3.364234961758,0.979588058236));
#9666 = CARTESIAN_POINT('',(3.299877769315,0.979741285885));
#9667 = CARTESIAN_POINT('',(3.235584449417,0.979880623254));
#9668 = CARTESIAN_POINT('',(3.171386979861,0.980007600953));
#9669 = CARTESIAN_POINT('',(3.107292343009,0.980123333488));
#9670 = CARTESIAN_POINT('',(2.913608987516,0.980442429704));
#9671 = CARTESIAN_POINT('',(2.784420253691,0.980613652902));
#9672 = CARTESIAN_POINT('',(2.655781655367,0.980750102754));
#9673 = CARTESIAN_POINT('',(2.527746385983,0.98085549421));
#9674 = CARTESIAN_POINT('',(2.400357702045,0.980932567483));
#9675 = CARTESIAN_POINT('',(2.273649301693,0.980983055241));
#9676 = CARTESIAN_POINT('',(2.147647369683,0.981008034196));
#9677 = CARTESIAN_POINT('',(2.022374841445,0.981008034196));
#9678 = ( GEOMETRIC_REPRESENTATION_CONTEXT(2) 
PARAMETRIC_REPRESENTATION_CONTEXT() REPRESENTATION_CONTEXT('2D SPACE',''
  ) );
#9679 = PCURVE('',#8708,#9680);
#9680 = DEFINITIONAL_REPRESENTATION('',(#9681),#9719);
#9681 = B_SPLINE_CURVE_WITH_KNOTS('',8,(#9682,#9683,#9684,#9685,#9686,
    #9687,#9688,#9689,#9690,#9691,#9692,#9693,#9694,#9695,#9696,#9697,
    #9698,#9699,#9700,#9701,#9702,#9703,#9704,#9705,#9706,#9707,#9708,
    #9709,#9710,#9711,#9712,#9713,#9714,#9715,#9716,#9717,#9718),
  .UNSPECIFIED.,.F.,.F.,(9,7,7,7,7,9),(0.,6.822054187608E-02,
    0.15160105395,0.283015456274,0.519950845974,1.),.UNSPECIFIED.);
#9682 = CARTESIAN_POINT('',(-1.570796335883,3.720430104986));
#9683 = CARTESIAN_POINT('',(-1.542134066403,3.728443213104));
#9684 = CARTESIAN_POINT('',(-1.51245393318,3.734863504204));
#9685 = CARTESIAN_POINT('',(-1.482251603122,3.739307077579));
#9686 = CARTESIAN_POINT('',(-1.451964179439,3.741582277298));
#9687 = CARTESIAN_POINT('',(-1.421978625413,3.741676319996));
#9688 = CARTESIAN_POINT('',(-1.392637924237,3.739729523995));
#9689 = CARTESIAN_POINT('',(-1.364244974958,3.735997139767));
#9690 = CARTESIAN_POINT('',(-1.303843367131,3.724445244461));
#9691 = CARTESIAN_POINT('',(-1.272280444007,3.715872815636));
#9692 = CARTESIAN_POINT('',(-1.242316316603,3.705525288956));
#9693 = CARTESIAN_POINT('',(-1.213860230303,3.693781518467));
#9694 = CARTESIAN_POINT('',(-1.186797227293,3.680945834717));
#9695 = CARTESIAN_POINT('',(-1.160991743908,3.667242857501));
#9696 = CARTESIAN_POINT('',(-1.136287392432,3.652816705244));
#9697 = CARTESIAN_POINT('',(-1.075016694882,3.613963989957));
#9698 = CARTESIAN_POINT('',(-1.03998210537,3.588669651463));
#9699 = CARTESIAN_POINT('',(-1.006862079909,3.562261794582));
#9700 = CARTESIAN_POINT('',(-0.975360108138,3.534992383262));
#9701 = CARTESIAN_POINT('',(-0.945250261553,3.507042445931));
#9702 = CARTESIAN_POINT('',(-0.916337810069,3.478540928394));
#9703 = CARTESIAN_POINT('',(-0.888465719948,3.4495604613));
#9704 = CARTESIAN_POINT('',(-0.812832206197,3.367083122048));
#9705 = CARTESIAN_POINT('',(-0.767175382878,3.312698677467));
#9706 = CARTESIAN_POINT('',(-0.723763407629,3.257338687855));
#9707 = CARTESIAN_POINT('',(-0.682191748714,3.201212110358));
#9708 = CARTESIAN_POINT('',(-0.642163598682,3.14446712906));
#9709 = CARTESIAN_POINT('',(-0.603434973156,3.087210472132));
#9710 = CARTESIAN_POINT('',(-0.565823150237,3.029503731357));
#9711 = CARTESIAN_POINT('',(-0.454879221571,2.85362066534));
#9712 = CARTESIAN_POINT('',(-0.384565771524,2.734262743449));
#9713 = CARTESIAN_POINT('',(-0.316944075206,2.613743102197));
#9714 = CARTESIAN_POINT('',(-0.251359393627,2.492294817295));
#9715 = CARTESIAN_POINT('',(-0.187261471864,2.370098523014));
#9716 = CARTESIAN_POINT('',(-0.124247481243,2.247268428074));
#9717 = CARTESIAN_POINT('',(-6.19432785955E-02,2.123886557192));
#9718 = CARTESIAN_POINT('',(0.,2.));
#9719 = ( GEOMETRIC_REPRESENTATION_CONTEXT(2) 
PARAMETRIC_REPRESENTATION_CONTEXT() REPRESENTATION_CONTEXT('2D SPACE',''
  ) );
#9720 = ORIENTED_EDGE('',*,*,#9551,.T.);
#9721 = ADVANCED_FACE('',(#9722),#8708,.T.);
#9722 = FACE_BOUND('',#9723,.F.);
#9723 = EDGE_LOOP('',(#9724,#9725,#9726,#9727));
#9724 = ORIENTED_EDGE('',*,*,#9571,.F.);
#9725 = ORIENTED_EDGE('',*,*,#9598,.F.);
#9726 = ORIENTED_EDGE('',*,*,#8694,.T.);
#9727 = ORIENTED_EDGE('',*,*,#9728,.F.);
#9728 = EDGE_CURVE('',#9526,#8548,#9729,.T.);
#9729 = SURFACE_CURVE('',#9730,(#9735,#9747),.PCURVE_S1.);
#9730 = ELLIPSE('',#9731,0.432393856554,0.3);
#9731 = AXIS2_PLACEMENT_3D('',#9732,#9733,#9734);
#9732 = CARTESIAN_POINT('',(-37.17070529427,65.781550122852,
    549.68860885178));
#9733 = DIRECTION('',(-0.360078136511,0.623673627132,-0.693811892682));
#9734 = DIRECTION('',(0.346905946341,-0.60085872451,-0.720156273022));
#9735 = PCURVE('',#8708,#9736);
#9736 = DEFINITIONAL_REPRESENTATION('',(#9737),#9746);
#9737 = B_SPLINE_CURVE_WITH_KNOTS('',7,(#9738,#9739,#9740,#9741,#9742,
    #9743,#9744,#9745),.UNSPECIFIED.,.F.,.F.,(8,8),(3.14159265359,
    4.712387402336),.PIECEWISE_BEZIER_KNOTS.);
#9738 = CARTESIAN_POINT('',(0.,13.));
#9739 = CARTESIAN_POINT('',(-0.224399249821,13.));
#9740 = CARTESIAN_POINT('',(-0.448798499642,12.981706220136));
#9741 = CARTESIAN_POINT('',(-0.673197749462,12.945121314218));
#9742 = CARTESIAN_POINT('',(-0.897596999284,12.892491429151));
#9743 = CARTESIAN_POINT('',(-1.121996249104,12.828360910694));
#9744 = CARTESIAN_POINT('',(-1.346395498925,12.758485283237));
#9745 = CARTESIAN_POINT('',(-1.570794748746,12.688609343177));
#9746 = ( GEOMETRIC_REPRESENTATION_CONTEXT(2) 
PARAMETRIC_REPRESENTATION_CONTEXT() REPRESENTATION_CONTEXT('2D SPACE',''
  ) );
#9747 = PCURVE('',#8563,#9748);
#9748 = DEFINITIONAL_REPRESENTATION('',(#9749),#9758);
#9749 = B_SPLINE_CURVE_WITH_KNOTS('',7,(#9750,#9751,#9752,#9753,#9754,
    #9755,#9756,#9757),.UNSPECIFIED.,.F.,.F.,(8,8),(3.14159265359,
    4.712387402336),.PIECEWISE_BEZIER_KNOTS.);
#9750 = CARTESIAN_POINT('',(0.,0.));
#9751 = CARTESIAN_POINT('',(-0.224399249821,8.557334633189E-18));
#9752 = CARTESIAN_POINT('',(-0.448798499642,1.82937798617E-02));
#9753 = CARTESIAN_POINT('',(-0.673197749462,5.487868578805E-02));
#9754 = CARTESIAN_POINT('',(-0.897596999284,0.107508570845));
#9755 = CARTESIAN_POINT('',(-1.121996249103,0.171639089307));
#9756 = CARTESIAN_POINT('',(-1.346395498925,0.241514716763));
#9757 = CARTESIAN_POINT('',(-1.570794748745,0.311390656823));
#9758 = ( GEOMETRIC_REPRESENTATION_CONTEXT(2) 
PARAMETRIC_REPRESENTATION_CONTEXT() REPRESENTATION_CONTEXT('2D SPACE',''
  ) );
#9759 = ADVANCED_FACE('',(#9760),#8563,.T.);
#9760 = FACE_BOUND('',#9761,.F.);
#9761 = EDGE_LOOP('',(#9762,#9763,#9764,#9788,#9809));
#9762 = ORIENTED_EDGE('',*,*,#9728,.T.);
#9763 = ORIENTED_EDGE('',*,*,#8547,.T.);
#9764 = ORIENTED_EDGE('',*,*,#9765,.T.);
#9765 = EDGE_CURVE('',#8453,#9766,#9768,.T.);
#9766 = VERTEX_POINT('',#9767);
#9767 = CARTESIAN_POINT('',(-10.23956211348,19.735441827818,
    547.70020820791));
#9768 = SURFACE_CURVE('',#9769,(#9773,#9780),.PCURVE_S1.);
#9769 = LINE('',#9770,#9771);
#9770 = CARTESIAN_POINT('',(-37.06648519041,66.20103560779,
    549.70020820791));
#9771 = VECTOR('',#9772,1.);
#9772 = DIRECTION('',(0.499652986812,-0.865424359312,-3.725011514586E-02
    ));
#9773 = PCURVE('',#8563,#9774);
#9774 = DEFINITIONAL_REPRESENTATION('',(#9775),#9779);
#9775 = LINE('',#9776,#9777);
#9776 = CARTESIAN_POINT('',(-1.570796326795,0.));
#9777 = VECTOR('',#9778,1.);
#9778 = DIRECTION('',(-0.,1.));
#9779 = ( GEOMETRIC_REPRESENTATION_CONTEXT(2) 
PARAMETRIC_REPRESENTATION_CONTEXT() REPRESENTATION_CONTEXT('2D SPACE',''
  ) );
#9780 = PCURVE('',#3984,#9781);
#9781 = DEFINITIONAL_REPRESENTATION('',(#9782),#9787);
#9782 = B_SPLINE_CURVE_WITH_KNOTS('',3,(#9783,#9784,#9785,#9786),
  .UNSPECIFIED.,.F.,.F.,(4,4),(53.626120268229,53.69110919976),
  .PIECEWISE_BEZIER_KNOTS.);
#9783 = CARTESIAN_POINT('',(1.769738834666,0.966547297135));
#9784 = CARTESIAN_POINT('',(1.640314270615,0.966410526221));
#9785 = CARTESIAN_POINT('',(1.511160114313,0.966273755306));
#9786 = CARTESIAN_POINT('',(1.382274677912,0.966136984392));
#9787 = ( GEOMETRIC_REPRESENTATION_CONTEXT(2) 
PARAMETRIC_REPRESENTATION_CONTEXT() REPRESENTATION_CONTEXT('2D SPACE',''
  ) );
#9788 = ORIENTED_EDGE('',*,*,#9789,.F.);
#9789 = EDGE_CURVE('',#3886,#9766,#9790,.T.);
#9790 = SURFACE_CURVE('',#9791,(#9796,#9803),.PCURVE_S1.);
#9791 = CIRCLE('',#9792,0.3);
#9792 = AXIS2_PLACEMENT_3D('',#9793,#9794,#9795);
#9793 = CARTESIAN_POINT('',(-10.49936973462,19.585441827818,
    547.70020820791));
#9794 = DIRECTION('',(-0.499652986812,0.865424359312,3.725011514586E-02)
  );
#9795 = DIRECTION('',(1.862505757293E-02,-3.225954601021E-02,
    0.999305973625));
#9796 = PCURVE('',#8563,#9797);
#9797 = DEFINITIONAL_REPRESENTATION('',(#9798),#9802);
#9798 = LINE('',#9799,#9800);
#9799 = CARTESIAN_POINT('',(-0.,53.69110919976));
#9800 = VECTOR('',#9801,1.);
#9801 = DIRECTION('',(-1.,0.));
#9802 = ( GEOMETRIC_REPRESENTATION_CONTEXT(2) 
PARAMETRIC_REPRESENTATION_CONTEXT() REPRESENTATION_CONTEXT('2D SPACE',''
  ) );
#9803 = PCURVE('',#3944,#9804);
#9804 = DEFINITIONAL_REPRESENTATION('',(#9805),#9808);
#9805 = B_SPLINE_CURVE_WITH_KNOTS('',1,(#9806,#9807),.UNSPECIFIED.,.F.,
  .F.,(2,2),(0.,1.570796326795),.PIECEWISE_BEZIER_KNOTS.);
#9806 = CARTESIAN_POINT('',(0.,0.));
#9807 = CARTESIAN_POINT('',(-1.570796326795,0.));
#9808 = ( GEOMETRIC_REPRESENTATION_CONTEXT(2) 
PARAMETRIC_REPRESENTATION_CONTEXT() REPRESENTATION_CONTEXT('2D SPACE',''
  ) );
#9809 = ORIENTED_EDGE('',*,*,#9810,.F.);
#9810 = EDGE_CURVE('',#9526,#3886,#9811,.T.);
#9811 = SURFACE_CURVE('',#9812,(#9816,#9823),.PCURVE_S1.);
#9812 = LINE('',#9813,#9814);
#9813 = CARTESIAN_POINT('',(-37.32070529427,66.041357743987,550.));
#9814 = VECTOR('',#9815,1.);
#9815 = DIRECTION('',(0.499652986812,-0.865424359312,-3.725011514586E-02
    ));
#9816 = PCURVE('',#8563,#9817);
#9817 = DEFINITIONAL_REPRESENTATION('',(#9818),#9822);
#9818 = LINE('',#9819,#9820);
#9819 = CARTESIAN_POINT('',(-0.,0.));
#9820 = VECTOR('',#9821,1.);
#9821 = DIRECTION('',(-0.,1.));
#9822 = ( GEOMETRIC_REPRESENTATION_CONTEXT(2) 
PARAMETRIC_REPRESENTATION_CONTEXT() REPRESENTATION_CONTEXT('2D SPACE',''
  ) );
#9823 = PCURVE('',#3904,#9824);
#9824 = DEFINITIONAL_REPRESENTATION('',(#9825),#9829);
#9825 = LINE('',#9826,#9827);
#9826 = CARTESIAN_POINT('',(3.10862446895E-15,-0.7));
#9827 = VECTOR('',#9828,1.);
#9828 = DIRECTION('',(1.,0.));
#9829 = ( GEOMETRIC_REPRESENTATION_CONTEXT(2) 
PARAMETRIC_REPRESENTATION_CONTEXT() REPRESENTATION_CONTEXT('2D SPACE',''
  ) );
#9830 = ADVANCED_FACE('',(#9831),#4016,.T.);
#9831 = FACE_BOUND('',#9832,.T.);
#9832 = EDGE_LOOP('',(#9833,#9853,#9854));
#9833 = ORIENTED_EDGE('',*,*,#9834,.F.);
#9834 = EDGE_CURVE('',#3963,#8501,#9835,.T.);
#9835 = SURFACE_CURVE('',#9836,(#9840,#9847),.PCURVE_S1.);
#9836 = LINE('',#9837,#9838);
#9837 = CARTESIAN_POINT('',(-10.12260508413,19.532866310674,547.9));
#9838 = VECTOR('',#9839,1.);
#9839 = DIRECTION('',(-0.5,0.866025403784,0.));
#9840 = PCURVE('',#4016,#9841);
#9841 = DEFINITIONAL_REPRESENTATION('',(#9842),#9846);
#9842 = LINE('',#9843,#9844);
#9843 = CARTESIAN_POINT('',(5.E-02,0.247949934299));
#9844 = VECTOR('',#9845,1.);
#9845 = DIRECTION('',(0.,-1.));
#9846 = ( GEOMETRIC_REPRESENTATION_CONTEXT(2) 
PARAMETRIC_REPRESENTATION_CONTEXT() REPRESENTATION_CONTEXT('2D SPACE',''
  ) );
#9847 = PCURVE('',#3984,#9848);
#9848 = DEFINITIONAL_REPRESENTATION('',(#9849),#9852);
#9849 = B_SPLINE_CURVE_WITH_KNOTS('',1,(#9850,#9851),.UNSPECIFIED.,.F.,
  .F.,(2,2),(0.,0.247949934299),.PIECEWISE_BEZIER_KNOTS.);
#9850 = CARTESIAN_POINT('',(0.,1.));
#9851 = CARTESIAN_POINT('',(1.769738834666,1.));
#9852 = ( GEOMETRIC_REPRESENTATION_CONTEXT(2) 
PARAMETRIC_REPRESENTATION_CONTEXT() REPRESENTATION_CONTEXT('2D SPACE',''
  ) );
#9853 = ORIENTED_EDGE('',*,*,#3999,.T.);
#9854 = ORIENTED_EDGE('',*,*,#8500,.F.);
#9855 = ADVANCED_FACE('',(#9856),#3984,.F.);
#9856 = FACE_BOUND('',#9857,.F.);
#9857 = EDGE_LOOP('',(#9858,#9859,#9880,#9881,#9882));
#9858 = ORIENTED_EDGE('',*,*,#3962,.F.);
#9859 = ORIENTED_EDGE('',*,*,#9860,.F.);
#9860 = EDGE_CURVE('',#9766,#3917,#9861,.T.);
#9861 = SURFACE_CURVE('',#9862,(#9866,#9873),.PCURVE_S1.);
#9862 = LINE('',#9863,#9864);
#9863 = CARTESIAN_POINT('',(-10.23397459621,19.725763964015,547.7));
#9864 = VECTOR('',#9865,1.);
#9865 = DIRECTION('',(0.5,-0.866025403784,0.));
#9866 = PCURVE('',#3984,#9867);
#9867 = DEFINITIONAL_REPRESENTATION('',(#9868),#9872);
#9868 = B_SPLINE_CURVE_WITH_KNOTS('',2,(#9869,#9870,#9871),
  .UNSPECIFIED.,.F.,.F.,(3,3),(0.,0.222739024164),
  .PIECEWISE_BEZIER_KNOTS.);
#9869 = CARTESIAN_POINT('',(1.316001758537,0.966101694915));
#9870 = CARTESIAN_POINT('',(0.658000879269,0.966101694915));
#9871 = CARTESIAN_POINT('',(0.,0.966101694915));
#9872 = ( GEOMETRIC_REPRESENTATION_CONTEXT(2) 
PARAMETRIC_REPRESENTATION_CONTEXT() REPRESENTATION_CONTEXT('2D SPACE',''
  ) );
#9873 = PCURVE('',#3944,#9874);
#9874 = DEFINITIONAL_REPRESENTATION('',(#9875),#9879);
#9875 = LINE('',#9876,#9877);
#9876 = CARTESIAN_POINT('',(-1.570796326795,0.));
#9877 = VECTOR('',#9878,1.);
#9878 = DIRECTION('',(-0.,1.));
#9879 = ( GEOMETRIC_REPRESENTATION_CONTEXT(2) 
PARAMETRIC_REPRESENTATION_CONTEXT() REPRESENTATION_CONTEXT('2D SPACE',''
  ) );
#9880 = ORIENTED_EDGE('',*,*,#9765,.F.);
#9881 = ORIENTED_EDGE('',*,*,#8524,.T.);
#9882 = ORIENTED_EDGE('',*,*,#9834,.F.);
#9883 = ADVANCED_FACE('',(#9884),#3944,.T.);
#9884 = FACE_BOUND('',#9885,.F.);
#9885 = EDGE_LOOP('',(#9886,#9887,#9888));
#9886 = ORIENTED_EDGE('',*,*,#3916,.F.);
#9887 = ORIENTED_EDGE('',*,*,#9789,.T.);
#9888 = ORIENTED_EDGE('',*,*,#9860,.T.);
#9889 = ADVANCED_FACE('',(#9890),#3904,.F.);
#9890 = FACE_BOUND('',#9891,.F.);
#9891 = EDGE_LOOP('',(#9892,#9893,#9894,#9895));
#9892 = ORIENTED_EDGE('',*,*,#3885,.T.);
#9893 = ORIENTED_EDGE('',*,*,#9395,.F.);
#9894 = ORIENTED_EDGE('',*,*,#9525,.T.);
#9895 = ORIENTED_EDGE('',*,*,#9810,.T.);
#9896 = ADVANCED_FACE('',(#9897),#3867,.T.);
#9897 = FACE_BOUND('',#9898,.F.);
#9898 = EDGE_LOOP('',(#9899,#9920,#9921));
#9899 = ORIENTED_EDGE('',*,*,#9900,.F.);
#9900 = EDGE_CURVE('',#9417,#3803,#9901,.T.);
#9901 = SURFACE_CURVE('',#9902,(#9906,#9913),.PCURVE_S1.);
#9902 = LINE('',#9903,#9904);
#9903 = CARTESIAN_POINT('',(-11.96602540378,18.725763964015,547.7));
#9904 = VECTOR('',#9905,1.);
#9905 = DIRECTION('',(0.5,-0.866025403784,0.));
#9906 = PCURVE('',#3867,#9907);
#9907 = DEFINITIONAL_REPRESENTATION('',(#9908),#9912);
#9908 = LINE('',#9909,#9910);
#9909 = CARTESIAN_POINT('',(-0.,0.));
#9910 = VECTOR('',#9911,1.);
#9911 = DIRECTION('',(-0.,1.));
#9912 = ( GEOMETRIC_REPRESENTATION_CONTEXT(2) 
PARAMETRIC_REPRESENTATION_CONTEXT() REPRESENTATION_CONTEXT('2D SPACE',''
  ) );
#9913 = PCURVE('',#3824,#9914);
#9914 = DEFINITIONAL_REPRESENTATION('',(#9915),#9919);
#9915 = B_SPLINE_CURVE_WITH_KNOTS('',2,(#9916,#9917,#9918),
  .UNSPECIFIED.,.F.,.F.,(3,3),(0.,0.222739024164),
  .PIECEWISE_BEZIER_KNOTS.);
#9916 = CARTESIAN_POINT('',(1.316001758537,0.966101694915));
#9917 = CARTESIAN_POINT('',(0.658000879269,0.966101694915));
#9918 = CARTESIAN_POINT('',(0.,0.966101694915));
#9919 = ( GEOMETRIC_REPRESENTATION_CONTEXT(2) 
PARAMETRIC_REPRESENTATION_CONTEXT() REPRESENTATION_CONTEXT('2D SPACE',''
  ) );
#9920 = ORIENTED_EDGE('',*,*,#9416,.T.);
#9921 = ORIENTED_EDGE('',*,*,#3839,.F.);
#9922 = ADVANCED_FACE('',(#9923),#3824,.T.);
#9923 = FACE_BOUND('',#9924,.T.);
#9924 = EDGE_LOOP('',(#9925,#9926,#9927,#9928,#9950));
#9925 = ORIENTED_EDGE('',*,*,#3802,.F.);
#9926 = ORIENTED_EDGE('',*,*,#9900,.F.);
#9927 = ORIENTED_EDGE('',*,*,#9439,.F.);
#9928 = ORIENTED_EDGE('',*,*,#9929,.T.);
#9929 = EDGE_CURVE('',#9204,#9930,#9932,.T.);
#9930 = VERTEX_POINT('',#9931);
#9931 = CARTESIAN_POINT('',(-11.97863085885,18.747597252644,547.9));
#9932 = SURFACE_CURVE('',#9933,(#9936,#9943),.PCURVE_S1.);
#9933 = B_SPLINE_CURVE_WITH_KNOTS('',1,(#9934,#9935),.UNSPECIFIED.,.F.,
  .F.,(2,2),(0.,1.),.PIECEWISE_BEZIER_KNOTS.);
#9934 = CARTESIAN_POINT('',(-12.73952530903,20.065505099559,542.));
#9935 = CARTESIAN_POINT('',(-11.97863085885,18.747597252644,547.9));
#9936 = PCURVE('',#3824,#9937);
#9937 = DEFINITIONAL_REPRESENTATION('',(#9938),#9942);
#9938 = LINE('',#9939,#9940);
#9939 = CARTESIAN_POINT('',(1.769738834666,0.));
#9940 = VECTOR('',#9941,1.);
#9941 = DIRECTION('',(0.,1.));
#9942 = ( GEOMETRIC_REPRESENTATION_CONTEXT(2) 
PARAMETRIC_REPRESENTATION_CONTEXT() REPRESENTATION_CONTEXT('2D SPACE',''
  ) );
#9943 = PCURVE('',#3648,#9944);
#9944 = DEFINITIONAL_REPRESENTATION('',(#9945),#9949);
#9945 = LINE('',#9946,#9947);
#9946 = CARTESIAN_POINT('',(0.,0.));
#9947 = VECTOR('',#9948,1.);
#9948 = DIRECTION('',(0.,1.));
#9949 = ( GEOMETRIC_REPRESENTATION_CONTEXT(2) 
PARAMETRIC_REPRESENTATION_CONTEXT() REPRESENTATION_CONTEXT('2D SPACE',''
  ) );
#9950 = ORIENTED_EDGE('',*,*,#9951,.F.);
#9951 = EDGE_CURVE('',#3774,#9930,#9952,.T.);
#9952 = SURFACE_CURVE('',#9953,(#9957,#9963),.PCURVE_S1.);
#9953 = LINE('',#9954,#9955);
#9954 = CARTESIAN_POINT('',(-11.8546558917,18.532866310674,547.9));
#9955 = VECTOR('',#9956,1.);
#9956 = DIRECTION('',(-0.5,0.866025403784,0.));
#9957 = PCURVE('',#3824,#9958);
#9958 = DEFINITIONAL_REPRESENTATION('',(#9959),#9962);
#9959 = B_SPLINE_CURVE_WITH_KNOTS('',1,(#9960,#9961),.UNSPECIFIED.,.F.,
  .F.,(2,2),(0.,0.247949934299),.PIECEWISE_BEZIER_KNOTS.);
#9960 = CARTESIAN_POINT('',(0.,1.));
#9961 = CARTESIAN_POINT('',(1.769738834666,1.));
#9962 = ( GEOMETRIC_REPRESENTATION_CONTEXT(2) 
PARAMETRIC_REPRESENTATION_CONTEXT() REPRESENTATION_CONTEXT('2D SPACE',''
  ) );
#9963 = PCURVE('',#3790,#9964);
#9964 = DEFINITIONAL_REPRESENTATION('',(#9965),#9969);
#9965 = LINE('',#9966,#9967);
#9966 = CARTESIAN_POINT('',(5.E-02,0.247949934299));
#9967 = VECTOR('',#9968,1.);
#9968 = DIRECTION('',(0.,-1.));
#9969 = ( GEOMETRIC_REPRESENTATION_CONTEXT(2) 
PARAMETRIC_REPRESENTATION_CONTEXT() REPRESENTATION_CONTEXT('2D SPACE',''
  ) );
#9970 = ADVANCED_FACE('',(#9971),#3790,.F.);
#9971 = FACE_BOUND('',#9972,.F.);
#9972 = EDGE_LOOP('',(#9973,#9974,#9975));
#9973 = ORIENTED_EDGE('',*,*,#9951,.F.);
#9974 = ORIENTED_EDGE('',*,*,#3773,.F.);
#9975 = ORIENTED_EDGE('',*,*,#9976,.F.);
#9976 = EDGE_CURVE('',#9930,#3431,#9977,.T.);
#9977 = SURFACE_CURVE('',#9978,(#9983,#9990),.PCURVE_S1.);
#9978 = CIRCLE('',#9979,5.E-02);
#9979 = AXIS2_PLACEMENT_3D('',#9980,#9981,#9982);
#9980 = CARTESIAN_POINT('',(-12.02193212904,18.722597252644,547.9));
#9981 = DIRECTION('',(0.,0.,-1.));
#9982 = DIRECTION('',(0.866025403784,0.5,0.));
#9983 = PCURVE('',#3790,#9984);
#9984 = DEFINITIONAL_REPRESENTATION('',(#9985),#9989);
#9985 = CIRCLE('',#9986,5.E-02);
#9986 = AXIS2_PLACEMENT_2D('',#9987,#9988);
#9987 = CARTESIAN_POINT('',(0.,0.));
#9988 = DIRECTION('',(1.,0.));
#9989 = ( GEOMETRIC_REPRESENTATION_CONTEXT(2) 
PARAMETRIC_REPRESENTATION_CONTEXT() REPRESENTATION_CONTEXT('2D SPACE',''
  ) );
#9990 = PCURVE('',#3648,#9991);
#9991 = DEFINITIONAL_REPRESENTATION('',(#9992),#9996);
#9992 = LINE('',#9993,#9994);
#9993 = CARTESIAN_POINT('',(0.,1.));
#9994 = VECTOR('',#9995,1.);
#9995 = DIRECTION('',(1.,0.));
#9996 = ( GEOMETRIC_REPRESENTATION_CONTEXT(2) 
PARAMETRIC_REPRESENTATION_CONTEXT() REPRESENTATION_CONTEXT('2D SPACE',''
  ) );
#9997 = ADVANCED_FACE('',(#9998),#3648,.T.);
#9998 = FACE_BOUND('',#9999,.T.);
#9999 = EDGE_LOOP('',(#10000,#10001,#10022,#10023,#10024));
#10000 = ORIENTED_EDGE('',*,*,#9231,.F.);
#10001 = ORIENTED_EDGE('',*,*,#10002,.T.);
#10002 = EDGE_CURVE('',#9232,#3402,#10003,.T.);
#10003 = SURFACE_CURVE('',#10004,(#10009,#10015),.PCURVE_S1.);
#10004 = CIRCLE('',#10005,1.7);
#10005 = AXIS2_PLACEMENT_3D('',#10006,#10007,#10008);
#10006 = CARTESIAN_POINT('',(-14.21176849546,19.215505099559,542.));
#10007 = DIRECTION('',(0.,0.,-1.));
#10008 = DIRECTION('',(0.866025403784,0.5,0.));
#10009 = PCURVE('',#3648,#10010);
#10010 = DEFINITIONAL_REPRESENTATION('',(#10011),#10014);
#10011 = B_SPLINE_CURVE_WITH_KNOTS('',1,(#10012,#10013),.UNSPECIFIED.,
  .F.,.F.,(2,2),(0.,1.457583928998),.PIECEWISE_BEZIER_KNOTS.);
#10012 = CARTESIAN_POINT('',(0.,0.));
#10013 = CARTESIAN_POINT('',(1.523587782319,0.));
#10014 = ( GEOMETRIC_REPRESENTATION_CONTEXT(2) 
PARAMETRIC_REPRESENTATION_CONTEXT() REPRESENTATION_CONTEXT('2D SPACE',''
  ) );
#10015 = PCURVE('',#3419,#10016);
#10016 = DEFINITIONAL_REPRESENTATION('',(#10017),#10021);
#10017 = LINE('',#10018,#10019);
#10018 = CARTESIAN_POINT('',(-0.,49.));
#10019 = VECTOR('',#10020,1.);
#10020 = DIRECTION('',(-1.,0.));
#10021 = ( GEOMETRIC_REPRESENTATION_CONTEXT(2) 
PARAMETRIC_REPRESENTATION_CONTEXT() REPRESENTATION_CONTEXT('2D SPACE',''
  ) );
#10022 = ORIENTED_EDGE('',*,*,#3430,.F.);
#10023 = ORIENTED_EDGE('',*,*,#9976,.F.);
#10024 = ORIENTED_EDGE('',*,*,#9929,.F.);
#10025 = ADVANCED_FACE('',(#10026),#3419,.F.);
#10026 = FACE_BOUND('',#10027,.T.);
#10027 = EDGE_LOOP('',(#10028,#10049,#10050,#10051));
#10028 = ORIENTED_EDGE('',*,*,#10029,.T.);
#10029 = EDGE_CURVE('',#9253,#3029,#10030,.T.);
#10030 = SURFACE_CURVE('',#10031,(#10036,#10043),.PCURVE_S1.);
#10031 = CIRCLE('',#10032,1.7);
#10032 = AXIS2_PLACEMENT_3D('',#10033,#10034,#10035);
#10033 = CARTESIAN_POINT('',(-14.21176849546,19.215505099559,493.));
#10034 = DIRECTION('',(0.,0.,-1.));
#10035 = DIRECTION('',(0.866025403784,0.5,0.));
#10036 = PCURVE('',#3419,#10037);
#10037 = DEFINITIONAL_REPRESENTATION('',(#10038),#10042);
#10038 = LINE('',#10039,#10040);
#10039 = CARTESIAN_POINT('',(-0.,0.));
#10040 = VECTOR('',#10041,1.);
#10041 = DIRECTION('',(-1.,0.));
#10042 = ( GEOMETRIC_REPRESENTATION_CONTEXT(2) 
PARAMETRIC_REPRESENTATION_CONTEXT() REPRESENTATION_CONTEXT('2D SPACE',''
  ) );
#10043 = PCURVE('',#3266,#10044);
#10044 = DEFINITIONAL_REPRESENTATION('',(#10045),#10048);
#10045 = B_SPLINE_CURVE_WITH_KNOTS('',1,(#10046,#10047),.UNSPECIFIED.,
  .F.,.F.,(2,2),(0.,1.457583928998),.PIECEWISE_BEZIER_KNOTS.);
#10046 = CARTESIAN_POINT('',(0.,1.));
#10047 = CARTESIAN_POINT('',(1.523587782319,1.));
#10048 = ( GEOMETRIC_REPRESENTATION_CONTEXT(2) 
PARAMETRIC_REPRESENTATION_CONTEXT() REPRESENTATION_CONTEXT('2D SPACE',''
  ) );
#10049 = ORIENTED_EDGE('',*,*,#3401,.T.);
#10050 = ORIENTED_EDGE('',*,*,#10002,.F.);
#10051 = ORIENTED_EDGE('',*,*,#9252,.F.);
#10052 = ADVANCED_FACE('',(#10053),#3266,.T.);
#10053 = FACE_BOUND('',#10054,.T.);
#10054 = EDGE_LOOP('',(#10055,#10077,#10099,#10100,#10101));
#10055 = ORIENTED_EDGE('',*,*,#10056,.F.);
#10056 = EDGE_CURVE('',#10057,#9273,#10059,.T.);
#10057 = VERTEX_POINT('',#10058);
#10058 = CARTESIAN_POINT('',(-11.97863085885,18.747597252644,487.1));
#10059 = SURFACE_CURVE('',#10060,(#10063,#10070),.PCURVE_S1.);
#10060 = B_SPLINE_CURVE_WITH_KNOTS('',1,(#10061,#10062),.UNSPECIFIED.,
  .F.,.F.,(2,2),(0.,1.),.PIECEWISE_BEZIER_KNOTS.);
#10061 = CARTESIAN_POINT('',(-11.97863085885,18.747597252644,487.1));
#10062 = CARTESIAN_POINT('',(-12.73952530903,20.065505099559,493.));
#10063 = PCURVE('',#3266,#10064);
#10064 = DEFINITIONAL_REPRESENTATION('',(#10065),#10069);
#10065 = LINE('',#10066,#10067);
#10066 = CARTESIAN_POINT('',(0.,0.));
#10067 = VECTOR('',#10068,1.);
#10068 = DIRECTION('',(0.,1.));
#10069 = ( GEOMETRIC_REPRESENTATION_CONTEXT(2) 
PARAMETRIC_REPRESENTATION_CONTEXT() REPRESENTATION_CONTEXT('2D SPACE',''
  ) );
#10070 = PCURVE('',#2976,#10071);
#10071 = DEFINITIONAL_REPRESENTATION('',(#10072),#10076);
#10072 = LINE('',#10073,#10074);
#10073 = CARTESIAN_POINT('',(1.769738834666,0.));
#10074 = VECTOR('',#10075,1.);
#10075 = DIRECTION('',(0.,1.));
#10076 = ( GEOMETRIC_REPRESENTATION_CONTEXT(2) 
PARAMETRIC_REPRESENTATION_CONTEXT() REPRESENTATION_CONTEXT('2D SPACE',''
  ) );
#10077 = ORIENTED_EDGE('',*,*,#10078,.T.);
#10078 = EDGE_CURVE('',#10057,#3000,#10079,.T.);
#10079 = SURFACE_CURVE('',#10080,(#10085,#10092),.PCURVE_S1.);
#10080 = CIRCLE('',#10081,5.E-02);
#10081 = AXIS2_PLACEMENT_3D('',#10082,#10083,#10084);
#10082 = CARTESIAN_POINT('',(-12.02193212904,18.722597252644,487.1));
#10083 = DIRECTION('',(0.,0.,-1.));
#10084 = DIRECTION('',(0.866025403784,0.5,0.));
#10085 = PCURVE('',#3266,#10086);
#10086 = DEFINITIONAL_REPRESENTATION('',(#10087),#10091);
#10087 = LINE('',#10088,#10089);
#10088 = CARTESIAN_POINT('',(0.,0.));
#10089 = VECTOR('',#10090,1.);
#10090 = DIRECTION('',(1.,0.));
#10091 = ( GEOMETRIC_REPRESENTATION_CONTEXT(2) 
PARAMETRIC_REPRESENTATION_CONTEXT() REPRESENTATION_CONTEXT('2D SPACE',''
  ) );
#10092 = PCURVE('',#3016,#10093);
#10093 = DEFINITIONAL_REPRESENTATION('',(#10094),#10098);
#10094 = CIRCLE('',#10095,5.E-02);
#10095 = AXIS2_PLACEMENT_2D('',#10096,#10097);
#10096 = CARTESIAN_POINT('',(22.250000006495,-6.394884621841E-14));
#10097 = DIRECTION('',(-4.719101123571E-02,0.998885883602));
#10098 = ( GEOMETRIC_REPRESENTATION_CONTEXT(2) 
PARAMETRIC_REPRESENTATION_CONTEXT() REPRESENTATION_CONTEXT('2D SPACE',''
  ) );
#10099 = ORIENTED_EDGE('',*,*,#3028,.F.);
#10100 = ORIENTED_EDGE('',*,*,#10029,.F.);
#10101 = ORIENTED_EDGE('',*,*,#9272,.F.);
#10102 = ADVANCED_FACE('',(#10103),#3016,.T.);
#10103 = FACE_BOUND('',#10104,.T.);
#10104 = EDGE_LOOP('',(#10105,#10125,#10126));
#10105 = ORIENTED_EDGE('',*,*,#10106,.F.);
#10106 = EDGE_CURVE('',#2939,#10057,#10107,.T.);
#10107 = SURFACE_CURVE('',#10108,(#10112,#10119),.PCURVE_S1.);
#10108 = LINE('',#10109,#10110);
#10109 = CARTESIAN_POINT('',(-11.8546558917,18.532866310674,487.1));
#10110 = VECTOR('',#10111,1.);
#10111 = DIRECTION('',(-0.5,0.866025403784,0.));
#10112 = PCURVE('',#3016,#10113);
#10113 = DEFINITIONAL_REPRESENTATION('',(#10114),#10118);
#10114 = LINE('',#10115,#10116);
#10115 = CARTESIAN_POINT('',(21.999966766722,3.82432860446E-02));
#10116 = VECTOR('',#10117,1.);
#10117 = DIRECTION('',(0.998885883602,4.719101123571E-02));
#10118 = ( GEOMETRIC_REPRESENTATION_CONTEXT(2) 
PARAMETRIC_REPRESENTATION_CONTEXT() REPRESENTATION_CONTEXT('2D SPACE',''
  ) );
#10119 = PCURVE('',#2976,#10120);
#10120 = DEFINITIONAL_REPRESENTATION('',(#10121),#10124);
#10121 = B_SPLINE_CURVE_WITH_KNOTS('',1,(#10122,#10123),.UNSPECIFIED.,
  .F.,.F.,(2,2),(0.,0.247949934299),.PIECEWISE_BEZIER_KNOTS.);
#10122 = CARTESIAN_POINT('',(0.,0.));
#10123 = CARTESIAN_POINT('',(1.769738834666,0.));
#10124 = ( GEOMETRIC_REPRESENTATION_CONTEXT(2) 
PARAMETRIC_REPRESENTATION_CONTEXT() REPRESENTATION_CONTEXT('2D SPACE',''
  ) );
#10125 = ORIENTED_EDGE('',*,*,#2999,.F.);
#10126 = ORIENTED_EDGE('',*,*,#10078,.F.);
#10127 = ADVANCED_FACE('',(#10128),#2976,.T.);
#10128 = FACE_BOUND('',#10129,.T.);
#10129 = EDGE_LOOP('',(#10130,#10131,#10132,#10133));
#10130 = ORIENTED_EDGE('',*,*,#2938,.F.);
#10131 = ORIENTED_EDGE('',*,*,#10106,.T.);
#10132 = ORIENTED_EDGE('',*,*,#10056,.T.);
#10133 = ORIENTED_EDGE('',*,*,#10134,.F.);
#10134 = EDGE_CURVE('',#2884,#9273,#10135,.T.);
#10135 = SURFACE_CURVE('',#10136,(#10140,#10152),.PCURVE_S1.);
#10136 = LINE('',#10137,#10138);
#10137 = CARTESIAN_POINT('',(-11.86376177932,18.548638170688,
    487.21947347095));
#10138 = VECTOR('',#10139,1.);
#10139 = DIRECTION('',(-0.365789118252,0.633565337668,0.681757496383));
#10140 = PCURVE('',#2976,#10141);
#10141 = DEFINITIONAL_REPRESENTATION('',(#10142),#10151);
#10142 = B_SPLINE_CURVE_WITH_KNOTS('',7,(#10143,#10144,#10145,#10146,
    #10147,#10148,#10149,#10150),.UNSPECIFIED.,.F.,.F.,(8,8),(
    -2.489381769502E-02,0.468848017548),.PIECEWISE_BEZIER_KNOTS.);
#10143 = CARTESIAN_POINT('',(9.165661403128E-14,1.737320747861E-02));
#10144 = CARTESIAN_POINT('',(0.332817515665,2.5523623882E-02));
#10145 = CARTESIAN_POINT('',(0.630532154816,3.367404028492E-02));
#10146 = CARTESIAN_POINT('',(0.899804404451,4.182445668874E-02));
#10147 = CARTESIAN_POINT('',(1.145203607464,4.997487309112E-02));
#10148 = CARTESIAN_POINT('',(1.3702503556,5.812528949536E-02));
#10149 = CARTESIAN_POINT('',(1.577688019546,6.627570589836E-02));
#10150 = CARTESIAN_POINT('',(1.769738834666,7.442612230148E-02));
#10151 = ( GEOMETRIC_REPRESENTATION_CONTEXT(2) 
PARAMETRIC_REPRESENTATION_CONTEXT() REPRESENTATION_CONTEXT('2D SPACE',''
  ) );
#10152 = PCURVE('',#2917,#10153);
#10153 = DEFINITIONAL_REPRESENTATION('',(#10154),#10158);
#10154 = LINE('',#10155,#10156);
#10155 = CARTESIAN_POINT('',(-0.,0.));
#10156 = VECTOR('',#10157,1.);
#10157 = DIRECTION('',(-0.,1.));
#10158 = ( GEOMETRIC_REPRESENTATION_CONTEXT(2) 
PARAMETRIC_REPRESENTATION_CONTEXT() REPRESENTATION_CONTEXT('2D SPACE',''
  ) );
#10159 = ADVANCED_FACE('',(#10160),#2917,.T.);
#10160 = FACE_BOUND('',#10161,.F.);
#10161 = EDGE_LOOP('',(#10162,#10163,#10164,#10193,#10194,#10195));
#10162 = ORIENTED_EDGE('',*,*,#10134,.F.);
#10163 = ORIENTED_EDGE('',*,*,#2883,.T.);
#10164 = ORIENTED_EDGE('',*,*,#10165,.T.);
#10165 = EDGE_CURVE('',#2851,#8890,#10166,.T.);
#10166 = SURFACE_CURVE('',#10167,(#10172,#10182),.PCURVE_S1.);
#10167 = ELLIPSE('',#10168,0.44003916582,0.3);
#10168 = AXIS2_PLACEMENT_3D('',#10169,#10170,#10171);
#10169 = CARTESIAN_POINT('',(-11.48619819973,18.494678867754,487.));
#10170 = DIRECTION('',(0.,0.,-1.));
#10171 = DIRECTION('',(-0.5,0.866025403784,0.));
#10172 = PCURVE('',#2917,#10173);
#10173 = DEFINITIONAL_REPRESENTATION('',(#10174),#10181);
#10174 = B_SPLINE_CURVE_WITH_KNOTS('',5,(#10175,#10176,#10177,#10178,
    #10179,#10180),.UNSPECIFIED.,.F.,.F.,(6,6),(5.03626400851,
    6.28318530718),.PIECEWISE_BEZIER_KNOTS.);
#10175 = CARTESIAN_POINT('',(-0.323875028126,-0.219473470952));
#10176 = CARTESIAN_POINT('',(-0.573259287859,-0.143364865384));
#10177 = CARTESIAN_POINT('',(-0.822642587266,-7.519383370571E-02));
#10178 = CARTESIAN_POINT('',(-1.072032595426,-2.499430285372E-02));
#10179 = CARTESIAN_POINT('',(-1.321412067061,-5.227300074277E-17));
#10180 = CARTESIAN_POINT('',(-1.570796326795,6.938893903907E-18));
#10181 = ( GEOMETRIC_REPRESENTATION_CONTEXT(2) 
PARAMETRIC_REPRESENTATION_CONTEXT() REPRESENTATION_CONTEXT('2D SPACE',''
  ) );
#10182 = PCURVE('',#2867,#10183);
#10183 = DEFINITIONAL_REPRESENTATION('',(#10184),#10192);
#10184 = ( BOUNDED_CURVE() B_SPLINE_CURVE(2,(#10185,#10186,#10187,#10188
    ,#10189,#10190,#10191),.UNSPECIFIED.,.T.,.F.) 
B_SPLINE_CURVE_WITH_KNOTS((1,2,2,2,2,1),(-2.094395102393,0.,
    2.094395102393,4.188790204786,6.28318530718,8.377580409573),
.UNSPECIFIED.) CURVE() GEOMETRIC_REPRESENTATION_ITEM() 
RATIONAL_B_SPLINE_CURVE((1.,0.5,1.,0.5,1.,0.5,1.)) REPRESENTATION_ITEM(
  '') );
#10185 = CARTESIAN_POINT('',(0.3,0.7));
#10186 = CARTESIAN_POINT('',(0.3,0.180384757729));
#10187 = CARTESIAN_POINT('',(-0.36005874873,0.440192378865));
#10188 = CARTESIAN_POINT('',(-1.02011749746,0.7));
#10189 = CARTESIAN_POINT('',(-0.36005874873,0.959807621135));
#10190 = CARTESIAN_POINT('',(0.3,1.219615242271));
#10191 = CARTESIAN_POINT('',(0.3,0.7));
#10192 = ( GEOMETRIC_REPRESENTATION_CONTEXT(2) 
PARAMETRIC_REPRESENTATION_CONTEXT() REPRESENTATION_CONTEXT('2D SPACE',''
  ) );
#10193 = ORIENTED_EDGE('',*,*,#8889,.T.);
#10194 = ORIENTED_EDGE('',*,*,#9495,.F.);
#10195 = ORIENTED_EDGE('',*,*,#9293,.F.);
#10196 = ADVANCED_FACE('',(#10197),#2867,.F.);
#10197 = FACE_BOUND('',#10198,.F.);
#10198 = EDGE_LOOP('',(#10199,#10200,#10201));
#10199 = ORIENTED_EDGE('',*,*,#10165,.F.);
#10200 = ORIENTED_EDGE('',*,*,#2850,.T.);
#10201 = ORIENTED_EDGE('',*,*,#8912,.F.);
#10202 = ADVANCED_FACE('',(#10203),#2834,.F.);
#10203 = FACE_BOUND('',#10204,.F.);
#10204 = EDGE_LOOP('',(#10205,#10206,#10235));
#10205 = ORIENTED_EDGE('',*,*,#2817,.T.);
#10206 = ORIENTED_EDGE('',*,*,#10207,.F.);
#10207 = EDGE_CURVE('',#8934,#2763,#10208,.T.);
#10208 = SURFACE_CURVE('',#10209,(#10214,#10225),.PCURVE_S1.);
#10209 = ELLIPSE('',#10210,0.44003916582,0.3);
#10210 = AXIS2_PLACEMENT_3D('',#10211,#10212,#10213);
#10211 = CARTESIAN_POINT('',(-10.27376263444,19.194678867754,487.));
#10212 = DIRECTION('',(0.,0.,-1.));
#10213 = DIRECTION('',(-0.5,0.866025403784,0.));
#10214 = PCURVE('',#2834,#10215);
#10215 = DEFINITIONAL_REPRESENTATION('',(#10216),#10224);
#10216 = ( BOUNDED_CURVE() B_SPLINE_CURVE(2,(#10217,#10218,#10219,#10220
    ,#10221,#10222,#10223),.UNSPECIFIED.,.T.,.F.) 
B_SPLINE_CURVE_WITH_KNOTS((1,2,2,2,2,1),(-2.094395102393,0.,
    2.094395102393,4.188790204786,6.28318530718,8.377580409573),
.UNSPECIFIED.) CURVE() GEOMETRIC_REPRESENTATION_ITEM() 
RATIONAL_B_SPLINE_CURVE((1.,0.5,1.,0.5,1.,0.5,1.)) REPRESENTATION_ITEM(
  '') );
#10217 = CARTESIAN_POINT('',(0.3,-0.7));
#10218 = CARTESIAN_POINT('',(0.3,-1.219615242271));
#10219 = CARTESIAN_POINT('',(-0.36005874873,-0.959807621135));
#10220 = CARTESIAN_POINT('',(-1.02011749746,-0.7));
#10221 = CARTESIAN_POINT('',(-0.36005874873,-0.440192378865));
#10222 = CARTESIAN_POINT('',(0.3,-0.180384757729));
#10223 = CARTESIAN_POINT('',(0.3,-0.7));
#10224 = ( GEOMETRIC_REPRESENTATION_CONTEXT(2) 
PARAMETRIC_REPRESENTATION_CONTEXT() REPRESENTATION_CONTEXT('2D SPACE',''
  ) );
#10225 = PCURVE('',#2796,#10226);
#10226 = DEFINITIONAL_REPRESENTATION('',(#10227),#10234);
#10227 = B_SPLINE_CURVE_WITH_KNOTS('',5,(#10228,#10229,#10230,#10231,
    #10232,#10233),.UNSPECIFIED.,.F.,.F.,(6,6),(0.,1.246921298694),
  .PIECEWISE_BEZIER_KNOTS.);
#10228 = CARTESIAN_POINT('',(-1.110223024625E-16,-1.387778780781E-17));
#10229 = CARTESIAN_POINT('',(-0.249384259739,9.529120656611E-17));
#10230 = CARTESIAN_POINT('',(-0.498763731378,-2.499430285475E-02));
#10231 = CARTESIAN_POINT('',(-0.748153739544,-7.51938337086E-02));
#10232 = CARTESIAN_POINT('',(-0.997537038955,-0.143364865389));
#10233 = CARTESIAN_POINT('',(-1.246921298694,-0.219473470959));
#10234 = ( GEOMETRIC_REPRESENTATION_CONTEXT(2) 
PARAMETRIC_REPRESENTATION_CONTEXT() REPRESENTATION_CONTEXT('2D SPACE',''
  ) );
#10235 = ORIENTED_EDGE('',*,*,#8933,.F.);
#10236 = ADVANCED_FACE('',(#10237),#2796,.T.);
#10237 = FACE_BOUND('',#10238,.F.);
#10238 = EDGE_LOOP('',(#10239,#10240,#10241,#10242,#10268,#10269));
#10239 = ORIENTED_EDGE('',*,*,#8956,.F.);
#10240 = ORIENTED_EDGE('',*,*,#10207,.T.);
#10241 = ORIENTED_EDGE('',*,*,#2762,.T.);
#10242 = ORIENTED_EDGE('',*,*,#10243,.T.);
#10243 = EDGE_CURVE('',#2702,#8597,#10244,.T.);
#10244 = SURFACE_CURVE('',#10245,(#10249,#10256),.PCURVE_S1.);
#10245 = LINE('',#10246,#10247);
#10246 = CARTESIAN_POINT('',(-10.13171097175,19.548638170688,
    487.21947347095));
#10247 = VECTOR('',#10248,1.);
#10248 = DIRECTION('',(-0.365789118252,0.633565337668,0.681757496383));
#10249 = PCURVE('',#2796,#10250);
#10250 = DEFINITIONAL_REPRESENTATION('',(#10251),#10255);
#10251 = LINE('',#10252,#10253);
#10252 = CARTESIAN_POINT('',(-1.570796326795,0.));
#10253 = VECTOR('',#10254,1.);
#10254 = DIRECTION('',(-0.,1.));
#10255 = ( GEOMETRIC_REPRESENTATION_CONTEXT(2) 
PARAMETRIC_REPRESENTATION_CONTEXT() REPRESENTATION_CONTEXT('2D SPACE',''
  ) );
#10256 = PCURVE('',#2739,#10257);
#10257 = DEFINITIONAL_REPRESENTATION('',(#10258),#10267);
#10258 = B_SPLINE_CURVE_WITH_KNOTS('',7,(#10259,#10260,#10261,#10262,
    #10263,#10264,#10265,#10266),.UNSPECIFIED.,.F.,.F.,(8,8),(
    -2.489381769502E-02,0.468848017548),.PIECEWISE_BEZIER_KNOTS.);
#10259 = CARTESIAN_POINT('',(9.165661403128E-14,1.737320747861E-02));
#10260 = CARTESIAN_POINT('',(0.332817515665,2.5523623882E-02));
#10261 = CARTESIAN_POINT('',(0.630532154816,3.367404028492E-02));
#10262 = CARTESIAN_POINT('',(0.899804404451,4.182445668874E-02));
#10263 = CARTESIAN_POINT('',(1.145203607464,4.997487309112E-02));
#10264 = CARTESIAN_POINT('',(1.3702503556,5.812528949536E-02));
#10265 = CARTESIAN_POINT('',(1.577688019546,6.627570589836E-02));
#10266 = CARTESIAN_POINT('',(1.769738834666,7.442612230148E-02));
#10267 = ( GEOMETRIC_REPRESENTATION_CONTEXT(2) 
PARAMETRIC_REPRESENTATION_CONTEXT() REPRESENTATION_CONTEXT('2D SPACE',''
  ) );
#10268 = ORIENTED_EDGE('',*,*,#8617,.T.);
#10269 = ORIENTED_EDGE('',*,*,#8775,.T.);
#10270 = ADVANCED_FACE('',(#10271),#2739,.F.);
#10271 = FACE_BOUND('',#10272,.F.);
#10272 = EDGE_LOOP('',(#10273,#10274,#10296,#10316));
#10273 = ORIENTED_EDGE('',*,*,#2701,.F.);
#10274 = ORIENTED_EDGE('',*,*,#10275,.T.);
#10275 = EDGE_CURVE('',#2669,#10276,#10278,.T.);
#10276 = VERTEX_POINT('',#10277);
#10277 = CARTESIAN_POINT('',(-10.24658005128,19.747597252644,487.1));
#10278 = SURFACE_CURVE('',#10279,(#10283,#10289),.PCURVE_S1.);
#10279 = LINE('',#10280,#10281);
#10280 = CARTESIAN_POINT('',(-10.12260508413,19.532866310674,487.1));
#10281 = VECTOR('',#10282,1.);
#10282 = DIRECTION('',(-0.5,0.866025403784,0.));
#10283 = PCURVE('',#2739,#10284);
#10284 = DEFINITIONAL_REPRESENTATION('',(#10285),#10288);
#10285 = B_SPLINE_CURVE_WITH_KNOTS('',1,(#10286,#10287),.UNSPECIFIED.,
  .F.,.F.,(2,2),(0.,0.247949934299),.PIECEWISE_BEZIER_KNOTS.);
#10286 = CARTESIAN_POINT('',(0.,0.));
#10287 = CARTESIAN_POINT('',(1.769738834666,0.));
#10288 = ( GEOMETRIC_REPRESENTATION_CONTEXT(2) 
PARAMETRIC_REPRESENTATION_CONTEXT() REPRESENTATION_CONTEXT('2D SPACE',''
  ) );
#10289 = PCURVE('',#2685,#10290);
#10290 = DEFINITIONAL_REPRESENTATION('',(#10291),#10295);
#10291 = LINE('',#10292,#10293);
#10292 = CARTESIAN_POINT('',(21.999966766722,3.82432860446E-02));
#10293 = VECTOR('',#10294,1.);
#10294 = DIRECTION('',(0.998885883602,4.719101123571E-02));
#10295 = ( GEOMETRIC_REPRESENTATION_CONTEXT(2) 
PARAMETRIC_REPRESENTATION_CONTEXT() REPRESENTATION_CONTEXT('2D SPACE',''
  ) );
#10296 = ORIENTED_EDGE('',*,*,#10297,.T.);
#10297 = EDGE_CURVE('',#10276,#8597,#10298,.T.);
#10298 = SURFACE_CURVE('',#10299,(#10302,#10309),.PCURVE_S1.);
#10299 = B_SPLINE_CURVE_WITH_KNOTS('',1,(#10300,#10301),.UNSPECIFIED.,
  .F.,.F.,(2,2),(0.,1.),.PIECEWISE_BEZIER_KNOTS.);
#10300 = CARTESIAN_POINT('',(-10.24658005128,19.747597252644,487.1));
#10301 = CARTESIAN_POINT('',(-11.00747450146,21.065505099559,493.));
#10302 = PCURVE('',#2739,#10303);
#10303 = DEFINITIONAL_REPRESENTATION('',(#10304),#10308);
#10304 = LINE('',#10305,#10306);
#10305 = CARTESIAN_POINT('',(1.769738834666,0.));
#10306 = VECTOR('',#10307,1.);
#10307 = DIRECTION('',(0.,1.));
#10308 = ( GEOMETRIC_REPRESENTATION_CONTEXT(2) 
PARAMETRIC_REPRESENTATION_CONTEXT() REPRESENTATION_CONTEXT('2D SPACE',''
  ) );
#10309 = PCURVE('',#2533,#10310);
#10310 = DEFINITIONAL_REPRESENTATION('',(#10311),#10315);
#10311 = LINE('',#10312,#10313);
#10312 = CARTESIAN_POINT('',(0.,0.));
#10313 = VECTOR('',#10314,1.);
#10314 = DIRECTION('',(0.,1.));
#10315 = ( GEOMETRIC_REPRESENTATION_CONTEXT(2) 
PARAMETRIC_REPRESENTATION_CONTEXT() REPRESENTATION_CONTEXT('2D SPACE',''
  ) );
#10316 = ORIENTED_EDGE('',*,*,#10243,.F.);
#10317 = ADVANCED_FACE('',(#10318),#2685,.F.);
#10318 = FACE_BOUND('',#10319,.F.);
#10319 = EDGE_LOOP('',(#10320,#10321,#10322));
#10320 = ORIENTED_EDGE('',*,*,#10275,.F.);
#10321 = ORIENTED_EDGE('',*,*,#2668,.T.);
#10322 = ORIENTED_EDGE('',*,*,#10323,.F.);
#10323 = EDGE_CURVE('',#10276,#2296,#10324,.T.);
#10324 = SURFACE_CURVE('',#10325,(#10330,#10337),.PCURVE_S1.);
#10325 = CIRCLE('',#10326,5.E-02);
#10326 = AXIS2_PLACEMENT_3D('',#10327,#10328,#10329);
#10327 = CARTESIAN_POINT('',(-10.20327878109,19.772597252644,487.1));
#10328 = DIRECTION('',(0.,0.,1.));
#10329 = DIRECTION('',(-0.866025403784,-0.5,0.));
#10330 = PCURVE('',#2685,#10331);
#10331 = DEFINITIONAL_REPRESENTATION('',(#10332),#10336);
#10332 = CIRCLE('',#10333,5.E-02);
#10333 = AXIS2_PLACEMENT_2D('',#10334,#10335);
#10334 = CARTESIAN_POINT('',(22.250000006495,-6.572520305781E-14));
#10335 = DIRECTION('',(-4.719101123571E-02,0.998885883602));
#10336 = ( GEOMETRIC_REPRESENTATION_CONTEXT(2) 
PARAMETRIC_REPRESENTATION_CONTEXT() REPRESENTATION_CONTEXT('2D SPACE',''
  ) );
#10337 = PCURVE('',#2533,#10338);
#10338 = DEFINITIONAL_REPRESENTATION('',(#10339),#10343);
#10339 = LINE('',#10340,#10341);
#10340 = CARTESIAN_POINT('',(0.,0.));
#10341 = VECTOR('',#10342,1.);
#10342 = DIRECTION('',(1.,0.));
#10343 = ( GEOMETRIC_REPRESENTATION_CONTEXT(2) 
PARAMETRIC_REPRESENTATION_CONTEXT() REPRESENTATION_CONTEXT('2D SPACE',''
  ) );
#10344 = ADVANCED_FACE('',(#10345),#2533,.F.);
#10345 = FACE_BOUND('',#10346,.F.);
#10346 = EDGE_LOOP('',(#10347,#10348,#10349,#10350,#10371));
#10347 = ORIENTED_EDGE('',*,*,#10297,.F.);
#10348 = ORIENTED_EDGE('',*,*,#10323,.T.);
#10349 = ORIENTED_EDGE('',*,*,#2295,.F.);
#10350 = ORIENTED_EDGE('',*,*,#10351,.F.);
#10351 = EDGE_CURVE('',#8577,#2265,#10352,.T.);
#10352 = SURFACE_CURVE('',#10353,(#10358,#10364),.PCURVE_S1.);
#10353 = CIRCLE('',#10354,1.7);
#10354 = AXIS2_PLACEMENT_3D('',#10355,#10356,#10357);
#10355 = CARTESIAN_POINT('',(-9.535231315033,21.915505099559,493.));
#10356 = DIRECTION('',(0.,0.,1.));
#10357 = DIRECTION('',(-0.866025403784,-0.5,0.));
#10358 = PCURVE('',#2533,#10359);
#10359 = DEFINITIONAL_REPRESENTATION('',(#10360),#10363);
#10360 = B_SPLINE_CURVE_WITH_KNOTS('',1,(#10361,#10362),.UNSPECIFIED.,
  .F.,.F.,(2,2),(0.,1.457583928998),.PIECEWISE_BEZIER_KNOTS.);
#10361 = CARTESIAN_POINT('',(0.,1.));
#10362 = CARTESIAN_POINT('',(1.523587782319,1.));
#10363 = ( GEOMETRIC_REPRESENTATION_CONTEXT(2) 
PARAMETRIC_REPRESENTATION_CONTEXT() REPRESENTATION_CONTEXT('2D SPACE',''
  ) );
#10364 = PCURVE('',#2284,#10365);
#10365 = DEFINITIONAL_REPRESENTATION('',(#10366),#10370);
#10366 = LINE('',#10367,#10368);
#10367 = CARTESIAN_POINT('',(0.,0.));
#10368 = VECTOR('',#10369,1.);
#10369 = DIRECTION('',(1.,0.));
#10370 = ( GEOMETRIC_REPRESENTATION_CONTEXT(2) 
PARAMETRIC_REPRESENTATION_CONTEXT() REPRESENTATION_CONTEXT('2D SPACE',''
  ) );
#10371 = ORIENTED_EDGE('',*,*,#8596,.F.);
#10372 = ADVANCED_FACE('',(#10373),#2284,.F.);
#10373 = FACE_BOUND('',#10374,.F.);
#10374 = EDGE_LOOP('',(#10375,#10376,#10377,#10378));
#10375 = ORIENTED_EDGE('',*,*,#10351,.T.);
#10376 = ORIENTED_EDGE('',*,*,#2264,.T.);
#10377 = ORIENTED_EDGE('',*,*,#8478,.F.);
#10378 = ORIENTED_EDGE('',*,*,#8576,.F.);
#10379 = ADVANCED_FACE('',(#10380),#2245,.F.);
#10380 = FACE_BOUND('',#10381,.F.);
#10381 = EDGE_LOOP('',(#10382,#10383,#10414));
#10382 = ORIENTED_EDGE('',*,*,#2230,.T.);
#10383 = ORIENTED_EDGE('',*,*,#10384,.F.);
#10384 = EDGE_CURVE('',#10385,#2176,#10387,.T.);
#10385 = VERTEX_POINT('',#10386);
#10386 = CARTESIAN_POINT('',(22.2,-0.7,487.));
#10387 = SURFACE_CURVE('',#10388,(#10393,#10404),.PCURVE_S1.);
#10388 = ELLIPSE('',#10389,0.44003916582,0.3);
#10389 = AXIS2_PLACEMENT_3D('',#10390,#10391,#10392);
#10390 = CARTESIAN_POINT('',(21.75996083418,-0.7,487.));
#10391 = DIRECTION('',(0.,0.,-1.));
#10392 = DIRECTION('',(1.,0.,0.));
#10393 = PCURVE('',#2245,#10394);
#10394 = DEFINITIONAL_REPRESENTATION('',(#10395),#10403);
#10395 = ( BOUNDED_CURVE() B_SPLINE_CURVE(2,(#10396,#10397,#10398,#10399
    ,#10400,#10401,#10402),.UNSPECIFIED.,.T.,.F.) 
B_SPLINE_CURVE_WITH_KNOTS((1,2,2,2,2,1),(-2.094395102393,0.,
    2.094395102393,4.188790204786,6.28318530718,8.377580409573),
.UNSPECIFIED.) CURVE() GEOMETRIC_REPRESENTATION_ITEM() 
RATIONAL_B_SPLINE_CURVE((1.,0.5,1.,0.5,1.,0.5,1.)) REPRESENTATION_ITEM(
  '') );
#10396 = CARTESIAN_POINT('',(0.3,-0.7));
#10397 = CARTESIAN_POINT('',(0.3,-1.219615242271));
#10398 = CARTESIAN_POINT('',(-0.36005874873,-0.959807621135));
#10399 = CARTESIAN_POINT('',(-1.02011749746,-0.7));
#10400 = CARTESIAN_POINT('',(-0.36005874873,-0.440192378865));
#10401 = CARTESIAN_POINT('',(0.3,-0.180384757729));
#10402 = CARTESIAN_POINT('',(0.3,-0.7));
#10403 = ( GEOMETRIC_REPRESENTATION_CONTEXT(2) 
PARAMETRIC_REPRESENTATION_CONTEXT() REPRESENTATION_CONTEXT('2D SPACE',''
  ) );
#10404 = PCURVE('',#2209,#10405);
#10405 = DEFINITIONAL_REPRESENTATION('',(#10406),#10413);
#10406 = B_SPLINE_CURVE_WITH_KNOTS('',5,(#10407,#10408,#10409,#10410,
    #10411,#10412),.UNSPECIFIED.,.F.,.F.,(6,6),(0.,1.246921298694),
  .PIECEWISE_BEZIER_KNOTS.);
#10407 = CARTESIAN_POINT('',(-1.110223024625E-16,-1.387778780781E-17));
#10408 = CARTESIAN_POINT('',(-0.249384259739,9.529120656611E-17));
#10409 = CARTESIAN_POINT('',(-0.498763731378,-2.499430285475E-02));
#10410 = CARTESIAN_POINT('',(-0.748153739544,-7.51938337086E-02));
#10411 = CARTESIAN_POINT('',(-0.997537038955,-0.143364865389));
#10412 = CARTESIAN_POINT('',(-1.246921298694,-0.219473470959));
#10413 = ( GEOMETRIC_REPRESENTATION_CONTEXT(2) 
PARAMETRIC_REPRESENTATION_CONTEXT() REPRESENTATION_CONTEXT('2D SPACE',''
  ) );
#10414 = ORIENTED_EDGE('',*,*,#10415,.F.);
#10415 = EDGE_CURVE('',#55,#10385,#10416,.T.);
#10416 = SURFACE_CURVE('',#10417,(#10421,#10428),.PCURVE_S1.);
#10417 = LINE('',#10418,#10419);
#10418 = CARTESIAN_POINT('',(22.2,1.,487.));
#10419 = VECTOR('',#10420,1.);
#10420 = DIRECTION('',(0.,-1.,0.));
#10421 = PCURVE('',#2245,#10422);
#10422 = DEFINITIONAL_REPRESENTATION('',(#10423),#10427);
#10423 = LINE('',#10424,#10425);
#10424 = CARTESIAN_POINT('',(0.3,1.));
#10425 = VECTOR('',#10426,1.);
#10426 = DIRECTION('',(0.,-1.));
#10427 = ( GEOMETRIC_REPRESENTATION_CONTEXT(2) 
PARAMETRIC_REPRESENTATION_CONTEXT() REPRESENTATION_CONTEXT('2D SPACE',''
  ) );
#10428 = PCURVE('',#10429,#10434);
#10429 = PLANE('',#10430);
#10430 = AXIS2_PLACEMENT_3D('',#10431,#10432,#10433);
#10431 = CARTESIAN_POINT('',(22.2,0.,487.));
#10432 = DIRECTION('',(-0.681757496383,0.,0.731578236503));
#10433 = DIRECTION('',(0.731578236503,0.,0.681757496383));
#10434 = DEFINITIONAL_REPRESENTATION('',(#10435),#10439);
#10435 = LINE('',#10436,#10437);
#10436 = CARTESIAN_POINT('',(0.,1.));
#10437 = VECTOR('',#10438,1.);
#10438 = DIRECTION('',(0.,-1.));
#10439 = ( GEOMETRIC_REPRESENTATION_CONTEXT(2) 
PARAMETRIC_REPRESENTATION_CONTEXT() REPRESENTATION_CONTEXT('2D SPACE',''
  ) );
#10440 = ADVANCED_FACE('',(#10441),#10429,.F.);
#10441 = FACE_BOUND('',#10442,.F.);
#10442 = EDGE_LOOP('',(#10443,#10473,#10499,#10527,#10550,#10571,#10572,
    #10595,#10623));
#10443 = ORIENTED_EDGE('',*,*,#10444,.F.);
#10444 = EDGE_CURVE('',#10445,#10447,#10449,.T.);
#10445 = VERTEX_POINT('',#10446);
#10446 = CARTESIAN_POINT('',(75.853846153848,0.4,537.));
#10447 = VERTEX_POINT('',#10448);
#10448 = CARTESIAN_POINT('',(75.853846153848,-0.4,537.));
#10449 = SURFACE_CURVE('',#10450,(#10454,#10461),.PCURVE_S1.);
#10450 = LINE('',#10451,#10452);
#10451 = CARTESIAN_POINT('',(75.853846153846,1.,537.));
#10452 = VECTOR('',#10453,1.);
#10453 = DIRECTION('',(0.,-1.,0.));
#10454 = PCURVE('',#10429,#10455);
#10455 = DEFINITIONAL_REPRESENTATION('',(#10456),#10460);
#10456 = LINE('',#10457,#10458);
#10457 = CARTESIAN_POINT('',(73.339860970011,1.));
#10458 = VECTOR('',#10459,1.);
#10459 = DIRECTION('',(0.,-1.));
#10460 = ( GEOMETRIC_REPRESENTATION_CONTEXT(2) 
PARAMETRIC_REPRESENTATION_CONTEXT() REPRESENTATION_CONTEXT('2D SPACE',''
  ) );
#10461 = PCURVE('',#10462,#10467);
#10462 = PLANE('',#10463);
#10463 = AXIS2_PLACEMENT_3D('',#10464,#10465,#10466);
#10464 = CARTESIAN_POINT('',(75.853846153846,0.,537.));
#10465 = DIRECTION('',(-1.,0.,0.));
#10466 = DIRECTION('',(0.,0.,1.));
#10467 = DEFINITIONAL_REPRESENTATION('',(#10468),#10472);
#10468 = LINE('',#10469,#10470);
#10469 = CARTESIAN_POINT('',(0.,1.));
#10470 = VECTOR('',#10471,1.);
#10471 = DIRECTION('',(0.,-1.));
#10472 = ( GEOMETRIC_REPRESENTATION_CONTEXT(2) 
PARAMETRIC_REPRESENTATION_CONTEXT() REPRESENTATION_CONTEXT('2D SPACE',''
  ) );
#10473 = ORIENTED_EDGE('',*,*,#10474,.F.);
#10474 = EDGE_CURVE('',#10475,#10445,#10477,.T.);
#10475 = VERTEX_POINT('',#10476);
#10476 = CARTESIAN_POINT('',(24.2,0.4,488.86379928315));
#10477 = SURFACE_CURVE('',#10478,(#10481,#10487),.PCURVE_S1.);
#10478 = B_SPLINE_CURVE_WITH_KNOTS('',1,(#10479,#10480),.UNSPECIFIED.,
  .F.,.F.,(2,2),(0.,1.),.PIECEWISE_BEZIER_KNOTS.);
#10479 = CARTESIAN_POINT('',(24.2,0.4,488.86379928315));
#10480 = CARTESIAN_POINT('',(76.853846153846,0.4,537.93189964157));
#10481 = PCURVE('',#10429,#10482);
#10482 = DEFINITIONAL_REPRESENTATION('',(#10483),#10486);
#10483 = B_SPLINE_CURVE_WITH_KNOTS('',1,(#10484,#10485),.UNSPECIFIED.,
  .F.,.F.,(2,2),(0.,1.),.PIECEWISE_BEZIER_KNOTS.);
#10484 = CARTESIAN_POINT('',(2.733815606051,0.4));
#10485 = CARTESIAN_POINT('',(74.706768773037,0.4));
#10486 = ( GEOMETRIC_REPRESENTATION_CONTEXT(2) 
PARAMETRIC_REPRESENTATION_CONTEXT() REPRESENTATION_CONTEXT('2D SPACE',''
  ) );
#10487 = PCURVE('',#10488,#10493);
#10488 = B_SPLINE_SURFACE_WITH_KNOTS('',1,1,(
    (#10489,#10490)
    ,(#10491,#10492
    )),.UNSPECIFIED.,.F.,.F.,.F.,(2,2),(2,2),(0.,4.044749683231),(0.,1.)
  ,.PIECEWISE_BEZIER_KNOTS.);
#10489 = CARTESIAN_POINT('',(24.2,0.4,488.86379928315));
#10490 = CARTESIAN_POINT('',(76.853846153846,0.4,537.93189964157));
#10491 = CARTESIAN_POINT('',(24.2,1.,492.86379928315));
#10492 = CARTESIAN_POINT('',(76.853846153846,1.,541.93189964157));
#10493 = DEFINITIONAL_REPRESENTATION('',(#10494),#10498);
#10494 = LINE('',#10495,#10496);
#10495 = CARTESIAN_POINT('',(0.,0.));
#10496 = VECTOR('',#10497,1.);
#10497 = DIRECTION('',(0.,1.));
#10498 = ( GEOMETRIC_REPRESENTATION_CONTEXT(2) 
PARAMETRIC_REPRESENTATION_CONTEXT() REPRESENTATION_CONTEXT('2D SPACE',''
  ) );
#10499 = ORIENTED_EDGE('',*,*,#10500,.F.);
#10500 = EDGE_CURVE('',#10501,#10475,#10503,.T.);
#10501 = VERTEX_POINT('',#10502);
#10502 = CARTESIAN_POINT('',(24.2,0.7,488.86379928315));
#10503 = SURFACE_CURVE('',#10504,(#10508,#10515),.PCURVE_S1.);
#10504 = LINE('',#10505,#10506);
#10505 = CARTESIAN_POINT('',(24.2,0.2,488.86379928315));
#10506 = VECTOR('',#10507,1.);
#10507 = DIRECTION('',(0.,-1.,0.));
#10508 = PCURVE('',#10429,#10509);
#10509 = DEFINITIONAL_REPRESENTATION('',(#10510),#10514);
#10510 = LINE('',#10511,#10512);
#10511 = CARTESIAN_POINT('',(2.733815606051,0.2));
#10512 = VECTOR('',#10513,1.);
#10513 = DIRECTION('',(0.,-1.));
#10514 = ( GEOMETRIC_REPRESENTATION_CONTEXT(2) 
PARAMETRIC_REPRESENTATION_CONTEXT() REPRESENTATION_CONTEXT('2D SPACE',''
  ) );
#10515 = PCURVE('',#10516,#10521);
#10516 = PLANE('',#10517);
#10517 = AXIS2_PLACEMENT_3D('',#10518,#10519,#10520);
#10518 = CARTESIAN_POINT('',(24.2,0.4,488.86379928315));
#10519 = DIRECTION('',(-1.,0.,0.));
#10520 = DIRECTION('',(0.,0.371390676354,0.928476690885));
#10521 = DEFINITIONAL_REPRESENTATION('',(#10522),#10526);
#10522 = LINE('',#10523,#10524);
#10523 = CARTESIAN_POINT('',(-7.427813527082E-02,-0.185695338177));
#10524 = VECTOR('',#10525,1.);
#10525 = DIRECTION('',(-0.371390676354,-0.928476690885));
#10526 = ( GEOMETRIC_REPRESENTATION_CONTEXT(2) 
PARAMETRIC_REPRESENTATION_CONTEXT() REPRESENTATION_CONTEXT('2D SPACE',''
  ) );
#10527 = ORIENTED_EDGE('',*,*,#10528,.F.);
#10528 = EDGE_CURVE('',#10529,#10501,#10531,.T.);
#10529 = VERTEX_POINT('',#10530);
#10530 = CARTESIAN_POINT('',(22.2,0.7,487.));
#10531 = SURFACE_CURVE('',#10532,(#10536,#10543),.PCURVE_S1.);
#10532 = LINE('',#10533,#10534);
#10533 = CARTESIAN_POINT('',(22.2,0.7,487.));
#10534 = VECTOR('',#10535,1.);
#10535 = DIRECTION('',(0.731578236503,0.,0.681757496383));
#10536 = PCURVE('',#10429,#10537);
#10537 = DEFINITIONAL_REPRESENTATION('',(#10538),#10542);
#10538 = LINE('',#10539,#10540);
#10539 = CARTESIAN_POINT('',(7.797264023815E-15,0.7));
#10540 = VECTOR('',#10541,1.);
#10541 = DIRECTION('',(1.,0.));
#10542 = ( GEOMETRIC_REPRESENTATION_CONTEXT(2) 
PARAMETRIC_REPRESENTATION_CONTEXT() REPRESENTATION_CONTEXT('2D SPACE',''
  ) );
#10543 = PCURVE('',#144,#10544);
#10544 = DEFINITIONAL_REPRESENTATION('',(#10545),#10549);
#10545 = LINE('',#10546,#10547);
#10546 = CARTESIAN_POINT('',(-1.570796326795,0.));
#10547 = VECTOR('',#10548,1.);
#10548 = DIRECTION('',(-0.,1.));
#10549 = ( GEOMETRIC_REPRESENTATION_CONTEXT(2) 
PARAMETRIC_REPRESENTATION_CONTEXT() REPRESENTATION_CONTEXT('2D SPACE',''
  ) );
#10550 = ORIENTED_EDGE('',*,*,#10551,.T.);
#10551 = EDGE_CURVE('',#10529,#55,#10552,.T.);
#10552 = SURFACE_CURVE('',#10553,(#10557,#10564),.PCURVE_S1.);
#10553 = LINE('',#10554,#10555);
#10554 = CARTESIAN_POINT('',(22.2,1.,487.));
#10555 = VECTOR('',#10556,1.);
#10556 = DIRECTION('',(0.,-1.,0.));
#10557 = PCURVE('',#10429,#10558);
#10558 = DEFINITIONAL_REPRESENTATION('',(#10559),#10563);
#10559 = LINE('',#10560,#10561);
#10560 = CARTESIAN_POINT('',(0.,1.));
#10561 = VECTOR('',#10562,1.);
#10562 = DIRECTION('',(0.,-1.));
#10563 = ( GEOMETRIC_REPRESENTATION_CONTEXT(2) 
PARAMETRIC_REPRESENTATION_CONTEXT() REPRESENTATION_CONTEXT('2D SPACE',''
  ) );
#10564 = PCURVE('',#94,#10565);
#10565 = DEFINITIONAL_REPRESENTATION('',(#10566),#10570);
#10566 = LINE('',#10567,#10568);
#10567 = CARTESIAN_POINT('',(0.3,1.));
#10568 = VECTOR('',#10569,1.);
#10569 = DIRECTION('',(0.,-1.));
#10570 = ( GEOMETRIC_REPRESENTATION_CONTEXT(2) 
PARAMETRIC_REPRESENTATION_CONTEXT() REPRESENTATION_CONTEXT('2D SPACE',''
  ) );
#10571 = ORIENTED_EDGE('',*,*,#10415,.T.);
#10572 = ORIENTED_EDGE('',*,*,#10573,.T.);
#10573 = EDGE_CURVE('',#10385,#10574,#10576,.T.);
#10574 = VERTEX_POINT('',#10575);
#10575 = CARTESIAN_POINT('',(24.2,-0.7,488.86379928315));
#10576 = SURFACE_CURVE('',#10577,(#10581,#10588),.PCURVE_S1.);
#10577 = LINE('',#10578,#10579);
#10578 = CARTESIAN_POINT('',(22.2,-0.7,487.));
#10579 = VECTOR('',#10580,1.);
#10580 = DIRECTION('',(0.731578236503,0.,0.681757496383));
#10581 = PCURVE('',#10429,#10582);
#10582 = DEFINITIONAL_REPRESENTATION('',(#10583),#10587);
#10583 = LINE('',#10584,#10585);
#10584 = CARTESIAN_POINT('',(7.797264023815E-15,-0.7));
#10585 = VECTOR('',#10586,1.);
#10586 = DIRECTION('',(1.,0.));
#10587 = ( GEOMETRIC_REPRESENTATION_CONTEXT(2) 
PARAMETRIC_REPRESENTATION_CONTEXT() REPRESENTATION_CONTEXT('2D SPACE',''
  ) );
#10588 = PCURVE('',#2209,#10589);
#10589 = DEFINITIONAL_REPRESENTATION('',(#10590),#10594);
#10590 = LINE('',#10591,#10592);
#10591 = CARTESIAN_POINT('',(-0.,0.));
#10592 = VECTOR('',#10593,1.);
#10593 = DIRECTION('',(-0.,1.));
#10594 = ( GEOMETRIC_REPRESENTATION_CONTEXT(2) 
PARAMETRIC_REPRESENTATION_CONTEXT() REPRESENTATION_CONTEXT('2D SPACE',''
  ) );
#10595 = ORIENTED_EDGE('',*,*,#10596,.T.);
#10596 = EDGE_CURVE('',#10574,#10597,#10599,.T.);
#10597 = VERTEX_POINT('',#10598);
#10598 = CARTESIAN_POINT('',(24.2,-0.4,488.86379928315));
#10599 = SURFACE_CURVE('',#10600,(#10604,#10611),.PCURVE_S1.);
#10600 = LINE('',#10601,#10602);
#10601 = CARTESIAN_POINT('',(24.2,-0.2,488.86379928315));
#10602 = VECTOR('',#10603,1.);
#10603 = DIRECTION('',(0.,1.,0.));
#10604 = PCURVE('',#10429,#10605);
#10605 = DEFINITIONAL_REPRESENTATION('',(#10606),#10610);
#10606 = LINE('',#10607,#10608);
#10607 = CARTESIAN_POINT('',(2.733815606051,-0.2));
#10608 = VECTOR('',#10609,1.);
#10609 = DIRECTION('',(0.,1.));
#10610 = ( GEOMETRIC_REPRESENTATION_CONTEXT(2) 
PARAMETRIC_REPRESENTATION_CONTEXT() REPRESENTATION_CONTEXT('2D SPACE',''
  ) );
#10611 = PCURVE('',#10612,#10617);
#10612 = PLANE('',#10613);
#10613 = AXIS2_PLACEMENT_3D('',#10614,#10615,#10616);
#10614 = CARTESIAN_POINT('',(24.2,-0.4,488.86379928315));
#10615 = DIRECTION('',(1.,0.,0.));
#10616 = DIRECTION('',(0.,-0.371390676354,0.928476690885));
#10617 = DEFINITIONAL_REPRESENTATION('',(#10618),#10622);
#10618 = LINE('',#10619,#10620);
#10619 = CARTESIAN_POINT('',(-7.427813527082E-02,-0.185695338177));
#10620 = VECTOR('',#10621,1.);
#10621 = DIRECTION('',(-0.371390676354,-0.928476690885));
#10622 = ( GEOMETRIC_REPRESENTATION_CONTEXT(2) 
PARAMETRIC_REPRESENTATION_CONTEXT() REPRESENTATION_CONTEXT('2D SPACE',''
  ) );
#10623 = ORIENTED_EDGE('',*,*,#10624,.T.);
#10624 = EDGE_CURVE('',#10597,#10447,#10625,.T.);
#10625 = SURFACE_CURVE('',#10626,(#10629,#10635),.PCURVE_S1.);
#10626 = B_SPLINE_CURVE_WITH_KNOTS('',1,(#10627,#10628),.UNSPECIFIED.,
  .F.,.F.,(2,2),(0.,1.),.PIECEWISE_BEZIER_KNOTS.);
#10627 = CARTESIAN_POINT('',(24.2,-0.4,488.86379928315));
#10628 = CARTESIAN_POINT('',(76.853846153846,-0.4,537.93189964157));
#10629 = PCURVE('',#10429,#10630);
#10630 = DEFINITIONAL_REPRESENTATION('',(#10631),#10634);
#10631 = B_SPLINE_CURVE_WITH_KNOTS('',1,(#10632,#10633),.UNSPECIFIED.,
  .F.,.F.,(2,2),(0.,1.),.PIECEWISE_BEZIER_KNOTS.);
#10632 = CARTESIAN_POINT('',(2.733815606051,-0.4));
#10633 = CARTESIAN_POINT('',(74.706768773037,-0.4));
#10634 = ( GEOMETRIC_REPRESENTATION_CONTEXT(2) 
PARAMETRIC_REPRESENTATION_CONTEXT() REPRESENTATION_CONTEXT('2D SPACE',''
  ) );
#10635 = PCURVE('',#10636,#10641);
#10636 = B_SPLINE_SURFACE_WITH_KNOTS('',1,1,(
    (#10637,#10638)
    ,(#10639,#10640
    )),.UNSPECIFIED.,.F.,.F.,.F.,(2,2),(2,2),(0.,4.044749683231),(0.,1.)
  ,.PIECEWISE_BEZIER_KNOTS.);
#10637 = CARTESIAN_POINT('',(24.2,-0.4,488.86379928315));
#10638 = CARTESIAN_POINT('',(76.853846153846,-0.4,537.93189964157));
#10639 = CARTESIAN_POINT('',(24.2,-1.,492.86379928315));
#10640 = CARTESIAN_POINT('',(76.853846153846,-1.,541.93189964157));
#10641 = DEFINITIONAL_REPRESENTATION('',(#10642),#10646);
#10642 = LINE('',#10643,#10644);
#10643 = CARTESIAN_POINT('',(0.,0.));
#10644 = VECTOR('',#10645,1.);
#10645 = DIRECTION('',(0.,1.));
#10646 = ( GEOMETRIC_REPRESENTATION_CONTEXT(2) 
PARAMETRIC_REPRESENTATION_CONTEXT() REPRESENTATION_CONTEXT('2D SPACE',''
  ) );
#10647 = ADVANCED_FACE('',(#10648),#10488,.T.);
#10648 = FACE_BOUND('',#10649,.T.);
#10649 = EDGE_LOOP('',(#10650,#10651,#10674,#10700,#10830));
#10650 = ORIENTED_EDGE('',*,*,#10474,.F.);
#10651 = ORIENTED_EDGE('',*,*,#10652,.T.);
#10652 = EDGE_CURVE('',#10475,#10653,#10655,.T.);
#10653 = VERTEX_POINT('',#10654);
#10654 = CARTESIAN_POINT('',(24.2,1.,492.86379928315));
#10655 = SURFACE_CURVE('',#10656,(#10660,#10667),.PCURVE_S1.);
#10656 = LINE('',#10657,#10658);
#10657 = CARTESIAN_POINT('',(24.2,0.4,488.86379928315));
#10658 = VECTOR('',#10659,1.);
#10659 = DIRECTION('',(0.,0.14834045293,0.988936352868));
#10660 = PCURVE('',#10488,#10661);
#10661 = DEFINITIONAL_REPRESENTATION('',(#10662),#10666);
#10662 = LINE('',#10663,#10664);
#10663 = CARTESIAN_POINT('',(0.,0.));
#10664 = VECTOR('',#10665,1.);
#10665 = DIRECTION('',(1.,0.));
#10666 = ( GEOMETRIC_REPRESENTATION_CONTEXT(2) 
PARAMETRIC_REPRESENTATION_CONTEXT() REPRESENTATION_CONTEXT('2D SPACE',''
  ) );
#10667 = PCURVE('',#10516,#10668);
#10668 = DEFINITIONAL_REPRESENTATION('',(#10669),#10673);
#10669 = LINE('',#10670,#10671);
#10670 = CARTESIAN_POINT('',(0.,0.));
#10671 = VECTOR('',#10672,1.);
#10672 = DIRECTION('',(0.973296613552,-0.229551088102));
#10673 = ( GEOMETRIC_REPRESENTATION_CONTEXT(2) 
PARAMETRIC_REPRESENTATION_CONTEXT() REPRESENTATION_CONTEXT('2D SPACE',''
  ) );
#10674 = ORIENTED_EDGE('',*,*,#10675,.T.);
#10675 = EDGE_CURVE('',#10653,#10676,#10678,.T.);
#10676 = VERTEX_POINT('',#10677);
#10677 = CARTESIAN_POINT('',(75.553846153848,1.,540.72043010753));
#10678 = SURFACE_CURVE('',#10679,(#10682,#10689),.PCURVE_S1.);
#10679 = B_SPLINE_CURVE_WITH_KNOTS('',1,(#10680,#10681),.UNSPECIFIED.,
  .F.,.F.,(2,2),(0.,1.),.PIECEWISE_BEZIER_KNOTS.);
#10680 = CARTESIAN_POINT('',(24.2,1.,492.86379928315));
#10681 = CARTESIAN_POINT('',(76.853846153846,1.,541.93189964157));
#10682 = PCURVE('',#10488,#10683);
#10683 = DEFINITIONAL_REPRESENTATION('',(#10684),#10688);
#10684 = LINE('',#10685,#10686);
#10685 = CARTESIAN_POINT('',(4.044749683231,0.));
#10686 = VECTOR('',#10687,1.);
#10687 = DIRECTION('',(0.,1.));
#10688 = ( GEOMETRIC_REPRESENTATION_CONTEXT(2) 
PARAMETRIC_REPRESENTATION_CONTEXT() REPRESENTATION_CONTEXT('2D SPACE',''
  ) );
#10689 = PCURVE('',#10690,#10695);
#10690 = PLANE('',#10691);
#10691 = AXIS2_PLACEMENT_3D('',#10692,#10693,#10694);
#10692 = CARTESIAN_POINT('',(42.469505531269,1.,525.56374488546));
#10693 = DIRECTION('',(-0.,-1.,-0.));
#10694 = DIRECTION('',(0.,0.,-1.));
#10695 = DEFINITIONAL_REPRESENTATION('',(#10696),#10699);
#10696 = B_SPLINE_CURVE_WITH_KNOTS('',1,(#10697,#10698),.UNSPECIFIED.,
  .F.,.F.,(2,2),(0.,1.),.PIECEWISE_BEZIER_KNOTS.);
#10697 = CARTESIAN_POINT('',(32.699945602309,-18.26950553126));
#10698 = CARTESIAN_POINT('',(-16.36815475611,34.384340622577));
#10699 = ( GEOMETRIC_REPRESENTATION_CONTEXT(2) 
PARAMETRIC_REPRESENTATION_CONTEXT() REPRESENTATION_CONTEXT('2D SPACE',''
  ) );
#10700 = ORIENTED_EDGE('',*,*,#10701,.T.);
#10701 = EDGE_CURVE('',#10676,#10702,#10704,.T.);
#10702 = VERTEX_POINT('',#10703);
#10703 = CARTESIAN_POINT('',(75.853846153846,0.7,539.));
#10704 = SURFACE_CURVE('',#10705,(#10743,#10784),.PCURVE_S1.);
#10705 = B_SPLINE_CURVE_WITH_KNOTS('',8,(#10706,#10707,#10708,#10709,
    #10710,#10711,#10712,#10713,#10714,#10715,#10716,#10717,#10718,
    #10719,#10720,#10721,#10722,#10723,#10724,#10725,#10726,#10727,
    #10728,#10729,#10730,#10731,#10732,#10733,#10734,#10735,#10736,
    #10737,#10738,#10739,#10740,#10741,#10742),.UNSPECIFIED.,.F.,.F.,(9,
    7,7,7,7,9),(0.,6.822053939413E-02,0.15160105169,0.283015454365,
    0.519950844696,1.),.UNSPECIFIED.);
#10706 = CARTESIAN_POINT('',(75.553846153846,1.,540.72043010752));
#10707 = CARTESIAN_POINT('',(75.562444834421,1.,540.72844321487));
#10708 = CARTESIAN_POINT('',(75.571348837077,0.999718398025,
    540.73486350525));
#10709 = CARTESIAN_POINT('',(75.580398884007,0.999119873618,
    540.73930707803));
#10710 = CARTESIAN_POINT('',(75.589449503289,0.99819601318,
    540.74158227731));
#10711 = CARTESIAN_POINT('',(75.59837117334,0.996963004379,
    540.74167631976));
#10712 = CARTESIAN_POINT('',(75.607051664446,0.995457582987,
    540.73972952369));
#10713 = CARTESIAN_POINT('',(75.615396577339,0.993731232167,
    540.73599713956));
#10714 = CARTESIAN_POINT('',(75.633024341367,0.989534351854,
    540.72444524446));
#10715 = CARTESIAN_POINT('',(75.642148104911,0.986973122734,
    540.71587281563));
#10716 = CARTESIAN_POINT('',(75.650716652154,0.984223239816,
    540.70552528895));
#10717 = CARTESIAN_POINT('',(75.658760553634,0.981337257907,
    540.69378151846));
#10718 = CARTESIAN_POINT('',(75.666319750317,0.978355243443,
    540.68094583471));
#10719 = CARTESIAN_POINT('',(75.673440272575,0.975304455039,
    540.6672428575));
#10720 = CARTESIAN_POINT('',(75.680172595581,0.972199454791,
    540.65281670524));
#10721 = CARTESIAN_POINT('',(75.696657026436,0.964067272218,
    540.61396398995));
#10722 = CARTESIAN_POINT('',(75.705869694793,0.958985329092,
    540.58866965146));
#10723 = CARTESIAN_POINT('',(75.714381196774,0.953834370714,
    540.56226179458));
#10724 = CARTESIAN_POINT('',(75.722289774175,0.948638458949,
    540.53499238326));
#10725 = CARTESIAN_POINT('',(75.729671213304,0.943414154277,
    540.50704244593));
#10726 = CARTESIAN_POINT('',(75.73659016082,0.93817176194,
    540.47854092839));
#10727 = CARTESIAN_POINT('',(75.743097597058,0.932915050251,
    540.4495604613));
#10728 = CARTESIAN_POINT('',(75.760315010829,0.918136714105,
    540.36708312204));
#10729 = CARTESIAN_POINT('',(75.770179992811,0.908600071442,
    540.31269867746));
#10730 = CARTESIAN_POINT('',(75.779078912494,0.899052137991,
    540.25733868785));
#10731 = CARTESIAN_POINT('',(75.787146937572,0.889505362915,
    540.20121211035));
#10732 = CARTESIAN_POINT('',(75.794483585952,0.879968062721,
    540.14446712906));
#10733 = CARTESIAN_POINT('',(75.80116945018,0.87044498101,
    540.08721047213));
#10734 = CARTESIAN_POINT('',(75.807263213263,0.860937153549,
    540.02950373135));
#10735 = CARTESIAN_POINT('',(75.824064856354,0.83220607687,
    539.85362066534));
#10736 = CARTESIAN_POINT('',(75.833080326826,0.813042161531,
    539.73426274344));
#10737 = CARTESIAN_POINT('',(75.840265374538,0.793959853835,
    539.6137431022));
#10738 = CARTESIAN_POINT('',(75.845813666245,0.774967043441,
    539.49229481729));
#10739 = CARTESIAN_POINT('',(75.849873117943,0.756070149063,
    539.37009852301));
#10740 = CARTESIAN_POINT('',(75.852530541339,0.737274167034,
    539.24726842807));
#10741 = CARTESIAN_POINT('',(75.853846153847,0.718582983579,
    539.12388655719));
#10742 = CARTESIAN_POINT('',(75.853846153846,0.7,539.));
#10743 = PCURVE('',#10488,#10744);
#10744 = DEFINITIONAL_REPRESENTATION('',(#10745),#10783);
#10745 = B_SPLINE_CURVE_WITH_KNOTS('',8,(#10746,#10747,#10748,#10749,
    #10750,#10751,#10752,#10753,#10754,#10755,#10756,#10757,#10758,
    #10759,#10760,#10761,#10762,#10763,#10764,#10765,#10766,#10767,
    #10768,#10769,#10770,#10771,#10772,#10773,#10774,#10775,#10776,
    #10777,#10778,#10779,#10780,#10781,#10782),.UNSPECIFIED.,.F.,.F.,(9,
    7,7,7,7,9),(0.,6.822053939413E-02,0.15160105169,0.283015454365,
    0.519950844696,1.),.UNSPECIFIED.);
#10746 = CARTESIAN_POINT('',(4.044749683231,0.975310445581));
#10747 = CARTESIAN_POINT('',(4.044749683231,0.975473751421));
#10748 = CARTESIAN_POINT('',(4.042851334068,0.975642855927));
#10749 = CARTESIAN_POINT('',(4.038816531723,0.975814734101));
#10750 = CARTESIAN_POINT('',(4.032588558037,0.975986623145));
#10751 = CARTESIAN_POINT('',(4.024276538105,0.97615606319));
#10752 = CARTESIAN_POINT('',(4.01412811694,0.976320922773));
#10753 = CARTESIAN_POINT('',(4.002490355386,0.976479409066));
#10754 = CARTESIAN_POINT('',(3.974198138195,0.976814194942));
#10755 = CARTESIAN_POINT('',(3.956932253741,0.976987473139));
#10756 = CARTESIAN_POINT('',(3.938394606973,0.977150206688));
#10757 = CARTESIAN_POINT('',(3.918939482952,0.977302976183));
#10758 = CARTESIAN_POINT('',(3.898836979518,0.977446540181));
#10759 = CARTESIAN_POINT('',(3.878270853804,0.97758177289));
#10760 = CARTESIAN_POINT('',(3.857339272521,0.977709632933));
#10761 = CARTESIAN_POINT('',(3.802518201039,0.978022704666));
#10762 = CARTESIAN_POINT('',(3.768259554629,0.97819767134));
#10763 = CARTESIAN_POINT('',(3.733535659177,0.978359321487));
#10764 = CARTESIAN_POINT('',(3.698508721736,0.978509520912));
#10765 = CARTESIAN_POINT('',(3.663290380627,0.978649708945));
#10766 = CARTESIAN_POINT('',(3.627950106054,0.978781113354));
#10767 = CARTESIAN_POINT('',(3.592513301156,0.978904702355));
#10768 = CARTESIAN_POINT('',(3.492888850413,0.979231694873));
#10769 = CARTESIAN_POINT('',(3.428599963096,0.979419050265));
#10770 = CARTESIAN_POINT('',(3.364234961757,0.979588058236));
#10771 = CARTESIAN_POINT('',(3.299877769315,0.979741285885));
#10772 = CARTESIAN_POINT('',(3.235584449417,0.979880623254));
#10773 = CARTESIAN_POINT('',(3.171386979861,0.980007600953));
#10774 = CARTESIAN_POINT('',(3.107292343009,0.980123333488));
#10775 = CARTESIAN_POINT('',(2.913608987516,0.980442429704));
#10776 = CARTESIAN_POINT('',(2.78442025369,0.980613652902));
#10777 = CARTESIAN_POINT('',(2.65578165537,0.980750102754));
#10778 = CARTESIAN_POINT('',(2.527746385979,0.98085549421));
#10779 = CARTESIAN_POINT('',(2.400357702048,0.980932567483));
#10780 = CARTESIAN_POINT('',(2.273649301691,0.980983055241));
#10781 = CARTESIAN_POINT('',(2.147647369684,0.981008034196));
#10782 = CARTESIAN_POINT('',(2.022374841445,0.981008034196));
#10783 = ( GEOMETRIC_REPRESENTATION_CONTEXT(2) 
PARAMETRIC_REPRESENTATION_CONTEXT() REPRESENTATION_CONTEXT('2D SPACE',''
  ) );
#10784 = PCURVE('',#10785,#10790);
#10785 = CYLINDRICAL_SURFACE('',#10786,0.3);
#10786 = AXIS2_PLACEMENT_3D('',#10787,#10788,#10789);
#10787 = CARTESIAN_POINT('',(75.553846153846,0.7,537.));
#10788 = DIRECTION('',(0.,0.,1.));
#10789 = DIRECTION('',(0.,1.,0.));
#10790 = DEFINITIONAL_REPRESENTATION('',(#10791),#10829);
#10791 = B_SPLINE_CURVE_WITH_KNOTS('',8,(#10792,#10793,#10794,#10795,
    #10796,#10797,#10798,#10799,#10800,#10801,#10802,#10803,#10804,
    #10805,#10806,#10807,#10808,#10809,#10810,#10811,#10812,#10813,
    #10814,#10815,#10816,#10817,#10818,#10819,#10820,#10821,#10822,
    #10823,#10824,#10825,#10826,#10827,#10828),.UNSPECIFIED.,.F.,.F.,(9,
    7,7,7,7,9),(0.,6.822053939413E-02,0.15160105169,0.283015454365,
    0.519950844696,1.),.UNSPECIFIED.);
#10792 = CARTESIAN_POINT('',(0.,3.720430107527));
#10793 = CARTESIAN_POINT('',(-2.866226858388E-02,3.728443214873));
#10794 = CARTESIAN_POINT('',(-5.834240076606E-02,3.734863505258));
#10795 = CARTESIAN_POINT('',(-8.854472966953E-02,3.739307078033));
#10796 = CARTESIAN_POINT('',(-0.118832152119,3.741582277314));
#10797 = CARTESIAN_POINT('',(-0.148817704878,3.741676319762));
#10798 = CARTESIAN_POINT('',(-0.178158404803,3.739729523698));
#10799 = CARTESIAN_POINT('',(-0.206551352898,3.735997139564));
#10800 = CARTESIAN_POINT('',(-0.266952959664,3.724445244461));
#10801 = CARTESIAN_POINT('',(-0.298515882788,3.715872815636));
#10802 = CARTESIAN_POINT('',(-0.328480010192,3.705525288956));
#10803 = CARTESIAN_POINT('',(-0.356936096492,3.693781518467));
#10804 = CARTESIAN_POINT('',(-0.383999099502,3.680945834717));
#10805 = CARTESIAN_POINT('',(-0.409804582887,3.667242857501));
#10806 = CARTESIAN_POINT('',(-0.434508934363,3.652816705244));
#10807 = CARTESIAN_POINT('',(-0.495779631913,3.613963989957));
#10808 = CARTESIAN_POINT('',(-0.530814221426,3.588669651462));
#10809 = CARTESIAN_POINT('',(-0.563934246885,3.562261794582));
#10810 = CARTESIAN_POINT('',(-0.595436218656,3.534992383262));
#10811 = CARTESIAN_POINT('',(-0.625546065243,3.507042445931));
#10812 = CARTESIAN_POINT('',(-0.654458516726,3.478540928395));
#10813 = CARTESIAN_POINT('',(-0.682330606847,3.4495604613));
#10814 = CARTESIAN_POINT('',(-0.757964120598,3.367083122048));
#10815 = CARTESIAN_POINT('',(-0.803620943917,3.312698677467));
#10816 = CARTESIAN_POINT('',(-0.847032919166,3.257338687854));
#10817 = CARTESIAN_POINT('',(-0.888604578081,3.201212110358));
#10818 = CARTESIAN_POINT('',(-0.928632728113,3.144467129061));
#10819 = CARTESIAN_POINT('',(-0.967361353639,3.087210472132));
#10820 = CARTESIAN_POINT('',(-1.004973176558,3.029503731357));
#10821 = CARTESIAN_POINT('',(-1.115917105224,2.85362066534));
#10822 = CARTESIAN_POINT('',(-1.186230555272,2.734262743448));
#10823 = CARTESIAN_POINT('',(-1.253852251587,2.6137431022));
#10824 = CARTESIAN_POINT('',(-1.319436933172,2.492294817292));
#10825 = CARTESIAN_POINT('',(-1.383534854929,2.370098523016));
#10826 = CARTESIAN_POINT('',(-1.446548845553,2.247268428073));
#10827 = CARTESIAN_POINT('',(-1.508853048199,2.123886557192));
#10828 = CARTESIAN_POINT('',(-1.570796326795,2.));
#10829 = ( GEOMETRIC_REPRESENTATION_CONTEXT(2) 
PARAMETRIC_REPRESENTATION_CONTEXT() REPRESENTATION_CONTEXT('2D SPACE',''
  ) );
#10830 = ORIENTED_EDGE('',*,*,#10831,.T.);
#10831 = EDGE_CURVE('',#10702,#10445,#10832,.T.);
#10832 = SURFACE_CURVE('',#10833,(#10836,#10842),.PCURVE_S1.);
#10833 = B_SPLINE_CURVE_WITH_KNOTS('',1,(#10834,#10835),.UNSPECIFIED.,
  .F.,.F.,(2,2),(0.,1.),.PIECEWISE_BEZIER_KNOTS.);
#10834 = CARTESIAN_POINT('',(75.853846153846,0.7,539.));
#10835 = CARTESIAN_POINT('',(75.853846153846,0.4,537.));
#10836 = PCURVE('',#10488,#10837);
#10837 = DEFINITIONAL_REPRESENTATION('',(#10838),#10841);
#10838 = B_SPLINE_CURVE_WITH_KNOTS('',1,(#10839,#10840),.UNSPECIFIED.,
  .F.,.F.,(2,2),(0.,1.),.PIECEWISE_BEZIER_KNOTS.);
#10839 = CARTESIAN_POINT('',(2.022374841616,0.981008035062));
#10840 = CARTESIAN_POINT('',(0.,0.981008035062));
#10841 = ( GEOMETRIC_REPRESENTATION_CONTEXT(2) 
PARAMETRIC_REPRESENTATION_CONTEXT() REPRESENTATION_CONTEXT('2D SPACE',''
  ) );
#10842 = PCURVE('',#10462,#10843);
#10843 = DEFINITIONAL_REPRESENTATION('',(#10844),#10847);
#10844 = B_SPLINE_CURVE_WITH_KNOTS('',1,(#10845,#10846),.UNSPECIFIED.,
  .F.,.F.,(2,2),(0.,1.),.PIECEWISE_BEZIER_KNOTS.);
#10845 = CARTESIAN_POINT('',(2.,0.7));
#10846 = CARTESIAN_POINT('',(0.,0.4));
#10847 = ( GEOMETRIC_REPRESENTATION_CONTEXT(2) 
PARAMETRIC_REPRESENTATION_CONTEXT() REPRESENTATION_CONTEXT('2D SPACE',''
  ) );
#10848 = ADVANCED_FACE('',(#10849),#10690,.F.);
#10849 = FACE_BOUND('',#10850,.F.);
#10850 = EDGE_LOOP('',(#10851,#10881,#10902,#10922,#10943,#10966,#10987,
    #10988));
#10851 = ORIENTED_EDGE('',*,*,#10852,.T.);
#10852 = EDGE_CURVE('',#10853,#10855,#10857,.T.);
#10853 = VERTEX_POINT('',#10854);
#10854 = CARTESIAN_POINT('',(75.553846153846,1.,549.68860885178));
#10855 = VERTEX_POINT('',#10856);
#10856 = CARTESIAN_POINT('',(22.276118862043,1.,547.70262905309));
#10857 = SURFACE_CURVE('',#10858,(#10862,#10869),.PCURVE_S1.);
#10858 = LINE('',#10859,#10860);
#10859 = CARTESIAN_POINT('',(75.86502118839,1.,549.70020820791));
#10860 = VECTOR('',#10861,1.);
#10861 = DIRECTION('',(-0.999305973625,0.,-3.725011514586E-02));
#10862 = PCURVE('',#10690,#10863);
#10863 = DEFINITIONAL_REPRESENTATION('',(#10864),#10868);
#10864 = LINE('',#10865,#10866);
#10865 = CARTESIAN_POINT('',(-24.13646332245,33.395515657121));
#10866 = VECTOR('',#10867,1.);
#10867 = DIRECTION('',(3.725011514586E-02,-0.999305973625));
#10868 = ( GEOMETRIC_REPRESENTATION_CONTEXT(2) 
PARAMETRIC_REPRESENTATION_CONTEXT() REPRESENTATION_CONTEXT('2D SPACE',''
  ) );
#10869 = PCURVE('',#10870,#10875);
#10870 = CYLINDRICAL_SURFACE('',#10871,0.3);
#10871 = AXIS2_PLACEMENT_3D('',#10872,#10873,#10874);
#10872 = CARTESIAN_POINT('',(75.86502118839,0.7,549.70020820791));
#10873 = DIRECTION('',(-0.999305973625,0.,-3.725011514586E-02));
#10874 = DIRECTION('',(0.,1.,0.));
#10875 = DEFINITIONAL_REPRESENTATION('',(#10876),#10880);
#10876 = LINE('',#10877,#10878);
#10877 = CARTESIAN_POINT('',(-0.,0.));
#10878 = VECTOR('',#10879,1.);
#10879 = DIRECTION('',(-0.,1.));
#10880 = ( GEOMETRIC_REPRESENTATION_CONTEXT(2) 
PARAMETRIC_REPRESENTATION_CONTEXT() REPRESENTATION_CONTEXT('2D SPACE',''
  ) );
#10881 = ORIENTED_EDGE('',*,*,#10882,.F.);
#10882 = EDGE_CURVE('',#10883,#10855,#10885,.T.);
#10883 = VERTEX_POINT('',#10884);
#10884 = CARTESIAN_POINT('',(23.746999810502,1.,542.));
#10885 = SURFACE_CURVE('',#10886,(#10889,#10895),.PCURVE_S1.);
#10886 = B_SPLINE_CURVE_WITH_KNOTS('',1,(#10887,#10888),.UNSPECIFIED.,
  .F.,.F.,(2,2),(0.,1.),.PIECEWISE_BEZIER_KNOTS.);
#10887 = CARTESIAN_POINT('',(23.746999810502,1.,542.));
#10888 = CARTESIAN_POINT('',(22.225210910135,1.,547.9));
#10889 = PCURVE('',#10690,#10890);
#10890 = DEFINITIONAL_REPRESENTATION('',(#10891),#10894);
#10891 = B_SPLINE_CURVE_WITH_KNOTS('',1,(#10892,#10893),.UNSPECIFIED.,
  .F.,.F.,(2,2),(0.,1.),.PIECEWISE_BEZIER_KNOTS.);
#10892 = CARTESIAN_POINT('',(-16.43625511453,-18.72250572076));
#10893 = CARTESIAN_POINT('',(-22.33625511453,-20.24429462113));
#10894 = ( GEOMETRIC_REPRESENTATION_CONTEXT(2) 
PARAMETRIC_REPRESENTATION_CONTEXT() REPRESENTATION_CONTEXT('2D SPACE',''
  ) );
#10895 = PCURVE('',#875,#10896);
#10896 = DEFINITIONAL_REPRESENTATION('',(#10897),#10901);
#10897 = LINE('',#10898,#10899);
#10898 = CARTESIAN_POINT('',(0.,0.));
#10899 = VECTOR('',#10900,1.);
#10900 = DIRECTION('',(0.,1.));
#10901 = ( GEOMETRIC_REPRESENTATION_CONTEXT(2) 
PARAMETRIC_REPRESENTATION_CONTEXT() REPRESENTATION_CONTEXT('2D SPACE',''
  ) );
#10902 = ORIENTED_EDGE('',*,*,#10903,.F.);
#10903 = EDGE_CURVE('',#10904,#10883,#10906,.T.);
#10904 = VERTEX_POINT('',#10905);
#10905 = CARTESIAN_POINT('',(23.746999810502,1.,493.));
#10906 = SURFACE_CURVE('',#10907,(#10910,#10916),.PCURVE_S1.);
#10907 = B_SPLINE_CURVE_WITH_KNOTS('',1,(#10908,#10909),.UNSPECIFIED.,
  .F.,.F.,(2,2),(0.,1.),.PIECEWISE_BEZIER_KNOTS.);
#10908 = CARTESIAN_POINT('',(23.746999810502,1.,493.));
#10909 = CARTESIAN_POINT('',(23.746999810502,1.,542.));
#10910 = PCURVE('',#10690,#10911);
#10911 = DEFINITIONAL_REPRESENTATION('',(#10912),#10915);
#10912 = B_SPLINE_CURVE_WITH_KNOTS('',1,(#10913,#10914),.UNSPECIFIED.,
  .F.,.F.,(2,2),(0.,1.),.PIECEWISE_BEZIER_KNOTS.);
#10913 = CARTESIAN_POINT('',(32.563744885463,-18.72250572076));
#10914 = CARTESIAN_POINT('',(-16.43625511453,-18.72250572076));
#10915 = ( GEOMETRIC_REPRESENTATION_CONTEXT(2) 
PARAMETRIC_REPRESENTATION_CONTEXT() REPRESENTATION_CONTEXT('2D SPACE',''
  ) );
#10916 = PCURVE('',#646,#10917);
#10917 = DEFINITIONAL_REPRESENTATION('',(#10918),#10921);
#10918 = B_SPLINE_CURVE_WITH_KNOTS('',1,(#10919,#10920),.UNSPECIFIED.,
  .F.,.F.,(2,2),(0.,1.),.PIECEWISE_BEZIER_KNOTS.);
#10919 = CARTESIAN_POINT('',(0.,0.));
#10920 = CARTESIAN_POINT('',(0.,49.));
#10921 = ( GEOMETRIC_REPRESENTATION_CONTEXT(2) 
PARAMETRIC_REPRESENTATION_CONTEXT() REPRESENTATION_CONTEXT('2D SPACE',''
  ) );
#10922 = ORIENTED_EDGE('',*,*,#10923,.F.);
#10923 = EDGE_CURVE('',#10924,#10904,#10926,.T.);
#10924 = VERTEX_POINT('',#10925);
#10925 = CARTESIAN_POINT('',(22.338471756951,1.,487.53911412157));
#10926 = SURFACE_CURVE('',#10927,(#10930,#10936),.PCURVE_S1.);
#10927 = B_SPLINE_CURVE_WITH_KNOTS('',1,(#10928,#10929),.UNSPECIFIED.,
  .F.,.F.,(2,2),(0.,1.),.PIECEWISE_BEZIER_KNOTS.);
#10928 = CARTESIAN_POINT('',(22.225210910135,1.,487.1));
#10929 = CARTESIAN_POINT('',(23.746999810502,1.,493.));
#10930 = PCURVE('',#10690,#10931);
#10931 = DEFINITIONAL_REPRESENTATION('',(#10932),#10935);
#10932 = B_SPLINE_CURVE_WITH_KNOTS('',1,(#10933,#10934),.UNSPECIFIED.,
  .F.,.F.,(2,2),(0.,1.),.PIECEWISE_BEZIER_KNOTS.);
#10933 = CARTESIAN_POINT('',(38.463744885463,-20.24429462113));
#10934 = CARTESIAN_POINT('',(32.563744885463,-18.72250572076));
#10935 = ( GEOMETRIC_REPRESENTATION_CONTEXT(2) 
PARAMETRIC_REPRESENTATION_CONTEXT() REPRESENTATION_CONTEXT('2D SPACE',''
  ) );
#10936 = PCURVE('',#493,#10937);
#10937 = DEFINITIONAL_REPRESENTATION('',(#10938),#10942);
#10938 = LINE('',#10939,#10940);
#10939 = CARTESIAN_POINT('',(0.,0.));
#10940 = VECTOR('',#10941,1.);
#10941 = DIRECTION('',(0.,1.));
#10942 = ( GEOMETRIC_REPRESENTATION_CONTEXT(2) 
PARAMETRIC_REPRESENTATION_CONTEXT() REPRESENTATION_CONTEXT('2D SPACE',''
  ) );
#10943 = ORIENTED_EDGE('',*,*,#10944,.T.);
#10944 = EDGE_CURVE('',#10924,#10945,#10947,.T.);
#10945 = VERTEX_POINT('',#10946);
#10946 = CARTESIAN_POINT('',(24.2,1.,489.27387162406));
#10947 = SURFACE_CURVE('',#10948,(#10952,#10959),.PCURVE_S1.);
#10948 = LINE('',#10949,#10950);
#10949 = CARTESIAN_POINT('',(21.995472751085,1.,487.21947347095));
#10950 = VECTOR('',#10951,1.);
#10951 = DIRECTION('',(0.731578236503,0.,0.681757496383));
#10952 = PCURVE('',#10690,#10953);
#10953 = DEFINITIONAL_REPRESENTATION('',(#10954),#10958);
#10954 = LINE('',#10955,#10956);
#10955 = CARTESIAN_POINT('',(38.344271414512,-20.47403278018));
#10956 = VECTOR('',#10957,1.);
#10957 = DIRECTION('',(-0.681757496383,0.731578236503));
#10958 = ( GEOMETRIC_REPRESENTATION_CONTEXT(2) 
PARAMETRIC_REPRESENTATION_CONTEXT() REPRESENTATION_CONTEXT('2D SPACE',''
  ) );
#10959 = PCURVE('',#144,#10960);
#10960 = DEFINITIONAL_REPRESENTATION('',(#10961),#10965);
#10961 = LINE('',#10962,#10963);
#10962 = CARTESIAN_POINT('',(-0.,0.));
#10963 = VECTOR('',#10964,1.);
#10964 = DIRECTION('',(-0.,1.));
#10965 = ( GEOMETRIC_REPRESENTATION_CONTEXT(2) 
PARAMETRIC_REPRESENTATION_CONTEXT() REPRESENTATION_CONTEXT('2D SPACE',''
  ) );
#10966 = ORIENTED_EDGE('',*,*,#10967,.F.);
#10967 = EDGE_CURVE('',#10653,#10945,#10968,.T.);
#10968 = SURFACE_CURVE('',#10969,(#10973,#10980),.PCURVE_S1.);
#10969 = LINE('',#10970,#10971);
#10970 = CARTESIAN_POINT('',(24.2,1.,507.2137720843));
#10971 = VECTOR('',#10972,1.);
#10972 = DIRECTION('',(0.,0.,-1.));
#10973 = PCURVE('',#10690,#10974);
#10974 = DEFINITIONAL_REPRESENTATION('',(#10975),#10979);
#10975 = LINE('',#10976,#10977);
#10976 = CARTESIAN_POINT('',(18.349972801154,-18.26950553126));
#10977 = VECTOR('',#10978,1.);
#10978 = DIRECTION('',(1.,0.));
#10979 = ( GEOMETRIC_REPRESENTATION_CONTEXT(2) 
PARAMETRIC_REPRESENTATION_CONTEXT() REPRESENTATION_CONTEXT('2D SPACE',''
  ) );
#10980 = PCURVE('',#10516,#10981);
#10981 = DEFINITIONAL_REPRESENTATION('',(#10982),#10986);
#10982 = LINE('',#10983,#10984);
#10983 = CARTESIAN_POINT('',(17.260356430063,-6.257922795169));
#10984 = VECTOR('',#10985,1.);
#10985 = DIRECTION('',(-0.928476690885,0.371390676354));
#10986 = ( GEOMETRIC_REPRESENTATION_CONTEXT(2) 
PARAMETRIC_REPRESENTATION_CONTEXT() REPRESENTATION_CONTEXT('2D SPACE',''
  ) );
#10987 = ORIENTED_EDGE('',*,*,#10675,.T.);
#10988 = ORIENTED_EDGE('',*,*,#10989,.T.);
#10989 = EDGE_CURVE('',#10676,#10853,#10990,.T.);
#10990 = SURFACE_CURVE('',#10991,(#10995,#11002),.PCURVE_S1.);
#10991 = LINE('',#10992,#10993);
#10992 = CARTESIAN_POINT('',(75.553846153846,1.,537.));
#10993 = VECTOR('',#10994,1.);
#10994 = DIRECTION('',(0.,0.,1.));
#10995 = PCURVE('',#10690,#10996);
#10996 = DEFINITIONAL_REPRESENTATION('',(#10997),#11001);
#10997 = LINE('',#10998,#10999);
#10998 = CARTESIAN_POINT('',(-11.43625511453,33.084340622577));
#10999 = VECTOR('',#11000,1.);
#11000 = DIRECTION('',(-1.,0.));
#11001 = ( GEOMETRIC_REPRESENTATION_CONTEXT(2) 
PARAMETRIC_REPRESENTATION_CONTEXT() REPRESENTATION_CONTEXT('2D SPACE',''
  ) );
#11002 = PCURVE('',#10785,#11003);
#11003 = DEFINITIONAL_REPRESENTATION('',(#11004),#11008);
#11004 = LINE('',#11005,#11006);
#11005 = CARTESIAN_POINT('',(-0.,0.));
#11006 = VECTOR('',#11007,1.);
#11007 = DIRECTION('',(-0.,1.));
#11008 = ( GEOMETRIC_REPRESENTATION_CONTEXT(2) 
PARAMETRIC_REPRESENTATION_CONTEXT() REPRESENTATION_CONTEXT('2D SPACE',''
  ) );
#11009 = ADVANCED_FACE('',(#11010),#10870,.T.);
#11010 = FACE_BOUND('',#11011,.F.);
#11011 = EDGE_LOOP('',(#11012,#11045,#11066,#11089,#11111));
#11012 = ORIENTED_EDGE('',*,*,#11013,.T.);
#11013 = EDGE_CURVE('',#10853,#11014,#11016,.T.);
#11014 = VERTEX_POINT('',#11015);
#11015 = CARTESIAN_POINT('',(75.853846153846,0.7,550.));
#11016 = SURFACE_CURVE('',#11017,(#11022,#11034),.PCURVE_S1.);
#11017 = ELLIPSE('',#11018,0.432393856554,0.3);
#11018 = AXIS2_PLACEMENT_3D('',#11019,#11020,#11021);
#11019 = CARTESIAN_POINT('',(75.553846153846,0.7,549.68860885178));
#11020 = DIRECTION('',(0.720156273022,0.,-0.693811892682));
#11021 = DIRECTION('',(0.693811892682,0.,0.720156273022));
#11022 = PCURVE('',#10870,#11023);
#11023 = DEFINITIONAL_REPRESENTATION('',(#11024),#11033);
#11024 = B_SPLINE_CURVE_WITH_KNOTS('',7,(#11025,#11026,#11027,#11028,
    #11029,#11030,#11031,#11032),.UNSPECIFIED.,.F.,.F.,(8,8),(
    4.712390558434,6.28318530718),.PIECEWISE_BEZIER_KNOTS.);
#11025 = CARTESIAN_POINT('',(-1.578049477758E-06,0.311390656823));
#11026 = CARTESIAN_POINT('',(-0.22440082787,0.241514716763));
#11027 = CARTESIAN_POINT('',(-0.448800077692,0.171639089307));
#11028 = CARTESIAN_POINT('',(-0.673199327511,0.107508570845));
#11029 = CARTESIAN_POINT('',(-0.897598577333,5.487868578805E-02));
#11030 = CARTESIAN_POINT('',(-1.121997827153,1.829377986171E-02));
#11031 = CARTESIAN_POINT('',(-1.346397076974,0.));
#11032 = CARTESIAN_POINT('',(-1.570796326795,0.));
#11033 = ( GEOMETRIC_REPRESENTATION_CONTEXT(2) 
PARAMETRIC_REPRESENTATION_CONTEXT() REPRESENTATION_CONTEXT('2D SPACE',''
  ) );
#11034 = PCURVE('',#10785,#11035);
#11035 = DEFINITIONAL_REPRESENTATION('',(#11036),#11044);
#11036 = B_SPLINE_CURVE_WITH_KNOTS('',6,(#11037,#11038,#11039,#11040,
    #11041,#11042,#11043),.UNSPECIFIED.,.F.,.F.,(7,7),(4.712390558434,
    6.28318530718),.PIECEWISE_BEZIER_KNOTS.);
#11037 = CARTESIAN_POINT('',(-1.578049146356E-06,12.688609343177));
#11038 = CARTESIAN_POINT('',(-0.26180070284,12.770131273247));
#11039 = CARTESIAN_POINT('',(-0.523598612542,12.851647024294));
#11040 = CARTESIAN_POINT('',(-0.78539914216,12.923144883643));
#11041 = CARTESIAN_POINT('',(-1.047199022249,12.974395166164));
#11042 = CARTESIAN_POINT('',(-1.308997202004,13.));
#11043 = CARTESIAN_POINT('',(-1.570796326795,13.));
#11044 = ( GEOMETRIC_REPRESENTATION_CONTEXT(2) 
PARAMETRIC_REPRESENTATION_CONTEXT() REPRESENTATION_CONTEXT('2D SPACE',''
  ) );
#11045 = ORIENTED_EDGE('',*,*,#11046,.T.);
#11046 = EDGE_CURVE('',#11014,#1067,#11047,.T.);
#11047 = SURFACE_CURVE('',#11048,(#11052,#11059),.PCURVE_S1.);
#11048 = LINE('',#11049,#11050);
#11049 = CARTESIAN_POINT('',(75.853846153846,0.7,550.));
#11050 = VECTOR('',#11051,1.);
#11051 = DIRECTION('',(-0.999305973625,0.,-3.725011514586E-02));
#11052 = PCURVE('',#10870,#11053);
#11053 = DEFINITIONAL_REPRESENTATION('',(#11054),#11058);
#11054 = LINE('',#11055,#11056);
#11055 = CARTESIAN_POINT('',(-1.570796326795,0.));
#11056 = VECTOR('',#11057,1.);
#11057 = DIRECTION('',(-0.,1.));
#11058 = ( GEOMETRIC_REPRESENTATION_CONTEXT(2) 
PARAMETRIC_REPRESENTATION_CONTEXT() REPRESENTATION_CONTEXT('2D SPACE',''
  ) );
#11059 = PCURVE('',#1131,#11060);
#11060 = DEFINITIONAL_REPRESENTATION('',(#11061),#11065);
#11061 = LINE('',#11062,#11063);
#11062 = CARTESIAN_POINT('',(0.,0.7));
#11063 = VECTOR('',#11064,1.);
#11064 = DIRECTION('',(1.,0.));
#11065 = ( GEOMETRIC_REPRESENTATION_CONTEXT(2) 
PARAMETRIC_REPRESENTATION_CONTEXT() REPRESENTATION_CONTEXT('2D SPACE',''
  ) );
#11066 = ORIENTED_EDGE('',*,*,#11067,.F.);
#11067 = EDGE_CURVE('',#11068,#1067,#11070,.T.);
#11068 = VERTEX_POINT('',#11069);
#11069 = CARTESIAN_POINT('',(22.211175034544,1.,547.70020820791));
#11070 = SURFACE_CURVE('',#11071,(#11076,#11083),.PCURVE_S1.);
#11071 = CIRCLE('',#11072,0.3);
#11072 = AXIS2_PLACEMENT_3D('',#11073,#11074,#11075);
#11073 = CARTESIAN_POINT('',(22.211175034544,0.7,547.70020820791));
#11074 = DIRECTION('',(0.999305973625,-0.,3.725011514586E-02));
#11075 = DIRECTION('',(0.,1.,0.));
#11076 = PCURVE('',#10870,#11077);
#11077 = DEFINITIONAL_REPRESENTATION('',(#11078),#11082);
#11078 = LINE('',#11079,#11080);
#11079 = CARTESIAN_POINT('',(-0.,53.69110919976));
#11080 = VECTOR('',#11081,1.);
#11081 = DIRECTION('',(-1.,0.));
#11082 = ( GEOMETRIC_REPRESENTATION_CONTEXT(2) 
PARAMETRIC_REPRESENTATION_CONTEXT() REPRESENTATION_CONTEXT('2D SPACE',''
  ) );
#11083 = PCURVE('',#1094,#11084);
#11084 = DEFINITIONAL_REPRESENTATION('',(#11085),#11088);
#11085 = B_SPLINE_CURVE_WITH_KNOTS('',1,(#11086,#11087),.UNSPECIFIED.,
  .F.,.F.,(2,2),(0.,1.570796326795),.PIECEWISE_BEZIER_KNOTS.);
#11086 = CARTESIAN_POINT('',(0.,0.));
#11087 = CARTESIAN_POINT('',(-1.570796326795,0.));
#11088 = ( GEOMETRIC_REPRESENTATION_CONTEXT(2) 
PARAMETRIC_REPRESENTATION_CONTEXT() REPRESENTATION_CONTEXT('2D SPACE',''
  ) );
#11089 = ORIENTED_EDGE('',*,*,#11090,.F.);
#11090 = EDGE_CURVE('',#10855,#11068,#11091,.T.);
#11091 = SURFACE_CURVE('',#11092,(#11096,#11103),.PCURVE_S1.);
#11092 = LINE('',#11093,#11094);
#11093 = CARTESIAN_POINT('',(75.86502118839,1.,549.70020820791));
#11094 = VECTOR('',#11095,1.);
#11095 = DIRECTION('',(-0.999305973625,0.,-3.725011514586E-02));
#11096 = PCURVE('',#10870,#11097);
#11097 = DEFINITIONAL_REPRESENTATION('',(#11098),#11102);
#11098 = LINE('',#11099,#11100);
#11099 = CARTESIAN_POINT('',(-0.,0.));
#11100 = VECTOR('',#11101,1.);
#11101 = DIRECTION('',(-0.,1.));
#11102 = ( GEOMETRIC_REPRESENTATION_CONTEXT(2) 
PARAMETRIC_REPRESENTATION_CONTEXT() REPRESENTATION_CONTEXT('2D SPACE',''
  ) );
#11103 = PCURVE('',#1051,#11104);
#11104 = DEFINITIONAL_REPRESENTATION('',(#11105),#11110);
#11105 = B_SPLINE_CURVE_WITH_KNOTS('',3,(#11106,#11107,#11108,#11109),
  .UNSPECIFIED.,.F.,.F.,(4,4),(53.626120268229,53.69110919976),
  .PIECEWISE_BEZIER_KNOTS.);
#11106 = CARTESIAN_POINT('',(1.769738834666,0.966547297135));
#11107 = CARTESIAN_POINT('',(1.640314270615,0.966410526221));
#11108 = CARTESIAN_POINT('',(1.511160114313,0.966273755306));
#11109 = CARTESIAN_POINT('',(1.382274677912,0.966136984392));
#11110 = ( GEOMETRIC_REPRESENTATION_CONTEXT(2) 
PARAMETRIC_REPRESENTATION_CONTEXT() REPRESENTATION_CONTEXT('2D SPACE',''
  ) );
#11111 = ORIENTED_EDGE('',*,*,#10852,.F.);
#11112 = ADVANCED_FACE('',(#11113),#10785,.T.);
#11113 = FACE_BOUND('',#11114,.F.);
#11114 = EDGE_LOOP('',(#11115,#11116,#11117,#11138));
#11115 = ORIENTED_EDGE('',*,*,#10989,.F.);
#11116 = ORIENTED_EDGE('',*,*,#10701,.T.);
#11117 = ORIENTED_EDGE('',*,*,#11118,.T.);
#11118 = EDGE_CURVE('',#10702,#11014,#11119,.T.);
#11119 = SURFACE_CURVE('',#11120,(#11124,#11131),.PCURVE_S1.);
#11120 = LINE('',#11121,#11122);
#11121 = CARTESIAN_POINT('',(75.853846153846,0.7,537.));
#11122 = VECTOR('',#11123,1.);
#11123 = DIRECTION('',(0.,0.,1.));
#11124 = PCURVE('',#10785,#11125);
#11125 = DEFINITIONAL_REPRESENTATION('',(#11126),#11130);
#11126 = LINE('',#11127,#11128);
#11127 = CARTESIAN_POINT('',(-1.570796326795,0.));
#11128 = VECTOR('',#11129,1.);
#11129 = DIRECTION('',(-0.,1.));
#11130 = ( GEOMETRIC_REPRESENTATION_CONTEXT(2) 
PARAMETRIC_REPRESENTATION_CONTEXT() REPRESENTATION_CONTEXT('2D SPACE',''
  ) );
#11131 = PCURVE('',#10462,#11132);
#11132 = DEFINITIONAL_REPRESENTATION('',(#11133),#11137);
#11133 = LINE('',#11134,#11135);
#11134 = CARTESIAN_POINT('',(0.,0.7));
#11135 = VECTOR('',#11136,1.);
#11136 = DIRECTION('',(1.,0.));
#11137 = ( GEOMETRIC_REPRESENTATION_CONTEXT(2) 
PARAMETRIC_REPRESENTATION_CONTEXT() REPRESENTATION_CONTEXT('2D SPACE',''
  ) );
#11138 = ORIENTED_EDGE('',*,*,#11013,.F.);
#11139 = ADVANCED_FACE('',(#11140),#10516,.F.);
#11140 = FACE_BOUND('',#11141,.F.);
#11141 = EDGE_LOOP('',(#11142,#11143,#11144,#11145));
#11142 = ORIENTED_EDGE('',*,*,#10500,.T.);
#11143 = ORIENTED_EDGE('',*,*,#10652,.T.);
#11144 = ORIENTED_EDGE('',*,*,#10967,.T.);
#11145 = ORIENTED_EDGE('',*,*,#11146,.T.);
#11146 = EDGE_CURVE('',#10945,#10501,#11147,.T.);
#11147 = SURFACE_CURVE('',#11148,(#11153,#11160),.PCURVE_S1.);
#11148 = ELLIPSE('',#11149,0.410072340908,0.3);
#11149 = AXIS2_PLACEMENT_3D('',#11150,#11151,#11152);
#11150 = CARTESIAN_POINT('',(24.2,0.7,489.27387162406));
#11151 = DIRECTION('',(-1.,0.,0.));
#11152 = DIRECTION('',(0.,0.,1.));
#11153 = PCURVE('',#10516,#11154);
#11154 = DEFINITIONAL_REPRESENTATION('',(#11155),#11159);
#11155 = ELLIPSE('',#11156,0.410072340908,0.3);
#11156 = AXIS2_PLACEMENT_2D('',#11157,#11158);
#11157 = CARTESIAN_POINT('',(0.492159813016,0.126245963222));
#11158 = DIRECTION('',(0.928476690885,-0.371390676354));
#11159 = ( GEOMETRIC_REPRESENTATION_CONTEXT(2) 
PARAMETRIC_REPRESENTATION_CONTEXT() REPRESENTATION_CONTEXT('2D SPACE',''
  ) );
#11160 = PCURVE('',#144,#11161);
#11161 = DEFINITIONAL_REPRESENTATION('',(#11162),#11171);
#11162 = B_SPLINE_CURVE_WITH_KNOTS('',7,(#11163,#11164,#11165,#11166,
    #11167,#11168,#11169,#11170),.UNSPECIFIED.,.F.,.F.,(8,8),(
    1.570796326795,3.14159265359),.PIECEWISE_BEZIER_KNOTS.);
#11163 = CARTESIAN_POINT('',(1.891820033961E-13,3.013385498524));
#11164 = CARTESIAN_POINT('',(-0.224399475256,2.950650161355));
#11165 = CARTESIAN_POINT('',(-0.448798950511,2.887915078929));
#11166 = CARTESIAN_POINT('',(-0.673198425771,2.830337998846));
#11167 = CARTESIAN_POINT('',(-0.897597901023,2.783086303682));
#11168 = CARTESIAN_POINT('',(-1.121997376283,2.750239966135));
#11169 = CARTESIAN_POINT('',(-1.346396851538,2.733815606051));
#11170 = CARTESIAN_POINT('',(-1.570796326795,2.733815606051));
#11171 = ( GEOMETRIC_REPRESENTATION_CONTEXT(2) 
PARAMETRIC_REPRESENTATION_CONTEXT() REPRESENTATION_CONTEXT('2D SPACE',''
  ) );
#11172 = ADVANCED_FACE('',(#11173),#10612,.T.);
#11173 = FACE_BOUND('',#11174,.T.);
#11174 = EDGE_LOOP('',(#11175,#11176,#11199,#11227));
#11175 = ORIENTED_EDGE('',*,*,#10596,.T.);
#11176 = ORIENTED_EDGE('',*,*,#11177,.T.);
#11177 = EDGE_CURVE('',#10597,#11178,#11180,.T.);
#11178 = VERTEX_POINT('',#11179);
#11179 = CARTESIAN_POINT('',(24.2,-1.,492.86379928315));
#11180 = SURFACE_CURVE('',#11181,(#11185,#11192),.PCURVE_S1.);
#11181 = LINE('',#11182,#11183);
#11182 = CARTESIAN_POINT('',(24.2,-0.4,488.86379928315));
#11183 = VECTOR('',#11184,1.);
#11184 = DIRECTION('',(0.,-0.14834045293,0.988936352868));
#11185 = PCURVE('',#10612,#11186);
#11186 = DEFINITIONAL_REPRESENTATION('',(#11187),#11191);
#11187 = LINE('',#11188,#11189);
#11188 = CARTESIAN_POINT('',(0.,0.));
#11189 = VECTOR('',#11190,1.);
#11190 = DIRECTION('',(0.973296613552,-0.229551088102));
#11191 = ( GEOMETRIC_REPRESENTATION_CONTEXT(2) 
PARAMETRIC_REPRESENTATION_CONTEXT() REPRESENTATION_CONTEXT('2D SPACE',''
  ) );
#11192 = PCURVE('',#10636,#11193);
#11193 = DEFINITIONAL_REPRESENTATION('',(#11194),#11198);
#11194 = LINE('',#11195,#11196);
#11195 = CARTESIAN_POINT('',(0.,0.));
#11196 = VECTOR('',#11197,1.);
#11197 = DIRECTION('',(1.,0.));
#11198 = ( GEOMETRIC_REPRESENTATION_CONTEXT(2) 
PARAMETRIC_REPRESENTATION_CONTEXT() REPRESENTATION_CONTEXT('2D SPACE',''
  ) );
#11199 = ORIENTED_EDGE('',*,*,#11200,.F.);
#11200 = EDGE_CURVE('',#11201,#11178,#11203,.T.);
#11201 = VERTEX_POINT('',#11202);
#11202 = CARTESIAN_POINT('',(24.2,-1.,489.27387162406));
#11203 = SURFACE_CURVE('',#11204,(#11208,#11215),.PCURVE_S1.);
#11204 = LINE('',#11205,#11206);
#11205 = CARTESIAN_POINT('',(24.2,-1.,507.2137720843));
#11206 = VECTOR('',#11207,1.);
#11207 = DIRECTION('',(0.,0.,1.));
#11208 = PCURVE('',#10612,#11209);
#11209 = DEFINITIONAL_REPRESENTATION('',(#11210),#11214);
#11210 = LINE('',#11211,#11212);
#11211 = CARTESIAN_POINT('',(17.260356430063,-6.257922795169));
#11212 = VECTOR('',#11213,1.);
#11213 = DIRECTION('',(0.928476690885,-0.371390676354));
#11214 = ( GEOMETRIC_REPRESENTATION_CONTEXT(2) 
PARAMETRIC_REPRESENTATION_CONTEXT() REPRESENTATION_CONTEXT('2D SPACE',''
  ) );
#11215 = PCURVE('',#11216,#11221);
#11216 = PLANE('',#11217);
#11217 = AXIS2_PLACEMENT_3D('',#11218,#11219,#11220);
#11218 = CARTESIAN_POINT('',(42.469505531269,-1.,525.56374488546));
#11219 = DIRECTION('',(-0.,-1.,-0.));
#11220 = DIRECTION('',(0.,0.,-1.));
#11221 = DEFINITIONAL_REPRESENTATION('',(#11222),#11226);
#11222 = LINE('',#11223,#11224);
#11223 = CARTESIAN_POINT('',(18.349972801154,-18.26950553126));
#11224 = VECTOR('',#11225,1.);
#11225 = DIRECTION('',(-1.,0.));
#11226 = ( GEOMETRIC_REPRESENTATION_CONTEXT(2) 
PARAMETRIC_REPRESENTATION_CONTEXT() REPRESENTATION_CONTEXT('2D SPACE',''
  ) );
#11227 = ORIENTED_EDGE('',*,*,#11228,.T.);
#11228 = EDGE_CURVE('',#11201,#10574,#11229,.T.);
#11229 = SURFACE_CURVE('',#11230,(#11235,#11242),.PCURVE_S1.);
#11230 = ELLIPSE('',#11231,0.410072340908,0.3);
#11231 = AXIS2_PLACEMENT_3D('',#11232,#11233,#11234);
#11232 = CARTESIAN_POINT('',(24.2,-0.7,489.27387162406));
#11233 = DIRECTION('',(1.,0.,-0.));
#11234 = DIRECTION('',(0.,0.,1.));
#11235 = PCURVE('',#10612,#11236);
#11236 = DEFINITIONAL_REPRESENTATION('',(#11237),#11241);
#11237 = ELLIPSE('',#11238,0.410072340908,0.3);
#11238 = AXIS2_PLACEMENT_2D('',#11239,#11240);
#11239 = CARTESIAN_POINT('',(0.492159813016,0.126245963222));
#11240 = DIRECTION('',(0.928476690885,-0.371390676354));
#11241 = ( GEOMETRIC_REPRESENTATION_CONTEXT(2) 
PARAMETRIC_REPRESENTATION_CONTEXT() REPRESENTATION_CONTEXT('2D SPACE',''
  ) );
#11242 = PCURVE('',#2209,#11243);
#11243 = DEFINITIONAL_REPRESENTATION('',(#11244),#11253);
#11244 = B_SPLINE_CURVE_WITH_KNOTS('',7,(#11245,#11246,#11247,#11248,
    #11249,#11250,#11251,#11252),.UNSPECIFIED.,.F.,.F.,(8,8),(
    1.570796326795,3.14159265359),.PIECEWISE_BEZIER_KNOTS.);
#11245 = CARTESIAN_POINT('',(-1.570796326795,3.013385498524));
#11246 = CARTESIAN_POINT('',(-1.346396851539,2.950650161355));
#11247 = CARTESIAN_POINT('',(-1.121997376283,2.887915078929));
#11248 = CARTESIAN_POINT('',(-0.897597901024,2.830337998846));
#11249 = CARTESIAN_POINT('',(-0.673198425771,2.783086303682));
#11250 = CARTESIAN_POINT('',(-0.448798950512,2.750239966135));
#11251 = CARTESIAN_POINT('',(-0.224399475256,2.733815606051));
#11252 = CARTESIAN_POINT('',(0.,2.733815606051));
#11253 = ( GEOMETRIC_REPRESENTATION_CONTEXT(2) 
PARAMETRIC_REPRESENTATION_CONTEXT() REPRESENTATION_CONTEXT('2D SPACE',''
  ) );
#11254 = ADVANCED_FACE('',(#11255),#11216,.T.);
#11255 = FACE_BOUND('',#11256,.T.);
#11256 = EDGE_LOOP('',(#11257,#11287,#11308,#11328,#11349,#11370,#11371,
    #11392));
#11257 = ORIENTED_EDGE('',*,*,#11258,.T.);
#11258 = EDGE_CURVE('',#11259,#11261,#11263,.T.);
#11259 = VERTEX_POINT('',#11260);
#11260 = CARTESIAN_POINT('',(75.553846153846,-1.,549.68860885178));
#11261 = VERTEX_POINT('',#11262);
#11262 = CARTESIAN_POINT('',(22.276118862043,-1.,547.70262905309));
#11263 = SURFACE_CURVE('',#11264,(#11268,#11275),.PCURVE_S1.);
#11264 = LINE('',#11265,#11266);
#11265 = CARTESIAN_POINT('',(75.86502118839,-1.,549.70020820791));
#11266 = VECTOR('',#11267,1.);
#11267 = DIRECTION('',(-0.999305973625,0.,-3.725011514586E-02));
#11268 = PCURVE('',#11216,#11269);
#11269 = DEFINITIONAL_REPRESENTATION('',(#11270),#11274);
#11270 = LINE('',#11271,#11272);
#11271 = CARTESIAN_POINT('',(-24.13646332245,33.395515657121));
#11272 = VECTOR('',#11273,1.);
#11273 = DIRECTION('',(3.725011514586E-02,-0.999305973625));
#11274 = ( GEOMETRIC_REPRESENTATION_CONTEXT(2) 
PARAMETRIC_REPRESENTATION_CONTEXT() REPRESENTATION_CONTEXT('2D SPACE',''
  ) );
#11275 = PCURVE('',#11276,#11281);
#11276 = CYLINDRICAL_SURFACE('',#11277,0.3);
#11277 = AXIS2_PLACEMENT_3D('',#11278,#11279,#11280);
#11278 = CARTESIAN_POINT('',(75.86502118839,-0.7,549.70020820791));
#11279 = DIRECTION('',(-0.999305973625,0.,-3.725011514586E-02));
#11280 = DIRECTION('',(-3.725011514586E-02,0.,0.999305973625));
#11281 = DEFINITIONAL_REPRESENTATION('',(#11282),#11286);
#11282 = LINE('',#11283,#11284);
#11283 = CARTESIAN_POINT('',(-1.570796326795,0.));
#11284 = VECTOR('',#11285,1.);
#11285 = DIRECTION('',(-0.,1.));
#11286 = ( GEOMETRIC_REPRESENTATION_CONTEXT(2) 
PARAMETRIC_REPRESENTATION_CONTEXT() REPRESENTATION_CONTEXT('2D SPACE',''
  ) );
#11287 = ORIENTED_EDGE('',*,*,#11288,.F.);
#11288 = EDGE_CURVE('',#11289,#11261,#11291,.T.);
#11289 = VERTEX_POINT('',#11290);
#11290 = CARTESIAN_POINT('',(23.746999810502,-1.,542.));
#11291 = SURFACE_CURVE('',#11292,(#11295,#11301),.PCURVE_S1.);
#11292 = B_SPLINE_CURVE_WITH_KNOTS('',1,(#11293,#11294),.UNSPECIFIED.,
  .F.,.F.,(2,2),(0.,1.),.PIECEWISE_BEZIER_KNOTS.);
#11293 = CARTESIAN_POINT('',(23.746999810502,-1.,542.));
#11294 = CARTESIAN_POINT('',(22.225210910135,-1.,547.9));
#11295 = PCURVE('',#11216,#11296);
#11296 = DEFINITIONAL_REPRESENTATION('',(#11297),#11300);
#11297 = B_SPLINE_CURVE_WITH_KNOTS('',1,(#11298,#11299),.UNSPECIFIED.,
  .F.,.F.,(2,2),(0.,1.),.PIECEWISE_BEZIER_KNOTS.);
#11298 = CARTESIAN_POINT('',(-16.43625511453,-18.72250572076));
#11299 = CARTESIAN_POINT('',(-22.33625511453,-20.24429462113));
#11300 = ( GEOMETRIC_REPRESENTATION_CONTEXT(2) 
PARAMETRIC_REPRESENTATION_CONTEXT() REPRESENTATION_CONTEXT('2D SPACE',''
  ) );
#11301 = PCURVE('',#1554,#11302);
#11302 = DEFINITIONAL_REPRESENTATION('',(#11303),#11307);
#11303 = LINE('',#11304,#11305);
#11304 = CARTESIAN_POINT('',(0.,0.));
#11305 = VECTOR('',#11306,1.);
#11306 = DIRECTION('',(0.,1.));
#11307 = ( GEOMETRIC_REPRESENTATION_CONTEXT(2) 
PARAMETRIC_REPRESENTATION_CONTEXT() REPRESENTATION_CONTEXT('2D SPACE',''
  ) );
#11308 = ORIENTED_EDGE('',*,*,#11309,.F.);
#11309 = EDGE_CURVE('',#11310,#11289,#11312,.T.);
#11310 = VERTEX_POINT('',#11311);
#11311 = CARTESIAN_POINT('',(23.746999810502,-1.,493.));
#11312 = SURFACE_CURVE('',#11313,(#11316,#11322),.PCURVE_S1.);
#11313 = B_SPLINE_CURVE_WITH_KNOTS('',1,(#11314,#11315),.UNSPECIFIED.,
  .F.,.F.,(2,2),(0.,1.),.PIECEWISE_BEZIER_KNOTS.);
#11314 = CARTESIAN_POINT('',(23.746999810502,-1.,493.));
#11315 = CARTESIAN_POINT('',(23.746999810502,-1.,542.));
#11316 = PCURVE('',#11216,#11317);
#11317 = DEFINITIONAL_REPRESENTATION('',(#11318),#11321);
#11318 = B_SPLINE_CURVE_WITH_KNOTS('',1,(#11319,#11320),.UNSPECIFIED.,
  .F.,.F.,(2,2),(0.,1.),.PIECEWISE_BEZIER_KNOTS.);
#11319 = CARTESIAN_POINT('',(32.563744885463,-18.72250572076));
#11320 = CARTESIAN_POINT('',(-16.43625511453,-18.72250572076));
#11321 = ( GEOMETRIC_REPRESENTATION_CONTEXT(2) 
PARAMETRIC_REPRESENTATION_CONTEXT() REPRESENTATION_CONTEXT('2D SPACE',''
  ) );
#11322 = PCURVE('',#1697,#11323);
#11323 = DEFINITIONAL_REPRESENTATION('',(#11324),#11327);
#11324 = B_SPLINE_CURVE_WITH_KNOTS('',1,(#11325,#11326),.UNSPECIFIED.,
  .F.,.F.,(2,2),(0.,1.),.PIECEWISE_BEZIER_KNOTS.);
#11325 = CARTESIAN_POINT('',(0.,0.));
#11326 = CARTESIAN_POINT('',(0.,49.));
#11327 = ( GEOMETRIC_REPRESENTATION_CONTEXT(2) 
PARAMETRIC_REPRESENTATION_CONTEXT() REPRESENTATION_CONTEXT('2D SPACE',''
  ) );
#11328 = ORIENTED_EDGE('',*,*,#11329,.F.);
#11329 = EDGE_CURVE('',#11330,#11310,#11332,.T.);
#11330 = VERTEX_POINT('',#11331);
#11331 = CARTESIAN_POINT('',(22.338471756951,-1.,487.53911412157));
#11332 = SURFACE_CURVE('',#11333,(#11336,#11342),.PCURVE_S1.);
#11333 = B_SPLINE_CURVE_WITH_KNOTS('',1,(#11334,#11335),.UNSPECIFIED.,
  .F.,.F.,(2,2),(0.,1.),.PIECEWISE_BEZIER_KNOTS.);
#11334 = CARTESIAN_POINT('',(22.225210910135,-1.,487.1));
#11335 = CARTESIAN_POINT('',(23.746999810502,-1.,493.));
#11336 = PCURVE('',#11216,#11337);
#11337 = DEFINITIONAL_REPRESENTATION('',(#11338),#11341);
#11338 = B_SPLINE_CURVE_WITH_KNOTS('',1,(#11339,#11340),.UNSPECIFIED.,
  .F.,.F.,(2,2),(0.,1.),.PIECEWISE_BEZIER_KNOTS.);
#11339 = CARTESIAN_POINT('',(38.463744885463,-20.24429462113));
#11340 = CARTESIAN_POINT('',(32.563744885463,-18.72250572076));
#11341 = ( GEOMETRIC_REPRESENTATION_CONTEXT(2) 
PARAMETRIC_REPRESENTATION_CONTEXT() REPRESENTATION_CONTEXT('2D SPACE',''
  ) );
#11342 = PCURVE('',#1946,#11343);
#11343 = DEFINITIONAL_REPRESENTATION('',(#11344),#11348);
#11344 = LINE('',#11345,#11346);
#11345 = CARTESIAN_POINT('',(0.,0.));
#11346 = VECTOR('',#11347,1.);
#11347 = DIRECTION('',(0.,1.));
#11348 = ( GEOMETRIC_REPRESENTATION_CONTEXT(2) 
PARAMETRIC_REPRESENTATION_CONTEXT() REPRESENTATION_CONTEXT('2D SPACE',''
  ) );
#11349 = ORIENTED_EDGE('',*,*,#11350,.T.);
#11350 = EDGE_CURVE('',#11330,#11201,#11351,.T.);
#11351 = SURFACE_CURVE('',#11352,(#11356,#11363),.PCURVE_S1.);
#11352 = LINE('',#11353,#11354);
#11353 = CARTESIAN_POINT('',(21.995472751085,-1.,487.21947347095));
#11354 = VECTOR('',#11355,1.);
#11355 = DIRECTION('',(0.731578236503,0.,0.681757496383));
#11356 = PCURVE('',#11216,#11357);
#11357 = DEFINITIONAL_REPRESENTATION('',(#11358),#11362);
#11358 = LINE('',#11359,#11360);
#11359 = CARTESIAN_POINT('',(38.344271414512,-20.47403278018));
#11360 = VECTOR('',#11361,1.);
#11361 = DIRECTION('',(-0.681757496383,0.731578236503));
#11362 = ( GEOMETRIC_REPRESENTATION_CONTEXT(2) 
PARAMETRIC_REPRESENTATION_CONTEXT() REPRESENTATION_CONTEXT('2D SPACE',''
  ) );
#11363 = PCURVE('',#2209,#11364);
#11364 = DEFINITIONAL_REPRESENTATION('',(#11365),#11369);
#11365 = LINE('',#11366,#11367);
#11366 = CARTESIAN_POINT('',(-1.570796326795,0.));
#11367 = VECTOR('',#11368,1.);
#11368 = DIRECTION('',(-0.,1.));
#11369 = ( GEOMETRIC_REPRESENTATION_CONTEXT(2) 
PARAMETRIC_REPRESENTATION_CONTEXT() REPRESENTATION_CONTEXT('2D SPACE',''
  ) );
#11370 = ORIENTED_EDGE('',*,*,#11200,.T.);
#11371 = ORIENTED_EDGE('',*,*,#11372,.T.);
#11372 = EDGE_CURVE('',#11178,#11373,#11375,.T.);
#11373 = VERTEX_POINT('',#11374);
#11374 = CARTESIAN_POINT('',(75.553846153848,-1.,540.72043010753));
#11375 = SURFACE_CURVE('',#11376,(#11379,#11385),.PCURVE_S1.);
#11376 = B_SPLINE_CURVE_WITH_KNOTS('',1,(#11377,#11378),.UNSPECIFIED.,
  .F.,.F.,(2,2),(0.,1.),.PIECEWISE_BEZIER_KNOTS.);
#11377 = CARTESIAN_POINT('',(24.2,-1.,492.86379928315));
#11378 = CARTESIAN_POINT('',(76.853846153846,-1.,541.93189964157));
#11379 = PCURVE('',#11216,#11380);
#11380 = DEFINITIONAL_REPRESENTATION('',(#11381),#11384);
#11381 = B_SPLINE_CURVE_WITH_KNOTS('',1,(#11382,#11383),.UNSPECIFIED.,
  .F.,.F.,(2,2),(0.,1.),.PIECEWISE_BEZIER_KNOTS.);
#11382 = CARTESIAN_POINT('',(32.699945602309,-18.26950553126));
#11383 = CARTESIAN_POINT('',(-16.36815475611,34.384340622577));
#11384 = ( GEOMETRIC_REPRESENTATION_CONTEXT(2) 
PARAMETRIC_REPRESENTATION_CONTEXT() REPRESENTATION_CONTEXT('2D SPACE',''
  ) );
#11385 = PCURVE('',#10636,#11386);
#11386 = DEFINITIONAL_REPRESENTATION('',(#11387),#11391);
#11387 = LINE('',#11388,#11389);
#11388 = CARTESIAN_POINT('',(4.044749683231,0.));
#11389 = VECTOR('',#11390,1.);
#11390 = DIRECTION('',(0.,1.));
#11391 = ( GEOMETRIC_REPRESENTATION_CONTEXT(2) 
PARAMETRIC_REPRESENTATION_CONTEXT() REPRESENTATION_CONTEXT('2D SPACE',''
  ) );
#11392 = ORIENTED_EDGE('',*,*,#11393,.T.);
#11393 = EDGE_CURVE('',#11373,#11259,#11394,.T.);
#11394 = SURFACE_CURVE('',#11395,(#11399,#11406),.PCURVE_S1.);
#11395 = LINE('',#11396,#11397);
#11396 = CARTESIAN_POINT('',(75.553846153846,-1.,537.));
#11397 = VECTOR('',#11398,1.);
#11398 = DIRECTION('',(0.,0.,1.));
#11399 = PCURVE('',#11216,#11400);
#11400 = DEFINITIONAL_REPRESENTATION('',(#11401),#11405);
#11401 = LINE('',#11402,#11403);
#11402 = CARTESIAN_POINT('',(-11.43625511453,33.084340622577));
#11403 = VECTOR('',#11404,1.);
#11404 = DIRECTION('',(-1.,0.));
#11405 = ( GEOMETRIC_REPRESENTATION_CONTEXT(2) 
PARAMETRIC_REPRESENTATION_CONTEXT() REPRESENTATION_CONTEXT('2D SPACE',''
  ) );
#11406 = PCURVE('',#11407,#11412);
#11407 = CYLINDRICAL_SURFACE('',#11408,0.3);
#11408 = AXIS2_PLACEMENT_3D('',#11409,#11410,#11411);
#11409 = CARTESIAN_POINT('',(75.553846153846,-0.7,537.));
#11410 = DIRECTION('',(0.,0.,1.));
#11411 = DIRECTION('',(1.,0.,0.));
#11412 = DEFINITIONAL_REPRESENTATION('',(#11413),#11417);
#11413 = LINE('',#11414,#11415);
#11414 = CARTESIAN_POINT('',(-1.570796326795,0.));
#11415 = VECTOR('',#11416,1.);
#11416 = DIRECTION('',(-0.,1.));
#11417 = ( GEOMETRIC_REPRESENTATION_CONTEXT(2) 
PARAMETRIC_REPRESENTATION_CONTEXT() REPRESENTATION_CONTEXT('2D SPACE',''
  ) );
#11418 = ADVANCED_FACE('',(#11419),#11407,.T.);
#11419 = FACE_BOUND('',#11420,.F.);
#11420 = EDGE_LOOP('',(#11421,#11446,#11569,#11570));
#11421 = ORIENTED_EDGE('',*,*,#11422,.F.);
#11422 = EDGE_CURVE('',#11423,#11425,#11427,.T.);
#11423 = VERTEX_POINT('',#11424);
#11424 = CARTESIAN_POINT('',(75.853846153846,-0.7,539.));
#11425 = VERTEX_POINT('',#11426);
#11426 = CARTESIAN_POINT('',(75.853846153846,-0.7,550.));
#11427 = SURFACE_CURVE('',#11428,(#11432,#11439),.PCURVE_S1.);
#11428 = LINE('',#11429,#11430);
#11429 = CARTESIAN_POINT('',(75.853846153846,-0.7,537.));
#11430 = VECTOR('',#11431,1.);
#11431 = DIRECTION('',(0.,0.,1.));
#11432 = PCURVE('',#11407,#11433);
#11433 = DEFINITIONAL_REPRESENTATION('',(#11434),#11438);
#11434 = LINE('',#11435,#11436);
#11435 = CARTESIAN_POINT('',(-0.,0.));
#11436 = VECTOR('',#11437,1.);
#11437 = DIRECTION('',(-0.,1.));
#11438 = ( GEOMETRIC_REPRESENTATION_CONTEXT(2) 
PARAMETRIC_REPRESENTATION_CONTEXT() REPRESENTATION_CONTEXT('2D SPACE',''
  ) );
#11439 = PCURVE('',#10462,#11440);
#11440 = DEFINITIONAL_REPRESENTATION('',(#11441),#11445);
#11441 = LINE('',#11442,#11443);
#11442 = CARTESIAN_POINT('',(0.,-0.7));
#11443 = VECTOR('',#11444,1.);
#11444 = DIRECTION('',(1.,0.));
#11445 = ( GEOMETRIC_REPRESENTATION_CONTEXT(2) 
PARAMETRIC_REPRESENTATION_CONTEXT() REPRESENTATION_CONTEXT('2D SPACE',''
  ) );
#11446 = ORIENTED_EDGE('',*,*,#11447,.F.);
#11447 = EDGE_CURVE('',#11373,#11423,#11448,.T.);
#11448 = SURFACE_CURVE('',#11449,(#11487,#11528),.PCURVE_S1.);
#11449 = B_SPLINE_CURVE_WITH_KNOTS('',8,(#11450,#11451,#11452,#11453,
    #11454,#11455,#11456,#11457,#11458,#11459,#11460,#11461,#11462,
    #11463,#11464,#11465,#11466,#11467,#11468,#11469,#11470,#11471,
    #11472,#11473,#11474,#11475,#11476,#11477,#11478,#11479,#11480,
    #11481,#11482,#11483,#11484,#11485,#11486),.UNSPECIFIED.,.F.,.F.,(9,
    7,7,7,7,9),(0.,6.822054187608E-02,0.15160105395,0.283015456274,
    0.519950845974,1.),.UNSPECIFIED.);
#11450 = CARTESIAN_POINT('',(75.55384615112,-1.,540.72043010498));
#11451 = CARTESIAN_POINT('',(75.562444831964,-1.000000000078,
    540.7284432131));
#11452 = CARTESIAN_POINT('',(75.571348834934,-0.999718398167,
    540.7348635042));
#11453 = CARTESIAN_POINT('',(75.580398882215,-0.9991198738,
    540.73930707757));
#11454 = CARTESIAN_POINT('',(75.589449501871,-0.998196013376,
    540.74158227729));
#11455 = CARTESIAN_POINT('',(75.598371172306,-0.996963004559,
    540.74167631999));
#11456 = CARTESIAN_POINT('',(75.607051663787,-0.995457583124,
    540.73972952399));
#11457 = CARTESIAN_POINT('',(75.615396577029,-0.993731232241,
    540.73599713976));
#11458 = CARTESIAN_POINT('',(75.633024341367,-0.989534351854,
    540.72444524446));
#11459 = CARTESIAN_POINT('',(75.642148104911,-0.986973122734,
    540.71587281563));
#11460 = CARTESIAN_POINT('',(75.650716652154,-0.984223239816,
    540.70552528895));
#11461 = CARTESIAN_POINT('',(75.658760553634,-0.981337257907,
    540.69378151846));
#11462 = CARTESIAN_POINT('',(75.666319750317,-0.978355243443,
    540.68094583471));
#11463 = CARTESIAN_POINT('',(75.673440272575,-0.975304455039,
    540.6672428575));
#11464 = CARTESIAN_POINT('',(75.680172595581,-0.972199454791,
    540.65281670524));
#11465 = CARTESIAN_POINT('',(75.696657026436,-0.964067272218,
    540.61396398995));
#11466 = CARTESIAN_POINT('',(75.705869694793,-0.958985329092,
    540.58866965146));
#11467 = CARTESIAN_POINT('',(75.714381196774,-0.953834370713,
    540.56226179458));
#11468 = CARTESIAN_POINT('',(75.722289774175,-0.948638458949,
    540.53499238326));
#11469 = CARTESIAN_POINT('',(75.729671213304,-0.943414154277,
    540.50704244593));
#11470 = CARTESIAN_POINT('',(75.73659016082,-0.93817176194,
    540.47854092839));
#11471 = CARTESIAN_POINT('',(75.743097597058,-0.932915050251,
    540.4495604613));
#11472 = CARTESIAN_POINT('',(75.760315010829,-0.918136714105,
    540.36708312204));
#11473 = CARTESIAN_POINT('',(75.770179992811,-0.908600071442,
    540.31269867746));
#11474 = CARTESIAN_POINT('',(75.779078912494,-0.899052137991,
    540.25733868785));
#11475 = CARTESIAN_POINT('',(75.787146937572,-0.889505362915,
    540.20121211035));
#11476 = CARTESIAN_POINT('',(75.794483585952,-0.879968062721,
    540.14446712906));
#11477 = CARTESIAN_POINT('',(75.80116945018,-0.87044498101,
    540.08721047213));
#11478 = CARTESIAN_POINT('',(75.807263213263,-0.860937153549,
    540.02950373135));
#11479 = CARTESIAN_POINT('',(75.824064856354,-0.83220607687,
    539.85362066534));
#11480 = CARTESIAN_POINT('',(75.833080326825,-0.813042161531,
    539.73426274344));
#11481 = CARTESIAN_POINT('',(75.840265374538,-0.793959853835,
    539.61374310219));
#11482 = CARTESIAN_POINT('',(75.845813666245,-0.774967043442,
    539.49229481729));
#11483 = CARTESIAN_POINT('',(75.849873117944,-0.756070149062,
    539.37009852301));
#11484 = CARTESIAN_POINT('',(75.852530541339,-0.737274167035,
    539.24726842807));
#11485 = CARTESIAN_POINT('',(75.853846153847,-0.718582983579,
    539.12388655719));
#11486 = CARTESIAN_POINT('',(75.853846153846,-0.7,539.));
#11487 = PCURVE('',#11407,#11488);
#11488 = DEFINITIONAL_REPRESENTATION('',(#11489),#11527);
#11489 = B_SPLINE_CURVE_WITH_KNOTS('',8,(#11490,#11491,#11492,#11493,
    #11494,#11495,#11496,#11497,#11498,#11499,#11500,#11501,#11502,
    #11503,#11504,#11505,#11506,#11507,#11508,#11509,#11510,#11511,
    #11512,#11513,#11514,#11515,#11516,#11517,#11518,#11519,#11520,
    #11521,#11522,#11523,#11524,#11525,#11526),.UNSPECIFIED.,.F.,.F.,(9,
    7,7,7,7,9),(0.,6.822054187608E-02,0.15160105395,0.283015456274,
    0.519950845974,1.),.UNSPECIFIED.);
#11490 = CARTESIAN_POINT('',(-1.570796335883,3.720430104986));
#11491 = CARTESIAN_POINT('',(-1.542134066403,3.728443213104));
#11492 = CARTESIAN_POINT('',(-1.51245393318,3.734863504204));
#11493 = CARTESIAN_POINT('',(-1.482251603122,3.739307077579));
#11494 = CARTESIAN_POINT('',(-1.451964179439,3.741582277298));
#11495 = CARTESIAN_POINT('',(-1.421978625413,3.741676319996));
#11496 = CARTESIAN_POINT('',(-1.392637924237,3.739729523995));
#11497 = CARTESIAN_POINT('',(-1.364244974958,3.735997139767));
#11498 = CARTESIAN_POINT('',(-1.303843367131,3.724445244461));
#11499 = CARTESIAN_POINT('',(-1.272280444007,3.715872815636));
#11500 = CARTESIAN_POINT('',(-1.242316316603,3.705525288956));
#11501 = CARTESIAN_POINT('',(-1.213860230303,3.693781518467));
#11502 = CARTESIAN_POINT('',(-1.186797227293,3.680945834717));
#11503 = CARTESIAN_POINT('',(-1.160991743908,3.667242857501));
#11504 = CARTESIAN_POINT('',(-1.136287392432,3.652816705244));
#11505 = CARTESIAN_POINT('',(-1.075016694882,3.613963989957));
#11506 = CARTESIAN_POINT('',(-1.03998210537,3.588669651463));
#11507 = CARTESIAN_POINT('',(-1.006862079909,3.562261794582));
#11508 = CARTESIAN_POINT('',(-0.975360108138,3.534992383262));
#11509 = CARTESIAN_POINT('',(-0.945250261553,3.507042445931));
#11510 = CARTESIAN_POINT('',(-0.916337810069,3.478540928394));
#11511 = CARTESIAN_POINT('',(-0.888465719948,3.4495604613));
#11512 = CARTESIAN_POINT('',(-0.812832206197,3.367083122048));
#11513 = CARTESIAN_POINT('',(-0.767175382878,3.312698677467));
#11514 = CARTESIAN_POINT('',(-0.723763407629,3.257338687855));
#11515 = CARTESIAN_POINT('',(-0.682191748714,3.201212110358));
#11516 = CARTESIAN_POINT('',(-0.642163598682,3.14446712906));
#11517 = CARTESIAN_POINT('',(-0.603434973156,3.087210472132));
#11518 = CARTESIAN_POINT('',(-0.565823150237,3.029503731357));
#11519 = CARTESIAN_POINT('',(-0.454879221571,2.85362066534));
#11520 = CARTESIAN_POINT('',(-0.384565771524,2.734262743449));
#11521 = CARTESIAN_POINT('',(-0.316944075206,2.613743102197));
#11522 = CARTESIAN_POINT('',(-0.251359393627,2.492294817295));
#11523 = CARTESIAN_POINT('',(-0.187261471864,2.370098523014));
#11524 = CARTESIAN_POINT('',(-0.124247481243,2.247268428074));
#11525 = CARTESIAN_POINT('',(-6.19432785955E-02,2.123886557192));
#11526 = CARTESIAN_POINT('',(0.,2.));
#11527 = ( GEOMETRIC_REPRESENTATION_CONTEXT(2) 
PARAMETRIC_REPRESENTATION_CONTEXT() REPRESENTATION_CONTEXT('2D SPACE',''
  ) );
#11528 = PCURVE('',#10636,#11529);
#11529 = DEFINITIONAL_REPRESENTATION('',(#11530),#11568);
#11530 = B_SPLINE_CURVE_WITH_KNOTS('',8,(#11531,#11532,#11533,#11534,
    #11535,#11536,#11537,#11538,#11539,#11540,#11541,#11542,#11543,
    #11544,#11545,#11546,#11547,#11548,#11549,#11550,#11551,#11552,
    #11553,#11554,#11555,#11556,#11557,#11558,#11559,#11560,#11561,
    #11562,#11563,#11564,#11565,#11566,#11567),.UNSPECIFIED.,.F.,.F.,(9,
    7,7,7,7,9),(0.,6.822054187608E-02,0.15160105395,0.283015456274,
    0.519950845974,1.),.UNSPECIFIED.);
#11531 = CARTESIAN_POINT('',(4.044749683231,0.975310445529));
#11532 = CARTESIAN_POINT('',(4.044749683758,0.975473751374));
#11533 = CARTESIAN_POINT('',(4.042851335022,0.975642855886));
#11534 = CARTESIAN_POINT('',(4.038816532953,0.975814734067));
#11535 = CARTESIAN_POINT('',(4.032588559356,0.975986623118));
#11536 = CARTESIAN_POINT('',(4.024276539316,0.97615606317));
#11537 = CARTESIAN_POINT('',(4.014128117861,0.97632092276));
#11538 = CARTESIAN_POINT('',(4.002490355883,0.97647940906));
#11539 = CARTESIAN_POINT('',(3.974198138195,0.976814194942));
#11540 = CARTESIAN_POINT('',(3.956932253741,0.976987473139));
#11541 = CARTESIAN_POINT('',(3.938394606973,0.977150206688));
#11542 = CARTESIAN_POINT('',(3.918939482952,0.977302976183));
#11543 = CARTESIAN_POINT('',(3.898836979518,0.977446540181));
#11544 = CARTESIAN_POINT('',(3.878270853804,0.97758177289));
#11545 = CARTESIAN_POINT('',(3.857339272521,0.977709632933));
#11546 = CARTESIAN_POINT('',(3.802518201038,0.978022704666));
#11547 = CARTESIAN_POINT('',(3.76825955463,0.97819767134));
#11548 = CARTESIAN_POINT('',(3.733535659177,0.978359321487));
#11549 = CARTESIAN_POINT('',(3.698508721736,0.978509520912));
#11550 = CARTESIAN_POINT('',(3.663290380628,0.978649708945));
#11551 = CARTESIAN_POINT('',(3.627950106053,0.978781113354));
#11552 = CARTESIAN_POINT('',(3.592513301156,0.978904702355));
#11553 = CARTESIAN_POINT('',(3.492888850413,0.979231694873));
#11554 = CARTESIAN_POINT('',(3.428599963095,0.979419050265));
#11555 = CARTESIAN_POINT('',(3.364234961758,0.979588058236));
#11556 = CARTESIAN_POINT('',(3.299877769315,0.979741285885));
#11557 = CARTESIAN_POINT('',(3.235584449417,0.979880623254));
#11558 = CARTESIAN_POINT('',(3.171386979861,0.980007600953));
#11559 = CARTESIAN_POINT('',(3.107292343009,0.980123333488));
#11560 = CARTESIAN_POINT('',(2.913608987516,0.980442429704));
#11561 = CARTESIAN_POINT('',(2.784420253691,0.980613652902));
#11562 = CARTESIAN_POINT('',(2.655781655367,0.980750102754));
#11563 = CARTESIAN_POINT('',(2.527746385983,0.98085549421));
#11564 = CARTESIAN_POINT('',(2.400357702045,0.980932567483));
#11565 = CARTESIAN_POINT('',(2.273649301693,0.980983055241));
#11566 = CARTESIAN_POINT('',(2.147647369683,0.981008034196));
#11567 = CARTESIAN_POINT('',(2.022374841445,0.981008034196));
#11568 = ( GEOMETRIC_REPRESENTATION_CONTEXT(2) 
PARAMETRIC_REPRESENTATION_CONTEXT() REPRESENTATION_CONTEXT('2D SPACE',''
  ) );
#11569 = ORIENTED_EDGE('',*,*,#11393,.T.);
#11570 = ORIENTED_EDGE('',*,*,#11571,.F.);
#11571 = EDGE_CURVE('',#11425,#11259,#11572,.T.);
#11572 = SURFACE_CURVE('',#11573,(#11578,#11590),.PCURVE_S1.);
#11573 = ELLIPSE('',#11574,0.432393856554,0.3);
#11574 = AXIS2_PLACEMENT_3D('',#11575,#11576,#11577);
#11575 = CARTESIAN_POINT('',(75.553846153846,-0.7,549.68860885178));
#11576 = DIRECTION('',(0.720156273022,0.,-0.693811892682));
#11577 = DIRECTION('',(-0.693811892682,0.,-0.720156273022));
#11578 = PCURVE('',#11407,#11579);
#11579 = DEFINITIONAL_REPRESENTATION('',(#11580),#11589);
#11580 = B_SPLINE_CURVE_WITH_KNOTS('',7,(#11581,#11582,#11583,#11584,
    #11585,#11586,#11587,#11588),.UNSPECIFIED.,.F.,.F.,(8,8),(
    3.14159265359,4.712387402336),.PIECEWISE_BEZIER_KNOTS.);
#11581 = CARTESIAN_POINT('',(0.,13.));
#11582 = CARTESIAN_POINT('',(-0.224399249821,13.));
#11583 = CARTESIAN_POINT('',(-0.448798499642,12.981706220136));
#11584 = CARTESIAN_POINT('',(-0.673197749462,12.945121314218));
#11585 = CARTESIAN_POINT('',(-0.897596999284,12.892491429151));
#11586 = CARTESIAN_POINT('',(-1.121996249104,12.828360910694));
#11587 = CARTESIAN_POINT('',(-1.346395498925,12.758485283237));
#11588 = CARTESIAN_POINT('',(-1.570794748746,12.688609343177));
#11589 = ( GEOMETRIC_REPRESENTATION_CONTEXT(2) 
PARAMETRIC_REPRESENTATION_CONTEXT() REPRESENTATION_CONTEXT('2D SPACE',''
  ) );
#11590 = PCURVE('',#11276,#11591);
#11591 = DEFINITIONAL_REPRESENTATION('',(#11592),#11601);
#11592 = B_SPLINE_CURVE_WITH_KNOTS('',7,(#11593,#11594,#11595,#11596,
    #11597,#11598,#11599,#11600),.UNSPECIFIED.,.F.,.F.,(8,8),(
    3.14159265359,4.712387402336),.PIECEWISE_BEZIER_KNOTS.);
#11593 = CARTESIAN_POINT('',(0.,0.));
#11594 = CARTESIAN_POINT('',(-0.224399249821,8.557334633189E-18));
#11595 = CARTESIAN_POINT('',(-0.448798499642,1.82937798617E-02));
#11596 = CARTESIAN_POINT('',(-0.673197749462,5.487868578805E-02));
#11597 = CARTESIAN_POINT('',(-0.897596999284,0.107508570845));
#11598 = CARTESIAN_POINT('',(-1.121996249103,0.171639089307));
#11599 = CARTESIAN_POINT('',(-1.346395498925,0.241514716763));
#11600 = CARTESIAN_POINT('',(-1.570794748745,0.311390656823));
#11601 = ( GEOMETRIC_REPRESENTATION_CONTEXT(2) 
PARAMETRIC_REPRESENTATION_CONTEXT() REPRESENTATION_CONTEXT('2D SPACE',''
  ) );
#11602 = ADVANCED_FACE('',(#11603),#11276,.T.);
#11603 = FACE_BOUND('',#11604,.F.);
#11604 = EDGE_LOOP('',(#11605,#11606,#11607,#11631,#11652));
#11605 = ORIENTED_EDGE('',*,*,#11571,.T.);
#11606 = ORIENTED_EDGE('',*,*,#11258,.T.);
#11607 = ORIENTED_EDGE('',*,*,#11608,.T.);
#11608 = EDGE_CURVE('',#11261,#11609,#11611,.T.);
#11609 = VERTEX_POINT('',#11610);
#11610 = CARTESIAN_POINT('',(22.211175034544,-1.,547.70020820791));
#11611 = SURFACE_CURVE('',#11612,(#11616,#11623),.PCURVE_S1.);
#11612 = LINE('',#11613,#11614);
#11613 = CARTESIAN_POINT('',(75.86502118839,-1.,549.70020820791));
#11614 = VECTOR('',#11615,1.);
#11615 = DIRECTION('',(-0.999305973625,0.,-3.725011514586E-02));
#11616 = PCURVE('',#11276,#11617);
#11617 = DEFINITIONAL_REPRESENTATION('',(#11618),#11622);
#11618 = LINE('',#11619,#11620);
#11619 = CARTESIAN_POINT('',(-1.570796326795,0.));
#11620 = VECTOR('',#11621,1.);
#11621 = DIRECTION('',(-0.,1.));
#11622 = ( GEOMETRIC_REPRESENTATION_CONTEXT(2) 
PARAMETRIC_REPRESENTATION_CONTEXT() REPRESENTATION_CONTEXT('2D SPACE',''
  ) );
#11623 = PCURVE('',#1288,#11624);
#11624 = DEFINITIONAL_REPRESENTATION('',(#11625),#11630);
#11625 = B_SPLINE_CURVE_WITH_KNOTS('',3,(#11626,#11627,#11628,#11629),
  .UNSPECIFIED.,.F.,.F.,(4,4),(53.626120268229,53.69110919976),
  .PIECEWISE_BEZIER_KNOTS.);
#11626 = CARTESIAN_POINT('',(1.769738834666,0.966547297135));
#11627 = CARTESIAN_POINT('',(1.640314270615,0.966410526221));
#11628 = CARTESIAN_POINT('',(1.511160114313,0.966273755306));
#11629 = CARTESIAN_POINT('',(1.382274677912,0.966136984392));
#11630 = ( GEOMETRIC_REPRESENTATION_CONTEXT(2) 
PARAMETRIC_REPRESENTATION_CONTEXT() REPRESENTATION_CONTEXT('2D SPACE',''
  ) );
#11631 = ORIENTED_EDGE('',*,*,#11632,.F.);
#11632 = EDGE_CURVE('',#1195,#11609,#11633,.T.);
#11633 = SURFACE_CURVE('',#11634,(#11639,#11646),.PCURVE_S1.);
#11634 = CIRCLE('',#11635,0.3);
#11635 = AXIS2_PLACEMENT_3D('',#11636,#11637,#11638);
#11636 = CARTESIAN_POINT('',(22.211175034544,-0.7,547.70020820791));
#11637 = DIRECTION('',(0.999305973625,0.,3.725011514586E-02));
#11638 = DIRECTION('',(-3.725011514586E-02,0.,0.999305973625));
#11639 = PCURVE('',#11276,#11640);
#11640 = DEFINITIONAL_REPRESENTATION('',(#11641),#11645);
#11641 = LINE('',#11642,#11643);
#11642 = CARTESIAN_POINT('',(-0.,53.69110919976));
#11643 = VECTOR('',#11644,1.);
#11644 = DIRECTION('',(-1.,0.));
#11645 = ( GEOMETRIC_REPRESENTATION_CONTEXT(2) 
PARAMETRIC_REPRESENTATION_CONTEXT() REPRESENTATION_CONTEXT('2D SPACE',''
  ) );
#11646 = PCURVE('',#1248,#11647);
#11647 = DEFINITIONAL_REPRESENTATION('',(#11648),#11651);
#11648 = B_SPLINE_CURVE_WITH_KNOTS('',1,(#11649,#11650),.UNSPECIFIED.,
  .F.,.F.,(2,2),(0.,1.570796326795),.PIECEWISE_BEZIER_KNOTS.);
#11649 = CARTESIAN_POINT('',(0.,0.));
#11650 = CARTESIAN_POINT('',(-1.570796326795,0.));
#11651 = ( GEOMETRIC_REPRESENTATION_CONTEXT(2) 
PARAMETRIC_REPRESENTATION_CONTEXT() REPRESENTATION_CONTEXT('2D SPACE',''
  ) );
#11652 = ORIENTED_EDGE('',*,*,#11653,.F.);
#11653 = EDGE_CURVE('',#11425,#1195,#11654,.T.);
#11654 = SURFACE_CURVE('',#11655,(#11659,#11666),.PCURVE_S1.);
#11655 = LINE('',#11656,#11657);
#11656 = CARTESIAN_POINT('',(75.853846153846,-0.7,550.));
#11657 = VECTOR('',#11658,1.);
#11658 = DIRECTION('',(-0.999305973625,0.,-3.725011514586E-02));
#11659 = PCURVE('',#11276,#11660);
#11660 = DEFINITIONAL_REPRESENTATION('',(#11661),#11665);
#11661 = LINE('',#11662,#11663);
#11662 = CARTESIAN_POINT('',(-0.,0.));
#11663 = VECTOR('',#11664,1.);
#11664 = DIRECTION('',(-0.,1.));
#11665 = ( GEOMETRIC_REPRESENTATION_CONTEXT(2) 
PARAMETRIC_REPRESENTATION_CONTEXT() REPRESENTATION_CONTEXT('2D SPACE',''
  ) );
#11666 = PCURVE('',#1131,#11667);
#11667 = DEFINITIONAL_REPRESENTATION('',(#11668),#11672);
#11668 = LINE('',#11669,#11670);
#11669 = CARTESIAN_POINT('',(-0.,-0.7));
#11670 = VECTOR('',#11671,1.);
#11671 = DIRECTION('',(1.,0.));
#11672 = ( GEOMETRIC_REPRESENTATION_CONTEXT(2) 
PARAMETRIC_REPRESENTATION_CONTEXT() REPRESENTATION_CONTEXT('2D SPACE',''
  ) );
#11673 = ADVANCED_FACE('',(#11674),#10636,.F.);
#11674 = FACE_BOUND('',#11675,.F.);
#11675 = EDGE_LOOP('',(#11676,#11677,#11678,#11679,#11680));
#11676 = ORIENTED_EDGE('',*,*,#10624,.F.);
#11677 = ORIENTED_EDGE('',*,*,#11177,.T.);
#11678 = ORIENTED_EDGE('',*,*,#11372,.T.);
#11679 = ORIENTED_EDGE('',*,*,#11447,.T.);
#11680 = ORIENTED_EDGE('',*,*,#11681,.T.);
#11681 = EDGE_CURVE('',#11423,#10447,#11682,.T.);
#11682 = SURFACE_CURVE('',#11683,(#11686,#11692),.PCURVE_S1.);
#11683 = B_SPLINE_CURVE_WITH_KNOTS('',1,(#11684,#11685),.UNSPECIFIED.,
  .F.,.F.,(2,2),(0.,1.),.PIECEWISE_BEZIER_KNOTS.);
#11684 = CARTESIAN_POINT('',(75.853846153846,-0.7,539.));
#11685 = CARTESIAN_POINT('',(75.853846153846,-0.4,537.));
#11686 = PCURVE('',#10636,#11687);
#11687 = DEFINITIONAL_REPRESENTATION('',(#11688),#11691);
#11688 = B_SPLINE_CURVE_WITH_KNOTS('',1,(#11689,#11690),.UNSPECIFIED.,
  .F.,.F.,(2,2),(0.,1.),.PIECEWISE_BEZIER_KNOTS.);
#11689 = CARTESIAN_POINT('',(2.022374841616,0.981008035062));
#11690 = CARTESIAN_POINT('',(0.,0.981008035062));
#11691 = ( GEOMETRIC_REPRESENTATION_CONTEXT(2) 
PARAMETRIC_REPRESENTATION_CONTEXT() REPRESENTATION_CONTEXT('2D SPACE',''
  ) );
#11692 = PCURVE('',#10462,#11693);
#11693 = DEFINITIONAL_REPRESENTATION('',(#11694),#11697);
#11694 = B_SPLINE_CURVE_WITH_KNOTS('',1,(#11695,#11696),.UNSPECIFIED.,
  .F.,.F.,(2,2),(0.,1.),.PIECEWISE_BEZIER_KNOTS.);
#11695 = CARTESIAN_POINT('',(2.,-0.7));
#11696 = CARTESIAN_POINT('',(0.,-0.4));
#11697 = ( GEOMETRIC_REPRESENTATION_CONTEXT(2) 
PARAMETRIC_REPRESENTATION_CONTEXT() REPRESENTATION_CONTEXT('2D SPACE',''
  ) );
#11698 = ADVANCED_FACE('',(#11699),#10462,.F.);
#11699 = FACE_BOUND('',#11700,.F.);
#11700 = EDGE_LOOP('',(#11701,#11722,#11723,#11724,#11725,#11726));
#11701 = ORIENTED_EDGE('',*,*,#11702,.F.);
#11702 = EDGE_CURVE('',#11014,#11425,#11703,.T.);
#11703 = SURFACE_CURVE('',#11704,(#11708,#11715),.PCURVE_S1.);
#11704 = LINE('',#11705,#11706);
#11705 = CARTESIAN_POINT('',(75.853846153846,1.,550.));
#11706 = VECTOR('',#11707,1.);
#11707 = DIRECTION('',(0.,-1.,0.));
#11708 = PCURVE('',#10462,#11709);
#11709 = DEFINITIONAL_REPRESENTATION('',(#11710),#11714);
#11710 = LINE('',#11711,#11712);
#11711 = CARTESIAN_POINT('',(13.,1.));
#11712 = VECTOR('',#11713,1.);
#11713 = DIRECTION('',(0.,-1.));
#11714 = ( GEOMETRIC_REPRESENTATION_CONTEXT(2) 
PARAMETRIC_REPRESENTATION_CONTEXT() REPRESENTATION_CONTEXT('2D SPACE',''
  ) );
#11715 = PCURVE('',#1131,#11716);
#11716 = DEFINITIONAL_REPRESENTATION('',(#11717),#11721);
#11717 = LINE('',#11718,#11719);
#11718 = CARTESIAN_POINT('',(0.,1.));
#11719 = VECTOR('',#11720,1.);
#11720 = DIRECTION('',(-0.,-1.));
#11721 = ( GEOMETRIC_REPRESENTATION_CONTEXT(2) 
PARAMETRIC_REPRESENTATION_CONTEXT() REPRESENTATION_CONTEXT('2D SPACE',''
  ) );
#11722 = ORIENTED_EDGE('',*,*,#11118,.F.);
#11723 = ORIENTED_EDGE('',*,*,#10831,.T.);
#11724 = ORIENTED_EDGE('',*,*,#10444,.T.);
#11725 = ORIENTED_EDGE('',*,*,#11681,.F.);
#11726 = ORIENTED_EDGE('',*,*,#11422,.T.);
#11727 = ADVANCED_FACE('',(#11728),#2209,.T.);
#11728 = FACE_BOUND('',#11729,.F.);
#11729 = EDGE_LOOP('',(#11730,#11731,#11732,#11733,#11759,#11760));
#11730 = ORIENTED_EDGE('',*,*,#10573,.F.);
#11731 = ORIENTED_EDGE('',*,*,#10384,.T.);
#11732 = ORIENTED_EDGE('',*,*,#2175,.T.);
#11733 = ORIENTED_EDGE('',*,*,#11734,.T.);
#11734 = EDGE_CURVE('',#2115,#11330,#11735,.T.);
#11735 = SURFACE_CURVE('',#11736,(#11740,#11747),.PCURVE_S1.);
#11736 = LINE('',#11737,#11738);
#11737 = CARTESIAN_POINT('',(21.995472751085,-1.,487.21947347095));
#11738 = VECTOR('',#11739,1.);
#11739 = DIRECTION('',(0.731578236503,0.,0.681757496383));
#11740 = PCURVE('',#2209,#11741);
#11741 = DEFINITIONAL_REPRESENTATION('',(#11742),#11746);
#11742 = LINE('',#11743,#11744);
#11743 = CARTESIAN_POINT('',(-1.570796326795,0.));
#11744 = VECTOR('',#11745,1.);
#11745 = DIRECTION('',(-0.,1.));
#11746 = ( GEOMETRIC_REPRESENTATION_CONTEXT(2) 
PARAMETRIC_REPRESENTATION_CONTEXT() REPRESENTATION_CONTEXT('2D SPACE',''
  ) );
#11747 = PCURVE('',#2152,#11748);
#11748 = DEFINITIONAL_REPRESENTATION('',(#11749),#11758);
#11749 = B_SPLINE_CURVE_WITH_KNOTS('',7,(#11750,#11751,#11752,#11753,
    #11754,#11755,#11756,#11757),.UNSPECIFIED.,.F.,.F.,(8,8),(
    -2.489381769502E-02,0.468848017548),.PIECEWISE_BEZIER_KNOTS.);
#11750 = CARTESIAN_POINT('',(9.165661403128E-14,1.737320747861E-02));
#11751 = CARTESIAN_POINT('',(0.332817515665,2.5523623882E-02));
#11752 = CARTESIAN_POINT('',(0.630532154816,3.367404028492E-02));
#11753 = CARTESIAN_POINT('',(0.899804404451,4.182445668874E-02));
#11754 = CARTESIAN_POINT('',(1.145203607464,4.997487309112E-02));
#11755 = CARTESIAN_POINT('',(1.3702503556,5.812528949536E-02));
#11756 = CARTESIAN_POINT('',(1.577688019546,6.627570589836E-02));
#11757 = CARTESIAN_POINT('',(1.769738834666,7.442612230148E-02));
#11758 = ( GEOMETRIC_REPRESENTATION_CONTEXT(2) 
PARAMETRIC_REPRESENTATION_CONTEXT() REPRESENTATION_CONTEXT('2D SPACE',''
  ) );
#11759 = ORIENTED_EDGE('',*,*,#11350,.T.);
#11760 = ORIENTED_EDGE('',*,*,#11228,.T.);
#11761 = ADVANCED_FACE('',(#11762),#2152,.F.);
#11762 = FACE_BOUND('',#11763,.F.);
#11763 = EDGE_LOOP('',(#11764,#11765,#11787,#11807));
#11764 = ORIENTED_EDGE('',*,*,#2114,.F.);
#11765 = ORIENTED_EDGE('',*,*,#11766,.T.);
#11766 = EDGE_CURVE('',#2082,#11767,#11769,.T.);
#11767 = VERTEX_POINT('',#11768);
#11768 = CARTESIAN_POINT('',(22.225210910135,-1.,487.1));
#11769 = SURFACE_CURVE('',#11770,(#11774,#11780),.PCURVE_S1.);
#11770 = LINE('',#11771,#11772);
#11771 = CARTESIAN_POINT('',(21.977260975836,-1.,487.1));
#11772 = VECTOR('',#11773,1.);
#11773 = DIRECTION('',(1.,0.,0.));
#11774 = PCURVE('',#2152,#11775);
#11775 = DEFINITIONAL_REPRESENTATION('',(#11776),#11779);
#11776 = B_SPLINE_CURVE_WITH_KNOTS('',1,(#11777,#11778),.UNSPECIFIED.,
  .F.,.F.,(2,2),(0.,0.247949934299),.PIECEWISE_BEZIER_KNOTS.);
#11777 = CARTESIAN_POINT('',(0.,0.));
#11778 = CARTESIAN_POINT('',(1.769738834666,0.));
#11779 = ( GEOMETRIC_REPRESENTATION_CONTEXT(2) 
PARAMETRIC_REPRESENTATION_CONTEXT() REPRESENTATION_CONTEXT('2D SPACE',''
  ) );
#11780 = PCURVE('',#2098,#11781);
#11781 = DEFINITIONAL_REPRESENTATION('',(#11782),#11786);
#11782 = LINE('',#11783,#11784);
#11783 = CARTESIAN_POINT('',(21.999966766722,3.82432860446E-02));
#11784 = VECTOR('',#11785,1.);
#11785 = DIRECTION('',(0.998885883602,4.719101123571E-02));
#11786 = ( GEOMETRIC_REPRESENTATION_CONTEXT(2) 
PARAMETRIC_REPRESENTATION_CONTEXT() REPRESENTATION_CONTEXT('2D SPACE',''
  ) );
#11787 = ORIENTED_EDGE('',*,*,#11788,.T.);
#11788 = EDGE_CURVE('',#11767,#11330,#11789,.T.);
#11789 = SURFACE_CURVE('',#11790,(#11793,#11800),.PCURVE_S1.);
#11790 = B_SPLINE_CURVE_WITH_KNOTS('',1,(#11791,#11792),.UNSPECIFIED.,
  .F.,.F.,(2,2),(0.,1.),.PIECEWISE_BEZIER_KNOTS.);
#11791 = CARTESIAN_POINT('',(22.225210910135,-1.,487.1));
#11792 = CARTESIAN_POINT('',(23.746999810502,-1.,493.));
#11793 = PCURVE('',#2152,#11794);
#11794 = DEFINITIONAL_REPRESENTATION('',(#11795),#11799);
#11795 = LINE('',#11796,#11797);
#11796 = CARTESIAN_POINT('',(1.769738834666,0.));
#11797 = VECTOR('',#11798,1.);
#11798 = DIRECTION('',(0.,1.));
#11799 = ( GEOMETRIC_REPRESENTATION_CONTEXT(2) 
PARAMETRIC_REPRESENTATION_CONTEXT() REPRESENTATION_CONTEXT('2D SPACE',''
  ) );
#11800 = PCURVE('',#1946,#11801);
#11801 = DEFINITIONAL_REPRESENTATION('',(#11802),#11806);
#11802 = LINE('',#11803,#11804);
#11803 = CARTESIAN_POINT('',(0.,0.));
#11804 = VECTOR('',#11805,1.);
#11805 = DIRECTION('',(0.,1.));
#11806 = ( GEOMETRIC_REPRESENTATION_CONTEXT(2) 
PARAMETRIC_REPRESENTATION_CONTEXT() REPRESENTATION_CONTEXT('2D SPACE',''
  ) );
#11807 = ORIENTED_EDGE('',*,*,#11734,.F.);
#11808 = ADVANCED_FACE('',(#11809),#2098,.F.);
#11809 = FACE_BOUND('',#11810,.F.);
#11810 = EDGE_LOOP('',(#11811,#11812,#11813));
#11811 = ORIENTED_EDGE('',*,*,#11766,.F.);
#11812 = ORIENTED_EDGE('',*,*,#2081,.T.);
#11813 = ORIENTED_EDGE('',*,*,#11814,.F.);
#11814 = EDGE_CURVE('',#11767,#1709,#11815,.T.);
#11815 = SURFACE_CURVE('',#11816,(#11821,#11828),.PCURVE_S1.);
#11816 = CIRCLE('',#11817,5.E-02);
#11817 = AXIS2_PLACEMENT_3D('',#11818,#11819,#11820);
#11818 = CARTESIAN_POINT('',(22.225210910135,-1.05,487.1));
#11819 = DIRECTION('',(0.,-0.,1.));
#11820 = DIRECTION('',(0.,1.,0.));
#11821 = PCURVE('',#2098,#11822);
#11822 = DEFINITIONAL_REPRESENTATION('',(#11823),#11827);
#11823 = CIRCLE('',#11824,5.E-02);
#11824 = AXIS2_PLACEMENT_2D('',#11825,#11826);
#11825 = CARTESIAN_POINT('',(22.250000006495,-6.239453398393E-14));
#11826 = DIRECTION('',(-4.719101123571E-02,0.998885883602));
#11827 = ( GEOMETRIC_REPRESENTATION_CONTEXT(2) 
PARAMETRIC_REPRESENTATION_CONTEXT() REPRESENTATION_CONTEXT('2D SPACE',''
  ) );
#11828 = PCURVE('',#1946,#11829);
#11829 = DEFINITIONAL_REPRESENTATION('',(#11830),#11834);
#11830 = LINE('',#11831,#11832);
#11831 = CARTESIAN_POINT('',(0.,0.));
#11832 = VECTOR('',#11833,1.);
#11833 = DIRECTION('',(1.,0.));
#11834 = ( GEOMETRIC_REPRESENTATION_CONTEXT(2) 
PARAMETRIC_REPRESENTATION_CONTEXT() REPRESENTATION_CONTEXT('2D SPACE',''
  ) );
#11835 = ADVANCED_FACE('',(#11836),#1946,.F.);
#11836 = FACE_BOUND('',#11837,.F.);
#11837 = EDGE_LOOP('',(#11838,#11839,#11840,#11841,#11862));
#11838 = ORIENTED_EDGE('',*,*,#11788,.F.);
#11839 = ORIENTED_EDGE('',*,*,#11814,.T.);
#11840 = ORIENTED_EDGE('',*,*,#1708,.F.);
#11841 = ORIENTED_EDGE('',*,*,#11842,.F.);
#11842 = EDGE_CURVE('',#11310,#1680,#11843,.T.);
#11843 = SURFACE_CURVE('',#11844,(#11849,#11855),.PCURVE_S1.);
#11844 = CIRCLE('',#11845,1.7);
#11845 = AXIS2_PLACEMENT_3D('',#11846,#11847,#11848);
#11846 = CARTESIAN_POINT('',(23.746999810502,-2.7,493.));
#11847 = DIRECTION('',(0.,-0.,1.));
#11848 = DIRECTION('',(0.,1.,0.));
#11849 = PCURVE('',#1946,#11850);
#11850 = DEFINITIONAL_REPRESENTATION('',(#11851),#11854);
#11851 = B_SPLINE_CURVE_WITH_KNOTS('',1,(#11852,#11853),.UNSPECIFIED.,
  .F.,.F.,(2,2),(0.,1.457583928998),.PIECEWISE_BEZIER_KNOTS.);
#11852 = CARTESIAN_POINT('',(0.,1.));
#11853 = CARTESIAN_POINT('',(1.523587782319,1.));
#11854 = ( GEOMETRIC_REPRESENTATION_CONTEXT(2) 
PARAMETRIC_REPRESENTATION_CONTEXT() REPRESENTATION_CONTEXT('2D SPACE',''
  ) );
#11855 = PCURVE('',#1697,#11856);
#11856 = DEFINITIONAL_REPRESENTATION('',(#11857),#11861);
#11857 = LINE('',#11858,#11859);
#11858 = CARTESIAN_POINT('',(0.,0.));
#11859 = VECTOR('',#11860,1.);
#11860 = DIRECTION('',(1.,0.));
#11861 = ( GEOMETRIC_REPRESENTATION_CONTEXT(2) 
PARAMETRIC_REPRESENTATION_CONTEXT() REPRESENTATION_CONTEXT('2D SPACE',''
  ) );
#11862 = ORIENTED_EDGE('',*,*,#11329,.F.);
#11863 = ADVANCED_FACE('',(#11864),#1697,.F.);
#11864 = FACE_BOUND('',#11865,.F.);
#11865 = EDGE_LOOP('',(#11866,#11867,#11868,#11889));
#11866 = ORIENTED_EDGE('',*,*,#11842,.T.);
#11867 = ORIENTED_EDGE('',*,*,#1679,.T.);
#11868 = ORIENTED_EDGE('',*,*,#11869,.F.);
#11869 = EDGE_CURVE('',#11289,#1337,#11870,.T.);
#11870 = SURFACE_CURVE('',#11871,(#11876,#11883),.PCURVE_S1.);
#11871 = CIRCLE('',#11872,1.7);
#11872 = AXIS2_PLACEMENT_3D('',#11873,#11874,#11875);
#11873 = CARTESIAN_POINT('',(23.746999810502,-2.7,542.));
#11874 = DIRECTION('',(0.,-0.,1.));
#11875 = DIRECTION('',(0.,1.,0.));
#11876 = PCURVE('',#1697,#11877);
#11877 = DEFINITIONAL_REPRESENTATION('',(#11878),#11882);
#11878 = LINE('',#11879,#11880);
#11879 = CARTESIAN_POINT('',(0.,49.));
#11880 = VECTOR('',#11881,1.);
#11881 = DIRECTION('',(1.,0.));
#11882 = ( GEOMETRIC_REPRESENTATION_CONTEXT(2) 
PARAMETRIC_REPRESENTATION_CONTEXT() REPRESENTATION_CONTEXT('2D SPACE',''
  ) );
#11883 = PCURVE('',#1554,#11884);
#11884 = DEFINITIONAL_REPRESENTATION('',(#11885),#11888);
#11885 = B_SPLINE_CURVE_WITH_KNOTS('',1,(#11886,#11887),.UNSPECIFIED.,
  .F.,.F.,(2,2),(0.,1.457583928998),.PIECEWISE_BEZIER_KNOTS.);
#11886 = CARTESIAN_POINT('',(0.,0.));
#11887 = CARTESIAN_POINT('',(1.523587782319,0.));
#11888 = ( GEOMETRIC_REPRESENTATION_CONTEXT(2) 
PARAMETRIC_REPRESENTATION_CONTEXT() REPRESENTATION_CONTEXT('2D SPACE',''
  ) );
#11889 = ORIENTED_EDGE('',*,*,#11309,.F.);
#11890 = ADVANCED_FACE('',(#11891),#1554,.F.);
#11891 = FACE_BOUND('',#11892,.F.);
#11892 = EDGE_LOOP('',(#11893,#11894,#11895,#11896,#11920));
#11893 = ORIENTED_EDGE('',*,*,#11288,.F.);
#11894 = ORIENTED_EDGE('',*,*,#11869,.T.);
#11895 = ORIENTED_EDGE('',*,*,#1336,.F.);
#11896 = ORIENTED_EDGE('',*,*,#11897,.F.);
#11897 = EDGE_CURVE('',#11898,#1304,#11900,.T.);
#11898 = VERTEX_POINT('',#11899);
#11899 = CARTESIAN_POINT('',(22.225210910135,-1.,547.9));
#11900 = SURFACE_CURVE('',#11901,(#11906,#11913),.PCURVE_S1.);
#11901 = CIRCLE('',#11902,5.E-02);
#11902 = AXIS2_PLACEMENT_3D('',#11903,#11904,#11905);
#11903 = CARTESIAN_POINT('',(22.225210910135,-1.05,547.9));
#11904 = DIRECTION('',(0.,-0.,1.));
#11905 = DIRECTION('',(0.,1.,0.));
#11906 = PCURVE('',#1554,#11907);
#11907 = DEFINITIONAL_REPRESENTATION('',(#11908),#11912);
#11908 = LINE('',#11909,#11910);
#11909 = CARTESIAN_POINT('',(0.,1.));
#11910 = VECTOR('',#11911,1.);
#11911 = DIRECTION('',(1.,0.));
#11912 = ( GEOMETRIC_REPRESENTATION_CONTEXT(2) 
PARAMETRIC_REPRESENTATION_CONTEXT() REPRESENTATION_CONTEXT('2D SPACE',''
  ) );
#11913 = PCURVE('',#1320,#11914);
#11914 = DEFINITIONAL_REPRESENTATION('',(#11915),#11919);
#11915 = CIRCLE('',#11916,5.E-02);
#11916 = AXIS2_PLACEMENT_2D('',#11917,#11918);
#11917 = CARTESIAN_POINT('',(0.,0.));
#11918 = DIRECTION('',(1.,0.));
#11919 = ( GEOMETRIC_REPRESENTATION_CONTEXT(2) 
PARAMETRIC_REPRESENTATION_CONTEXT() REPRESENTATION_CONTEXT('2D SPACE',''
  ) );
#11920 = ORIENTED_EDGE('',*,*,#11921,.F.);
#11921 = EDGE_CURVE('',#11261,#11898,#11922,.T.);
#11922 = SURFACE_CURVE('',#11923,(#11926,#11933),.PCURVE_S1.);
#11923 = B_SPLINE_CURVE_WITH_KNOTS('',1,(#11924,#11925),.UNSPECIFIED.,
  .F.,.F.,(2,2),(0.,1.),.PIECEWISE_BEZIER_KNOTS.);
#11924 = CARTESIAN_POINT('',(23.746999810502,-1.,542.));
#11925 = CARTESIAN_POINT('',(22.225210910135,-1.,547.9));
#11926 = PCURVE('',#1554,#11927);
#11927 = DEFINITIONAL_REPRESENTATION('',(#11928),#11932);
#11928 = LINE('',#11929,#11930);
#11929 = CARTESIAN_POINT('',(0.,0.));
#11930 = VECTOR('',#11931,1.);
#11931 = DIRECTION('',(0.,1.));
#11932 = ( GEOMETRIC_REPRESENTATION_CONTEXT(2) 
PARAMETRIC_REPRESENTATION_CONTEXT() REPRESENTATION_CONTEXT('2D SPACE',''
  ) );
#11933 = PCURVE('',#1288,#11934);
#11934 = DEFINITIONAL_REPRESENTATION('',(#11935),#11939);
#11935 = LINE('',#11936,#11937);
#11936 = CARTESIAN_POINT('',(1.769738834666,0.));
#11937 = VECTOR('',#11938,1.);
#11938 = DIRECTION('',(0.,1.));
#11939 = ( GEOMETRIC_REPRESENTATION_CONTEXT(2) 
PARAMETRIC_REPRESENTATION_CONTEXT() REPRESENTATION_CONTEXT('2D SPACE',''
  ) );
#11940 = ADVANCED_FACE('',(#11941),#1320,.T.);
#11941 = FACE_BOUND('',#11942,.T.);
#11942 = EDGE_LOOP('',(#11943,#11963,#11964));
#11943 = ORIENTED_EDGE('',*,*,#11944,.F.);
#11944 = EDGE_CURVE('',#1267,#11898,#11945,.T.);
#11945 = SURFACE_CURVE('',#11946,(#11950,#11957),.PCURVE_S1.);
#11946 = LINE('',#11947,#11948);
#11947 = CARTESIAN_POINT('',(21.977260975836,-1.,547.9));
#11948 = VECTOR('',#11949,1.);
#11949 = DIRECTION('',(1.,0.,0.));
#11950 = PCURVE('',#1320,#11951);
#11951 = DEFINITIONAL_REPRESENTATION('',(#11952),#11956);
#11952 = LINE('',#11953,#11954);
#11953 = CARTESIAN_POINT('',(5.E-02,0.247949934299));
#11954 = VECTOR('',#11955,1.);
#11955 = DIRECTION('',(0.,-1.));
#11956 = ( GEOMETRIC_REPRESENTATION_CONTEXT(2) 
PARAMETRIC_REPRESENTATION_CONTEXT() REPRESENTATION_CONTEXT('2D SPACE',''
  ) );
#11957 = PCURVE('',#1288,#11958);
#11958 = DEFINITIONAL_REPRESENTATION('',(#11959),#11962);
#11959 = B_SPLINE_CURVE_WITH_KNOTS('',1,(#11960,#11961),.UNSPECIFIED.,
  .F.,.F.,(2,2),(0.,0.247949934299),.PIECEWISE_BEZIER_KNOTS.);
#11960 = CARTESIAN_POINT('',(0.,1.));
#11961 = CARTESIAN_POINT('',(1.769738834666,1.));
#11962 = ( GEOMETRIC_REPRESENTATION_CONTEXT(2) 
PARAMETRIC_REPRESENTATION_CONTEXT() REPRESENTATION_CONTEXT('2D SPACE',''
  ) );
#11963 = ORIENTED_EDGE('',*,*,#1303,.T.);
#11964 = ORIENTED_EDGE('',*,*,#11897,.F.);
#11965 = ADVANCED_FACE('',(#11966),#1288,.F.);
#11966 = FACE_BOUND('',#11967,.F.);
#11967 = EDGE_LOOP('',(#11968,#11969,#11990,#11991,#11992));
#11968 = ORIENTED_EDGE('',*,*,#1266,.F.);
#11969 = ORIENTED_EDGE('',*,*,#11970,.F.);
#11970 = EDGE_CURVE('',#11609,#1221,#11971,.T.);
#11971 = SURFACE_CURVE('',#11972,(#11976,#11983),.PCURVE_S1.);
#11972 = LINE('',#11973,#11974);
#11973 = CARTESIAN_POINT('',(22.2,-1.,547.7));
#11974 = VECTOR('',#11975,1.);
#11975 = DIRECTION('',(-1.,0.,0.));
#11976 = PCURVE('',#1288,#11977);
#11977 = DEFINITIONAL_REPRESENTATION('',(#11978),#11982);
#11978 = B_SPLINE_CURVE_WITH_KNOTS('',2,(#11979,#11980,#11981),
  .UNSPECIFIED.,.F.,.F.,(3,3),(0.,0.222739024164),
  .PIECEWISE_BEZIER_KNOTS.);
#11979 = CARTESIAN_POINT('',(1.316001758537,0.966101694915));
#11980 = CARTESIAN_POINT('',(0.658000879269,0.966101694915));
#11981 = CARTESIAN_POINT('',(0.,0.966101694915));
#11982 = ( GEOMETRIC_REPRESENTATION_CONTEXT(2) 
PARAMETRIC_REPRESENTATION_CONTEXT() REPRESENTATION_CONTEXT('2D SPACE',''
  ) );
#11983 = PCURVE('',#1248,#11984);
#11984 = DEFINITIONAL_REPRESENTATION('',(#11985),#11989);
#11985 = LINE('',#11986,#11987);
#11986 = CARTESIAN_POINT('',(-1.570796326795,0.));
#11987 = VECTOR('',#11988,1.);
#11988 = DIRECTION('',(-0.,1.));
#11989 = ( GEOMETRIC_REPRESENTATION_CONTEXT(2) 
PARAMETRIC_REPRESENTATION_CONTEXT() REPRESENTATION_CONTEXT('2D SPACE',''
  ) );
#11990 = ORIENTED_EDGE('',*,*,#11608,.F.);
#11991 = ORIENTED_EDGE('',*,*,#11921,.T.);
#11992 = ORIENTED_EDGE('',*,*,#11944,.F.);
#11993 = ADVANCED_FACE('',(#11994),#1248,.T.);
#11994 = FACE_BOUND('',#11995,.F.);
#11995 = EDGE_LOOP('',(#11996,#11997,#11998));
#11996 = ORIENTED_EDGE('',*,*,#1220,.F.);
#11997 = ORIENTED_EDGE('',*,*,#11632,.T.);
#11998 = ORIENTED_EDGE('',*,*,#11970,.T.);
#11999 = ADVANCED_FACE('',(#12000,#12003),#1181,.T.);
#12000 = FACE_BOUND('',#12001,.T.);
#12001 = EDGE_LOOP('',(#12002));
#12002 = ORIENTED_EDGE('',*,*,#1166,.T.);
#12003 = FACE_BOUND('',#12004,.T.);
#12004 = EDGE_LOOP('',(#12005));
#12005 = ORIENTED_EDGE('',*,*,#12006,.F.);
#12006 = EDGE_CURVE('',#12007,#12007,#12009,.T.);
#12007 = VERTEX_POINT('',#12008);
#12008 = CARTESIAN_POINT('',(21.,1.600321476937E-15,550.));
#12009 = SURFACE_CURVE('',#12010,(#12015,#12022),.PCURVE_S1.);
#12010 = CIRCLE('',#12011,21.);
#12011 = AXIS2_PLACEMENT_3D('',#12012,#12013,#12014);
#12012 = CARTESIAN_POINT('',(1.056212174779E-13,1.600321476937E-15,550.)
  );
#12013 = DIRECTION('',(0.,0.,1.));
#12014 = DIRECTION('',(1.,0.,0.));
#12015 = PCURVE('',#1181,#12016);
#12016 = DEFINITIONAL_REPRESENTATION('',(#12017),#12021);
#12017 = CIRCLE('',#12018,21.);
#12018 = AXIS2_PLACEMENT_2D('',#12019,#12020);
#12019 = CARTESIAN_POINT('',(1.070995311347E-13,1.52101767044E-15));
#12020 = DIRECTION('',(1.,0.));
#12021 = ( GEOMETRIC_REPRESENTATION_CONTEXT(2) 
PARAMETRIC_REPRESENTATION_CONTEXT() REPRESENTATION_CONTEXT('2D SPACE',''
  ) );
#12022 = PCURVE('',#12023,#12028);
#12023 = CYLINDRICAL_SURFACE('',#12024,21.);
#12024 = AXIS2_PLACEMENT_3D('',#12025,#12026,#12027);
#12025 = CARTESIAN_POINT('',(0.,0.,477.));
#12026 = DIRECTION('',(-0.,-0.,-1.));
#12027 = DIRECTION('',(1.,0.,0.));
#12028 = DEFINITIONAL_REPRESENTATION('',(#12029),#12033);
#12029 = LINE('',#12030,#12031);
#12030 = CARTESIAN_POINT('',(-0.,-73.));
#12031 = VECTOR('',#12032,1.);
#12032 = DIRECTION('',(-1.,0.));
#12033 = ( GEOMETRIC_REPRESENTATION_CONTEXT(2) 
PARAMETRIC_REPRESENTATION_CONTEXT() REPRESENTATION_CONTEXT('2D SPACE',''
  ) );
#12034 = ADVANCED_FACE('',(#12035),#12023,.F.);
#12035 = FACE_BOUND('',#12036,.T.);
#12036 = EDGE_LOOP('',(#12037,#12061,#12082,#12083));
#12037 = ORIENTED_EDGE('',*,*,#12038,.T.);
#12038 = EDGE_CURVE('',#12039,#12039,#12041,.T.);
#12039 = VERTEX_POINT('',#12040);
#12040 = CARTESIAN_POINT('',(21.,-2.571758278209E-15,478.14285714285));
#12041 = SURFACE_CURVE('',#12042,(#12047,#12054),.PCURVE_S1.);
#12042 = CIRCLE('',#12043,21.);
#12043 = AXIS2_PLACEMENT_3D('',#12044,#12045,#12046);
#12044 = CARTESIAN_POINT('',(0.,0.,478.14285714285));
#12045 = DIRECTION('',(0.,-0.,-1.));
#12046 = DIRECTION('',(0.,1.,-0.));
#12047 = PCURVE('',#12023,#12048);
#12048 = DEFINITIONAL_REPRESENTATION('',(#12049),#12053);
#12049 = LINE('',#12050,#12051);
#12050 = CARTESIAN_POINT('',(-7.853981633974,-1.142857142857));
#12051 = VECTOR('',#12052,1.);
#12052 = DIRECTION('',(1.,-0.));
#12053 = ( GEOMETRIC_REPRESENTATION_CONTEXT(2) 
PARAMETRIC_REPRESENTATION_CONTEXT() REPRESENTATION_CONTEXT('2D SPACE',''
  ) );
#12054 = PCURVE('',#43,#12055);
#12055 = DEFINITIONAL_REPRESENTATION('',(#12056),#12060);
#12056 = LINE('',#12057,#12058);
#12057 = CARTESIAN_POINT('',(7.853981633974,1.142857142857));
#12058 = VECTOR('',#12059,1.);
#12059 = DIRECTION('',(-1.,0.));
#12060 = ( GEOMETRIC_REPRESENTATION_CONTEXT(2) 
PARAMETRIC_REPRESENTATION_CONTEXT() REPRESENTATION_CONTEXT('2D SPACE',''
  ) );
#12061 = ORIENTED_EDGE('',*,*,#12062,.T.);
#12062 = EDGE_CURVE('',#12039,#12007,#12063,.T.);
#12063 = SEAM_CURVE('',#12064,(#12068,#12075),.PCURVE_S1.);
#12064 = LINE('',#12065,#12066);
#12065 = CARTESIAN_POINT('',(21.,-2.571758278209E-15,478.14285714285));
#12066 = VECTOR('',#12067,1.);
#12067 = DIRECTION('',(1.483240303277E-15,5.806075205969E-17,1.));
#12068 = PCURVE('',#12023,#12069);
#12069 = DEFINITIONAL_REPRESENTATION('',(#12070),#12074);
#12070 = LINE('',#12071,#12072);
#12071 = CARTESIAN_POINT('',(-0.,-1.142857142857));
#12072 = VECTOR('',#12073,1.);
#12073 = DIRECTION('',(-0.,-1.));
#12074 = ( GEOMETRIC_REPRESENTATION_CONTEXT(2) 
PARAMETRIC_REPRESENTATION_CONTEXT() REPRESENTATION_CONTEXT('2D SPACE',''
  ) );
#12075 = PCURVE('',#12023,#12076);
#12076 = DEFINITIONAL_REPRESENTATION('',(#12077),#12081);
#12077 = LINE('',#12078,#12079);
#12078 = CARTESIAN_POINT('',(-6.28318530718,-1.142857142857));
#12079 = VECTOR('',#12080,1.);
#12080 = DIRECTION('',(-0.,-1.));
#12081 = ( GEOMETRIC_REPRESENTATION_CONTEXT(2) 
PARAMETRIC_REPRESENTATION_CONTEXT() REPRESENTATION_CONTEXT('2D SPACE',''
  ) );
#12082 = ORIENTED_EDGE('',*,*,#12006,.T.);
#12083 = ORIENTED_EDGE('',*,*,#12062,.F.);
#12084 = ADVANCED_FACE('',(#12085),#1131,.F.);
#12085 = FACE_BOUND('',#12086,.F.);
#12086 = EDGE_LOOP('',(#12087,#12088,#12089,#12090,#12091));
#12087 = ORIENTED_EDGE('',*,*,#1194,.T.);
#12088 = ORIENTED_EDGE('',*,*,#1112,.T.);
#12089 = ORIENTED_EDGE('',*,*,#11046,.F.);
#12090 = ORIENTED_EDGE('',*,*,#11702,.T.);
#12091 = ORIENTED_EDGE('',*,*,#11653,.T.);
#12092 = ADVANCED_FACE('',(#12093),#1094,.T.);
#12093 = FACE_BOUND('',#12094,.F.);
#12094 = EDGE_LOOP('',(#12095,#12116,#12117));
#12095 = ORIENTED_EDGE('',*,*,#12096,.F.);
#12096 = EDGE_CURVE('',#11068,#1030,#12097,.T.);
#12097 = SURFACE_CURVE('',#12098,(#12102,#12109),.PCURVE_S1.);
#12098 = LINE('',#12099,#12100);
#12099 = CARTESIAN_POINT('',(22.2,1.,547.7));
#12100 = VECTOR('',#12101,1.);
#12101 = DIRECTION('',(-1.,0.,0.));
#12102 = PCURVE('',#1094,#12103);
#12103 = DEFINITIONAL_REPRESENTATION('',(#12104),#12108);
#12104 = LINE('',#12105,#12106);
#12105 = CARTESIAN_POINT('',(-0.,0.));
#12106 = VECTOR('',#12107,1.);
#12107 = DIRECTION('',(-0.,1.));
#12108 = ( GEOMETRIC_REPRESENTATION_CONTEXT(2) 
PARAMETRIC_REPRESENTATION_CONTEXT() REPRESENTATION_CONTEXT('2D SPACE',''
  ) );
#12109 = PCURVE('',#1051,#12110);
#12110 = DEFINITIONAL_REPRESENTATION('',(#12111),#12115);
#12111 = B_SPLINE_CURVE_WITH_KNOTS('',2,(#12112,#12113,#12114),
  .UNSPECIFIED.,.F.,.F.,(3,3),(0.,0.222739024164),
  .PIECEWISE_BEZIER_KNOTS.);
#12112 = CARTESIAN_POINT('',(1.316001758537,0.966101694915));
#12113 = CARTESIAN_POINT('',(0.658000879269,0.966101694915));
#12114 = CARTESIAN_POINT('',(0.,0.966101694915));
#12115 = ( GEOMETRIC_REPRESENTATION_CONTEXT(2) 
PARAMETRIC_REPRESENTATION_CONTEXT() REPRESENTATION_CONTEXT('2D SPACE',''
  ) );
#12116 = ORIENTED_EDGE('',*,*,#11067,.T.);
#12117 = ORIENTED_EDGE('',*,*,#1066,.F.);
#12118 = ADVANCED_FACE('',(#12119),#1051,.T.);
#12119 = FACE_BOUND('',#12120,.T.);
#12120 = EDGE_LOOP('',(#12121,#12122,#12123,#12124,#12146));
#12121 = ORIENTED_EDGE('',*,*,#1029,.F.);
#12122 = ORIENTED_EDGE('',*,*,#12096,.F.);
#12123 = ORIENTED_EDGE('',*,*,#11090,.F.);
#12124 = ORIENTED_EDGE('',*,*,#12125,.T.);
#12125 = EDGE_CURVE('',#10855,#12126,#12128,.T.);
#12126 = VERTEX_POINT('',#12127);
#12127 = CARTESIAN_POINT('',(22.225210910135,1.,547.9));
#12128 = SURFACE_CURVE('',#12129,(#12132,#12139),.PCURVE_S1.);
#12129 = B_SPLINE_CURVE_WITH_KNOTS('',1,(#12130,#12131),.UNSPECIFIED.,
  .F.,.F.,(2,2),(0.,1.),.PIECEWISE_BEZIER_KNOTS.);
#12130 = CARTESIAN_POINT('',(23.746999810502,1.,542.));
#12131 = CARTESIAN_POINT('',(22.225210910135,1.,547.9));
#12132 = PCURVE('',#1051,#12133);
#12133 = DEFINITIONAL_REPRESENTATION('',(#12134),#12138);
#12134 = LINE('',#12135,#12136);
#12135 = CARTESIAN_POINT('',(1.769738834666,0.));
#12136 = VECTOR('',#12137,1.);
#12137 = DIRECTION('',(0.,1.));
#12138 = ( GEOMETRIC_REPRESENTATION_CONTEXT(2) 
PARAMETRIC_REPRESENTATION_CONTEXT() REPRESENTATION_CONTEXT('2D SPACE',''
  ) );
#12139 = PCURVE('',#875,#12140);
#12140 = DEFINITIONAL_REPRESENTATION('',(#12141),#12145);
#12141 = LINE('',#12142,#12143);
#12142 = CARTESIAN_POINT('',(0.,0.));
#12143 = VECTOR('',#12144,1.);
#12144 = DIRECTION('',(0.,1.));
#12145 = ( GEOMETRIC_REPRESENTATION_CONTEXT(2) 
PARAMETRIC_REPRESENTATION_CONTEXT() REPRESENTATION_CONTEXT('2D SPACE',''
  ) );
#12146 = ORIENTED_EDGE('',*,*,#12147,.F.);
#12147 = EDGE_CURVE('',#1001,#12126,#12148,.T.);
#12148 = SURFACE_CURVE('',#12149,(#12153,#12159),.PCURVE_S1.);
#12149 = LINE('',#12150,#12151);
#12150 = CARTESIAN_POINT('',(21.977260975836,1.,547.9));
#12151 = VECTOR('',#12152,1.);
#12152 = DIRECTION('',(1.,0.,0.));
#12153 = PCURVE('',#1051,#12154);
#12154 = DEFINITIONAL_REPRESENTATION('',(#12155),#12158);
#12155 = B_SPLINE_CURVE_WITH_KNOTS('',1,(#12156,#12157),.UNSPECIFIED.,
  .F.,.F.,(2,2),(0.,0.247949934299),.PIECEWISE_BEZIER_KNOTS.);
#12156 = CARTESIAN_POINT('',(0.,1.));
#12157 = CARTESIAN_POINT('',(1.769738834666,1.));
#12158 = ( GEOMETRIC_REPRESENTATION_CONTEXT(2) 
PARAMETRIC_REPRESENTATION_CONTEXT() REPRESENTATION_CONTEXT('2D SPACE',''
  ) );
#12159 = PCURVE('',#1017,#12160);
#12160 = DEFINITIONAL_REPRESENTATION('',(#12161),#12165);
#12161 = LINE('',#12162,#12163);
#12162 = CARTESIAN_POINT('',(5.E-02,0.247949934299));
#12163 = VECTOR('',#12164,1.);
#12164 = DIRECTION('',(0.,-1.));
#12165 = ( GEOMETRIC_REPRESENTATION_CONTEXT(2) 
PARAMETRIC_REPRESENTATION_CONTEXT() REPRESENTATION_CONTEXT('2D SPACE',''
  ) );
#12166 = ADVANCED_FACE('',(#12167),#1017,.F.);
#12167 = FACE_BOUND('',#12168,.F.);
#12168 = EDGE_LOOP('',(#12169,#12170,#12171));
#12169 = ORIENTED_EDGE('',*,*,#12147,.F.);
#12170 = ORIENTED_EDGE('',*,*,#1000,.F.);
#12171 = ORIENTED_EDGE('',*,*,#12172,.F.);
#12172 = EDGE_CURVE('',#12126,#658,#12173,.T.);
#12173 = SURFACE_CURVE('',#12174,(#12179,#12186),.PCURVE_S1.);
#12174 = CIRCLE('',#12175,5.E-02);
#12175 = AXIS2_PLACEMENT_3D('',#12176,#12177,#12178);
#12176 = CARTESIAN_POINT('',(22.225210910135,1.05,547.9));
#12177 = DIRECTION('',(0.,0.,-1.));
#12178 = DIRECTION('',(0.,-1.,0.));
#12179 = PCURVE('',#1017,#12180);
#12180 = DEFINITIONAL_REPRESENTATION('',(#12181),#12185);
#12181 = CIRCLE('',#12182,5.E-02);
#12182 = AXIS2_PLACEMENT_2D('',#12183,#12184);
#12183 = CARTESIAN_POINT('',(0.,0.));
#12184 = DIRECTION('',(1.,0.));
#12185 = ( GEOMETRIC_REPRESENTATION_CONTEXT(2) 
PARAMETRIC_REPRESENTATION_CONTEXT() REPRESENTATION_CONTEXT('2D SPACE',''
  ) );
#12186 = PCURVE('',#875,#12187);
#12187 = DEFINITIONAL_REPRESENTATION('',(#12188),#12192);
#12188 = LINE('',#12189,#12190);
#12189 = CARTESIAN_POINT('',(0.,1.));
#12190 = VECTOR('',#12191,1.);
#12191 = DIRECTION('',(1.,0.));
#12192 = ( GEOMETRIC_REPRESENTATION_CONTEXT(2) 
PARAMETRIC_REPRESENTATION_CONTEXT() REPRESENTATION_CONTEXT('2D SPACE',''
  ) );
#12193 = ADVANCED_FACE('',(#12194),#875,.T.);
#12194 = FACE_BOUND('',#12195,.T.);
#12195 = EDGE_LOOP('',(#12196,#12197,#12218,#12219,#12220));
#12196 = ORIENTED_EDGE('',*,*,#10882,.F.);
#12197 = ORIENTED_EDGE('',*,*,#12198,.T.);
#12198 = EDGE_CURVE('',#10883,#629,#12199,.T.);
#12199 = SURFACE_CURVE('',#12200,(#12205,#12211),.PCURVE_S1.);
#12200 = CIRCLE('',#12201,1.7);
#12201 = AXIS2_PLACEMENT_3D('',#12202,#12203,#12204);
#12202 = CARTESIAN_POINT('',(23.746999810502,2.7,542.));
#12203 = DIRECTION('',(0.,0.,-1.));
#12204 = DIRECTION('',(0.,-1.,0.));
#12205 = PCURVE('',#875,#12206);
#12206 = DEFINITIONAL_REPRESENTATION('',(#12207),#12210);
#12207 = B_SPLINE_CURVE_WITH_KNOTS('',1,(#12208,#12209),.UNSPECIFIED.,
  .F.,.F.,(2,2),(0.,1.457583928998),.PIECEWISE_BEZIER_KNOTS.);
#12208 = CARTESIAN_POINT('',(0.,0.));
#12209 = CARTESIAN_POINT('',(1.523587782319,0.));
#12210 = ( GEOMETRIC_REPRESENTATION_CONTEXT(2) 
PARAMETRIC_REPRESENTATION_CONTEXT() REPRESENTATION_CONTEXT('2D SPACE',''
  ) );
#12211 = PCURVE('',#646,#12212);
#12212 = DEFINITIONAL_REPRESENTATION('',(#12213),#12217);
#12213 = LINE('',#12214,#12215);
#12214 = CARTESIAN_POINT('',(-0.,49.));
#12215 = VECTOR('',#12216,1.);
#12216 = DIRECTION('',(-1.,0.));
#12217 = ( GEOMETRIC_REPRESENTATION_CONTEXT(2) 
PARAMETRIC_REPRESENTATION_CONTEXT() REPRESENTATION_CONTEXT('2D SPACE',''
  ) );
#12218 = ORIENTED_EDGE('',*,*,#657,.F.);
#12219 = ORIENTED_EDGE('',*,*,#12172,.F.);
#12220 = ORIENTED_EDGE('',*,*,#12125,.F.);
#12221 = ADVANCED_FACE('',(#12222),#646,.F.);
#12222 = FACE_BOUND('',#12223,.T.);
#12223 = EDGE_LOOP('',(#12224,#12245,#12246,#12247));
#12224 = ORIENTED_EDGE('',*,*,#12225,.T.);
#12225 = EDGE_CURVE('',#10904,#256,#12226,.T.);
#12226 = SURFACE_CURVE('',#12227,(#12232,#12239),.PCURVE_S1.);
#12227 = CIRCLE('',#12228,1.7);
#12228 = AXIS2_PLACEMENT_3D('',#12229,#12230,#12231);
#12229 = CARTESIAN_POINT('',(23.746999810502,2.7,493.));
#12230 = DIRECTION('',(0.,0.,-1.));
#12231 = DIRECTION('',(0.,-1.,0.));
#12232 = PCURVE('',#646,#12233);
#12233 = DEFINITIONAL_REPRESENTATION('',(#12234),#12238);
#12234 = LINE('',#12235,#12236);
#12235 = CARTESIAN_POINT('',(-0.,0.));
#12236 = VECTOR('',#12237,1.);
#12237 = DIRECTION('',(-1.,0.));
#12238 = ( GEOMETRIC_REPRESENTATION_CONTEXT(2) 
PARAMETRIC_REPRESENTATION_CONTEXT() REPRESENTATION_CONTEXT('2D SPACE',''
  ) );
#12239 = PCURVE('',#493,#12240);
#12240 = DEFINITIONAL_REPRESENTATION('',(#12241),#12244);
#12241 = B_SPLINE_CURVE_WITH_KNOTS('',1,(#12242,#12243),.UNSPECIFIED.,
  .F.,.F.,(2,2),(0.,1.457583928998),.PIECEWISE_BEZIER_KNOTS.);
#12242 = CARTESIAN_POINT('',(0.,1.));
#12243 = CARTESIAN_POINT('',(1.523587782319,1.));
#12244 = ( GEOMETRIC_REPRESENTATION_CONTEXT(2) 
PARAMETRIC_REPRESENTATION_CONTEXT() REPRESENTATION_CONTEXT('2D SPACE',''
  ) );
#12245 = ORIENTED_EDGE('',*,*,#628,.T.);
#12246 = ORIENTED_EDGE('',*,*,#12198,.F.);
#12247 = ORIENTED_EDGE('',*,*,#10903,.F.);
#12248 = ADVANCED_FACE('',(#12249),#493,.T.);
#12249 = FACE_BOUND('',#12250,.T.);
#12250 = EDGE_LOOP('',(#12251,#12273,#12295,#12296,#12297));
#12251 = ORIENTED_EDGE('',*,*,#12252,.F.);
#12252 = EDGE_CURVE('',#12253,#10924,#12255,.T.);
#12253 = VERTEX_POINT('',#12254);
#12254 = CARTESIAN_POINT('',(22.225210910135,1.,487.1));
#12255 = SURFACE_CURVE('',#12256,(#12259,#12266),.PCURVE_S1.);
#12256 = B_SPLINE_CURVE_WITH_KNOTS('',1,(#12257,#12258),.UNSPECIFIED.,
  .F.,.F.,(2,2),(0.,1.),.PIECEWISE_BEZIER_KNOTS.);
#12257 = CARTESIAN_POINT('',(22.225210910135,1.,487.1));
#12258 = CARTESIAN_POINT('',(23.746999810502,1.,493.));
#12259 = PCURVE('',#493,#12260);
#12260 = DEFINITIONAL_REPRESENTATION('',(#12261),#12265);
#12261 = LINE('',#12262,#12263);
#12262 = CARTESIAN_POINT('',(0.,0.));
#12263 = VECTOR('',#12264,1.);
#12264 = DIRECTION('',(0.,1.));
#12265 = ( GEOMETRIC_REPRESENTATION_CONTEXT(2) 
PARAMETRIC_REPRESENTATION_CONTEXT() REPRESENTATION_CONTEXT('2D SPACE',''
  ) );
#12266 = PCURVE('',#203,#12267);
#12267 = DEFINITIONAL_REPRESENTATION('',(#12268),#12272);
#12268 = LINE('',#12269,#12270);
#12269 = CARTESIAN_POINT('',(1.769738834666,0.));
#12270 = VECTOR('',#12271,1.);
#12271 = DIRECTION('',(0.,1.));
#12272 = ( GEOMETRIC_REPRESENTATION_CONTEXT(2) 
PARAMETRIC_REPRESENTATION_CONTEXT() REPRESENTATION_CONTEXT('2D SPACE',''
  ) );
#12273 = ORIENTED_EDGE('',*,*,#12274,.T.);
#12274 = EDGE_CURVE('',#12253,#227,#12275,.T.);
#12275 = SURFACE_CURVE('',#12276,(#12281,#12288),.PCURVE_S1.);
#12276 = CIRCLE('',#12277,5.E-02);
#12277 = AXIS2_PLACEMENT_3D('',#12278,#12279,#12280);
#12278 = CARTESIAN_POINT('',(22.225210910135,1.05,487.1));
#12279 = DIRECTION('',(0.,0.,-1.));
#12280 = DIRECTION('',(0.,-1.,0.));
#12281 = PCURVE('',#493,#12282);
#12282 = DEFINITIONAL_REPRESENTATION('',(#12283),#12287);
#12283 = LINE('',#12284,#12285);
#12284 = CARTESIAN_POINT('',(0.,0.));
#12285 = VECTOR('',#12286,1.);
#12286 = DIRECTION('',(1.,0.));
#12287 = ( GEOMETRIC_REPRESENTATION_CONTEXT(2) 
PARAMETRIC_REPRESENTATION_CONTEXT() REPRESENTATION_CONTEXT('2D SPACE',''
  ) );
#12288 = PCURVE('',#243,#12289);
#12289 = DEFINITIONAL_REPRESENTATION('',(#12290),#12294);
#12290 = CIRCLE('',#12291,5.E-02);
#12291 = AXIS2_PLACEMENT_2D('',#12292,#12293);
#12292 = CARTESIAN_POINT('',(22.250000006495,-6.239453398393E-14));
#12293 = DIRECTION('',(-4.719101123571E-02,0.998885883602));
#12294 = ( GEOMETRIC_REPRESENTATION_CONTEXT(2) 
PARAMETRIC_REPRESENTATION_CONTEXT() REPRESENTATION_CONTEXT('2D SPACE',''
  ) );
#12295 = ORIENTED_EDGE('',*,*,#255,.F.);
#12296 = ORIENTED_EDGE('',*,*,#12225,.F.);
#12297 = ORIENTED_EDGE('',*,*,#10923,.F.);
#12298 = ADVANCED_FACE('',(#12299),#243,.T.);
#12299 = FACE_BOUND('',#12300,.T.);
#12300 = EDGE_LOOP('',(#12301,#12321,#12322));
#12301 = ORIENTED_EDGE('',*,*,#12302,.F.);
#12302 = EDGE_CURVE('',#166,#12253,#12303,.T.);
#12303 = SURFACE_CURVE('',#12304,(#12308,#12315),.PCURVE_S1.);
#12304 = LINE('',#12305,#12306);
#12305 = CARTESIAN_POINT('',(21.977260975836,1.,487.1));
#12306 = VECTOR('',#12307,1.);
#12307 = DIRECTION('',(1.,0.,0.));
#12308 = PCURVE('',#243,#12309);
#12309 = DEFINITIONAL_REPRESENTATION('',(#12310),#12314);
#12310 = LINE('',#12311,#12312);
#12311 = CARTESIAN_POINT('',(21.999966766722,3.82432860446E-02));
#12312 = VECTOR('',#12313,1.);
#12313 = DIRECTION('',(0.998885883602,4.719101123571E-02));
#12314 = ( GEOMETRIC_REPRESENTATION_CONTEXT(2) 
PARAMETRIC_REPRESENTATION_CONTEXT() REPRESENTATION_CONTEXT('2D SPACE',''
  ) );
#12315 = PCURVE('',#203,#12316);
#12316 = DEFINITIONAL_REPRESENTATION('',(#12317),#12320);
#12317 = B_SPLINE_CURVE_WITH_KNOTS('',1,(#12318,#12319),.UNSPECIFIED.,
  .F.,.F.,(2,2),(0.,0.247949934299),.PIECEWISE_BEZIER_KNOTS.);
#12318 = CARTESIAN_POINT('',(0.,0.));
#12319 = CARTESIAN_POINT('',(1.769738834666,0.));
#12320 = ( GEOMETRIC_REPRESENTATION_CONTEXT(2) 
PARAMETRIC_REPRESENTATION_CONTEXT() REPRESENTATION_CONTEXT('2D SPACE',''
  ) );
#12321 = ORIENTED_EDGE('',*,*,#226,.F.);
#12322 = ORIENTED_EDGE('',*,*,#12274,.F.);
#12323 = ADVANCED_FACE('',(#12324),#203,.T.);
#12324 = FACE_BOUND('',#12325,.T.);
#12325 = EDGE_LOOP('',(#12326,#12327,#12328,#12329));
#12326 = ORIENTED_EDGE('',*,*,#165,.F.);
#12327 = ORIENTED_EDGE('',*,*,#12302,.T.);
#12328 = ORIENTED_EDGE('',*,*,#12252,.T.);
#12329 = ORIENTED_EDGE('',*,*,#12330,.F.);
#12330 = EDGE_CURVE('',#111,#10924,#12331,.T.);
#12331 = SURFACE_CURVE('',#12332,(#12336,#12348),.PCURVE_S1.);
#12332 = LINE('',#12333,#12334);
#12333 = CARTESIAN_POINT('',(21.995472751085,1.,487.21947347095));
#12334 = VECTOR('',#12335,1.);
#12335 = DIRECTION('',(0.731578236503,0.,0.681757496383));
#12336 = PCURVE('',#203,#12337);
#12337 = DEFINITIONAL_REPRESENTATION('',(#12338),#12347);
#12338 = B_SPLINE_CURVE_WITH_KNOTS('',7,(#12339,#12340,#12341,#12342,
    #12343,#12344,#12345,#12346),.UNSPECIFIED.,.F.,.F.,(8,8),(
    -2.489381769502E-02,0.468848017548),.PIECEWISE_BEZIER_KNOTS.);
#12339 = CARTESIAN_POINT('',(9.165661403128E-14,1.737320747861E-02));
#12340 = CARTESIAN_POINT('',(0.332817515665,2.5523623882E-02));
#12341 = CARTESIAN_POINT('',(0.630532154816,3.367404028492E-02));
#12342 = CARTESIAN_POINT('',(0.899804404451,4.182445668874E-02));
#12343 = CARTESIAN_POINT('',(1.145203607464,4.997487309112E-02));
#12344 = CARTESIAN_POINT('',(1.3702503556,5.812528949536E-02));
#12345 = CARTESIAN_POINT('',(1.577688019546,6.627570589836E-02));
#12346 = CARTESIAN_POINT('',(1.769738834666,7.442612230148E-02));
#12347 = ( GEOMETRIC_REPRESENTATION_CONTEXT(2) 
PARAMETRIC_REPRESENTATION_CONTEXT() REPRESENTATION_CONTEXT('2D SPACE',''
  ) );
#12348 = PCURVE('',#144,#12349);
#12349 = DEFINITIONAL_REPRESENTATION('',(#12350),#12354);
#12350 = LINE('',#12351,#12352);
#12351 = CARTESIAN_POINT('',(-0.,0.));
#12352 = VECTOR('',#12353,1.);
#12353 = DIRECTION('',(-0.,1.));
#12354 = ( GEOMETRIC_REPRESENTATION_CONTEXT(2) 
PARAMETRIC_REPRESENTATION_CONTEXT() REPRESENTATION_CONTEXT('2D SPACE',''
  ) );
#12355 = ADVANCED_FACE('',(#12356),#144,.T.);
#12356 = FACE_BOUND('',#12357,.F.);
#12357 = EDGE_LOOP('',(#12358,#12359,#12360,#12389,#12390,#12391));
#12358 = ORIENTED_EDGE('',*,*,#12330,.F.);
#12359 = ORIENTED_EDGE('',*,*,#110,.T.);
#12360 = ORIENTED_EDGE('',*,*,#12361,.T.);
#12361 = EDGE_CURVE('',#78,#10529,#12362,.T.);
#12362 = SURFACE_CURVE('',#12363,(#12368,#12378),.PCURVE_S1.);
#12363 = ELLIPSE('',#12364,0.44003916582,0.3);
#12364 = AXIS2_PLACEMENT_3D('',#12365,#12366,#12367);
#12365 = CARTESIAN_POINT('',(21.75996083418,0.7,487.));
#12366 = DIRECTION('',(0.,0.,-1.));
#12367 = DIRECTION('',(1.,0.,0.));
#12368 = PCURVE('',#144,#12369);
#12369 = DEFINITIONAL_REPRESENTATION('',(#12370),#12377);
#12370 = B_SPLINE_CURVE_WITH_KNOTS('',5,(#12371,#12372,#12373,#12374,
    #12375,#12376),.UNSPECIFIED.,.F.,.F.,(6,6),(5.03626400851,
    6.28318530718),.PIECEWISE_BEZIER_KNOTS.);
#12371 = CARTESIAN_POINT('',(-0.323875028126,-0.219473470952));
#12372 = CARTESIAN_POINT('',(-0.573259287859,-0.143364865384));
#12373 = CARTESIAN_POINT('',(-0.822642587266,-7.519383370571E-02));
#12374 = CARTESIAN_POINT('',(-1.072032595426,-2.499430285372E-02));
#12375 = CARTESIAN_POINT('',(-1.321412067061,-5.227300074277E-17));
#12376 = CARTESIAN_POINT('',(-1.570796326795,6.938893903907E-18));
#12377 = ( GEOMETRIC_REPRESENTATION_CONTEXT(2) 
PARAMETRIC_REPRESENTATION_CONTEXT() REPRESENTATION_CONTEXT('2D SPACE',''
  ) );
#12378 = PCURVE('',#94,#12379);
#12379 = DEFINITIONAL_REPRESENTATION('',(#12380),#12388);
#12380 = ( BOUNDED_CURVE() B_SPLINE_CURVE(2,(#12381,#12382,#12383,#12384
    ,#12385,#12386,#12387),.UNSPECIFIED.,.T.,.F.) 
B_SPLINE_CURVE_WITH_KNOTS((1,2,2,2,2,1),(-2.094395102393,0.,
    2.094395102393,4.188790204786,6.28318530718,8.377580409573),
.UNSPECIFIED.) CURVE() GEOMETRIC_REPRESENTATION_ITEM() 
RATIONAL_B_SPLINE_CURVE((1.,0.5,1.,0.5,1.,0.5,1.)) REPRESENTATION_ITEM(
  '') );
#12381 = CARTESIAN_POINT('',(0.3,0.7));
#12382 = CARTESIAN_POINT('',(0.3,0.180384757729));
#12383 = CARTESIAN_POINT('',(-0.36005874873,0.440192378865));
#12384 = CARTESIAN_POINT('',(-1.02011749746,0.7));
#12385 = CARTESIAN_POINT('',(-0.36005874873,0.959807621135));
#12386 = CARTESIAN_POINT('',(0.3,1.219615242271));
#12387 = CARTESIAN_POINT('',(0.3,0.7));
#12388 = ( GEOMETRIC_REPRESENTATION_CONTEXT(2) 
PARAMETRIC_REPRESENTATION_CONTEXT() REPRESENTATION_CONTEXT('2D SPACE',''
  ) );
#12389 = ORIENTED_EDGE('',*,*,#10528,.T.);
#12390 = ORIENTED_EDGE('',*,*,#11146,.F.);
#12391 = ORIENTED_EDGE('',*,*,#10944,.F.);
#12392 = ADVANCED_FACE('',(#12393),#94,.F.);
#12393 = FACE_BOUND('',#12394,.F.);
#12394 = EDGE_LOOP('',(#12395,#12396,#12397));
#12395 = ORIENTED_EDGE('',*,*,#12361,.F.);
#12396 = ORIENTED_EDGE('',*,*,#77,.T.);
#12397 = ORIENTED_EDGE('',*,*,#10551,.F.);
#12398 = ADVANCED_FACE('',(#12399),#43,.T.);
#12399 = FACE_BOUND('',#12400,.T.);
#12400 = EDGE_LOOP('',(#12401,#12422,#12423,#12424));
#12401 = ORIENTED_EDGE('',*,*,#12402,.T.);
#12402 = EDGE_CURVE('',#12039,#22,#12403,.T.);
#12403 = SEAM_CURVE('',#12404,(#12408,#12415),.PCURVE_S1.);
#12404 = LINE('',#12405,#12406);
#12405 = CARTESIAN_POINT('',(20.8,-5.094530684453E-15,477.));
#12406 = VECTOR('',#12407,1.);
#12407 = DIRECTION('',(0.172380331752,-4.222100430327E-17,0.985030467156
    ));
#12408 = PCURVE('',#43,#12409);
#12409 = DEFINITIONAL_REPRESENTATION('',(#12410),#12414);
#12410 = LINE('',#12411,#12412);
#12411 = CARTESIAN_POINT('',(6.28318530718,-0.));
#12412 = VECTOR('',#12413,1.);
#12413 = DIRECTION('',(0.,1.));
#12414 = ( GEOMETRIC_REPRESENTATION_CONTEXT(2) 
PARAMETRIC_REPRESENTATION_CONTEXT() REPRESENTATION_CONTEXT('2D SPACE',''
  ) );
#12415 = PCURVE('',#43,#12416);
#12416 = DEFINITIONAL_REPRESENTATION('',(#12417),#12421);
#12417 = LINE('',#12418,#12419);
#12418 = CARTESIAN_POINT('',(0.,-0.));
#12419 = VECTOR('',#12420,1.);
#12420 = DIRECTION('',(0.,1.));
#12421 = ( GEOMETRIC_REPRESENTATION_CONTEXT(2) 
PARAMETRIC_REPRESENTATION_CONTEXT() REPRESENTATION_CONTEXT('2D SPACE',''
  ) );
#12422 = ORIENTED_EDGE('',*,*,#21,.F.);
#12423 = ORIENTED_EDGE('',*,*,#12402,.F.);
#12424 = ORIENTED_EDGE('',*,*,#12038,.F.);
#12425 = ( GEOMETRIC_REPRESENTATION_CONTEXT(3) 
GLOBAL_UNCERTAINTY_ASSIGNED_CONTEXT((#12429)) 
GLOBAL_UNIT_ASSIGNED_CONTEXT((#12426,#12427,#12428)) 
REPRESENTATION_CONTEXT('Context #1',
  '3D Context with UNIT and UNCERTAINTY') );
#12426 = ( LENGTH_UNIT() NAMED_UNIT(*) SI_UNIT(.MILLI.,.METRE.) );
#12427 = ( NAMED_UNIT(*) PLANE_ANGLE_UNIT() SI_UNIT($,.RADIAN.) );
#12428 = ( NAMED_UNIT(*) SI_UNIT($,.STERADIAN.) SOLID_ANGLE_UNIT() );
#12429 = UNCERTAINTY_MEASURE_WITH_UNIT(LENGTH_MEASURE(1.E-03),#12426,
  'distance_accuracy_value','confusion accuracy');
#12430 = PRODUCT_RELATED_PRODUCT_CATEGORY('part',$,(#7));
ENDSEC;
END-ISO-10303-21;
