design,body_mm,nose_mm,nose_shape,motor,fin_count,span_mm,variant,variant_size,wind_m_s,wind_heading_deg,launch_mass_g,loaded_cg_mm,added_mass_g,collar_mass_g,status,warnings,apogee_m,guide_m_s,stability_cal,deployment_m_s,descent_m_s,drift_m
b500-n50-conical-D12-3f-s45p0000-baseline-0,500,50,conical,D12-5,3,45,baseline,0,0,0,216.29322487468238,316.852889274983,0,24.935294327242488,completed,[],186.84986723220334,12.925391857133718,1.6846386047646036,1.425745559696137,4.857775964334371,0.08871063696205904
b500-n50-conical-D12-3f-s45p0000-baseline-0,500,50,conical,D12-5,3,45,baseline,0,2,0,216.29322487468238,316.852889274983,0,24.935294327242488,completed,[],185.1304481767866,12.923652820539038,1.394633575173439,3.082237235993099,4.857775881963219,52.76630275071477
b500-n50-conical-D12-3f-s45p0000-baseline-0,500,50,conical,D12-5,3,45,baseline,0,4,0,216.29322487468238,316.852889274983,0,24.935294327242488,completed,[],180.3820717778114,12.92166845723741,1.3289536170468117,5.910298147713704,4.857775740907513,104.72953534744698
b500-n50-conical-D12-3f-s50p0000-baseline-0,500,50,conical,D12-5,3,50,baseline,0,0,0,217.4861659300534,318.0138591383739,0,26.1282353826135,completed,[],183.94404527078305,12.84451176903493,2.124206518536152,1.894959073473581,4.872599451310459,0.08708919152473846
b500-n50-conical-D12-3f-s50p0000-baseline-0,500,50,conical,D12-5,3,50,baseline,0,2,0,217.4861659300534,318.0138591383739,0,26.1282353826135,completed,[],182.12675187211266,12.83927366058384,1.6714871792706567,3.412862057781428,4.8725993699565056,50.43111072071072
b500-n50-conical-D12-3f-s50p0000-baseline-0,500,50,conical,D12-5,3,50,baseline,0,4,0,217.4861659300534,318.0138591383739,0,26.1282353826135,completed,[],177.12063770149854,12.837296043953739,1.5723825872963546,6.360648868091247,4.872599297377327,99.72803954389873
b500-n50-conical-D12-3f-s53p6538-baseline-0,500,50,conical,D12-5,3,53.65384615384615,baseline,0,0,0,218.3579305474399,318.85423804973385,0,27.0,completed,[],181.83361878083824,12.783495813751514,1.6580826853896664,2.2378169264767886,4.883403535532278,0.0825637139097606
b500-n50-conical-D12-3f-s53p6538-baseline-0,500,50,conical,D12-5,3,53.65384615384615,baseline,0,2,0,218.3579305474399,318.85423804973385,0,27.0,completed,[],179.95582020852726,12.778192322983273,1.8724902177790859,3.668500536258598,4.883403451893663,48.79171184825298
b500-n50-conical-D12-3f-s53p6538-baseline-0,500,50,conical,D12-5,3,53.65384615384615,baseline,0,4,0,218.3579305474399,318.85423804973385,0,27.0,completed,[],174.77712695282676,12.776219610293268,1.7286561668330274,6.683131070322943,4.883403397043694,96.25557799582619
b500-n50-conical-D12-3f-s55p0000-baseline-0,500,50,conical,D12-5,3,55,baseline,0,0,0,218.6791069854244,319.16216232653267,0,27.321176437984473,completed,[],181.0625628949418,12.761139201124246,2.4952676867812773,2.3635721392767315,4.887378062806852,0.08322859109258916
b500-n50-conical-D12-3f-s55p0000-baseline-0,500,50,conical,D12-5,3,55,baseline,0,2,0,218.6791069854244,319.16216232653267,0,27.321176437984473,completed,[],179.16343964942828,12.755811486751996,1.9424879320567379,3.7642362714099042,4.887377891565421,48.201249740278584
b500-n50-conical-D12-3f-s55p0000-baseline-0,500,50,conical,D12-5,3,55,baseline,0,4,0,218.6791069854244,319.16216232653267,0,27.321176437984473,completed,[],173.91235206730738,12.753840644487246,1.7820669902159187,6.806581217233868,4.887377842339176,94.96946963859453
b500-n50-conical-D12-4f-s45p0000-baseline-0,500,50,conical,D12-5,4,45,baseline,0,0,0,219.87268503701065,320.29857893482955,0,28.51475448957076,completed,[],180.06168696998438,12.920435391840575,2.5130368276206965,2.4479236310436905,4.902119937954409,0.08270667816687195
b500-n50-conical-D12-4f-s45p0000-baseline-0,500,50,conical,D12-5,4,45,baseline,0,2,0,219.87268503701065,320.29857893482955,0,28.51475448957076,completed,[],178.18516647729297,12.91504443563076,1.8690494393045467,3.790975230152922,4.902119846716514,47.7731189275843
b500-n50-conical-D12-4f-s45p0000-baseline-0,500,50,conical,D12-5,4,45,baseline,0,4,0,219.87268503701065,320.29857893482955,0,28.51475448957076,completed,[],173.01228022967854,12.912967815303245,1.7402451306178288,6.803243712273223,4.902119695925125,94.20467193670015
b500-n50-conical-D12-4f-s50p0000-baseline-0,500,50,conical,D12-5,4,50,baseline,0,0,0,221.46327311083866,321.79399245540054,0,30.10534256339874,completed,[],176.46994654752183,12.810088682619131,2.7565791276282052,3.033442472335129,4.921696676345675,0.07649149336350453
b500-n50-conical-D12-4f-s50p0000-baseline-0,500,50,conical,D12-5,4,50,baseline,0,2,0,221.46327311083866,321.79399245540054,0,30.10534256339874,completed,[],174.50651321888634,12.804588935278916,2.1815645251841262,4.250834887397996,4.921696555868846,45.14312595814749
b500-n50-conical-D12-4f-s50p0000-baseline-0,500,50,conical,D12-5,4,50,baseline,0,4,0,221.46327311083866,321.79399245540054,0,30.10534256339874,completed,[],169.09572998900524,12.802526459258331,1.9674886984209305,7.331306657382416,4.921696509293601,88.74800683985602
b500-n50-conical-D12-4f-s53p6538-baseline-0,500,50,conical,D12-5,4,53.65384615384615,baseline,0,0,0,222.6256259340206,322.8732812852733,0,31.267695386580698,completed,[],173.89429724445526,12.730447538779453,2.69824769012468,3.456736774414589,4.935953706033149,0.0711004929412434
b500-n50-conical-D12-4f-s53p6538-baseline-0,500,50,conical,D12-5,4,53.65384615384615,baseline,0,2,0,222.6256259340206,322.8732812852733,0,31.267695386580698,completed,[],171.88544614039438,12.724870822160387,2.387698283774766,4.579685851927951,4.935953585862747,43.42830971671275
b500-n50-conical-D12-4f-s53p6538-baseline-0,500,50,conical,D12-5,4,53.65384615384615,baseline,0,4,0,222.6256259340206,322.8732812852733,0,31.267695386580698,completed,[],166.34731897164986,12.722818669748396,2.1094094454378256,7.681506472282849,4.935953543932719,85.18016252867932
b500-n50-conical-D12-4f-s55p0000-baseline-0,500,50,conical,D12-5,4,55,baseline,0,0,0,223.05386118466657,323.2680785091561,0,31.695930637226677,completed,[],172.95762543240733,12.70132362169066,1.9354029458151951,3.6112868220249266,4.941195939615427,0.06824912327851364
b500-n50-conical-D12-4f-s55p0000-baseline-0,500,50,conical,D12-5,4,55,baseline,0,2,0,223.05386118466657,323.2680785091561,0,31.695930637226677,completed,[],170.9335224359702,12.69571157766008,2.454995532077399,4.702058565668912,4.941195820424052,42.82525879601434
b500-n50-conical-D12-4f-s55p0000-baseline-0,500,50,conical,D12-5,4,55,baseline,0,4,0,223.05386118466657,323.2680785091561,0,31.695930637226677,completed,[],165.34279388421714,12.693663430224763,2.1571852958869426,7.812384726343168,4.941195777872663,83.88333352407543
b500-n50-conical-E12-3f-s45p0000-baseline-0,500,50,conical,E12-6,3,45,baseline,0,0,0,232.5932248746824,327.7240051734797,0,24.935294327242488,completed,[],332.3720111077231,13.042227480437464,1.689268659802638,0.4123434719130081,4.876407718657287,0.19772331125026466
b500-n50-conical-E12-3f-s45p0000-baseline-0,500,50,conical,E12-6,3,45,baseline,0,2,0,232.5932248746824,327.7240051734797,0,24.935294327242488,completed,[],329.6334384311636,13.038738352974352,1.440481447048417,3.422844782563145,4.876407524890994,95.55428499947396
b500-n50-conical-E12-3f-s45p0000-baseline-0,500,50,conical,E12-6,3,45,baseline,0,4,0,232.5932248746824,327.7240051734797,0,24.935294327242488,completed,[],322.1169493869077,13.036834033063316,1.0656275260626225,6.762185757272932,4.876407271663867,190.0981661253113
b500-n50-conical-E12-3f-s50p0000-baseline-0,500,50,conical,E12-6,3,50,baseline,0,0,0,233.78616593005341,328.7485580289633,0,26.1282353826135,completed,[],326.9373143540745,13.213489276780583,1.4768438876939831,1.0517455857637144,4.891174760303165,0.19478763868390334
b500-n50-conical-E12-3f-s50p0000-baseline-0,500,50,conical,E12-6,3,50,baseline,0,2,0,233.78616593005341,328.7485580289633,0,26.1282353826135,completed,[],324.0378997450415,13.208544695237114,1.7154924678764216,3.7107166548570114,4.89117455451697,91.45206983455355
b500-n50-conical-E12-3f-s50p0000-baseline-0,500,50,conical,E12-6,3,50,baseline,0,4,0,233.78616593005341,328.7485580289633,0,26.1282353826135,completed,[],316.03829471473784,13.20646146726718,1.3259491355379303,7.250375867177827,4.891174406127648,181.2514385161468
b500-n50-conical-E12-3f-s53p6538-baseline-0,500,50,conical,E12-6,3,53.65384615384615,baseline,0,0,0,234.65793054743992,329.49068197458445,0,27.0,completed,[],323.00015233457873,13.155395756943568,1.8430016805544451,1.5188642701842077,4.901937913770805,0.19120373694517032
b500-n50-conical-E12-3f-s53p6538-baseline-0,500,50,conical,E12-6,3,53.65384615384615,baseline,0,2,0,234.65793054743992,329.49068197458445,0,27.0,completed,[],320.00520537784143,13.150384989030965,1.8808751625518603,3.953032447956626,4.901937807790006,88.68082089974742
b500-n50-conical-E12-3f-s53p6538-baseline-0,500,50,conical,E12-6,3,53.65384615384615,baseline,0,4,0,234.65793054743992,329.49068197458445,0,27.0,completed,[],311.7207094594874,13.148300130721342,1.4852998599988092,7.585982751952682,4.901937582223858,175.35766292442233
b500-n50-conical-E12-3f-s55p0000-baseline-0,500,50,conical,E12-6,3,55,baseline,0,0,0,234.9791069854244,329.7627079922034,0,27.321176437984473,completed,[],321.56172596706267,13.134101734372006,2.1136888465002643,1.6902109257785811,4.9058974189426126,0.1889711621966959
b500-n50-conical-E12-3f-s55p0000-baseline-0,500,50,conical,E12-6,3,55,baseline,0,2,0,234.9791069854244,329.7627079922034,0,27.321176437984473,completed,[],318.5343889234709,13.129066466021543,1.9366263075534222,4.0488778585357,4.905897224492313,87.69771962182826
b500-n50-conical-E12-3f-s55p0000-baseline-0,500,50,conical,E12-6,3,55,baseline,0,4,0,234.9791069854244,329.7627079922034,0,27.321176437984473,completed,[],310.1453937391461,13.126981052176209,1.539792464131495,7.711200025979215,4.905897080488079,173.24048581806423
b500-n50-conical-E12-4f-s45p0000-baseline-0,500,50,conical,E12-6,4,45,baseline,0,0,0,236.17268503701067,330.7671187787782,0,28.51475448957076,completed,[],320.76548627243756,13.056045655706097,2.242802923586312,1.6621271700547198,4.9205838591055215,0.19003364906560716
b500-n50-conical-E12-4f-s45p0000-baseline-0,500,50,conical,E12-6,4,45,baseline,0,2,0,236.17268503701067,330.7671187787782,0,28.51475448957076,completed,[],317.7401895228676,13.051085433434263,1.8855231057466064,4.048186653927166,4.920583667700549,86.98776244701958
b500-n50-conical-E12-4f-s45p0000-baseline-0,500,50,conical,E12-6,4,45,baseline,0,4,0,236.17268503701067,330.7671187787782,0,28.51475448957076,completed,[],309.3838642311129,13.049075129601741,1.4882555387097487,7.717953651437276,4.92058351741787,171.99763261256328
b500-n50-conical-E12-4f-s50p0000-baseline-0,500,50,conical,E12-6,4,50,baseline,0,0,0,237.76327311083867,332.0899809440676,0,30.10534256339874,completed,[],314.1144416692588,12.952551774756946,2.4386099547133275,2.4523537081012803,4.94008749082051,0.1818627169708845
b500-n50-conical-E12-4f-s50p0000-baseline-0,500,50,conical,E12-6,4,50,baseline,0,2,0,237.76327311083867,332.0899809440676,0,30.10534256339874,completed,[],310.95375456084605,12.94748331447206,2.1189355255980185,4.533294855200339,4.940087276875712,82.58743911915495
b500-n50-conical-E12-4f-s50p0000-baseline-0,500,50,conical,E12-6,4,50,baseline,0,4,0,237.76327311083867,332.0899809440676,0,30.10534256339874,completed,[],302.20517887345727,12.94547665732455,1.7201196000532506,8.279807484389492,4.940087155777127,162.7459055354008
b500-n50-conical-E12-4f-s53p6538-baseline-0,500,50,conical,E12-6,4,53.65384615384615,baseline,0,0,0,238.92562593402062,333.0455493521621,0,31.267695386580698,completed,[],309.3440082461853,13.123007916340557,2.673341409713989,3.02380123877626,4.9542915922603665,0.17469907398422654
b500-n50-conical-E12-4f-s53p6538-baseline-0,500,50,conical,E12-6,4,53.65384615384615,baseline,0,2,0,238.92562593402062,333.0455493521621,0,31.267695386580698,completed,[],306.12293367442464,13.117713397252853,2.2717665242124565,4.90341487276061,4.954291443973919,79.81174663537465
b500-n50-conical-E12-4f-s53p6538-baseline-0,500,50,conical,E12-6,4,53.65384615384615,baseline,0,4,0,238.92562593402062,333.0455493521621,0,31.267695386580698,completed,[],297.1976279954853,13.11552172892352,1.8788401657095355,8.64553776502546,4.954291236466682,156.93544811189957
b500-n50-conical-E12-4f-s55p0000-baseline-0,500,50,conical,E12-6,4,55,baseline,0,0,0,239.35386118466658,333.3952613684733,0,31.695930637226677,completed,[],307.6100628840268,13.095173203866663,2.649465730641856,3.2323105267538126,4.9595144460780896,0.17123509255163852
b500-n50-conical-E12-4f-s55p0000-baseline-0,500,50,conical,E12-6,4,55,baseline,0,2,0,239.35386118466658,333.3952613684733,0,31.695930637226677,completed,[],304.3630932239169,13.089848558805114,2.3189929272744862,5.052419791505189,4.95951429170048,78.76196330951711
b500-n50-conical-E12-4f-s55p0000-baseline-0,500,50,conical,E12-6,4,55,baseline,0,4,0,239.35386118466658,333.3952613684733,0,31.695930637226677,completed,[],295.36581898696284,13.087657557866793,1.9278051329732335,8.79100251565659,4.959514087110919,154.75261675197657
b500-n40-ogive-D12-3f-s45p0000-baseline-0,500,40,ogive,D12-5,3,45,baseline,0,0,0,218.3213667099249,304.1858221934024,0,24.935294327242488,completed,[],193.74757878840526,12.789456374257062,2.3724332944096287,0.19221522006674954,4.882950888836942,0.09572154750680835
b500-n40-ogive-D12-3f-s45p0000-baseline-0,500,40,ogive,D12-5,3,45,baseline,0,2,0,218.3213667099249,304.1858221934024,0,24.935294327242488,completed,[],191.9284303714817,12.785184830497336,1.506907282105547,3.0708391764960696,4.882950809520247,53.741978765468865
b500-n40-ogive-D12-3f-s45p0000-baseline-0,500,40,ogive,D12-5,3,45,baseline,0,4,0,218.3213667099249,304.1858221934024,0,24.935294327242488,completed,[],186.90335145697154,12.783652941146634,1.350651578974732,6.088745882143127,4.882950669235778,106.9250999018
b500-n40-ogive-D12-3f-s50p0000-baseline-0,500,40,ogive,D12-5,3,50,baseline,0,0,0,219.5143077652959,305.35055965753895,0,26.1282353826135,completed,[],190.5031414536895,12.706687135050917,2.0275344853952535,0.3393710477053048,4.8976982080776486,0.09474898544980125
b500-n40-ogive-D12-3f-s50p0000-baseline-0,500,40,ogive,D12-5,3,50,baseline,0,2,0,219.5143077652959,305.35055965753895,0,26.1282353826135,completed,[],188.59488061701117,12.702320135227136,1.7761653915975528,3.2127607301364285,4.897698149756213,51.27997593017081
b500-n40-ogive-D12-3f-s50p0000-baseline-0,500,40,ogive,D12-5,3,50,baseline,0,4,0,219.5143077652959,305.35055965753895,0,26.1282353826135,completed,[],183.29861318507386,12.700784425005077,1.5958610713523274,6.428913955764914,4.897698016817734,101.67817937849328
b500-n40-ogive-D12-3f-s53p6538-baseline-0,500,40,ogive,D12-5,3,53.65384615384615,baseline,0,0,0,220.3860723826824,306.19373984675934,0,27.0,completed,[],188.16395982821612,12.887525143638317,2.257424650888637,0.7242354470343542,4.908447187874589,0.09297703268195899
b500-n40-ogive-D12-3f-s53p6538-baseline-0,500,40,ogive,D12-5,3,53.65384615384615,baseline,0,2,0,220.3860723826824,306.19373984675934,0,27.0,completed,[],186.2040729599802,12.882962545383352,1.9841206271515663,3.34080858665771,4.908447041507753,49.67963546595885
b500-n40-ogive-D12-3f-s53p6538-baseline-0,500,40,ogive,D12-5,3,53.65384615384615,baseline,0,4,0,220.3860723826824,306.19373984675934,0,27.0,completed,[],180.7569033918874,12.881269744966685,1.7669101170231079,6.65339181158754,4.9084469921889555,98.2928665671878
b500-n40-ogive-D12-3f-s55p0000-baseline-0,500,40,ogive,D12-5,3,55,baseline,0,0,0,220.70724882066688,306.50270611574246,0,27.321176437984466,completed,[],187.31057870013808,12.865197583371978,1.7550390547641255,0.8652721051491911,4.912401387711861,0.0909855735685558
b500-n40-ogive-D12-3f-s55p0000-baseline-0,500,40,ogive,D12-5,3,55,baseline,0,2,0,220.70724882066688,306.50270611574246,0,27.321176437984466,completed,[],185.3284963690076,12.860607691845324,2.0539576347329933,3.403093932874511,4.91240124126646,49.071644195385055
b500-n40-ogive-D12-3f-s55p0000-baseline-0,500,40,ogive,D12-5,3,55,baseline,0,4,0,220.70724882066688,306.50270611574246,0,27.321176437984466,completed,[],179.81908170419754,12.858913457684336,1.8208780406388652,6.746766241258438,4.912401190728531,97.0021826387638
b500-n40-ogive-D12-4f-s45p0000-baseline-0,500,40,ogive,D12-5,4,45,baseline,0,0,0,221.90082687225316,307.64304093610303,0,28.51475448957076,completed,[],186.19770584460625,12.783378453568892,1.6160661396187885,0.9684327196282032,4.927068439374497,0.09185433098051428
b500-n40-ogive-D12-4f-s45p0000-baseline-0,500,40,ogive,D12-5,4,45,baseline,0,2,0,221.90082687225316,307.64304093610303,0,28.51475448957076,completed,[],184.23027961668092,12.778867394060448,1.9801957487485806,3.420074660898569,4.927068277903396,48.497652974314136
b500-n40-ogive-D12-4f-s45p0000-baseline-0,500,40,ogive,D12-5,4,45,baseline,0,4,0,221.90082687225316,307.64304093610303,0,28.51475448957076,completed,[],178.77166078168378,12.777243963234836,1.765513974440636,6.762535786225819,4.92706823330949,95.92518505722819
b500-n40-ogive-D12-4f-s50p0000-baseline-0,500,40,ogive,D12-5,4,50,baseline,0,0,0,223.49141494608114,309.14378332511666,0,30.10534256339873,completed,[],182.23470455838353,12.674993556734742,2.3084027342248037,1.623939217725103,4.946546506773792,0.08703635356584447
b500-n40-ogive-D12-4f-s50p0000-baseline-0,500,40,ogive,D12-5,4,50,baseline,0,2,0,223.49141494608114,309.14378332511666,0,30.10534256339873,completed,[],180.1746722338057,12.670357440115184,2.30292897320307,3.759483531939171,4.946546423289772,45.731526488384645
b500-n40-ogive-D12-4f-s50p0000-baseline-0,500,40,ogive,D12-5,4,50,baseline,0,4,0,223.49141494608114,309.14378332511666,0,30.10534256339873,completed,[],174.46103736751434,12.66873418906673,1.9948111016125567,7.208550637653097,4.946546296195601,90.16377355851161
b500-n40-ogive-D12-4f-s53p6538-baseline-0,500,40,ogive,D12-5,4,53.65384615384615,baseline,0,0,0,224.6537677692631,310.22704060495244,0,31.267695386580698,completed,[],179.4018880416332,12.834664982612928,2.643782784097917,2.096542320814282,4.960732114672514,0.08403599963126362
b500-n40-ogive-D12-4f-s53p6538-baseline-0,500,40,ogive,D12-5,4,53.65384615384615,baseline,0,2,0,224.6537677692631,310.22704060495244,0,31.267695386580698,completed,[],177.3059540218071,12.829805989828197,2.499607919415363,4.010412162017876,4.960732006592751,44.06761568400323
b500-n40-ogive-D12-4f-s53p6538-baseline-0,500,40,ogive,D12-5,4,53.65384615384615,baseline,0,4,0,224.6537677692631,310.22704060495244,0,31.267695386580698,completed,[],171.4877802569586,12.828019610864372,2.151718779986783,7.476621136883792,4.960731967850438,86.66612462832137
b500-n40-ogive-D12-4f-s55p0000-baseline-0,500,40,ogive,D12-5,4,55,baseline,0,0,0,225.08200301990908,310.62331510720645,0,31.695930637226677,completed,[],178.37352099288557,12.805550481310847,2.8728858121941983,2.268850887684547,4.965948210668889,0.08272882945948996
b500-n40-ogive-D12-4f-s55p0000-baseline-0,500,40,ogive,D12-5,4,55,baseline,0,2,0,225.08200301990908,310.62331510720645,0,31.695930637226677,completed,[],176.26286791286577,12.800656841381192,2.5685015333916,4.113185476871399,4.965948108382112,43.443430794846265
b500-n40-ogive-D12-4f-s55p0000-baseline-0,500,40,ogive,D12-5,4,55,baseline,0,4,0,225.08200301990908,310.62331510720645,0,31.695930637226677,completed,[],170.4110893850364,12.798869880593134,2.1999601058106255,7.5804576059982764,4.965948060345469,85.39082422069862
b500-n40-ogive-E12-3f-s45p0000-baseline-0,500,40,ogive,E12-6,3,45,baseline,0,0,0,234.6213667099249,315.1482555570588,0,24.935294327242488,completed,[],352.95679763612685,13.16115360421956,2.1243444057759713,2.815869816900422,4.901487031039578,0.21880741186286104
b500-n40-ogive-E12-3f-s45p0000-baseline-0,500,40,ogive,E12-6,3,45,baseline,0,2,0,234.6213667099249,315.1482555570588,0,24.935294327242488,completed,[],349.94477026296386,13.1571201116329,1.4731251692466187,4.658207171752353,4.901486823825745,100.15225485936203
b500-n40-ogive-E12-3f-s45p0000-baseline-0,500,40,ogive,E12-6,3,45,baseline,0,4,0,234.6213667099249,315.1482555570588,0,24.935294327242488,completed,[],341.8459348950414,13.1554950471427,1.0980527966948597,7.619943087249347,4.901486549861775,199.46700199409034
b500-n40-ogive-E12-3f-s50p0000-baseline-0,500,40,ogive,E12-6,3,50,baseline,0,0,0,235.81430776529592,316.1770268968513,0,26.1282353826135,completed,[],346.5809470081522,13.082300244084037,2.394323881831988,2.0510048829756395,4.916178779184137,0.2161320923897839
b500-n40-ogive-E12-3f-s50p0000-baseline-0,500,40,ogive,E12-6,3,50,baseline,0,2,0,235.81430776529592,316.1770268968513,0,26.1282353826135,completed,[],343.40878881564726,13.078171843534449,1.7402479986032895,4.424826532999244,4.916178563470145,95.50127488258964
b500-n40-ogive-E12-3f-s50p0000-baseline-0,500,40,ogive,E12-6,3,50,baseline,0,4,0,235.81430776529592,316.1770268968513,0,26.1282353826135,completed,[],334.73152798176625,13.076535655813862,1.347987177469034,7.809714552984738,4.916178400130239,189.6374779220604
b500-n40-ogive-E12-3f-s53p6538-baseline-0,500,40,ogive,E12-6,3,53.65384615384615,baseline,0,0,0,236.6860723826824,316.92226313896305,0,27.0,completed,[],341.9673038990801,13.025178820504923,2.555811641770094,1.4955980891312202,4.92688736080671,0.21432080374372545
b500-n40-ogive-E12-3f-s53p6538-baseline-0,500,40,ogive,E12-6,3,53.65384615384615,baseline,0,2,0,236.6860723826824,316.92226313896305,0,27.0,completed,[],338.7063344435794,13.02097947258268,1.9074292899767302,4.306660245551647,4.926887215477806,92.46714629002265
b500-n40-ogive-E12-3f-s53p6538-baseline-0,500,40,ogive,E12-6,3,53.65384615384615,baseline,0,4,0,236.6860723826824,316.92226313896305,0,27.0,completed,[],329.69763368717355,13.01933516321744,1.5086781847324944,7.943519904768585,4.92688698222188,183.22082173643938
b500-n40-ogive-E12-3f-s55p0000-baseline-0,500,40,ogive,E12-6,3,55,baseline,0,0,0,237.00724882066686,317.19544189881947,0,27.321176437984466,completed,[],340.2830205746768,13.004240364700461,2.6089823274574675,1.2923932881003828,4.930826746573959,0.21013946233815167
b500-n40-ogive-E12-3f-s55p0000-baseline-0,500,40,ogive,E12-6,3,55,baseline,0,2,0,237.00724882066686,317.19544189881947,0,27.321176437984466,completed,[],336.991476590137,13.000014672196976,1.9638065185533415,4.2778221399565295,4.930826610990949,91.39234800104771
b500-n40-ogive-E12-3f-s55p0000-baseline-0,500,40,ogive,E12-6,3,55,baseline,0,4,0,237.00724882066686,317.19544189881947,0,27.321176437984466,completed,[],327.8694141437907,12.998367445861621,1.563652173566641,7.9984114242573225,4.930826391324995,180.9432712253578
b500-n40-ogive-E12-4f-s45p0000-baseline-0,500,40,ogive,E12-6,4,45,baseline,0,0,0,238.20082687225317,318.20416478178424,0,28.51475448957076,completed,[],339.3520103537895,12.927488977315132,2.562061943478872,1.308578105053365,4.945439214440665,0.21339724259202839
b500-n40-ogive-E12-4f-s45p0000-baseline-0,500,40,ogive,E12-6,4,45,baseline,0,2,0,238.20082687225317,318.20416478178424,0,28.51475448957076,completed,[],336.063878165112,12.92332845571758,1.9123413073549729,4.2970173404687495,4.945439068177595,90.6217484478837
b500-n40-ogive-E12-4f-s45p0000-baseline-0,500,40,ogive,E12-6,4,45,baseline,0,4,0,238.20082687225317,318.20416478178424,0,28.51475448957076,completed,[],326.9753111655333,12.921743901982873,1.511805050654842,8.021749984556537,4.945438849635602,179.56502411710804
b500-n40-ogive-E12-4f-s50p0000-baseline-0,500,40,ogive,E12-6,4,50,baseline,0,0,0,239.79141494608115,319.5328388814249,0,30.10534256339873,completed,[],331.58759443156333,13.07009049200518,2.7800325229457767,0.3748335901549389,4.964845257011101,0.2055125355411847
b500-n40-ogive-E12-4f-s50p0000-baseline-0,500,40,ogive,E12-6,4,50,baseline,0,2,0,239.79141494608115,319.5328388814249,0,30.10534256339873,completed,[],328.1856097388467,13.065697255360723,2.1592906979573354,4.250007421301544,4.964845072630817,86.0377546379945
b500-n40-ogive-E12-4f-s50p0000-baseline-0,500,40,ogive,E12-6,4,50,baseline,0,4,0,239.79141494608115,319.5328388814249,0,30.10534256339873,completed,[],318.73819178297344,13.063951073422986,1.7594135657984549,8.261796410921828,4.964844879399682,170.00637144550748
b500-n40-ogive-E12-4f-s53p6538-baseline-0,500,40,ogive,E12-6,4,53.65384615384615,baseline,0,0,0,240.95376776926312,320.49269970229403,0,31.267695386580698,completed,[],326.0425812780972,12.995232620696491,2.574384011860707,0.30104874849275837,4.978978788171217,0.20034573672746123
b500-n40-ogive-E12-4f-s53p6538-baseline-0,500,40,ogive,E12-6,4,53.65384615384615,baseline,0,2,0,240.95376776926312,320.49269970229403,0,31.267695386580698,completed,[],322.56139747946565,12.990799731110963,2.303219487626128,4.332093697865004,4.978978610571036,82.8472013014857
b500-n40-ogive-E12-4f-s53p6538-baseline-0,500,40,ogive,E12-6,4,53.65384615384615,baseline,0,4,0,240.95376776926312,320.49269970229403,0,31.267695386580698,completed,[],312.8843777332019,12.989046418184511,1.9061792623412923,8.488055217787686,4.978978442944486,163.3226881541748
b500-n40-ogive-E12-4f-s55p0000-baseline-0,500,40,ogive,E12-6,4,55,baseline,0,0,0,241.3820030199091,320.84400237008015,0,31.695930637226677,completed,[],324.03293545439453,12.967908755838518,2.2056322321649566,0.5453611542783889,4.984175798506591,0.19886691722515315
b500-n40-ogive-E12-4f-s55p0000-baseline-0,500,40,ogive,E12-6,4,55,baseline,0,2,0,241.3820030199091,320.84400237008015,0,31.695930637226677,completed,[],320.5245081436659,12.963388779778445,2.3510507796627302,4.384816839253513,4.9841756250995815,81.71642617164603
b500-n40-ogive-E12-4f-s55p0000-baseline-0,500,40,ogive,E12-6,4,55,baseline,0,4,0,241.3820030199091,320.84400237008015,0,31.695930637226677,completed,[],310.7788947660601,12.961633065044213,1.955667880768535,8.575962846028776,4.984175461166563,160.983247588568
b530-n40-ogive-D12-3f-s45p0000-baseline-0,530,40,ogive,D12-5,3,45,baseline,0,0,0,219.8213667099249,317.66936397925053,0,24.935294327242488,completed,[],190.97143338030858,12.927302599696203,2.2001009800466056,0.2114062082169483,4.901487021596016,0.09400064529172567
b530-n40-ogive-D12-3f-s45p0000-baseline-0,530,40,ogive,D12-5,3,45,baseline,0,2,0,219.8213667099249,317.66936397925053,0,24.935294327242488,completed,[],189.18280301142215,12.922895040095728,1.5929698557736052,3.0188601973175855,4.901486859396346,52.65753407318304
b530-n40-ogive-D12-3f-s45p0000-baseline-0,530,40,ogive,D12-5,3,45,baseline,0,4,0,219.8213667099249,317.66936397925053,0,24.935294327242488,completed,[],184.23868254982028,12.921254189958354,1.4943368817495957,6.062528574801206,4.901486812788874,104.71285618824749
b530-n40-ogive-D12-3f-s50p0000-baseline-0,530,40,ogive,D12-5,3,50,baseline,0,0,0,221.0143077652959,318.91534530075717,0,26.1282353826135,completed,[],187.8225203015847,12.844291340260124,2.253691622999112,0.7277749276579213,4.916178780145706,0.09206828181965711
b530-n40-ogive-D12-3f-s50p0000-baseline-0,530,40,ogive,D12-5,3,50,baseline,0,2,0,221.0143077652959,318.91534530075717,0,26.1282353826135,completed,[],185.94959231412182,12.83978878023876,1.898459897062337,3.2119489572910003,4.916178618459726,50.290972724868965
b530-n40-ogive-D12-3f-s50p0000-baseline-0,530,40,ogive,D12-5,3,50,baseline,0,4,0,221.0143077652959,318.91534530075717,0,26.1282353826135,completed,[],180.75493819686548,12.838144543534266,1.753041806494897,6.4182706369733475,4.916178575917778,99.67721431259613
b530-n40-ogive-D12-3f-s53p6538-baseline-0,530,40,ogive,D12-5,3,53.65384615384615,baseline,0,0,0,221.8860723826824,319.8173974503998,0,27.0,completed,[],185.5508888353531,12.784190343976341,2.579882941259121,1.1035765821813563,4.926887378023616,0.08963894641686104
b530-n40-ogive-D12-3f-s53p6538-baseline-0,530,40,ogive,D12-5,3,53.65384615384615,baseline,0,2,0,221.8860723826824,319.8173974503998,0,27.0,completed,[],183.6222646403135,12.779619635232988,2.111877951013628,3.384392504409508,4.926887292520052,48.6532383896829
b530-n40-ogive-D12-3f-s53p6538-baseline-0,530,40,ogive,D12-5,3,53.65384615384615,baseline,0,4,0,221.8860723826824,319.8173974503998,0,27.0,completed,[],178.2662778818917,12.777972605790863,1.919549101241265,6.673622395530897,4.926887155056184,96.23737690292413
b530-n40-ogive-D12-3f-s55p0000-baseline-0,530,40,ogive,D12-5,3,55,baseline,0,0,0,222.2072488206669,320.1479482803729,0,27.321176437984473,completed,[],184.72120945381218,12.76201815695399,2.1807856622209583,1.2413351919906281,4.93082678973022,0.08909504272750707
b530-n40-ogive-D12-3f-s55p0000-baseline-0,530,40,ogive,D12-5,3,55,baseline,0,2,0,222.2072488206669,320.1479482803729,0,27.321176437984473,completed,[],182.7731882403756,12.757571147967772,2.1949305375390953,3.453313523400358,4.930826706625423,48.06204785290095
b530-n40-ogive-D12-3f-s55p0000-baseline-0,530,40,ogive,D12-5,3,55,baseline,0,4,0,222.2072488206669,320.1479482803729,0,27.321176437984473,completed,[],177.35980659947387,12.755923184496416,1.9765479289645147,6.771404559136041,4.930826569721822,94.99478996709107
b530-n40-ogive-D12-4f-s45p0000-baseline-0,530,40,ogive,D12-5,4,45,baseline,0,0,0,223.40082687225316,321.3680060722647,0,28.51475448957076,completed,[],183.62778255631056,12.681466759627295,2.048394792759278,1.343706429000001,4.945439206369968,0.08902237251268905
b530-n40-ogive-D12-4f-s45p0000-baseline-0,530,40,ogive,D12-5,4,45,baseline,0,2,0,223.40082687225316,321.3680060722647,0,28.51475448957076,completed,[],181.69179481157224,12.676941205510467,2.120114016569096,3.483518877032992,4.945439126359434,47.48679557378324
b530-n40-ogive-D12-4f-s45p0000-baseline-0,530,40,ogive,D12-5,4,45,baseline,0,4,0,223.40082687225316,321.3680060722647,0,28.51475448957076,completed,[],176.32391905894684,12.675362873281736,1.9175110432107212,6.793484000013325,4.945439063870761,93.91677446870321
b530-n40-ogive-D12-4f-s50p0000-baseline-0,530,40,ogive,D12-5,4,50,baseline,0,0,0,224.99141494608114,322.9738003041572,0,30.10534256339873,completed,[],179.7752092886636,12.81207386529789,2.842932937902987,1.9839766613324075,4.9648452207490195,0.08518384860644736
b530-n40-ogive-D12-4f-s50p0000-baseline-0,530,40,ogive,D12-5,4,50,baseline,0,2,0,224.99141494608114,322.9738003041572,0,30.10534256339873,completed,[],177.76038784114198,12.807299838839853,2.45824109749742,3.844676459165909,4.964845123035572,44.918107861502925
b530-n40-ogive-D12-4f-s50p0000-baseline-0,530,40,ogive,D12-5,4,50,baseline,0,4,0,224.99141494608114,322.9738003041572,0,30.10534256339873,completed,[],172.17428307539745,12.80556292073922,2.1748102879808093,7.231049660279322,4.96484508264681,88.54089312937994
b530-n40-ogive-D12-4f-s53p6538-baseline-0,530,40,ogive,D12-5,4,53.65384615384615,baseline,0,0,0,226.1537677692631,324.13298088018576,0,31.267695386580698,completed,[],177.01965627314001,12.733568139768291,3.182676918066674,2.445782399029266,4.978978786517673,0.08079483193912937
b530-n40-ogive-D12-4f-s53p6538-baseline-0,530,40,ogive,D12-5,4,53.65384615384615,baseline,0,2,0,226.1537677692631,324.13298088018576,0,31.267695386580698,completed,[],174.95463797461542,12.728703556699452,2.6649422269028795,4.134190472287062,4.978978683836314,43.14035664234008
b530-n40-ogive-D12-4f-s53p6538-baseline-0,530,40,ogive,D12-5,4,53.65384615384615,baseline,0,4,0,226.1537677692631,324.13298088018576,0,31.267695386580698,completed,[],169.22839109100178,12.726966912871438,2.3270104194214016,7.55436972426188,4.9789786349536564,84.81266616976175
b530-n40-ogive-D12-4f-s55p0000-baseline-0,530,40,ogive,D12-5,4,55,baseline,0,0,0,226.58200301990908,324.55704943431874,0,31.695930637226677,completed,[],176.0188502840058,12.704849511984095,2.5324173758756174,2.614202808536849,4.984175794537103,0.07929990048329887
b530-n40-ogive-D12-4f-s55p0000-baseline-0,530,40,ogive,D12-5,4,55,baseline,0,2,0,226.58200301990908,324.55704943431874,0,31.695930637226677,completed,[],173.93855901660797,12.699951503936221,2.741949063719871,4.244284234587613,4.984175694154206,42.51950344759221
b530-n40-ogive-D12-4f-s55p0000-baseline-0,530,40,ogive,D12-5,4,55,baseline,0,4,0,226.58200301990908,324.55704943431874,0,31.695930637226677,completed,[],168.16936527422385,12.698215213391627,2.3783296967047844,7.6684452758598045,4.984175639200352,83.51929031291199
b530-n40-ogive-E12-3f-s45p0000-baseline-0,530,40,ogive,E12-6,3,45,baseline,0,0,0,236.1213667099249,329.7023257002823,0,24.935294327242488,completed,[],348.33850407832523,13.062469886833998,2.347412762722907,2.3445818300112387,4.91995329734545,0.21739182453635772
b530-n40-ogive-E12-3f-s45p0000-baseline-0,530,40,ogive,E12-6,3,45,baseline,0,2,0,236.1213667099249,329.7023257002823,0,24.935294327242488,completed,[],345.37498452864975,13.058415879087981,1.6162082511294926,4.380019745862619,4.9199530786738785,98.17996203618114
b530-n40-ogive-E12-3f-s45p0000-baseline-0,530,40,ogive,E12-6,3,45,baseline,0,4,0,236.1213667099249,329.7023257002823,0,24.935294327242488,completed,[],337.3539468897918,13.056824904663577,1.204497776959847,7.4634534810858915,4.919952843749624,195.56797145247887
b530-n40-ogive-E12-3f-s50p0000-baseline-0,530,40,ogive,E12-6,3,50,baseline,0,0,0,237.31430776529592,330.8022386708255,0,26.1282353826135,completed,[],342.1390929263402,12.98462994960347,2.633571765315562,1.6001868799338588,4.934590057546111,0.21303758948620066
b530-n40-ogive-E12-3f-s50p0000-baseline-0,530,40,ogive,E12-6,3,50,baseline,0,2,0,237.31430776529592,330.8022386708255,0,26.1282353826135,completed,[],339.0170566381125,12.98048376683146,1.8988598508330374,4.218287450999841,4.934589923608345,93.65011760554893
b530-n40-ogive-E12-3f-s50p0000-baseline-0,530,40,ogive,E12-6,3,50,baseline,0,4,0,237.31430776529592,330.8022386708255,0,26.1282353826135,completed,[],330.4332572165864,12.978883434366363,1.4674219779464437,7.701663202236636,4.934589736977219,185.9753610728289
b530-n40-ogive-E12-3f-s53p6538-baseline-0,530,40,ogive,E12-6,3,53.65384615384615,baseline,0,0,0,238.18607238268243,331.5990536718847,0,27.0,completed,[],337.65498733965717,12.928251151412137,2.8047091039281,1.0592628441316805,4.9452588698564455,0.21265023251053053
b530-n40-ogive-E12-3f-s53p6538-baseline-0,530,40,ogive,E12-6,3,53.65384615384615,baseline,0,2,0,238.18607238268243,331.5990536718847,0,27.0,completed,[],334.443265663001,12.924035951845445,2.0761271151490166,4.152709698283556,4.945258623450311,90.6917411706304
b530-n40-ogive-E12-3f-s53p6538-baseline-0,530,40,ogive,E12-6,3,53.65384615384615,baseline,0,4,0,238.18607238268243,331.5990536718847,0,27.0,completed,[],325.54221399053864,12.922428576339964,1.6369171065153763,7.866635667120762,4.945258510814535,179.72237580413955
b530-n40-ogive-E12-3f-s55p0000-baseline-0,530,40,ogive,E12-6,3,55,baseline,0,0,0,238.5072488206669,331.89114877796385,0,27.321176437984473,completed,[],336.01834558089354,12.907588622512101,2.8610507937056466,0.8612924399519033,4.949183641362155,0.20963974225575405
b530-n40-ogive-E12-3f-s55p0000-baseline-0,530,40,ogive,E12-6,3,55,baseline,0,2,0,238.5072488206669,331.89114877796385,0,27.321176437984473,completed,[],332.7764305246555,12.903348255258262,2.1360235745669014,4.142180820647397,4.94918348582684,89.66349339767285
b530-n40-ogive-E12-3f-s55p0000-baseline-0,530,40,ogive,E12-6,3,55,baseline,0,4,0,238.5072488206669,331.89114877796385,0,27.321176437984473,completed,[],323.7846366171557,12.901739114989033,1.695118575042802,7.925003367409713,4.949183302343992,177.5829615000637
b530-n40-ogive-E12-4f-s45p0000-baseline-0,530,40,ogive,E12-6,4,45,baseline,0,0,0,239.70082687225317,332.9697662218204,0,28.51475448957076,completed,[],335.09938854762,13.076289504698831,2.812541237086813,0.8766512253123843,4.963742085633249,0.20899118766431035
b530-n40-ogive-E12-4f-s45p0000-baseline-0,530,40,ogive,E12-6,4,45,baseline,0,2,0,239.70082687225317,332.9697662218204,0,28.51475448957076,completed,[],331.87739793482314,13.072000083545522,2.093059456351572,4.143153977279896,4.963741923794343,89.07443934531125
b530-n40-ogive-E12-4f-s45p0000-baseline-0,530,40,ogive,E12-6,4,45,baseline,0,4,0,239.70082687225317,332.9697662218204,0,28.51475448957076,completed,[],322.95792134877763,13.07030201975087,1.6543267533957562,7.917795105132031,4.9637417355030955,176.55843794232032
b530-n40-ogive-E12-4f-s50p0000-baseline-0,530,40,ogive,E12-6,4,50,baseline,0,0,0,241.29141494608115,334.39060539711,0,30.10534256339873,completed,[],327.55343589172605,12.974043185203035,2.3797813989652155,0.0471268347335246,4.983076866660149,0.2025000590912472
b530-n40-ogive-E12-4f-s50p0000-baseline-0,530,40,ogive,E12-6,4,50,baseline,0,2,0,241.29141494608115,334.39060539711,0,30.10534256339873,completed,[],324.1968441644761,12.969635745473694,2.3439776860095143,4.199780975929492,4.983076688180288,84.42033146354323
b530-n40-ogive-E12-4f-s50p0000-baseline-0,530,40,ogive,E12-6,4,50,baseline,0,4,0,241.29141494608115,334.39060539711,0,30.10534256339873,completed,[],314.87033917750836,12.967929264428115,1.9023464235949132,8.243752092438022,4.9830765059863635,166.78464982463507
b530-n40-ogive-E12-4f-s53p6538-baseline-0,530,40,ogive,E12-6,4,53.65384615384615,baseline,0,0,0,242.45376776926312,335.4171215096547,0,31.267695386580698,completed,[],322.1629544356664,12.900181485821943,2.7842228718171724,0.6930553659198099,4.997158864945294,0.19752400895334718
b530-n40-ogive-E12-4f-s53p6538-baseline-0,530,40,ogive,E12-6,4,53.65384615384615,baseline,0,2,0,242.45376776926312,335.4171215096547,0,31.267695386580698,completed,[],318.7285120870463,12.895681513099083,2.4972809634209545,4.335915165058964,4.9971586903118315,81.30745282804985
b530-n40-ogive-E12-4f-s53p6538-baseline-0,530,40,ogive,E12-6,4,53.65384615384615,baseline,0,4,0,242.45376776926312,335.4171215096547,0,31.267695386580698,completed,[],309.19331019345077,12.893969488151562,2.058161534054974,8.49077673265658,4.997158496674981,160.3380375111499
b530-n40-ogive-E12-4f-s55p0000-baseline-0,530,40,ogive,E12-6,4,55,baseline,0,0,0,242.8820030199091,335.79283496099237,0,31.695930637226677,completed,[],320.2081223252702,12.87314740335224,2.4412192809856843,0.932160658734543,5.002336997688323,0.19572349577466525
b530-n40-ogive-E12-4f-s55p0000-baseline-0,530,40,ogive,E12-6,4,55,baseline,0,2,0,242.8820030199091,335.79283496099237,0,31.695930637226677,completed,[],316.7477669661676,12.868614636129964,2.548282529622825,4.405811832590318,5.0023368187209245,80.19790524452657
b530-n40-ogive-E12-4f-s55p0000-baseline-0,530,40,ogive,E12-6,4,55,baseline,0,4,0,242.8820030199091,335.79283496099237,0,31.695930637226677,completed,[],307.132720088602,12.866900783129289,2.110782548339102,8.591706885923447,5.0023366321521,158.00537273810883
b500-n50-conical-D12-3f-s53p6538-ballast-2,500,50,conical,D12-5,3,53.65384615384615,ballast,2,0,0,220.3579305474399,316.1417943695151,2,27.0,completed,[],179.76309712715292,12.886888483292276,2.5166848404430135,2.4600445017753154,4.908100519802967,0.08254101328022573
b500-n50-conical-D12-3f-s53p6538-ballast-2,500,50,conical,D12-5,3,53.65384615384615,ballast,2,4,0,220.3579305474399,316.1417943695151,2,27.0,completed,[],172.66032968660662,12.879504964903921,1.8008302518712545,6.861444102392519,4.908100367835217,93.48988740068965
b500-n50-conical-D12-3f-s53p6538-ballast-2,500,50,conical,D12-5,3,53.65384615384615,ballast,2,4,90,220.3579305474399,316.1417943695151,2,27.0,completed,[],172.6567661929165,12.879505470164043,1.8008306585101383,6.847948608159188,4.90798861016346,93.56357181514123
b500-n50-conical-D12-3f-s53p6538-ballast-5,500,50,conical,D12-5,3,53.65384615384615,ballast,5,0,0,223.3579305474399,312.16420834455926,5,27.0,completed,[],176.68126665869502,12.682237843764959,2.2250936209148797,2.7984581792402414,4.944914773777865,0.07995445647855849
b500-n50-conical-D12-3f-s53p6538-ballast-5,500,50,conical,D12-5,3,53.65384615384615,ballast,5,4,0,223.3579305474399,312.16420834455926,5,27.0,completed,[],169.46265326362254,12.675186833223774,1.8869628577460267,7.176203018779065,4.944914614103886,89.09784591140172
b500-n50-conical-D12-3f-s53p6538-ballast-5,500,50,conical,D12-5,3,53.65384615384615,ballast,5,4,90,223.3579305474399,312.16420834455926,5,27.0,completed,[],169.45901122760142,12.6751873314397,1.886963254126191,7.163344972935959,4.944802009867914,89.17050142969195
b500-n50-conical-D12-3f-s53p6538-ballast-10,500,50,conical,D12-5,3,53.65384615384615,ballast,10,0,0,228.3579305474399,305.76714108168477,10,27.0,completed,[],171.61328409061937,12.586870594563043,2.5053462524757304,3.37470933841515,5.005670617378305,0.07485141638322611
b500-n50-conical-D12-3f-s53p6538-ballast-10,500,50,conical,D12-5,3,53.65384615384615,ballast,10,4,0,228.3579305474399,305.76714108168477,10,27.0,completed,[],164.24457896487218,12.580042620727012,2.038261219672191,7.69507358446089,5.005670434226319,82.20447504993982
b500-n50-conical-D12-3f-s53p6538-ballast-10,500,50,conical,D12-5,3,53.65384615384615,ballast,10,4,90,228.3579305474399,305.76714108168477,10,27.0,completed,[],164.24065784948456,12.580043107080073,2.0382615988078294,7.683338736730904,5.005556431629689,82.27461536937442
b500-n50-conical-D12-3f-s53p6538-canard-10,500,50,conical,D12-5,3,53.65384615384615,canard,10,0,0,220.25073054743993,316.7156240228483,1.8927999999999998,27.0,completed,[],178.48600518196648,12.893833591919579,2.2981329188249098,2.736065473582853,4.906779933560235,0.0787637308886212
b500-n50-conical-D12-3f-s53p6538-canard-10,500,50,conical,D12-5,3,53.65384615384615,canard,10,4,0,220.25073054743993,316.7156240228483,1.8927999999999998,27.0,completed,[],171.7084193841884,12.886241370317107,1.538536416953718,6.714509938169888,4.906779766751917,94.4050100395248
b500-n50-conical-D12-3f-s53p6538-canard-10,500,50,conical,D12-5,3,53.65384615384615,canard,10,4,90,220.25073054743993,316.7156240228483,1.8927999999999998,27.0,completed,[],171.70558706612104,12.88624189063937,1.5385367686692284,6.701180778504508,4.906668041034716,94.48066916320596
b500-n50-conical-D12-3f-s53p6538-canard-20,500,50,conical,D12-5,3,53.65384615384615,canard,20,0,0,221.1435305474399,315.7195844435654,2.7855999999999996,27.0,completed,[],175.32785977997997,12.831514637187583,1.2865997573202188,3.303960845139749,4.917767563455075,0.07296842486185448
b500-n50-conical-D12-3f-s53p6538-canard-20,500,50,conical,D12-5,3,53.65384615384615,canard,20,4,0,221.1435305474399,315.7195844435654,2.7855999999999996,27.0,completed,[],169.23401235517593,12.823698408042917,1.0738835422583703,6.425754790125502,4.917767352946898,95.61597032604352
b500-n50-conical-D12-3f-s53p6538-canard-20,500,50,conical,D12-5,3,53.65384615384615,canard,20,4,90,221.1435305474399,315.7195844435654,2.7855999999999996,27.0,completed,[],169.23138569814515,12.823698958076617,1.0738837916498474,6.413230090081659,4.917655380304642,95.68932136906075
b500-n50-conical-D12-3f-s53p6538-canard-mass-only-10,500,50,conical,D12-5,3,53.65384615384615,canard-mass-only,10,0,0,220.25073054743993,316.7156240228483,1.8927999999999998,27.0,completed,[],179.8737477537179,12.894305093830914,2.568553028384624,2.4480628695088913,4.906779894993323,0.08221123308869456
b500-n50-conical-D12-3f-s53p6538-canard-mass-only-10,500,50,conical,D12-5,3,53.65384615384615,canard-mass-only,10,4,0,220.25073054743993,316.7156240228483,1.8927999999999998,27.0,completed,[],172.77346682176756,12.886909380630911,1.7871737162383732,6.852281271550658,4.906779749594044,93.63701854471948
b500-n50-conical-D12-3f-s53p6538-canard-mass-only-10,500,50,conical,D12-5,3,53.65384615384615,canard-mass-only,10,4,90,220.25073054743993,316.7156240228483,1.8927999999999998,27.0,completed,[],172.76984411497781,12.88690988614665,1.7871741232470575,6.838776504730429,4.906668022587104,93.7106404728483
b500-n50-conical-D12-3f-s53p6538-canard-mass-only-20,500,50,conical,D12-5,3,53.65384615384615,canard-mass-only,20,0,0,221.1435305474399,315.7195844435654,2.7855999999999996,27.0,completed,[],178.9532859458431,12.832757383807978,2.5800664489302667,2.548087614945937,4.917767597571368,0.08205672775681991
b500-n50-conical-D12-3f-s53p6538-canard-mass-only-20,500,50,conical,D12-5,3,53.65384615384615,canard-mass-only,20,4,0,221.1435305474399,315.7195844435654,2.7855999999999996,27.0,completed,[],171.81801403254988,12.82546276969495,1.8081974541977632,6.945903051683512,4.917767435444738,92.3119910430917
b500-n50-conical-D12-3f-s53p6538-canard-mass-only-20,500,50,conical,D12-5,3,53.65384615384615,canard-mass-only,20,4,90,221.1435305474399,315.7195844435654,2.7855999999999996,27.0,completed,[],171.81440317370416,12.825463273090127,1.8081978581333902,6.932586570781531,4.917655454868226,92.38528213403968
b500-n50-conical-D12-3f-s53p6538-guard-5,500,50,conical,D12-5,3,53.65384615384615,guard,5,0,0,218.96953054743994,318.21223616189224,0.6116,27.0,completed,[],180.97503624674366,12.741175907022484,2.5289126583149533,2.3517206707794913,4.89096911946584,0.08180280114677979
b500-n50-conical-D12-3f-s53p6538-guard-5,500,50,conical,D12-5,3,53.65384615384615,guard,5,4,0,218.96953054743994,318.21223616189224,0.6116,27.0,completed,[],173.94457585378942,12.733938571701612,1.6979513836144313,6.72077184584101,4.890968970466107,95.46099482996894
b500-n50-conical-D12-3f-s53p6538-guard-5,500,50,conical,D12-5,3,53.65384615384615,guard,5,4,90,218.96953054743994,318.21223616189224,0.6116,27.0,completed,[],173.89703366561562,12.733938852908784,1.742044583077117,6.74346506606209,4.890857607425917,95.27432333831284
b500-n50-conical-D12-3f-s53p6538-guard-10,500,50,conical,D12-5,3,53.65384615384615,guard,10,0,0,219.08113054743993,318.0954753733581,0.7232,27.0,completed,[],180.47358431912602,12.73336943404117,2.5621350919085075,2.443789798680731,4.89234840825125,0.08096187444512264
b500-n50-conical-D12-3f-s53p6538-guard-10,500,50,conical,D12-5,3,53.65384615384615,guard,10,4,0,219.08113054743993,318.0954753733581,0.7232,27.0,completed,[],173.57380872688637,12.726092678321814,1.5941235856060063,6.657105521518861,4.892348170537703,95.76047716093419
b500-n50-conical-D12-3f-s53p6538-guard-10,500,50,conical,D12-5,3,53.65384615384615,guard,10,4,90,219.08113054743993,318.0954753733581,0.7232,27.0,completed,[],173.4055116858545,12.726092411709752,1.744470812713509,6.774171895893814,4.892236780326394,94.88571374565663
b500-n50-conical-D12-3f-s53p6538-guard-mass-only-5,500,50,conical,D12-5,3,53.65384615384615,guard-mass-only,5,0,0,218.96953054743994,318.21223616189224,0.6116,27.0,completed,[],181.19901625982558,12.741247737446553,2.1271340287941807,2.3054779144153907,4.8909690948251034,0.08213076496415497
b500-n50-conical-D12-3f-s53p6538-guard-mass-only-5,500,50,conical,D12-5,3,53.65384615384615,guard-mass-only,5,4,0,218.96953054743994,318.21223616189224,0.6116,27.0,completed,[],174.11607988880672,12.734040481154842,1.7420492196918216,6.746701827752943,4.890968955765436,95.32779970642248
b500-n50-conical-D12-3f-s53p6538-guard-mass-only-5,500,50,conical,D12-5,3,53.65384615384615,guard-mass-only,5,4,90,218.96953054743994,318.21223616189224,0.6116,27.0,completed,[],174.11266666437032,12.734040983014568,1.7420495976318418,6.732911003207208,4.890857592190636,95.40208174658791
b500-n50-conical-D12-3f-s53p6538-guard-mass-only-10,500,50,conical,D12-5,3,53.65384615384615,guard-mass-only,10,0,0,219.08113054743993,318.0954753733581,0.7232,27.0,completed,[],181.08336404803134,12.733564222878329,1.9672387855597264,2.3178532282670083,4.8923483589652985,0.08207424138526483
b500-n50-conical-D12-3f-s53p6538-guard-mass-only-10,500,50,conical,D12-5,3,53.65384615384615,guard-mass-only,10,4,0,219.08113054743993,318.0954753733581,0.7232,27.0,completed,[],173.9955209062609,12.726369477615938,1.7444840722488255,6.758383428637302,4.892348212132466,95.15859560743301
b500-n50-conical-D12-3f-s53p6538-guard-mass-only-10,500,50,conical,D12-5,3,53.65384615384615,guard-mass-only,10,4,90,219.08113054743993,318.0954753733581,0.7232,27.0,completed,[],173.99210584302003,12.726369979211137,1.7444844498170613,6.744605191633983,4.892236816500938,95.23292752225127
b500-n50-conical-E12-3f-s53p6538-ballast-2,500,50,conical,E12-6,3,53.65384615384615,ballast,2,0,0,236.65793054743992,326.8751712138956,2,27.0,completed,[],320.70760340796573,13.024591117489463,1.9523807385612937,1.6116876614665439,4.926542044409695,0.1926662536126143
b500-n50-conical-E12-3f-s53p6538-ballast-2,500,50,conical,E12-6,3,53.65384615384615,ballast,2,4,0,236.65793054743992,326.8751712138956,2,27.0,completed,[],309.21881656507196,13.01769385572076,1.5424599577915676,7.771203152181025,4.926541710596438,171.079638022817
b500-n50-conical-E12-3f-s53p6538-ballast-2,500,50,conical,E12-6,3,53.65384615384615,ballast,2,4,90,236.65793054743992,326.8751712138956,2,27.0,completed,[],309.2181881266717,13.017694301348296,1.5424603331641185,7.747305296986798,4.926429689475919,171.24444772594669
b500-n50-conical-E12-3f-s53p6538-ballast-5,500,50,conical,E12-6,3,53.65384615384615,ballast,5,0,0,239.65793054743992,323.0337564460273,5,27.0,completed,[],317.25283716094253,13.07696646054204,2.403770563165645,1.7604429680309803,4.9632195403916235,0.18973057234547655
b500-n50-conical-E12-3f-s53p6538-ballast-5,500,50,conical,E12-6,3,53.65384615384615,ballast,5,4,0,239.65793054743992,323.0337564460273,5,27.0,completed,[],305.5262306301885,13.070049111140511,1.6394771034535014,8.015413983988646,4.963219292965106,165.15854882068862
b500-n50-conical-E12-3f-s53p6538-ballast-5,500,50,conical,E12-6,3,53.65384615384615,ballast,5,4,90,239.65793054743992,323.0337564460273,5,27.0,completed,[],305.5262618774671,13.070049562153603,1.6394775028918618,7.991556237041335,4.96310642506096,165.32599751892886
b500-n50-conical-E12-3f-s53p6538-ballast-10,500,50,conical,E12-6,3,53.65384615384615,ballast,10,0,0,244.65793054743992,316.8407473788786,10,27.0,completed,[],311.4590369550522,12.882336661249122,1.9111827658817424,2.032152904852709,5.023754118623669,0.1871364224356293
b500-n50-conical-E12-3f-s53p6538-ballast-10,500,50,conical,E12-6,3,53.65384615384615,ballast,10,4,0,244.65793054743992,316.8407473788786,10,27.0,completed,[],299.2639716118807,12.875730883144813,1.7807694968608556,8.469509107813417,5.023753767138445,155.0223207926441
b500-n50-conical-E12-3f-s53p6538-ballast-10,500,50,conical,E12-6,3,53.65384615384615,ballast,10,4,90,244.65793054743992,316.8407473788786,10,27.0,completed,[],299.2638327582927,12.87573132685611,1.7807698808714005,8.446139287350864,5.023639504549575,155.19023999568284
b500-n50-conical-E12-3f-s53p6538-canard-10,500,50,conical,E12-6,3,53.65384615384615,canard,10,0,0,236.55073054743994,327.4143241391855,1.8927999999999998,27.0,completed,[],317.4139959150661,13.031105843859955,1.662568511583319,2.1095772159744057,4.925226389204201,0.18539439042560482
b500-n50-conical-E12-3f-s53p6538-canard-10,500,50,conical,E12-6,3,53.65384615384615,canard,10,4,0,236.55073054743994,327.4143241391855,1.8927999999999998,27.0,completed,[],306.5507428386886,13.024014414532564,1.2801031710677633,7.587474825585373,4.925225993353176,172.0388797210153
b500-n50-conical-E12-3f-s53p6538-canard-10,500,50,conical,E12-6,3,53.65384615384615,canard,10,4,90,236.55073054743994,327.4143241391855,1.8927999999999998,27.0,completed,[],306.55174051627415,13.024014873437206,1.280103495641331,7.564020247651854,4.925114005765238,172.20829618422212
b500-n50-conical-E12-3f-s53p6538-canard-20,500,50,conical,E12-6,3,53.65384615384615,canard,20,0,0,237.4435305474399,326.4464329186431,2.7855999999999996,27.0,completed,[],310.8979739912237,12.972656822827755,1.4185377798156367,2.966991316920891,4.936172998760247,0.17519942724695112
b500-n50-conical-E12-3f-s53p6538-canard-20,500,50,conical,E12-6,3,53.65384615384615,canard,20,4,0,237.4435305474399,326.4464329186431,2.7855999999999996,27.0,completed,[],301.4363305197079,12.965347706254304,0.8134023158526404,7.153868252998293,4.936172619617374,174.43733527591678
b500-n50-conical-E12-3f-s53p6538-canard-20,500,50,conical,E12-6,3,53.65384615384615,canard,20,4,90,237.4435305474399,326.4464329186431,2.7855999999999996,27.0,completed,[],301.43803758975366,12.965348191524166,0.8134025460125006,7.131667774605661,4.936060387289165,174.6052155969158
b500-n50-conical-E12-3f-s53p6538-canard-mass-only-10,500,50,conical,E12-6,3,53.65384615384615,canard-mass-only,10,0,0,236.55073054743994,327.4143241391855,1.8927999999999998,27.0,completed,[],320.830732223714,13.03154577591145,1.9892078716052908,1.606573861801685,4.925226358116388,0.19102671541985283
b500-n50-conical-E12-3f-s53p6538-canard-mass-only-10,500,50,conical,E12-6,3,53.65384615384615,canard-mass-only,10,4,0,236.55073054743994,327.4143241391855,1.8927999999999998,27.0,completed,[],309.3538673311644,13.024638029746626,1.529607581145453,7.7616641220683205,4.92522602671829,171.30759525650714
b500-n50-conical-E12-3f-s53p6538-canard-mass-only-10,500,50,conical,E12-6,3,53.65384615384615,canard-mass-only,10,4,90,236.55073054743994,327.4143241391855,1.8927999999999998,27.0,completed,[],309.35537496646106,13.02463847558376,1.529607956835481,7.736948016831586,4.925114036312097,171.48243494381754
b500-n50-conical-E12-3f-s53p6538-canard-mass-only-20,500,50,conical,E12-6,3,53.65384615384615,canard-mass-only,20,0,0,237.4435305474399,326.4464329186431,2.7855999999999996,27.0,completed,[],319.8046683717864,12.97381778338701,2.3837487831664386,1.6495422198215268,4.936172970009415,0.19127735090774936
b500-n50-conical-E12-3f-s53p6538-canard-mass-only-20,500,50,conical,E12-6,3,53.65384615384615,canard-mass-only,20,4,0,237.4435305474399,326.4464329186431,2.7855999999999996,27.0,completed,[],308.2314477864074,12.966996862672358,1.5502357115813534,7.8465111337883,4.936172640492059,169.39291200713473
b500-n50-conical-E12-3f-s53p6538-canard-mass-only-20,500,50,conical,E12-6,3,53.65384615384615,canard-mass-only,20,4,90,237.4435305474399,326.4464329186431,2.7855999999999996,27.0,completed,[],308.2314996675048,12.966997306770402,1.5502360846327403,7.822459134011878,4.936060397446315,169.56075526423115
b500-n50-conical-E12-3f-s53p6538-guard-5,500,50,conical,E12-6,3,53.65384615384615,guard,5,0,0,235.26953054743996,328.8655092173921,0.6116,27.0,completed,[],321.7499834126729,13.115088027000068,1.7527485535033207,1.6272606520347053,4.909474999863639,0.19023414258842106
b500-n50-conical-E12-3f-s53p6538-guard-5,500,50,conical,E12-6,3,53.65384615384615,guard,5,4,0,235.26953054743996,328.8655092173921,0.6116,27.0,completed,[],310.50453202000807,13.10802430908275,1.4539420232123383,7.612180242140403,4.909474569046428,174.15748250879196
b500-n50-conical-E12-3f-s53p6538-guard-5,500,50,conical,E12-6,3,53.65384615384615,guard,5,4,90,235.26953054743996,328.8655092173921,0.6116,27.0,completed,[],310.4195008138582,13.108024572777328,1.4984865263443712,7.632756694311812,4.9093629485558425,173.8611027495118
b500-n50-conical-E12-3f-s53p6538-guard-10,500,50,conical,E12-6,3,53.65384615384615,guard,10,0,0,235.38113054743994,328.75178306285125,0.7232,27.0,completed,[],320.67650988442085,13.107648421909294,2.195345488408539,1.7710807456655986,4.91084897275882,0.19000411919891289
b500-n50-conical-E12-3f-s53p6538-guard-10,500,50,conical,E12-6,3,53.65384615384615,guard,10,4,0,235.38113054743994,328.75178306285125,0.7232,27.0,completed,[],309.6638619233627,13.100545056672292,1.349005172265749,7.531855236140928,4.910848699785382,174.5348077842478
b500-n50-conical-E12-3f-s53p6538-guard-10,500,50,conical,E12-6,3,53.65384615384615,guard,10,4,90,235.38113054743994,328.75178306285125,0.7232,27.0,completed,[],309.3698608904193,13.100544862038042,1.500877121468251,7.664772974703512,4.910736971678257,173.074946931863
b500-n50-conical-E12-3f-s53p6538-guard-mass-only-5,500,50,conical,E12-6,3,53.65384615384615,guard-mass-only,5,0,0,235.26953054743996,328.8655092173921,0.6116,27.0,completed,[],322.30010151913586,13.115158095604535,1.5787032691078597,1.5466960056370627,4.9094749639737705,0.1909249783521294
b500-n50-conical-E12-3f-s53p6538-guard-mass-only-5,500,50,conical,E12-6,3,53.65384615384615,guard-mass-only,5,4,0,235.26953054743996,328.8655092173921,0.6116,27.0,completed,[],310.94374552378514,13.10812376177955,1.498490892422307,7.647393556938677,4.909474629034043,173.98986067105812
b500-n50-conical-E12-3f-s53p6538-guard-mass-only-5,500,50,conical,E12-6,3,53.65384615384615,guard-mass-only,5,4,90,235.26953054743996,328.8655092173921,0.6116,27.0,completed,[],310.9473304381148,13.108124210138373,1.4984912719204386,7.621690060130767,4.9093630017926015,174.1745858778585
b500-n50-conical-E12-3f-s53p6538-guard-mass-only-10,500,50,conical,E12-6,3,53.65384615384615,guard-mass-only,10,0,0,235.38113054743994,328.75178306285125,0.7232,27.0,completed,[],322.17227457915186,13.107838545392488,2.326973443038502,1.5518285706621318,4.91084903202322,0.1911141211764538
b500-n50-conical-E12-3f-s53p6538-guard-mass-only-10,500,50,conical,E12-6,3,53.65384615384615,guard-mass-only,10,4,0,235.38113054743994,328.75178306285125,0.7232,27.0,completed,[],310.8159261988991,13.100815335037304,1.5008896536182361,7.65355862665146,4.910848693345811,173.7994427425414
b500-n50-conical-E12-3f-s53p6538-guard-mass-only-10,500,50,conical,E12-6,3,53.65384615384615,guard-mass-only,10,4,90,235.38113054743994,328.75178306285125,0.7232,27.0,completed,[],310.81329140423844,13.100815783174994,1.5008900327836345,7.630150186333626,4.910737034250912,173.9575607812023
b500-n40-ogive-D12-3f-s53p6538-ballast-2,500,40,ogive,D12-5,3,53.65384615384615,ballast,2,0,0,222.3860723826824,303.6198939509222,2,27.0,completed,[],185.86690091020384,12.750366245813137,2.5546593519885117,0.9855624595735359,4.933018798726111,0.09165556672084753
b500-n40-ogive-D12-3f-s53p6538-ballast-2,500,40,ogive,D12-5,3,53.65384615384615,ballast,2,4,0,222.3860723826824,303.6198939509222,2,27.0,completed,[],178.38322169270884,12.744363403794067,1.8223831321022115,6.824323701292002,4.933018584288627,95.15518868906787
b500-n40-ogive-D12-3f-s53p6538-ballast-2,500,40,ogive,D12-5,3,53.65384615384615,ballast,2,4,90,222.3860723826824,303.6198939509222,2,27.0,completed,[],178.378476115229,12.74436390501795,1.8223835334485048,6.808013824108351,4.93290626379195,95.23128151010305
b500-n40-ogive-D12-3f-s53p6538-ballast-5,500,40,ogive,D12-5,3,53.65384615384615,ballast,5,0,0,225.3860723826824,299.8447730090739,5,27.0,completed,[],182.4573377450766,12.786502560048312,2.628631023452061,1.3814849451282272,4.969648584071972,0.0897379178754016
b500-n40-ogive-D12-3f-s53p6538-ballast-5,500,40,ogive,D12-5,3,53.65384615384615,ballast,5,4,0,225.3860723826824,299.8447730090739,5,27.0,completed,[],174.9018215640464,12.78043700546718,1.9168219845906787,7.064132006862403,4.969648354820809,90.78118373050617
b500-n40-ogive-D12-3f-s53p6538-ballast-5,500,40,ogive,D12-5,3,53.65384615384615,ballast,5,4,90,225.3860723826824,299.8447730090739,5,27.0,completed,[],174.89704833172587,12.780437499198879,1.916822375011817,7.048508631746842,4.969535191616493,90.8560693106619
b500-n40-ogive-D12-3f-s53p6538-ballast-10,500,40,ogive,D12-5,3,53.65384615384615,ballast,10,0,0,230.3860723826824,293.77138562686633,10,27.0,completed,[],176.8730742839209,12.691297479770412,2.869934796412029,2.050521851420813,5.030105789533328,0.08599305772372794
b500-n40-ogive-D12-3f-s53p6538-ballast-10,500,40,ogive,D12-5,3,53.65384615384615,ballast,10,4,0,230.3860723826824,293.77138562686633,10,27.0,completed,[],169.17653227206833,12.685410395167146,2.0602941907321703,7.521276053082839,5.030105526376135,83.55863557640879
b500-n40-ogive-D12-3f-s53p6538-ballast-10,500,40,ogive,D12-5,3,53.65384615384615,ballast,10,4,90,230.3860723826824,293.77138562686633,10,27.0,completed,[],169.17154998387608,12.685410884229297,2.06029459795356,7.506862650093095,5.029990972046653,83.631650930583
b500-n40-ogive-D12-3f-s53p6538-canard-10,500,40,ogive,D12-5,3,53.65384615384615,canard,10,0,0,222.2788723826824,304.09729448608795,1.8927999999999998,27.0,completed,[],184.45849697772863,12.756727398848938,2.2210865701934903,1.287898054822972,4.931704885425475,0.08846038629398531
b500-n40-ogive-D12-3f-s53p6538-canard-10,500,40,ogive,D12-5,3,53.65384615384615,canard,10,4,0,222.2788723826824,304.09729448608795,1.8927999999999998,27.0,completed,[],177.31413523209943,12.750990043844585,1.5648426888593103,6.609798737904438,4.931704666423301,96.04074305046574
b500-n40-ogive-D12-3f-s53p6538-canard-10,500,40,ogive,D12-5,3,53.65384615384615,canard,10,4,90,222.2788723826824,304.09729448608795,1.8927999999999998,27.0,completed,[],177.30972110106217,12.750990559995692,1.5648430363370005,6.593900311088917,4.931592376504177,96.11586109826979
b500-n40-ogive-D12-3f-s53p6538-canard-20,500,40,ogive,D12-5,3,53.65384615384615,canard,20,0,0,223.1716723826824,303.1207813731536,2.7855999999999996,27.0,completed,[],180.98459812690876,12.696048043940134,1.4732138509088542,1.9172220087021603,4.942637160271404,0.08511766037469042
b500-n40-ogive-D12-3f-s53p6538-canard-20,500,40,ogive,D12-5,3,53.65384615384615,canard,20,4,0,223.1716723826824,303.1207813731536,2.7855999999999996,27.0,completed,[],174.53991198023155,12.689548454227193,1.1041722514336223,6.21576809374806,4.942636893396876,97.0539376982812
b500-n40-ogive-D12-3f-s53p6538-canard-20,500,40,ogive,D12-5,3,53.65384615384615,canard,20,4,90,223.1716723826824,303.1207813731536,2.7855999999999996,27.0,completed,[],174.53609309893338,12.689548999853459,1.104172498423432,6.200629382374219,4.942524358109106,97.12875802004058
b500-n40-ogive-D12-3f-s53p6538-canard-mass-only-10,500,40,ogive,D12-5,3,53.65384615384615,canard-mass-only,10,0,0,222.2788723826824,304.09729448608795,1.8927999999999998,27.0,completed,[],185.9875909563164,12.757185169587027,2.611543079459704,0.971709491457068,4.931704844293194,0.0917823916890789
b500-n40-ogive-D12-3f-s53p6538-canard-mass-only-10,500,40,ogive,D12-5,3,53.65384615384615,canard-mass-only,10,4,0,222.2788723826824,304.09729448608795,1.8927999999999998,27.0,completed,[],178.50943705348908,12.75163877013151,1.8110908632336775,6.816303874911282,4.931704627285119,95.31445965342773
b500-n40-ogive-D12-3f-s53p6538-canard-mass-only-10,500,40,ogive,D12-5,3,53.65384615384615,canard-mass-only,10,4,90,222.2788723826824,304.09729448608795,1.8927999999999998,27.0,completed,[],178.50470251985635,12.751639271606079,1.8110912649475666,6.799972792587366,4.9315923374177375,95.39060583728136
b500-n40-ogive-D12-3f-s53p6538-canard-mass-only-20,500,40,ogive,D12-5,3,53.65384615384615,canard-mass-only,20,0,0,223.1716723826824,303.1207813731536,2.7855999999999996,27.0,completed,[],184.9700769032867,12.697254286641376,2.5370933689904906,1.0887762941449346,4.9426371679811405,0.09109895614141322
b500-n40-ogive-D12-3f-s53p6538-canard-mass-only-20,500,40,ogive,D12-5,3,53.65384615384615,canard-mass-only,20,4,0,223.1716723826824,303.1207813731536,2.7855999999999996,27.0,completed,[],177.45588896124687,12.69126131652428,1.8316415436914282,6.895396627467184,4.942636954692713,93.92546213034004
b500-n40-ogive-D12-3f-s53p6538-canard-mass-only-20,500,40,ogive,D12-5,3,53.65384615384615,canard-mass-only,20,4,90,223.1716723826824,303.1207813731536,2.7855999999999996,27.0,completed,[],177.45110479628144,12.691261815919061,1.8316419423506602,6.879276682418592,4.942524412036368,94.00122650502627
b500-n40-ogive-D12-3f-s53p6538-guard-5,500,40,ogive,D12-5,3,53.65384615384615,guard,5,0,0,220.99767238268242,305.56499254009236,0.6116,27.0,completed,[],187.21223449846983,12.845263080418764,1.8835768469232779,0.854731061530077,4.915974173328825,0.09241297494380234
b500-n40-ogive-D12-3f-s53p6538-guard-5,500,40,ogive,D12-5,3,53.65384615384615,guard,5,4,0,220.99767238268242,305.56499254009236,0.6116,27.0,completed,[],179.83948342536348,12.839035836137253,1.7360396083029341,6.667512164722026,4.915973968792545,97.45938016503517
b500-n40-ogive-D12-3f-s53p6538-guard-5,500,40,ogive,D12-5,3,53.65384615384615,guard,5,4,90,220.99767238268242,305.56499254009236,0.6116,27.0,completed,[],179.78614672027618,12.839036120855848,1.7799843476632418,6.688564587610711,4.915862042163385,97.26610593494033
b500-n40-ogive-D12-3f-s53p6538-guard-10,500,40,ogive,D12-5,3,53.65384615384615,guard,10,0,0,221.1092723826824,305.4506388863763,0.7232,27.0,completed,[],186.65840338073724,12.837465150523789,1.8237185744566011,0.956835295248718,4.917346458904327,0.09168687614490309
b500-n40-ogive-D12-3f-s53p6538-guard-10,500,40,ogive,D12-5,3,53.65384615384615,guard,10,4,0,221.1092723826824,305.4506388863763,0.7232,27.0,completed,[],179.41677969248826,12.831195821898408,1.6325130396259555,6.583629954454029,4.91734625317912,97.72066440862197
b500-n40-ogive-D12-3f-s53p6538-guard-10,500,40,ogive,D12-5,3,53.65384615384615,guard,10,4,90,221.1092723826824,305.4506388863763,0.7232,27.0,completed,[],179.24457861333022,12.831195560841868,1.782353429497354,6.698865739622794,4.917234294843597,96.8572558882907
b500-n40-ogive-D12-3f-s53p6538-guard-mass-only-5,500,40,ogive,D12-5,3,53.65384615384615,guard-mass-only,5,0,0,220.99767238268242,305.56499254009236,0.6116,27.0,completed,[],187.45965834978648,12.845336056891053,2.4174557614304266,0.8038988554145651,4.9159741415980855,0.09252829524358551
b500-n40-ogive-D12-3f-s53p6538-guard-mass-only-5,500,40,ogive,D12-5,3,53.65384615384615,guard-mass-only,5,4,0,220.99767238268242,305.56499254009236,0.6116,27.0,completed,[],180.0287688361465,12.839139388574836,1.7799890140694588,6.705352688545913,4.915974032095264,97.32533481437574
b500-n40-ogive-D12-3f-s53p6538-guard-mass-only-5,500,40,ogive,D12-5,3,53.65384615384615,guard-mass-only,5,4,90,220.99767238268242,305.56499254009236,0.6116,27.0,completed,[],180.02409589422626,12.839139893066015,1.7799894201940172,6.688725330473013,4.915862102621609,97.40203368260151
b500-n40-ogive-D12-3f-s53p6538-guard-mass-only-10,500,40,ogive,D12-5,3,53.65384615384615,guard-mass-only,10,0,0,221.1092723826824,305.4506388863763,0.7232,27.0,completed,[],187.33129555887373,12.837663021983898,2.3081445478884373,0.8184596754478485,4.917346398955631,0.09268044083236822
b500-n40-ogive-D12-3f-s53p6538-guard-mass-only-10,500,40,ogive,D12-5,3,53.65384615384615,guard-mass-only,10,4,0,221.1092723826824,305.4506388863763,0.7232,27.0,completed,[],179.89618851982186,12.831477045602105,1.782366816464878,6.7148258840104456,4.917346197320682,97.14977798559396
b500-n40-ogive-D12-3f-s53p6538-guard-mass-only-10,500,40,ogive,D12-5,3,53.65384615384615,guard-mass-only,10,4,90,221.1092723826824,305.4506388863763,0.7232,27.0,completed,[],179.8915261326208,12.831477549829009,1.7823672222039677,6.69821219638271,4.917234238006301,97.22658296574288
b500-n40-ogive-E12-3f-s53p6538-ballast-2,500,40,ogive,E12-6,3,53.65384615384615,ballast,2,0,0,238.68607238268243,314.4342900438013,2,27.0,completed,[],339.29075500333414,12.896567224998444,2.616084723166277,1.3612614528811016,4.95136749615215,0.21373665619296178
b500-n40-ogive-E12-3f-s53p6538-ballast-2,500,40,ogive,E12-6,3,53.65384615384615,ballast,2,4,0,238.68607238268243,314.4342900438013,2,27.0,completed,[],326.81182961964834,12.890887684790325,1.5627834273484407,8.091436050680874,4.951367129857199,178.6549684051405
b500-n40-ogive-E12-3f-s53p6538-ballast-2,500,40,ogive,E12-6,3,53.65384615384615,ballast,2,4,90,238.68607238268243,314.4342900438013,2,27.0,completed,[],326.81002356109957,12.890888133676109,1.5627838321057634,8.061914368922142,4.9512545616091055,178.83449040511348
b500-n40-ogive-E12-3f-s53p6538-ballast-5,500,40,ogive,E12-6,3,53.65384615384615,ballast,5,0,0,241.68607238268243,310.7795371595193,5,27.0,completed,[],335.2663079825841,12.949989220236672,2.7059890376955305,1.1502280157829594,4.987862664831168,0.21232336424400633
b500-n40-ogive-E12-3f-s53p6538-ballast-5,500,40,ogive,E12-6,3,53.65384615384615,ballast,5,4,0,241.68607238268243,310.7795371595193,5,27.0,completed,[],322.544503902936,12.944288139810839,1.6552344262833525,8.284969600991378,4.9878622244893025,172.26503184166327
b500-n40-ogive-E12-3f-s53p6538-ballast-5,500,40,ogive,E12-6,3,53.65384615384615,ballast,5,4,90,241.68607238268243,310.7795371595193,5,27.0,completed,[],322.54232761507996,12.944288587516173,1.6552348211668442,8.255720413926769,4.987748813524297,172.44287532287433
b500-n40-ogive-E12-3f-s53p6538-ballast-10,500,40,ogive,E12-6,3,53.65384615384615,ballast,10,0,0,246.68607238268243,304.88582102161683,10,27.0,completed,[],328.54107600521473,12.75940839393789,2.8493372874817684,0.7742255641109327,5.048101743286107,0.20844832308337508
b500-n40-ogive-E12-3f-s53p6538-ballast-10,500,40,ogive,E12-6,3,53.65384615384615,ballast,10,4,0,246.68607238268243,304.88582102161683,10,27.0,completed,[],315.3438191447317,12.753964149877813,1.7892348935423226,8.659444152872384,5.0481014329614124,161.40994304947418
b500-n40-ogive-E12-3f-s53p6538-ballast-10,500,40,ogive,E12-6,3,53.65384615384615,ballast,10,4,90,246.68607238268243,304.88582102161683,10,27.0,completed,[],315.3406729797251,12.753964590430336,1.7892352731143828,8.630934286673728,5.047986629169819,161.58345803692757
b500-n40-ogive-E12-3f-s53p6538-canard-10,500,40,ogive,E12-6,3,53.65384615384615,canard,10,0,0,238.57887238268242,314.8839331946023,1.8927999999999998,27.0,completed,[],335.4364096250439,12.902976091149833,2.202558973149175,0.7860984280956611,4.950058502169325,0.20854475274362627
b500-n40-ogive-E12-3f-s53p6538-canard-10,500,40,ogive,E12-6,3,53.65384615384615,canard,10,4,0,238.57887238268242,314.8839331946023,1.8927999999999998,27.0,completed,[],323.62728256991306,12.897109049646492,1.3049403584865669,7.706244150410295,4.950058058153283,179.4471224797397
b500-n40-ogive-E12-3f-s53p6538-canard-10,500,40,ogive,E12-6,3,53.65384615384615,canard,10,4,90,238.57887238268242,314.8839331946023,1.8927999999999998,27.0,completed,[],323.6263040324982,12.897109511897249,1.3049407087568856,7.677164660547841,4.9499455268808275,179.6200062680077
b500-n40-ogive-E12-3f-s53p6538-canard-20,500,40,ogive,E12-6,3,53.65384615384615,canard,20,0,0,239.4716723826824,313.93367309372286,2.7855999999999996,27.0,completed,[],327.84496171855966,13.09020204465543,1.4711552075364536,0.21748591349935267,4.96095029150664,0.19728090148733626
b500-n40-ogive-E12-3f-s53p6538-canard-20,500,40,ogive,E12-6,3,53.65384615384615,canard,20,4,0,239.4716723826824,313.93367309372286,2.7855999999999996,27.0,completed,[],317.5882700015844,13.08382530943272,0.8507890045532948,6.911287737939801,4.960949905448198,181.69980419986555
b500-n40-ogive-E12-3f-s53p6538-canard-20,500,40,ogive,E12-6,3,53.65384615384615,canard,20,4,90,239.4716723826824,313.93367309372286,2.7855999999999996,27.0,completed,[],317.5882077241626,13.083825803317914,0.8507892529616387,6.883060932795981,4.960837124558214,181.8756386103973
b500-n40-ogive-E12-3f-s53p6538-canard-mass-only-10,500,40,ogive,E12-6,3,53.65384615384615,canard-mass-only,10,0,0,238.57887238268242,314.8839331946023,1.8927999999999998,27.0,completed,[],339.43435798462684,12.9034041936115,2.6050960863555352,1.3685921364236608,4.950058497242872,0.21372078496908825
b500-n40-ogive-E12-3f-s53p6538-canard-mass-only-10,500,40,ogive,E12-6,3,53.65384615384615,canard-mass-only,10,4,0,238.57887238268242,314.8839331946023,1.8927999999999998,27.0,completed,[],326.9645529597958,12.89771597723343,1.552128020905112,8.084699290447974,4.950058133155856,178.88659549637632
b500-n40-ogive-E12-3f-s53p6538-canard-mass-only-10,500,40,ogive,E12-6,3,53.65384615384615,canard-mass-only,10,4,90,238.57887238268242,314.8839331946023,1.8927999999999998,27.0,completed,[],326.9635824413796,12.897716426328932,1.5521284259994048,8.05487318250867,4.949945593157979,179.06975344012793
b500-n40-ogive-E12-3f-s53p6538-canard-mass-only-20,500,40,ogive,E12-6,3,53.65384615384615,canard-mass-only,20,0,0,239.4716723826824,313.93367309372286,2.7855999999999996,27.0,completed,[],338.2379145120038,13.091385035852305,2.6294587976830335,1.3070882900018306,4.960950351767256,0.21247469822859788
b500-n40-ogive-E12-3f-s53p6538-canard-mass-only-20,500,40,ogive,E12-6,3,53.65384615384615,canard-mass-only,20,4,0,239.4716723826824,313.93367309372286,2.7855999999999996,27.0,completed,[],325.74373907887593,13.085505840775372,1.585528225832942,8.118422968949107,4.96094999038578,177.23699579550035
b500-n40-ogive-E12-3f-s53p6538-canard-mass-only-20,500,40,ogive,E12-6,3,53.65384615384615,canard-mass-only,20,4,90,239.4716723826824,313.93367309372286,2.7855999999999996,27.0,completed,[],325.74161494212,13.085506292784222,1.5855286275260825,8.089034412649278,4.960837199260947,177.4152219417211
b500-n40-ogive-E12-3f-s53p6538-guard-5,500,40,ogive,E12-6,3,53.65384615384615,guard,5,0,0,237.29767238268244,316.3090533477556,0.6116,27.0,completed,[],340.5049427464237,12.98554172737761,2.5706228405073186,1.361563643817129,4.934386276115647,0.21377263190966084
b500-n40-ogive-E12-3f-s53p6538-guard-5,500,40,ogive,E12-6,3,53.65384615384615,guard,5,4,0,237.29767238268244,316.3090533477556,0.6116,27.0,completed,[],328.2834774263831,12.979719882967915,1.4774636547258624,7.922256448473422,4.934385902778264,181.93399497086705
b500-n40-ogive-E12-3f-s53p6538-guard-5,500,40,ogive,E12-6,3,53.65384615384615,guard,5,4,90,237.29767238268244,316.3090533477556,0.6116,27.0,completed,[],328.19068667824195,12.979720149887605,1.5215731197164521,7.937135993769931,4.934273730669347,181.63121770910436
b500-n40-ogive-E12-3f-s53p6538-guard-10,500,40,ogive,E12-6,3,53.65384615384615,guard,10,0,0,237.40927238268242,316.19750045814936,0.7232,27.0,completed,[],339.2483289531095,12.978226944692356,2.573317062927139,1.1933422525633708,4.93575340415773,0.21270909924350279
b500-n40-ogive-E12-3f-s53p6538-guard-10,500,40,ogive,E12-6,3,53.65384615384615,guard,10,4,0,237.40927238268242,316.19750045814936,0.7232,27.0,completed,[],327.26653376570613,12.97236484273609,1.3735124886122694,7.787148890735012,4.935753033732631,182.2100104775762
b500-n40-ogive-E12-3f-s53p6538-guard-10,500,40,ogive,E12-6,3,53.65384615384615,guard,10,4,90,237.40927238268242,316.19750045814936,0.7232,27.0,completed,[],326.9633910718282,12.972364667339031,1.523910826382496,7.9088212834004885,4.935640836206168,180.7633432301195
b500-n40-ogive-E12-3f-s53p6538-guard-mass-only-5,500,40,ogive,E12-6,3,53.65384615384615,guard-mass-only,5,0,0,237.29767238268244,316.3090533477556,0.6116,27.0,completed,[],341.1494186008711,12.985609881463802,2.570622846496461,1.4550682287815093,4.934386316038294,0.21452029288623495
b500-n40-ogive-E12-3f-s53p6538-guard-mass-only-5,500,40,ogive,E12-6,3,53.65384615384615,guard-mass-only,5,4,0,237.29767238268244,316.3090533477556,0.6116,27.0,completed,[],328.8126805593264,12.97981664483601,1.5215774295434228,7.989845014493678,4.934385944867915,181.80534696097135
b500-n40-ogive-E12-3f-s53p6538-guard-mass-only-5,500,40,ogive,E12-6,3,53.65384615384615,guard-mass-only,5,4,90,237.29767238268244,316.3090533477556,0.6116,27.0,completed,[],328.8111529972558,12.979817089846977,1.5215778045905168,7.960174640440331,4.934273767243356,181.986073390583
b500-n40-ogive-E12-3f-s53p6538-guard-mass-only-10,500,40,ogive,E12-6,3,53.65384615384615,guard-mass-only,10,0,0,237.40927238268242,316.19750045814936,0.7232,27.0,completed,[],341.00011477898744,12.97841180173638,2.573317079162663,1.4476192413348434,4.935753365080169,0.21436609284900285
b500-n40-ogive-E12-3f-s53p6538-guard-mass-only-10,500,40,ogive,E12-6,3,53.65384615384615,guard-mass-only,10,4,0,237.40927238268242,316.19750045814936,0.7232,27.0,completed,[],328.6513005252739,12.972627719293914,1.523923193345229,7.998274716430102,4.935752989508178,181.5477376745424
b500-n40-ogive-E12-3f-s53p6538-guard-mass-only-10,500,40,ogive,E12-6,3,53.65384615384615,guard-mass-only,10,4,90,237.40927238268242,316.19750045814936,0.7232,27.0,completed,[],328.6497695382142,12.972628164088128,1.523923568061287,7.9686059432282565,4.935640782218829,181.7284044633513
b530-n40-ogive-D12-3f-s53p6538-ballast-2,530,40,ogive,D12-5,3,53.65384615384615,ballast,2,0,0,223.8860723826824,317.1390942021483,2,27.0,completed,[],183.29414157995325,12.648957092692928,2.867768396800458,1.3625562983697457,4.9513675710021365,0.08889421590790758
b530-n40-ogive-D12-3f-s53p6538-ballast-2,530,40,ogive,D12-5,3,53.65384615384615,ballast,2,4,0,223.8860723826824,317.1390942021483,2,27.0,completed,[],175.93305395661702,12.642923566042471,1.9769351436276605,6.856776356768179,4.951367356575373,93.1490640535469
b530-n40-ogive-D12-3f-s53p6538-ballast-2,530,40,ogive,D12-5,3,53.65384615384615,ballast,2,4,90,223.8860723826824,317.1390942021483,2,27.0,completed,[],175.92844298021512,12.642924068147158,1.9769355764785403,6.841059521851565,4.951254613852123,93.22459091655074
b530-n40-ogive-D12-3f-s53p6538-ballast-5,530,40,ogive,D12-5,3,53.65384615384615,ballast,5,0,0,226.8860723826824,313.2101739592922,5,27.0,completed,[],179.944069536655,12.686036830164651,2.964498316074882,1.754840157313825,4.987862663624061,0.08713023877244082
b530-n40-ogive-D12-3f-s53p6538-ballast-5,530,40,ogive,D12-5,3,53.65384615384615,ballast,5,4,0,226.8860723826824,313.2101739592922,5,27.0,completed,[],172.50562436659615,12.680002140261498,2.0753831533717615,7.117801927232824,4.987862434680611,88.82415859548259
b530-n40-ogive-D12-3f-s53p6538-ballast-5,530,40,ogive,D12-5,3,53.65384615384615,ballast,5,4,90,226.8860723826824,313.2101739592922,5,27.0,completed,[],172.5008727157243,12.680002634911187,2.0753835745240865,7.102825583490999,4.987748852665021,88.89842201041128
b530-n40-ogive-D12-3f-s53p6538-ballast-10,530,40,ogive,D12-5,3,53.65384615384615,ballast,10,0,0,231.8860723826824,306.8878845059737,10,27.0,completed,[],174.45777663345496,12.593578385293917,2.430046431570213,2.4173919283861567,5.048101746887189,0.08279678704289857
b530-n40-ogive-D12-3f-s53p6538-ballast-10,530,40,ogive,D12-5,3,53.65384615384615,ballast,10,4,0,231.8860723826824,306.8878845059737,10,27.0,completed,[],166.87217563688046,12.587718355226215,2.2245786099278897,7.605899658967776,5.048101658543676,81.68041843098624
b530-n40-ogive-D12-3f-s53p6538-ballast-10,530,40,ogive,D12-5,3,53.65384615384615,ballast,10,4,90,231.8860723826824,306.8878845059737,10,27.0,completed,[],166.86737834031217,12.587718845265519,2.224579049285771,7.592074314775579,5.047986688463033,81.75296832727973
b530-n40-ogive-D12-3f-s53p6538-canard-10,530,40,ogive,D12-5,3,53.65384615384615,canard,10,0,0,223.7788723826824,317.6197709959545,1.8927999999999998,27.0,completed,[],181.94259646777863,12.655698166108092,1.6311864678890238,1.6551897853733317,4.950058438853198,0.08605958686767436
b530-n40-ogive-D12-3f-s53p6538-canard-10,530,40,ogive,D12-5,3,53.65384615384615,canard,10,4,0,223.7788723826824,317.6197709959545,1.8927999999999998,27.0,completed,[],174.89400059200736,12.649468771990447,1.709266399931335,6.672698664015772,4.9500582964670725,93.93916337957535
b530-n40-ogive-D12-3f-s53p6538-canard-10,530,40,ogive,D12-5,3,53.65384615384615,canard,10,4,90,223.7788723826824,317.6197709959545,1.8927999999999998,27.0,completed,[],174.889749404544,12.649469288916096,1.7092667752734185,6.657362166606974,4.9499455842042,94.01381367826707
b530-n40-ogive-D12-3f-s53p6538-canard-20,530,40,ogive,D12-5,3,53.65384615384615,canard,20,0,0,224.6716723826824,316.59604188446497,2.7855999999999996,27.0,completed,[],178.57163894944915,12.833193689451955,1.8763377222248945,2.268902427946545,4.96095028300561,0.08074858012174368
b530-n40-ogive-D12-3f-s53p6538-canard-20,530,40,ogive,D12-5,3,53.65384615384615,canard,20,4,0,224.6716723826824,316.59604188446497,2.7855999999999996,27.0,completed,[],172.21795068546814,12.826436754062048,1.238441967788213,6.296600125876766,4.9609500940046845,95.06227245447899
b530-n40-ogive-D12-3f-s53p6538-canard-20,530,40,ogive,D12-5,3,53.65384615384615,canard,20,4,90,224.6716723826824,316.59604188446497,2.7855999999999996,27.0,completed,[],172.21434725364432,12.826437305783369,1.2384422349988229,6.281983347907792,4.96083713775206,95.13706244933493
b530-n40-ogive-D12-3f-s53p6538-canard-mass-only-10,530,40,ogive,D12-5,3,53.65384615384615,canard-mass-only,10,0,0,223.7788723826824,317.6197709959545,1.8927999999999998,27.0,completed,[],183.41460233900227,12.656144057035197,2.023879683524077,1.3486212037169665,4.950058493055506,0.08872863317296607
b530-n40-ogive-D12-3f-s53p6538-canard-mass-only-10,530,40,ogive,D12-5,3,53.65384615384615,canard-mass-only,10,4,0,223.7788723826824,317.6197709959545,1.8927999999999998,27.0,completed,[],176.05718943920553,12.65010065433316,1.9655981720902749,6.847983334982911,4.950058272319356,93.30649295242739
b530-n40-ogive-D12-3f-s53p6538-canard-mass-only-10,530,40,ogive,D12-5,3,53.65384615384615,canard-mass-only,10,4,90,223.7788723826824,317.6197709959545,1.8927999999999998,27.0,completed,[],176.05260200928777,12.650101156687025,1.9655986053436707,6.832209626048498,4.9499455601501605,93.38215812162674
b530-n40-ogive-D12-3f-s53p6538-canard-mass-only-20,530,40,ogive,D12-5,3,53.65384615384615,canard-mass-only,20,0,0,224.6716723826824,316.59604188446497,2.7855999999999996,27.0,completed,[],182.41270543747623,12.83442429215003,2.8561348966146403,1.4648659614677813,4.960950299203645,0.08897263697771297
b530-n40-ogive-D12-3f-s53p6538-canard-mass-only-20,530,40,ogive,D12-5,3,53.65384615384615,canard-mass-only,20,4,0,224.6716723826824,316.59604188446497,2.7855999999999996,27.0,completed,[],175.05421396415136,12.828184436002765,2.0014806997964936,6.905505514270307,4.960950160176343,92.1521642239315
b530-n40-ogive-D12-3f-s53p6538-canard-mass-only-20,530,40,ogive,D12-5,3,53.65384615384615,canard-mass-only,20,4,90,224.6716723826824,316.59604188446497,2.7855999999999996,27.0,completed,[],175.0496066654058,12.828184941360401,2.001481129325864,6.889963101796333,4.9608371965775,92.227500914461
b530-n40-ogive-D12-3f-s53p6538-guard-5,530,40,ogive,D12-5,3,53.65384615384615,guard,5,0,0,222.49767238268242,319.1554403220243,0.6116,27.0,completed,[],184.62052403613853,12.742491804679828,2.280365026985868,1.2318502351505252,4.934386315910374,0.08893136877840534
b530-n40-ogive-D12-3f-s53p6538-guard-5,530,40,ogive,D12-5,3,53.65384615384615,guard,5,4,0,222.49767238268242,319.1554403220243,0.6116,27.0,completed,[],177.36599762449512,12.736314677142383,1.887334158710503,6.69649483920211,4.93438610021291,95.40541089983566
b530-n40-ogive-D12-3f-s53p6538-guard-5,530,40,ogive,D12-5,3,53.65384615384615,guard,5,4,90,222.49767238268242,319.1554403220243,0.6116,27.0,completed,[],177.317502309206,12.736314964347736,1.933238905483005,6.7156920094369665,4.934273749019466,95.23128715903974
b530-n40-ogive-D12-3f-s53p6538-guard-10,530,40,ogive,D12-5,3,53.65384615384615,guard,10,0,0,222.6092723826824,319.03504395733984,0.7232,27.0,completed,[],184.08431227672816,12.734810664507487,2.2584150308713737,1.3312799811309546,4.935753398376685,0.08947884613002094
b530-n40-ogive-D12-3f-s53p6538-guard-10,530,40,ogive,D12-5,3,53.65384615384615,guard,10,4,0,222.6092723826824,319.03504395733984,0.7232,27.0,completed,[],176.9492516407703,12.728583130622473,1.7791519089823022,6.624908045253521,4.935753162586513,95.63456550132115
b530-n40-ogive-D12-3f-s53p6538-guard-10,530,40,ogive,D12-5,3,53.65384615384615,guard,10,4,90,222.6092723826824,319.03504395733984,0.7232,27.0,completed,[],176.79226432451622,12.728582876124104,1.9357193692546713,6.731344222541401,4.9356407903651,94.83288509363939
b530-n40-ogive-D12-3f-s53p6538-guard-mass-only-5,530,40,ogive,D12-5,3,53.65384615384615,guard-mass-only,5,0,0,222.49767238268242,319.1554403220243,0.6116,27.0,completed,[],184.85879983823426,12.742562907221,2.7306856410798095,1.1825473826103978,4.934386301270096,0.08926173547018529
b530-n40-ogive-D12-3f-s53p6538-guard-mass-only-5,530,40,ogive,D12-5,3,53.65384615384615,guard-mass-only,5,4,0,222.49767238268242,319.1554403220243,0.6116,27.0,completed,[],177.55110668620057,12.736415582098603,1.9332439101141616,6.729333341840929,4.934386078334023,95.28570406842276
b530-n40-ogive-D12-3f-s53p6538-guard-mass-only-5,530,40,ogive,D12-5,3,53.65384615384615,guard-mass-only,5,4,90,222.49767238268242,319.1554403220243,0.6116,27.0,completed,[],177.5465728232071,12.736416087450822,1.9332443481980028,6.713271649444799,4.934273727270487,95.3618558562374
b530-n40-ogive-D12-3f-s53p6538-guard-mass-only-10,530,40,ogive,D12-5,3,53.65384615384615,guard-mass-only,10,0,0,222.6092723826824,319.03504395733984,0.7232,27.0,completed,[],184.73273491376926,12.735003582506447,2.6361063560449534,1.196974287884871,4.935753430260666,0.08912837385896945
b530-n40-ogive-D12-3f-s53p6538-guard-mass-only-10,530,40,ogive,D12-5,3,53.65384615384615,guard-mass-only,10,4,0,222.6092723826824,319.03504395733984,0.7232,27.0,completed,[],177.42073537671837,12.728857342073454,1.9357337403131492,6.739517653735827,4.935753212905984,95.11262938868022
b530-n40-ogive-D12-3f-s53p6538-guard-mass-only-10,530,40,ogive,D12-5,3,53.65384615384615,guard-mass-only,10,4,90,222.6092723826824,319.03504395733984,0.7232,27.0,completed,[],177.41619595838353,12.728857847163006,1.9357341779747854,6.723481406352909,4.9356408299137495,95.1887593778634
b530-n40-ogive-E12-3f-s53p6538-ballast-2,530,40,ogive,E12-6,3,53.65384615384615,ballast,2,0,0,240.18607238268243,329.00440652535553,2,27.0,completed,[],335.01006540133454,13.04373070836323,2.8690386627874993,0.9249318437781304,4.969648552387339,0.21125914237107557
b530-n40-ogive-E12-3f-s53p6538-ballast-2,530,40,ogive,E12-6,3,53.65384615384615,ballast,2,4,0,240.18607238268243,329.00440652535553,2,27.0,completed,[],322.7597506605721,13.039295011620805,1.7074848882140146,7.9909958614557475,4.96964820225651,175.57691919842034
b530-n40-ogive-E12-3f-s53p6538-ballast-2,530,40,ogive,E12-6,3,53.65384615384615,ballast,2,4,90,240.18607238268243,329.00440652535553,2,27.0,completed,[],322.76014711338075,13.039295466186692,1.7074853248443298,7.961173635881416,4.96953521177177,175.76388241176568
b530-n40-ogive-E12-3f-s53p6538-ballast-5,530,40,ogive,E12-6,3,53.65384615384615,ballast,5,0,0,243.18607238268243,325.1924562335752,5,27.0,completed,[],331.0488558236152,12.855432622395382,2.961311853429254,0.7150178287014559,5.006010401027141,0.20725400749377626
b530-n40-ogive-E12-3f-s53p6538-ballast-5,530,40,ogive,E12-6,3,53.65384615384615,ballast,5,4,0,243.18607238268243,325.1924562335752,5,27.0,completed,[],318.49115829063135,12.84974889291887,1.7896954561179599,8.227456755921835,5.006010074491727,168.93675535707308
b530-n40-ogive-E12-3f-s53p6538-ballast-5,530,40,ogive,E12-6,3,53.65384615384615,ballast,5,4,90,243.18607238268243,325.1924562335752,5,27.0,completed,[],318.4901105417559,12.849749341662639,1.7896958826103562,8.198380755570932,5.005896244156462,169.11721053078236
b530-n40-ogive-E12-3f-s53p6538-ballast-10,530,40,ogive,E12-6,3,53.65384615384615,ballast,10,0,0,248.18607238268243,319.043995659144,10,27.0,completed,[],324.41742296465196,12.845269945239725,3.11213353214119,0.3409668468293037,5.066033966007714,0.20692245575402524
b530-n40-ogive-E12-3f-s53p6538-ballast-10,530,40,ogive,E12-6,3,53.65384615384615,ballast,10,4,0,248.18607238268243,319.043995659144,10,27.0,completed,[],311.45289543427265,12.840644339975693,1.9398899122036959,8.593275372327955,5.066033560599615,158.54905090295264
b530-n40-ogive-E12-3f-s53p6538-ballast-10,530,40,ogive,E12-6,3,53.65384615384615,ballast,10,4,90,248.18607238268243,319.043995659144,10,27.0,completed,[],311.44990075012043,12.840644774879747,1.9398903212062286,8.565330756946494,5.065918344011117,158.72094858062644
b530-n40-ogive-E12-3f-s53p6538-canard-10,530,40,ogive,E12-6,3,53.65384615384615,canard,10,0,0,240.07887238268242,329.4577461770264,1.8927999999999998,27.0,completed,[],331.2945367904968,13.051599429174777,2.428144373294961,0.3671849359998394,4.968344265108196,0.2069278833312506
b530-n40-ogive-E12-3f-s53p6538-canard-10,530,40,ogive,E12-6,3,53.65384615384615,canard,10,4,0,240.07887238268242,329.4577461770264,1.8927999999999998,27.0,completed,[],319.6893060117091,13.04553621527156,1.4376175095908286,7.640292729293429,4.968343931075191,176.34931573773966
b530-n40-ogive-E12-3f-s53p6538-canard-10,530,40,ogive,E12-6,3,53.65384615384615,canard,10,4,90,240.07887238268242,329.4577461770264,1.8927999999999998,27.0,completed,[],319.68834584828494,13.045536683250763,1.437617887920509,7.6117774147286354,4.968230971231423,176.52582688770644
b530-n40-ogive-E12-3f-s53p6538-canard-20,530,40,ogive,E12-6,3,53.65384615384615,canard,20,0,0,240.9716723826824,328.4594052790772,2.7855999999999996,27.0,completed,[],323.92903210329,12.993862767808675,1.6277866159723897,0.6107789718196585,4.979196170235763,0.1928575811077005
b530-n40-ogive-E12-3f-s53p6538-canard-20,530,40,ogive,E12-6,3,53.65384615384615,canard,20,4,0,240.9716723826824,328.4594052790772,2.7855999999999996,27.0,completed,[],313.7444295542518,12.987559042802916,0.9516990198561366,6.949740799505067,4.979195771298845,178.08271469728922
b530-n40-ogive-E12-3f-s53p6538-canard-20,530,40,ogive,E12-6,3,53.65384615384615,canard,20,4,90,240.9716723826824,328.4594052790772,2.7855999999999996,27.0,completed,[],313.7443899685447,12.987559537426806,0.951699289500322,6.922168509030972,4.979082568636083,178.25694064917076
b530-n40-ogive-E12-3f-s53p6538-canard-mass-only-10,530,40,ogive,E12-6,3,53.65384615384615,canard-mass-only,10,0,0,240.07887238268242,329.4577461770264,1.8927999999999998,27.0,completed,[],335.1574507959865,13.052036781973495,2.8579610825262245,0.9325768936002263,4.968344267509172,0.20908775165978746
b530-n40-ogive-E12-3f-s53p6538-canard-mass-only-10,530,40,ogive,E12-6,3,53.65384615384615,canard-mass-only,10,4,0,240.07887238268242,329.4577461770264,1.8927999999999998,27.0,completed,[],322.9202808240657,13.046156341972068,1.6967685869047573,7.980114215422292,4.9683439199984125,175.84809497205526
b530-n40-ogive-E12-3f-s53p6538-canard-mass-only-10,530,40,ogive,E12-6,3,53.65384615384615,canard-mass-only,10,4,90,240.07887238268242,329.4577461770264,1.8927999999999998,27.0,completed,[],322.9192384687654,13.04615679674897,1.696769023900325,7.950736551958181,4.968230960595777,176.0290672439206
b530-n40-ogive-E12-3f-s53p6538-canard-mass-only-20,530,40,ogive,E12-6,3,53.65384615384615,canard-mass-only,20,0,0,240.9716723826824,328.4594052790772,2.7855999999999996,27.0,completed,[],333.97795548175003,12.99501782049484,2.8820853457848084,0.8712895100028883,4.979196140476586,0.21177078367091245
b530-n40-ogive-E12-3f-s53p6538-canard-mass-only-20,530,40,ogive,E12-6,3,53.65384615384615,canard-mass-only,20,4,0,240.9716723826824,328.4594052790772,2.7855999999999996,27.0,completed,[],321.6500011015873,12.989200195346669,1.7178867893877532,8.050270961127142,4.979195798393919,173.85530020554248
b530-n40-ogive-E12-3f-s53p6538-canard-mass-only-20,530,40,ogive,E12-6,3,53.65384615384615,canard-mass-only,20,4,90,240.9716723826824,328.4594052790772,2.7855999999999996,27.0,completed,[],321.64890099790625,12.989200648372513,1.7178872233476763,8.020811423016553,4.9790825880197715,174.037972659111
b530-n40-ogive-E12-3f-s53p6538-guard-5,530,40,ogive,E12-6,3,53.65384615384615,guard,5,0,0,238.79767238268244,330.9521060710799,0.6116,27.0,completed,[],336.22552293042645,12.889133995273333,2.820328913174394,0.9279980235174096,4.952729980998643,0.21170203453882533
b530-n40-ogive-E12-3f-s53p6538-guard-5,530,40,ogive,E12-6,3,53.65384615384615,guard,5,4,0,238.79767238268244,330.9521060710799,0.6116,27.0,completed,[],324.166037219516,12.883334928788448,1.604471913810304,7.850424106357122,4.952729626453441,178.4922197397502
b530-n40-ogive-E12-3f-s53p6538-guard-5,530,40,ogive,E12-6,3,53.65384615384615,guard,5,4,90,238.79767238268244,330.9521060710799,0.6116,27.0,completed,[],324.07143885407066,12.8833351967375,1.6505667436791764,7.867239639199944,4.9526170276500086,178.17925796128478
b530-n40-ogive-E12-3f-s53p6538-guard-10,530,40,ogive,E12-6,3,53.65384615384615,guard,10,0,0,238.90927238268242,330.8344134643548,0.7232,27.0,completed,[],335.0067484023492,13.127262123423055,2.824667814161822,0.7642111955083859,4.954092042594001,0.20782610979622662
b530-n40-ogive-E12-3f-s53p6538-guard-10,530,40,ogive,E12-6,3,53.65384615384615,guard,10,4,0,238.90927238268242,330.8344134643548,0.7232,27.0,completed,[],323.23914304462335,13.121150140743671,1.50911029436388,7.695996325737162,4.95409168852929,179.0934055300053
b530-n40-ogive-E12-3f-s53p6538-guard-10,530,40,ogive,E12-6,3,53.65384615384615,guard,10,4,90,238.90927238268242,330.8344134643548,0.7232,27.0,completed,[],322.95285057251306,13.121149951915278,1.6674131206876723,7.813643230548657,4.953979060539409,177.73087450360828
b530-n40-ogive-E12-3f-s53p6538-guard-mass-only-5,530,40,ogive,E12-6,3,53.65384615384615,guard-mass-only,5,0,0,238.79767238268244,330.9521060710799,0.6116,27.0,completed,[],336.84859141824586,12.889200510697222,2.8203289193292527,1.0188325221092074,4.952729930906318,0.2122226974124668
b530-n40-ogive-E12-3f-s53p6538-guard-mass-only-5,530,40,ogive,E12-6,3,53.65384615384615,guard-mass-only,5,4,0,238.79767238268244,330.9521060710799,0.6116,27.0,completed,[],324.6724749883114,12.883429371095728,1.6505713354710136,7.914024647317055,4.9527295786742265,178.34365592679532
b530-n40-ogive-E12-3f-s53p6538-guard-mass-only-5,530,40,ogive,E12-6,3,53.65384615384615,guard-mass-only,5,4,90,238.79767238268244,330.9521060710799,0.6116,27.0,completed,[],324.6709533995458,12.88342982370112,1.650571777377712,7.8848511175253995,4.952616979172416,178.52249889160103
b530-n40-ogive-E12-3f-s53p6538-guard-mass-only-10,530,40,ogive,E12-6,3,53.65384615384615,guard-mass-only,10,0,0,238.90927238268242,330.8344134643548,0.7232,27.0,completed,[],336.7013897381608,13.127451265646037,2.8246678319866705,1.0113981448485032,4.954092016039189,0.21098291817402637
b530-n40-ogive-E12-3f-s53p6538-guard-mass-only-10,530,40,ogive,E12-6,3,53.65384615384615,guard-mass-only,10,4,0,238.90927238268242,330.8344134643548,0.7232,27.0,completed,[],324.5845827948816,13.121419079266172,1.6674267509686493,7.888313958414833,4.954091659827015,178.47908010935822
b530-n40-ogive-E12-3f-s53p6538-guard-mass-only-10,530,40,ogive,E12-6,3,53.65384615384615,guard-mass-only,10,4,90,238.90927238268242,330.8344134643548,0.7232,27.0,completed,[],324.5831512107535,13.121419536359268,1.6674271919627843,7.859104210854244,4.953979028938305,178.65824670678904
b500-n50-conical-D12-3f-s53p6538-reference-0,500,50,conical,D12-5,3,53.65384615384615,reference,0,0,0,218.3579305474399,318.85423804973385,0,27.0,completed,[],181.83361878083824,12.783495813751514,1.6580826853896637,2.2378169264767886,4.883403535532278,0.08256371390976064
b500-n50-conical-D12-3f-s53p6538-reference-0,500,50,conical,D12-5,3,53.65384615384615,reference,0,4,0,218.3579305474399,318.85423804973385,0,27.0,completed,[],174.77712695283282,12.776219610293268,1.728656166833026,6.683131070320636,4.883403397043693,96.25557799584493
b500-n50-conical-D12-3f-s53p6538-reference-0,500,50,conical,D12-5,3,53.65384615384615,reference,0,4,90,218.3579305474399,318.85423804973385,0,27.0,completed,[],174.77383828796582,12.77622011360791,1.7286565468148065,6.669130009394913,4.883292207557749,96.33063839530222
b500-n50-conical-E12-3f-s53p6538-reference-0,500,50,conical,E12-6,3,53.65384615384615,reference,0,0,0,234.65793054743992,329.49068197458445,0,27.0,completed,[],323.00015233457873,13.155395756943568,1.8430016805667364,1.5188642701841932,4.901937913770805,0.1912037369439767
b500-n50-conical-E12-3f-s53p6538-reference-0,500,50,conical,E12-6,3,53.65384615384615,reference,0,4,0,234.65793054743992,329.49068197458445,0,27.0,completed,[],311.7207094594885,13.148300130721342,1.4852998599988092,7.585982751950069,4.901937582223859,175.35766292444546
b500-n50-conical-E12-3f-s53p6538-reference-0,500,50,conical,E12-6,3,53.65384615384615,reference,0,4,90,234.65793054743992,329.49068197458445,0,27.0,completed,[],311.72163097594625,13.148300580294661,1.4853002413237755,7.561370744038527,4.901826129929892,175.529170994782
b500-n40-ogive-D12-3f-s53p6538-reference-0,500,40,ogive,D12-5,3,53.65384615384615,reference,0,0,0,220.3860723826824,306.19373984675934,0,27.0,completed,[],188.16395982821612,12.887525143638317,2.2574246508886344,0.7242354470343542,4.908447187874589,0.092977032681959
b500-n40-ogive-D12-3f-s53p6538-reference-0,500,40,ogive,D12-5,3,53.65384615384615,reference,0,4,0,220.3860723826824,306.19373984675934,0,27.0,completed,[],180.75690339188915,12.881269744966685,1.7669101170231079,6.653391811587768,4.9084469921889555,98.29286656718651
b500-n40-ogive-D12-3f-s53p6538-reference-0,500,40,ogive,D12-5,3,53.65384615384615,reference,0,4,90,220.3860723826824,306.19373984675934,0,27.0,completed,[],180.75235694800588,12.881270250911422,1.7669105252644786,6.63657167898539,4.908335236129921,98.37014364385023
b500-n40-ogive-E12-3f-s53p6538-reference-0,500,40,ogive,E12-6,3,53.65384615384615,reference,0,0,0,236.6860723826824,316.92226313896305,0,27.0,completed,[],341.9673038990801,13.025178820504923,2.5558116417700965,1.4955980891312202,4.92688736080671,0.21432080374372536
b500-n40-ogive-E12-3f-s53p6538-reference-0,500,40,ogive,E12-6,3,53.65384615384615,reference,0,4,0,236.6860723826824,316.92226313896305,0,27.0,completed,[],329.69763368717247,13.01933516321744,1.5086781847324944,7.943519904768048,4.92688698222188,183.22082173644418
b500-n40-ogive-E12-3f-s53p6538-reference-0,500,40,ogive,E12-6,3,53.65384615384615,reference,0,4,90,236.6860723826824,316.92226313896305,0,27.0,completed,[],329.6962438403263,13.019335609420192,1.508678561597205,7.9137758565574075,4.926774979191687,183.40216959180933
b530-n40-ogive-D12-3f-s53p6538-reference-0,530,40,ogive,D12-5,3,53.65384615384615,reference,0,0,0,221.8860723826824,319.8173974503998,0,27.0,completed,[],185.5508888353531,12.784190343976341,2.579882941259122,1.1035765821813563,4.926887378023616,0.08963894641686102
b530-n40-ogive-D12-3f-s53p6538-reference-0,530,40,ogive,D12-5,3,53.65384615384615,reference,0,4,0,221.8860723826824,319.8173974503998,0,27.0,completed,[],178.26627788189128,12.777972605790863,1.9195491012412638,6.673622395530182,4.926887155056184,96.23737690292829
b530-n40-ogive-D12-3f-s53p6538-reference-0,530,40,ogive,D12-5,3,53.65384615384615,reference,0,4,90,221.8860723826824,319.8173974503998,0,27.0,completed,[],178.26166699626745,12.777973112587707,1.9195495416438177,6.657485126303724,4.92677497669083,96.313280660232
b530-n40-ogive-E12-3f-s53p6538-reference-0,530,40,ogive,E12-6,3,53.65384615384615,reference,0,0,0,238.18607238268243,331.5990536718847,0,27.0,completed,[],337.6549873396572,12.928251151412137,2.8047091039281,1.0592628441315255,4.945258869856446,0.21265023247647474
b530-n40-ogive-E12-3f-s53p6538-reference-0,530,40,ogive,E12-6,3,53.65384615384615,reference,0,4,0,238.18607238268243,331.5990536718847,0,27.0,completed,[],325.54221399053847,12.922428576339964,1.6369171065153763,7.866635667120392,4.945258510814535,179.72237580414074
b530-n40-ogive-E12-3f-s53p6538-reference-0,530,40,ogive,E12-6,3,53.65384615384615,reference,0,4,90,238.18607238268243,331.5990536718847,0,27.0,completed,[],325.5409791383062,12.922429018329609,1.6369175132239506,7.837328211150955,4.945146082143661,179.90245984120034
b500-n50-conical-D12-3f-s53p6538-guard-1,500,50,conical,D12-5,3,53.65384615384615,guard,1,0,0,218.8802505474399,318.3057305196215,0.52232,27.0,completed,[],181.27203004241923,12.747393764709559,2.190023041030154,2.2996212101484232,4.889865497436367,0.08216532123205827
b500-n50-conical-D12-3f-s53p6538-guard-1,500,50,conical,D12-5,3,53.65384615384615,guard,1,4,0,218.8802505474399,318.3057305196215,0.52232,27.0,completed,[],174.1956389480439,12.740173864674912,1.7381296020560784,6.736672375612691,4.88986527044192,95.46346984566563
b500-n50-conical-D12-3f-s53p6538-guard-1,500,50,conical,D12-5,3,53.65384615384615,guard,1,4,90,218.8802505474399,318.3057305196215,0.52232,27.0,completed,[],174.19033286768286,12.74017435696691,1.7400992735852312,6.724444166879689,4.889753932529789,95.52647916786768
b500-n50-conical-D12-3f-s53p6538-guard-2,500,50,conical,D12-5,3,53.65384615384615,guard,2,0,0,218.90257054743995,318.28234978045333,0.54464,27.0,completed,[],181.21837287434585,12.74584530202943,2.0904794694180424,2.308382393317783,4.890141442406016,0.08212444959561303
b500-n50-conical-D12-3f-s53p6538-guard-2,500,50,conical,D12-5,3,53.65384615384615,guard,2,4,0,218.90257054743995,318.28234978045333,0.54464,27.0,completed,[],174.14740555096367,12.738623828661346,1.7329091412252604,6.736028493221414,4.8901412180784005,95.44317800472606
b500-n50-conical-D12-3f-s53p6538-guard-2,500,50,conical,D12-5,3,53.65384615384615,guard,2,4,90,218.90257054743995,318.28234978045333,0.54464,27.0,completed,[],174.13603205799288,12.738624292522813,1.740586223540527,6.728543245374222,4.890029873871524,95.47238647042015
b500-n50-conical-D12-3f-s53p6538-guard-mass-only-1,500,50,conical,D12-5,3,53.65384615384615,guard-mass-only,1,0,0,218.8802505474399,318.3057305196215,0.52232,27.0,completed,[],181.29161306970877,12.747400221024224,2.231062253158966,2.295583961488562,4.889865496496137,0.08219028720289037
b500-n50-conical-D12-3f-s53p6538-guard-mass-only-1,500,50,conical,D12-5,3,53.65384615384615,guard-mass-only,1,4,0,218.8802505474399,318.3057305196215,0.52232,27.0,completed,[],174.21264925944115,12.740182940191108,1.7400993412074732,6.737321711605621,4.889865268741495,95.46346341407902
b500-n50-conical-D12-3f-s53p6538-guard-mass-only-1,500,50,conical,D12-5,3,53.65384615384615,guard-mass-only,1,4,90,218.8802505474399,318.3057305196215,0.52232,27.0,completed,[],174.209146428184,12.740183442262662,1.7400997194450947,6.723543058717334,4.889753930823014,95.53761231304198
b500-n50-conical-D12-3f-s53p6538-guard-mass-only-2,500,50,conical,D12-5,3,53.65384615384615,guard-mass-only,2,0,0,218.90257054743995,318.28234978045333,0.54464,27.0,completed,[],181.26846253567425,12.74586162708663,2.2067798622632395,2.2980569502145802,4.890141440205607,0.08218042823882409
b500-n50-conical-D12-3f-s53p6538-guard-mass-only-2,500,50,conical,D12-5,3,53.65384615384615,guard-mass-only,2,4,0,218.90257054743995,318.28234978045333,0.54464,27.0,completed,[],174.18733149989802,12.73864685369597,1.7405869773433362,6.740193387086225,4.890141214062467,95.42529060544157
b500-n50-conical-D12-3f-s53p6538-guard-mass-only-2,500,50,conical,D12-5,3,53.65384615384615,guard-mass-only,2,4,90,218.90257054743995,318.28234978045333,0.54464,27.0,completed,[],174.18419687785106,12.738647355714551,1.7405873555065434,6.7262027121686865,4.890029869710371,95.50097624799864
b500-n50-conical-E12-3f-s53p6538-guard-1,500,50,conical,E12-6,3,53.65384615384615,guard,1,0,0,235.18025054743993,328.95656785268613,0.52232,27.0,completed,[],322.3542504636115,13.121012486306991,2.333543966350097,1.5496455179611515,4.908375433618289,0.19090923344549007
b500-n50-conical-E12-3f-s53p6538-guard-1,500,50,conical,E12-6,3,53.65384615384615,guard,1,4,0,235.18025054743993,328.95656785268613,0.52232,27.0,completed,[],311.02400586936477,13.11396668023142,1.4945801286424347,7.634150814924872,4.908375099612255,174.22006255150268
b500-n50-conical-E12-3f-s53p6538-guard-1,500,50,conical,E12-6,3,53.65384615384615,guard,1,4,90,235.18025054743993,328.95656785268613,0.52232,27.0,completed,[],311.0185445497944,13.113967120582894,1.4965700161245432,7.612527990566503,4.908263498563499,174.35989988762574
b500-n50-conical-E12-3f-s53p6538-guard-2,500,50,conical,E12-6,3,53.65384615384615,guard,2,0,0,235.20257054743996,328.9337967129744,0.54464,27.0,completed,[],322.25384737881853,13.119537279420637,2.271102972416847,1.5616469050037356,4.908650347416566,0.19112011560664047
b500-n50-conical-E12-3f-s53p6538-guard-2,500,50,conical,E12-6,3,53.65384615384615,guard,2,4,0,235.20257054743996,328.9337967129744,0.54464,27.0,completed,[],310.9368155356107,13.112489717599418,1.4892938621777274,7.631153414124037,4.9086500109355855,174.19776097800502
b500-n50-conical-E12-3f-s53p6538-guard-2,500,50,conical,E12-6,3,53.65384615384615,guard,2,4,90,235.20257054743996,328.9337967129744,0.54464,27.0,completed,[],310.91807545521635,13.11249013415823,1.4970497281323512,7.616266877049891,4.90853840389293,174.26690732597376
b500-n50-conical-E12-3f-s53p6538-guard-mass-only-1,500,50,conical,E12-6,3,53.65384615384615,guard-mass-only,1,0,0,235.18025054743993,328.95656785268613,0.52232,27.0,completed,[],322.4023401057089,13.121018770108607,1.613940937608871,1.542599819860208,4.908375428845244,0.19097879228466413
b500-n50-conical-E12-3f-s53p6538-guard-mass-only-1,500,50,conical,E12-6,3,53.65384615384615,guard-mass-only,1,4,0,235.18025054743993,328.95656785268613,0.52232,27.0,completed,[],311.0628987578713,13.11397552060691,1.4965700576017096,7.636422224545727,4.908375096091857,174.21249868135527
b500-n50-conical-E12-3f-s53p6538-guard-mass-only-1,500,50,conical,E12-6,3,53.65384615384615,guard-mass-only,1,4,90,235.18025054743993,328.95656785268613,0.52232,27.0,completed,[],311.0647513668898,13.11397596914256,1.496570437366156,7.611583326730945,4.908263494737127,174.3874368897825
b500-n50-conical-E12-3f-s53p6538-guard-mass-only-2,500,50,conical,E12-6,3,53.65384615384615,guard-mass-only,2,0,0,235.20257054743996,328.9337967129744,0.54464,27.0,completed,[],322.37678237543076,13.119553181642093,1.604797777956309,1.5293996984136768,4.908650334741859,0.1910958630163762
b500-n50-conical-E12-3f-s53p6538-guard-mass-only-2,500,50,conical,E12-6,3,53.65384615384615,guard-mass-only,2,4,0,235.20257054743996,328.9337967129744,0.54464,27.0,completed,[],311.0338353924535,13.11251216210631,1.497050418568242,7.638861800136695,4.908650002694675,174.16032724894615
b500-n50-conical-E12-3f-s53p6538-guard-mass-only-2,500,50,conical,E12-6,3,53.65384615384615,guard-mass-only,2,4,90,235.20257054743996,328.9337967129744,0.54464,27.0,completed,[],311.0362400316826,13.11251261059774,1.4970507982660939,7.613834186042224,4.908538394861698,174.33745417296043
b500-n40-ogive-D12-3f-s53p6538-guard-1,500,40,ogive,D12-5,3,53.65384615384615,guard,1,0,0,220.90839238268242,305.65655865179957,0.52232,27.0,completed,[],187.5407456938904,12.851473525697168,2.461426205148961,0.7966991217610806,4.9148761607447815,0.09256666579681828
b500-n40-ogive-D12-3f-s53p6538-guard-1,500,40,ogive,D12-5,3,53.65384615384615,guard,1,4,0,220.90839238268242,305.65655865179957,0.52232,27.0,completed,[],180.11635090267092,12.84526563757071,1.7761217220979832,6.695942571646623,4.914875963167775,97.46689369889185
b500-n40-ogive-D12-3f-s53p6538-guard-1,500,40,ogive,D12-5,3,53.65384615384615,guard,1,4,90,220.90839238268242,305.65655865179957,0.52232,27.0,completed,[],180.10952639263496,12.845266132534235,1.7780847915956959,6.6809850730159335,4.914764059287139,97.53144832893399
b500-n40-ogive-D12-3f-s53p6538-guard-2,500,40,ogive,D12-5,3,53.65384615384615,guard,2,0,0,220.9307123826824,305.6336601858754,0.54464,27.0,completed,[],187.48139475546412,12.849927021357438,2.396135706153292,0.8065260462064188,4.9151507031464226,0.09274367398542242
b500-n40-ogive-D12-3f-s53p6538-guard-2,500,40,ogive,D12-5,3,53.65384615384615,guard,2,4,0,220.9307123826824,305.6336601858754,0.54464,27.0,completed,[],180.06430176302268,12.843717122484891,1.7709090384179809,6.691982244044991,4.915150505465272,97.455138280396
b500-n40-ogive-D12-3f-s53p6538-guard-2,500,40,ogive,D12-5,3,53.65384615384615,guard,2,4,90,220.9307123826824,305.6336601858754,0.54464,27.0,completed,[],180.05058697731468,12.843717589133666,1.7785603031136494,6.682862774243949,4.915038595190343,97.4776061421394
b500-n40-ogive-D12-3f-s53p6538-guard-mass-only-1,500,40,ogive,D12-5,3,53.65384615384615,guard-mass-only,1,0,0,220.90839238268242,305.65655865179957,0.52232,27.0,completed,[],187.56237417671025,12.851480089339935,2.4872945049684874,0.7922565082407392,4.914876159450678,0.0926307721317815
b500-n40-ogive-D12-3f-s53p6538-guard-mass-only-1,500,40,ogive,D12-5,3,53.65384615384615,guard-mass-only,1,4,0,220.90839238268242,305.65655865179957,0.52232,27.0,completed,[],180.13495144179356,12.845274866260839,1.7780848365229949,6.6976978717845705,4.914875961962561,97.46649676071563
b500-n40-ogive-D12-3f-s53p6538-guard-mass-only-1,500,40,ogive,D12-5,3,53.65384615384615,guard-mass-only,1,4,90,220.90839238268242,305.65655865179957,0.52232,27.0,completed,[],180.13030660573895,12.84527537096366,1.778085242956106,6.681029133879502,4.914764058102005,97.54330239023882
b500-n40-ogive-D12-3f-s53p6538-guard-mass-only-2,500,40,ogive,D12-5,3,53.65384615384615,guard-mass-only,2,0,0,220.9307123826824,305.6336601858754,0.54464,27.0,completed,[],187.53669309446838,12.849943613622825,2.470966040689625,0.7951666457285941,4.91515070013148,0.09260741947421161
b500-n40-ogive-D12-3f-s53p6538-guard-mass-only-2,500,40,ogive,D12-5,3,53.65384615384615,guard-mass-only,2,4,0,220.9307123826824,305.6336601858754,0.54464,27.0,completed,[],180.1084155230737,12.843740529518042,1.7785610423513816,6.699591095470754,4.915150502673324,97.43127000673483
b500-n40-ogive-D12-3f-s53p6538-guard-mass-only-2,500,40,ogive,D12-5,3,53.65384615384615,guard-mass-only,2,4,90,220.9307123826824,305.6336601858754,0.54464,27.0,completed,[],180.10373954611245,12.84374103416793,1.7785614487073416,6.682951273601011,4.9150385924095765,97.50797048106335
b500-n40-ogive-E12-3f-s53p6538-guard-1,500,40,ogive,E12-6,3,53.65384615384615,guard,1,0,0,237.20839238268243,316.3983712343197,0.52232,27.0,completed,[],341.21240693643813,12.991367133119805,2.568465597323047,1.4528300379480472,4.933292340828634,0.214394888741538
b500-n40-ogive-E12-3f-s53p6538-guard-1,500,40,ogive,E12-6,3,53.65384615384615,guard,1,4,0,237.20839238268243,316.3983712343197,0.52232,27.0,completed,[],328.89082572111886,12.985564071266976,1.5177286028311072,7.9793093178448204,4.93329196707972,181.99871676654124
b500-n40-ogive-E12-3f-s53p6538-guard-1,500,40,ogive,E12-6,3,53.65384615384615,guard,1,4,90,237.20839238268243,316.3983712343197,0.52232,27.0,completed,[],328.8861266130417,12.985564508559847,1.5196990060018665,7.951277175773015,4.933179815268709,182.16179468784853
b500-n40-ogive-E12-3f-s53p6538-guard-2,500,40,ogive,E12-6,3,53.65384615384615,guard,2,0,0,237.2307123826824,316.3760354600318,0.54464,27.0,completed,[],341.0947874629625,12.989916517725343,2.5690050639866056,1.4386138697727229,4.933565861937907,0.214158604283774
b500-n40-ogive-E12-3f-s53p6538-guard-2,500,40,ogive,E12-6,3,53.65384615384615,guard,2,4,0,237.2307123826824,316.3760354600318,0.54464,27.0,completed,[],328.79137318132547,12.984111408030364,1.5124881570241406,7.969992816368178,4.933565490164222,181.98540147430262
b500-n40-ogive-E12-3f-s53p6538-guard-2,500,40,ogive,E12-6,3,53.65384615384615,guard,2,4,90,237.2307123826824,316.3760354600318,0.54464,27.0,completed,[],328.76928984518685,12.984111822379177,1.5201681082556082,7.949839021299727,4.933453332290116,182.0614436357747
b500-n40-ogive-E12-3f-s53p6538-guard-mass-only-1,500,40,ogive,E12-6,3,53.65384615384615,guard-mass-only,1,0,0,237.20839238268243,316.3983712343197,0.52232,27.0,completed,[],341.26884805541727,12.991373256551546,2.56846559786139,1.4610147730629672,4.933292336438186,0.21440693121033086
b500-n40-ogive-E12-3f-s53p6538-guard-mass-only-1,500,40,ogive,E12-6,3,53.65384615384615,guard-mass-only,1,4,0,237.20839238268243,316.3983712343197,0.52232,27.0,completed,[],328.9418388243152,12.985572686534626,1.519699047230172,7.9830953426734546,4.933291963206706,182.0111764791669
b500-n40-ogive-E12-3f-s53p6538-guard-mass-only-1,500,40,ogive,E12-6,3,53.65384615384615,guard-mass-only,1,4,90,237.20839238268243,316.3983712343197,0.52232,27.0,completed,[],328.9404536411766,12.985573131719141,1.5196994225422302,7.953366802718216,4.93317981142989,182.1927666081082
b500-n40-ogive-E12-3f-s53p6538-guard-mass-only-2,500,40,ogive,E12-6,3,53.65384615384615,guard-mass-only,2,0,0,237.2307123826824,316.3760354600318,0.54464,27.0,completed,[],341.23899184376074,12.989932003187329,2.5690050653478695,1.4595289601878085,4.933565854443474,0.21438410259463686
b500-n40-ogive-E12-3f-s53p6538-guard-mass-only-2,500,40,ogive,E12-6,3,53.65384615384615,guard-mass-only,2,4,0,237.2307123826824,316.3760354600318,0.54464,27.0,completed,[],328.9096314131203,12.984133267362138,1.520168790532901,7.984769869501775,4.9335654817317245,181.96000307108088
b500-n40-ogive-E12-3f-s53p6538-guard-mass-only-2,500,40,ogive,E12-6,3,53.65384615384615,guard-mass-only,2,4,90,237.2307123826824,316.3760354600318,0.54464,27.0,completed,[],328.90816678330526,12.984133712503255,1.5201691657787144,7.955067650988947,4.9334533234958595,182.1410316650316
b530-n40-ogive-D12-3f-s53p6538-guard-1,530,40,ogive,D12-5,3,53.65384615384615,guard,1,0,0,222.40839238268242,319.25184440768965,0.52232,27.0,completed,[],184.93883255565245,12.748587741848564,2.770369390291321,1.1753165279233497,4.933292324840222,0.08930801192981193
b530-n40-ogive-D12-3f-s53p6538-guard-1,530,40,ogive,D12-5,3,53.65384615384615,guard,1,4,0,222.40839238268242,319.25184440768965,0.52232,27.0,completed,[],177.6375419250627,12.742458698166766,1.9291995698065725,6.719763524250887,4.933292098216217,95.42416391021037
b530-n40-ogive-D12-3f-s53p6538-guard-1,530,40,ogive,D12-5,3,53.65384615384615,guard,1,4,90,222.40839238268242,319.25184440768965,0.52232,27.0,completed,[],177.6310549013699,12.742459194061896,1.931249986330844,6.705238476294217,4.933179772675078,95.4892960663559
b530-n40-ogive-D12-3f-s53p6538-guard-2,530,40,ogive,D12-5,3,53.65384615384615,guard,2,0,0,222.43071238268243,319.2277361309605,0.54464,27.0,completed,[],184.88127846768907,12.7470739986764,2.714791535581124,1.1848957590216151,4.933565844705688,0.0891986236668902
b530-n40-ogive-D12-3f-s53p6538-guard-2,530,40,ogive,D12-5,3,53.65384615384615,guard,2,4,0,222.43071238268243,319.2277361309605,0.54464,27.0,completed,[],177.58585354132896,12.740931419822312,1.9237560993731484,6.717643380895394,4.933565620167604,95.40362701286935
b530-n40-ogive-D12-3f-s53p6538-guard-2,530,40,ogive,D12-5,3,53.65384615384615,guard,2,4,90,222.43071238268243,319.2277361309605,0.54464,27.0,completed,[],177.57376177854198,12.740931887611625,1.931747880112754,6.70760691852977,4.933453288242094,95.43678870011304
b530-n40-ogive-D12-3f-s53p6538-guard-mass-only-1,530,40,ogive,D12-5,3,53.65384615384615,guard-mass-only,1,0,0,222.40839238268242,319.25184440768965,0.52232,27.0,completed,[],184.9595878545558,12.748594117527173,2.7933407169360414,1.171020284150657,4.933292323148465,0.08936009018715255
b530-n40-ogive-D12-3f-s53p6538-guard-mass-only-1,530,40,ogive,D12-5,3,53.65384615384615,guard-mass-only,1,4,0,222.40839238268242,319.25184440768965,0.52232,27.0,completed,[],177.65561073092368,12.742467663496011,1.931250030731928,6.721119487848339,4.93329209584209,95.42453276578578
b530-n40-ogive-D12-3f-s53p6538-guard-mass-only-1,530,40,ogive,D12-5,3,53.65384615384615,guard-mass-only,1,4,90,222.40839238268242,319.25184440768965,0.52232,27.0,completed,[],177.65104932338411,12.742468169058572,1.9312504691537375,6.705049969494643,4.933179770328592,95.50067289523439
b530-n40-ogive-D12-3f-s53p6538-guard-mass-only-2,530,40,ogive,D12-5,3,53.65384615384615,guard-mass-only,2,0,0,222.43071238268243,319.2277361309605,0.54464,27.0,completed,[],184.93440632031397,12.747090134403217,2.778547364940384,1.1738998244333056,4.93356584059852,0.08934621742713854
b530-n40-ogive-D12-3f-s53p6538-guard-mass-only-2,530,40,ogive,D12-5,3,53.65384615384615,guard-mass-only,2,4,0,222.43071238268243,319.2277361309605,0.54464,27.0,completed,[],177.6294954607676,12.740954185329823,1.9317486686570597,6.723159812117795,4.933565614378141,95.389858223429
b530-n40-ogive-D12-3f-s53p6538-guard-mass-only-2,530,40,ogive,D12-5,3,53.65384615384615,guard-mass-only,2,4,90,222.43071238268243,319.2277361309605,0.54464,27.0,completed,[],177.62493281345962,12.74095469083978,1.9317491069943602,6.707095258808443,4.933453282476638,95.46599054112511
b530-n40-ogive-E12-3f-s53p6538-guard-1,530,40,ogive,E12-6,3,53.65384615384615,guard,1,0,0,238.70839238268243,331.0463393898396,0.52232,27.0,completed,[],336.9119374725981,12.894882537877841,2.818053848748091,1.0168370501752808,4.951640087475514,0.21221608885372173
b530-n40-ogive-E12-3f-s53p6538-guard-1,530,40,ogive,E12-6,3,53.65384615384615,guard,1,4,0,238.70839238268243,331.0463393898396,0.52232,27.0,completed,[],324.75041332317795,12.889101620039714,1.646540338999194,7.903725376349802,4.951639643581899,178.53354957333167
b530-n40-ogive-E12-3f-s53p6538-guard-1,530,40,ogive,E12-6,3,53.65384615384615,guard,1,4,90,238.70839238268243,331.0463393898396,0.52232,27.0,completed,[],324.7463505573389,12.889102064638394,1.6485992562836773,7.875963753940414,4.951527069883695,178.69760214971498
b530-n40-ogive-E12-3f-s53p6538-guard-2,530,40,ogive,E12-6,3,53.65384615384615,guard,2,0,0,238.7307123826824,331.02277445242953,0.54464,27.0,completed,[],336.7977455355909,12.893451014456755,2.8186227781720805,1.0030033324838685,4.951912512909212,0.21233391058781864
b530-n40-ogive-E12-3f-s53p6538-guard-2,530,40,ogive,E12-6,3,53.65384615384615,guard,2,4,0,238.7307123826824,331.02277445242953,0.54464,27.0,completed,[],324.6452537123806,12.887668149264261,1.6410668254551437,7.89855267958302,4.9519121603869,178.48285501632472
b530-n40-ogive-E12-3f-s53p6538-guard-2,530,40,ogive,E12-6,3,53.65384615384615,guard,2,4,90,238.7307123826824,331.02277445242953,0.54464,27.0,completed,[],324.6329451807645,12.88766857007365,1.6490917413227186,7.875309856982876,4.951799580290317,178.5999590053259
b530-n40-ogive-E12-3f-s53p6538-guard-mass-only-1,530,40,ogive,E12-6,3,53.65384615384615,guard-mass-only,1,0,0,238.70839238268243,331.0463393898396,0.52232,27.0,completed,[],336.9663406058843,12.894888495801776,2.8180538492996354,1.0247633800988647,4.951640085422289,0.21211847900307196
b530-n40-ogive-E12-3f-s53p6538-guard-mass-only-1,530,40,ogive,E12-6,3,53.65384615384615,guard-mass-only,1,4,0,238.70839238268243,331.0463393898396,0.52232,27.0,completed,[],324.80002881956784,12.889110003316874,1.6485992602484345,7.906748698717218,4.951639727653692,178.5482274992796
b530-n40-ogive-E12-3f-s53p6538-guard-mass-only-1,530,40,ogive,E12-6,3,53.65384615384615,guard-mass-only,1,4,90,238.70839238268243,331.0463393898396,0.52232,27.0,completed,[],324.7986829227704,12.88911045609824,1.6485997024650985,7.877546047056571,4.951527063675286,178.72756775552546
b530-n40-ogive-E12-3f-s53p6538-guard-mass-only-2,530,40,ogive,E12-6,3,53.65384615384615,guard-mass-only,2,0,0,238.7307123826824,331.02277445242953,0.54464,27.0,completed,[],336.9369043670109,12.89346609890842,2.818622779568353,1.023281409340866,4.95191258907947,0.2121106326633269
b530-n40-ogive-E12-3f-s53p6538-guard-mass-only-2,530,40,ogive,E12-6,3,53.65384615384615,guard-mass-only,2,4,0,238.7307123826824,331.02277445242953,0.54464,27.0,completed,[],324.7681927525704,12.887689444439197,1.6490924332938037,7.9085421597205565,4.951912145505776,178.49723522555027
b530-n40-ogive-E12-3f-s53p6538-guard-mass-only-2,530,40,ogive,E12-6,3,53.65384615384615,guard-mass-only,2,4,90,238.7307123826824,331.02277445242953,0.54464,27.0,completed,[],324.7668313412663,12.887689897176568,1.6490928754329628,7.879332464471482,4.951799565393124,178.67664137869127
