ISO-10303-21;
HEADER;
FILE_DESCRIPTION(('Open CASCADE Model'),'2;1');
FILE_NAME('Open CASCADE Shape Model','2026-09-18T21:27:45',('Author'),(
    'Open CASCADE'),'Open CASCADE STEP processor 7.9','Open CASCADE 7.9'
  ,'Unknown');
FILE_SCHEMA(('AUTOMOTIVE_DESIGN { 1 0 10303 214 1 1 1 1 }'));
ENDSEC;
DATA;
#1 = APPLICATION_PROTOCOL_DEFINITION('international standard',
  'automotive_design',2000,#2);
#2 = APPLICATION_CONTEXT(
  'core data for automotive mechanical design processes');
#3 = SHAPE_DEFINITION_REPRESENTATION(#4,#10);
#4 = PRODUCT_DEFINITION_SHAPE('','',#5);
#5 = PRODUCT_DEFINITION('design','',#6,#9);
#6 = PRODUCT_DEFINITION_FORMATION('','',#7);
#7 = PRODUCT('Open CASCADE STEP translator 7.9 1',
  'Open CASCADE STEP translator 7.9 1','',(#8));
#8 = PRODUCT_CONTEXT('',#2,'mechanical');
#9 = PRODUCT_DEFINITION_CONTEXT('part definition',#2,'design');
#10 = ADVANCED_BREP_SHAPE_REPRESENTATION('',(#11,#15),#3478);
#11 = AXIS2_PLACEMENT_3D('',#12,#13,#14);
#12 = CARTESIAN_POINT('',(0.,0.,0.));
#13 = DIRECTION('',(0.,0.,1.));
#14 = DIRECTION('',(1.,0.,-0.));
#15 = MANIFOLD_SOLID_BREP('',#16);
#16 = CLOSED_SHELL('',(#17,#79,#134,#169,#224,#259,#314,#349,#813,#1005,
    #1040,#1170,#1300,#1725,#1780,#1829,#1865,#2206,#2234,#2270,#2305,
    #2333,#2369,#2404,#2463,#2717,#2815,#2943,#3020,#3094,#3100,#3155,
    #3205,#3260,#3314,#3369,#3423,#3453,#3460,#3467,#3474));
#17 = ADVANCED_FACE('',(#18),#33,.T.);
#18 = FACE_BOUND('',#19,.T.);
#19 = EDGE_LOOP('',(#20,#51,#78));
#20 = ORIENTED_EDGE('',*,*,#21,.T.);
#21 = EDGE_CURVE('',#22,#24,#26,.T.);
#22 = VERTEX_POINT('',#23);
#23 = CARTESIAN_POINT('',(0.,0.,0.));
#24 = VERTEX_POINT('',#25);
#25 = CARTESIAN_POINT('',(0.927677838027,0.,0.626618387123));
#26 = SEAM_CURVE('',#27,(#32,#44),.PCURVE_S1.);
#27 = CIRCLE('',#28,1.);
#28 = AXIS2_PLACEMENT_3D('',#29,#30,#31);
#29 = CARTESIAN_POINT('',(1.387778780781E-16,0.,1.));
#30 = DIRECTION('',(0.,-1.,0.));
#31 = DIRECTION('',(-1.387778780781E-16,-0.,-1.));
#32 = PCURVE('',#33,#38);
#33 = SPHERICAL_SURFACE('',#34,1.);
#34 = AXIS2_PLACEMENT_3D('',#35,#36,#37);
#35 = CARTESIAN_POINT('',(1.387778780781E-16,0.,1.));
#36 = DIRECTION('',(0.,0.,1.));
#37 = DIRECTION('',(1.,0.,-0.));
#38 = DEFINITIONAL_REPRESENTATION('',(#39),#43);
#39 = LINE('',#40,#41);
#40 = CARTESIAN_POINT('',(0.,-1.570796326795));
#41 = VECTOR('',#42,1.);
#42 = DIRECTION('',(0.,1.));
#43 = ( GEOMETRIC_REPRESENTATION_CONTEXT(2) 
PARAMETRIC_REPRESENTATION_CONTEXT() REPRESENTATION_CONTEXT('2D SPACE',''
  ) );
#44 = PCURVE('',#33,#45);
#45 = DEFINITIONAL_REPRESENTATION('',(#46),#50);
#46 = LINE('',#47,#48);
#47 = CARTESIAN_POINT('',(6.28318530718,-1.570796326795));
#48 = VECTOR('',#49,1.);
#49 = DIRECTION('',(0.,1.));
#50 = ( GEOMETRIC_REPRESENTATION_CONTEXT(2) 
PARAMETRIC_REPRESENTATION_CONTEXT() REPRESENTATION_CONTEXT('2D SPACE',''
  ) );
#51 = ORIENTED_EDGE('',*,*,#52,.F.);
#52 = EDGE_CURVE('',#24,#24,#53,.T.);
#53 = SURFACE_CURVE('',#54,(#59,#66),.PCURVE_S1.);
#54 = CIRCLE('',#55,0.927677838027);
#55 = AXIS2_PLACEMENT_3D('',#56,#57,#58);
#56 = CARTESIAN_POINT('',(0.,0.,0.626618387123));
#57 = DIRECTION('',(0.,0.,1.));
#58 = DIRECTION('',(1.,0.,-0.));
#59 = PCURVE('',#33,#60);
#60 = DEFINITIONAL_REPRESENTATION('',(#61),#65);
#61 = LINE('',#62,#63);
#62 = CARTESIAN_POINT('',(0.,-0.382651603415));
#63 = VECTOR('',#64,1.);
#64 = DIRECTION('',(1.,0.));
#65 = ( GEOMETRIC_REPRESENTATION_CONTEXT(2) 
PARAMETRIC_REPRESENTATION_CONTEXT() REPRESENTATION_CONTEXT('2D SPACE',''
  ) );
#66 = PCURVE('',#67,#72);
#67 = CONICAL_SURFACE('',#68,0.927677838027,0.382651603415);
#68 = AXIS2_PLACEMENT_3D('',#69,#70,#71);
#69 = CARTESIAN_POINT('',(0.,0.,0.626618387123));
#70 = DIRECTION('',(0.,0.,1.));
#71 = DIRECTION('',(1.,0.,-0.));
#72 = DEFINITIONAL_REPRESENTATION('',(#73),#77);
#73 = LINE('',#74,#75);
#74 = CARTESIAN_POINT('',(0.,0.));
#75 = VECTOR('',#76,1.);
#76 = DIRECTION('',(1.,0.));
#77 = ( GEOMETRIC_REPRESENTATION_CONTEXT(2) 
PARAMETRIC_REPRESENTATION_CONTEXT() REPRESENTATION_CONTEXT('2D SPACE',''
  ) );
#78 = ORIENTED_EDGE('',*,*,#21,.F.);
#79 = ADVANCED_FACE('',(#80),#67,.T.);
#80 = FACE_BOUND('',#81,.T.);
#81 = EDGE_LOOP('',(#82,#83,#106,#133));
#82 = ORIENTED_EDGE('',*,*,#52,.T.);
#83 = ORIENTED_EDGE('',*,*,#84,.T.);
#84 = EDGE_CURVE('',#24,#85,#87,.T.);
#85 = VERTEX_POINT('',#86);
#86 = CARTESIAN_POINT('',(20.8,0.,50.));
#87 = SEAM_CURVE('',#88,(#92,#99),.PCURVE_S1.);
#88 = LINE('',#89,#90);
#89 = CARTESIAN_POINT('',(0.927677838027,0.,0.626618387123));
#90 = VECTOR('',#91,1.);
#91 = DIRECTION('',(0.373381612877,0.,0.927677838027));
#92 = PCURVE('',#67,#93);
#93 = DEFINITIONAL_REPRESENTATION('',(#94),#98);
#94 = LINE('',#95,#96);
#95 = CARTESIAN_POINT('',(0.,0.));
#96 = VECTOR('',#97,1.);
#97 = DIRECTION('',(0.,1.));
#98 = ( GEOMETRIC_REPRESENTATION_CONTEXT(2) 
PARAMETRIC_REPRESENTATION_CONTEXT() REPRESENTATION_CONTEXT('2D SPACE',''
  ) );
#99 = PCURVE('',#67,#100);
#100 = DEFINITIONAL_REPRESENTATION('',(#101),#105);
#101 = LINE('',#102,#103);
#102 = CARTESIAN_POINT('',(6.28318530718,0.));
#103 = VECTOR('',#104,1.);
#104 = DIRECTION('',(0.,1.));
#105 = ( GEOMETRIC_REPRESENTATION_CONTEXT(2) 
PARAMETRIC_REPRESENTATION_CONTEXT() REPRESENTATION_CONTEXT('2D SPACE',''
  ) );
#106 = ORIENTED_EDGE('',*,*,#107,.F.);
#107 = EDGE_CURVE('',#85,#85,#108,.T.);
#108 = SURFACE_CURVE('',#109,(#114,#121),.PCURVE_S1.);
#109 = CIRCLE('',#110,20.8);
#110 = AXIS2_PLACEMENT_3D('',#111,#112,#113);
#111 = CARTESIAN_POINT('',(0.,0.,50.));
#112 = DIRECTION('',(0.,0.,1.));
#113 = DIRECTION('',(1.,0.,-0.));
#114 = PCURVE('',#67,#115);
#115 = DEFINITIONAL_REPRESENTATION('',(#116),#120);
#116 = LINE('',#117,#118);
#117 = CARTESIAN_POINT('',(0.,49.373381612877));
#118 = VECTOR('',#119,1.);
#119 = DIRECTION('',(1.,0.));
#120 = ( GEOMETRIC_REPRESENTATION_CONTEXT(2) 
PARAMETRIC_REPRESENTATION_CONTEXT() REPRESENTATION_CONTEXT('2D SPACE',''
  ) );
#121 = PCURVE('',#122,#127);
#122 = PLANE('',#123);
#123 = AXIS2_PLACEMENT_3D('',#124,#125,#126);
#124 = CARTESIAN_POINT('',(0.,0.,50.));
#125 = DIRECTION('',(0.,0.,1.));
#126 = DIRECTION('',(1.,0.,-0.));
#127 = DEFINITIONAL_REPRESENTATION('',(#128),#132);
#128 = CIRCLE('',#129,20.8);
#129 = AXIS2_PLACEMENT_2D('',#130,#131);
#130 = CARTESIAN_POINT('',(0.,0.));
#131 = DIRECTION('',(1.,0.));
#132 = ( GEOMETRIC_REPRESENTATION_CONTEXT(2) 
PARAMETRIC_REPRESENTATION_CONTEXT() REPRESENTATION_CONTEXT('2D SPACE',''
  ) );
#133 = ORIENTED_EDGE('',*,*,#84,.F.);
#134 = ADVANCED_FACE('',(#135,#138),#122,.T.);
#135 = FACE_BOUND('',#136,.T.);
#136 = EDGE_LOOP('',(#137));
#137 = ORIENTED_EDGE('',*,*,#107,.T.);
#138 = FACE_BOUND('',#139,.T.);
#139 = EDGE_LOOP('',(#140));
#140 = ORIENTED_EDGE('',*,*,#141,.F.);
#141 = EDGE_CURVE('',#142,#142,#144,.T.);
#142 = VERTEX_POINT('',#143);
#143 = CARTESIAN_POINT('',(20.05,0.,50.));
#144 = SURFACE_CURVE('',#145,(#150,#157),.PCURVE_S1.);
#145 = CIRCLE('',#146,20.05);
#146 = AXIS2_PLACEMENT_3D('',#147,#148,#149);
#147 = CARTESIAN_POINT('',(0.,0.,50.));
#148 = DIRECTION('',(0.,0.,1.));
#149 = DIRECTION('',(1.,0.,-0.));
#150 = PCURVE('',#122,#151);
#151 = DEFINITIONAL_REPRESENTATION('',(#152),#156);
#152 = CIRCLE('',#153,20.05);
#153 = AXIS2_PLACEMENT_2D('',#154,#155);
#154 = CARTESIAN_POINT('',(0.,0.));
#155 = DIRECTION('',(1.,0.));
#156 = ( GEOMETRIC_REPRESENTATION_CONTEXT(2) 
PARAMETRIC_REPRESENTATION_CONTEXT() REPRESENTATION_CONTEXT('2D SPACE',''
  ) );
#157 = PCURVE('',#158,#163);
#158 = CYLINDRICAL_SURFACE('',#159,20.05);
#159 = AXIS2_PLACEMENT_3D('',#160,#161,#162);
#160 = CARTESIAN_POINT('',(0.,0.,50.));
#161 = DIRECTION('',(0.,0.,1.));
#162 = DIRECTION('',(1.,0.,-0.));
#163 = DEFINITIONAL_REPRESENTATION('',(#164),#168);
#164 = LINE('',#165,#166);
#165 = CARTESIAN_POINT('',(0.,0.));
#166 = VECTOR('',#167,1.);
#167 = DIRECTION('',(1.,0.));
#168 = ( GEOMETRIC_REPRESENTATION_CONTEXT(2) 
PARAMETRIC_REPRESENTATION_CONTEXT() REPRESENTATION_CONTEXT('2D SPACE',''
  ) );
#169 = ADVANCED_FACE('',(#170),#158,.T.);
#170 = FACE_BOUND('',#171,.T.);
#171 = EDGE_LOOP('',(#172,#201,#222,#223));
#172 = ORIENTED_EDGE('',*,*,#173,.F.);
#173 = EDGE_CURVE('',#174,#174,#176,.T.);
#174 = VERTEX_POINT('',#175);
#175 = CARTESIAN_POINT('',(20.05,0.,55.35));
#176 = SURFACE_CURVE('',#177,(#182,#189),.PCURVE_S1.);
#177 = CIRCLE('',#178,20.05);
#178 = AXIS2_PLACEMENT_3D('',#179,#180,#181);
#179 = CARTESIAN_POINT('',(0.,0.,55.35));
#180 = DIRECTION('',(0.,0.,1.));
#181 = DIRECTION('',(1.,0.,-0.));
#182 = PCURVE('',#158,#183);
#183 = DEFINITIONAL_REPRESENTATION('',(#184),#188);
#184 = LINE('',#185,#186);
#185 = CARTESIAN_POINT('',(0.,5.35));
#186 = VECTOR('',#187,1.);
#187 = DIRECTION('',(1.,0.));
#188 = ( GEOMETRIC_REPRESENTATION_CONTEXT(2) 
PARAMETRIC_REPRESENTATION_CONTEXT() REPRESENTATION_CONTEXT('2D SPACE',''
  ) );
#189 = PCURVE('',#190,#195);
#190 = PLANE('',#191);
#191 = AXIS2_PLACEMENT_3D('',#192,#193,#194);
#192 = CARTESIAN_POINT('',(-5.429042709834E-16,1.349062650506E-15,55.35)
  );
#193 = DIRECTION('',(0.,0.,1.));
#194 = DIRECTION('',(1.,0.,-0.));
#195 = DEFINITIONAL_REPRESENTATION('',(#196),#200);
#196 = CIRCLE('',#197,20.05);
#197 = AXIS2_PLACEMENT_2D('',#198,#199);
#198 = CARTESIAN_POINT('',(5.429042709834E-16,-1.349062650506E-15));
#199 = DIRECTION('',(1.,0.));
#200 = ( GEOMETRIC_REPRESENTATION_CONTEXT(2) 
PARAMETRIC_REPRESENTATION_CONTEXT() REPRESENTATION_CONTEXT('2D SPACE',''
  ) );
#201 = ORIENTED_EDGE('',*,*,#202,.F.);
#202 = EDGE_CURVE('',#142,#174,#203,.T.);
#203 = SEAM_CURVE('',#204,(#208,#215),.PCURVE_S1.);
#204 = LINE('',#205,#206);
#205 = CARTESIAN_POINT('',(20.05,0.,50.));
#206 = VECTOR('',#207,1.);
#207 = DIRECTION('',(0.,0.,1.));
#208 = PCURVE('',#158,#209);
#209 = DEFINITIONAL_REPRESENTATION('',(#210),#214);
#210 = LINE('',#211,#212);
#211 = CARTESIAN_POINT('',(6.28318530718,0.));
#212 = VECTOR('',#213,1.);
#213 = DIRECTION('',(0.,1.));
#214 = ( GEOMETRIC_REPRESENTATION_CONTEXT(2) 
PARAMETRIC_REPRESENTATION_CONTEXT() REPRESENTATION_CONTEXT('2D SPACE',''
  ) );
#215 = PCURVE('',#158,#216);
#216 = DEFINITIONAL_REPRESENTATION('',(#217),#221);
#217 = LINE('',#218,#219);
#218 = CARTESIAN_POINT('',(0.,0.));
#219 = VECTOR('',#220,1.);
#220 = DIRECTION('',(0.,1.));
#221 = ( GEOMETRIC_REPRESENTATION_CONTEXT(2) 
PARAMETRIC_REPRESENTATION_CONTEXT() REPRESENTATION_CONTEXT('2D SPACE',''
  ) );
#222 = ORIENTED_EDGE('',*,*,#141,.T.);
#223 = ORIENTED_EDGE('',*,*,#202,.T.);
#224 = ADVANCED_FACE('',(#225,#228),#190,.T.);
#225 = FACE_BOUND('',#226,.T.);
#226 = EDGE_LOOP('',(#227));
#227 = ORIENTED_EDGE('',*,*,#173,.T.);
#228 = FACE_BOUND('',#229,.T.);
#229 = EDGE_LOOP('',(#230));
#230 = ORIENTED_EDGE('',*,*,#231,.F.);
#231 = EDGE_CURVE('',#232,#232,#234,.T.);
#232 = VERTEX_POINT('',#233);
#233 = CARTESIAN_POINT('',(19.55,0.,55.35));
#234 = SURFACE_CURVE('',#235,(#240,#247),.PCURVE_S1.);
#235 = CIRCLE('',#236,19.55);
#236 = AXIS2_PLACEMENT_3D('',#237,#238,#239);
#237 = CARTESIAN_POINT('',(9.520920032517E-14,0.,55.35));
#238 = DIRECTION('',(0.,0.,1.));
#239 = DIRECTION('',(1.,0.,0.));
#240 = PCURVE('',#190,#241);
#241 = DEFINITIONAL_REPRESENTATION('',(#242),#246);
#242 = CIRCLE('',#243,19.55);
#243 = AXIS2_PLACEMENT_2D('',#244,#245);
#244 = CARTESIAN_POINT('',(9.575210459616E-14,-1.349062650506E-15));
#245 = DIRECTION('',(1.,0.));
#246 = ( GEOMETRIC_REPRESENTATION_CONTEXT(2) 
PARAMETRIC_REPRESENTATION_CONTEXT() REPRESENTATION_CONTEXT('2D SPACE',''
  ) );
#247 = PCURVE('',#248,#253);
#248 = CYLINDRICAL_SURFACE('',#249,19.55);
#249 = AXIS2_PLACEMENT_3D('',#250,#251,#252);
#250 = CARTESIAN_POINT('',(9.520920032517E-14,0.,55.35));
#251 = DIRECTION('',(-0.,-0.,-1.));
#252 = DIRECTION('',(1.,0.,0.));
#253 = DEFINITIONAL_REPRESENTATION('',(#254),#258);
#254 = LINE('',#255,#256);
#255 = CARTESIAN_POINT('',(-0.,0.));
#256 = VECTOR('',#257,1.);
#257 = DIRECTION('',(-1.,0.));
#258 = ( GEOMETRIC_REPRESENTATION_CONTEXT(2) 
PARAMETRIC_REPRESENTATION_CONTEXT() REPRESENTATION_CONTEXT('2D SPACE',''
  ) );
#259 = ADVANCED_FACE('',(#260),#248,.T.);
#260 = FACE_BOUND('',#261,.F.);
#261 = EDGE_LOOP('',(#262,#285,#312,#313));
#262 = ORIENTED_EDGE('',*,*,#263,.T.);
#263 = EDGE_CURVE('',#232,#264,#266,.T.);
#264 = VERTEX_POINT('',#265);
#265 = CARTESIAN_POINT('',(19.55,0.,56.65));
#266 = SEAM_CURVE('',#267,(#271,#278),.PCURVE_S1.);
#267 = LINE('',#268,#269);
#268 = CARTESIAN_POINT('',(19.55,0.,55.35));
#269 = VECTOR('',#270,1.);
#270 = DIRECTION('',(0.,0.,1.));
#271 = PCURVE('',#248,#272);
#272 = DEFINITIONAL_REPRESENTATION('',(#273),#277);
#273 = LINE('',#274,#275);
#274 = CARTESIAN_POINT('',(-0.,0.));
#275 = VECTOR('',#276,1.);
#276 = DIRECTION('',(-0.,-1.));
#277 = ( GEOMETRIC_REPRESENTATION_CONTEXT(2) 
PARAMETRIC_REPRESENTATION_CONTEXT() REPRESENTATION_CONTEXT('2D SPACE',''
  ) );
#278 = PCURVE('',#248,#279);
#279 = DEFINITIONAL_REPRESENTATION('',(#280),#284);
#280 = LINE('',#281,#282);
#281 = CARTESIAN_POINT('',(-6.28318530718,0.));
#282 = VECTOR('',#283,1.);
#283 = DIRECTION('',(-0.,-1.));
#284 = ( GEOMETRIC_REPRESENTATION_CONTEXT(2) 
PARAMETRIC_REPRESENTATION_CONTEXT() REPRESENTATION_CONTEXT('2D SPACE',''
  ) );
#285 = ORIENTED_EDGE('',*,*,#286,.T.);
#286 = EDGE_CURVE('',#264,#264,#287,.T.);
#287 = SURFACE_CURVE('',#288,(#293,#300),.PCURVE_S1.);
#288 = CIRCLE('',#289,19.55);
#289 = AXIS2_PLACEMENT_3D('',#290,#291,#292);
#290 = CARTESIAN_POINT('',(9.520920032517E-14,0.,56.65));
#291 = DIRECTION('',(0.,0.,1.));
#292 = DIRECTION('',(1.,0.,0.));
#293 = PCURVE('',#248,#294);
#294 = DEFINITIONAL_REPRESENTATION('',(#295),#299);
#295 = LINE('',#296,#297);
#296 = CARTESIAN_POINT('',(-0.,-1.3));
#297 = VECTOR('',#298,1.);
#298 = DIRECTION('',(-1.,0.));
#299 = ( GEOMETRIC_REPRESENTATION_CONTEXT(2) 
PARAMETRIC_REPRESENTATION_CONTEXT() REPRESENTATION_CONTEXT('2D SPACE',''
  ) );
#300 = PCURVE('',#301,#306);
#301 = PLANE('',#302);
#302 = AXIS2_PLACEMENT_3D('',#303,#304,#305);
#303 = CARTESIAN_POINT('',(-5.429042709834E-16,1.349062650506E-15,56.65)
  );
#304 = DIRECTION('',(0.,0.,1.));
#305 = DIRECTION('',(1.,0.,-0.));
#306 = DEFINITIONAL_REPRESENTATION('',(#307),#311);
#307 = CIRCLE('',#308,19.55);
#308 = AXIS2_PLACEMENT_2D('',#309,#310);
#309 = CARTESIAN_POINT('',(9.575210459616E-14,-1.349062650506E-15));
#310 = DIRECTION('',(1.,0.));
#311 = ( GEOMETRIC_REPRESENTATION_CONTEXT(2) 
PARAMETRIC_REPRESENTATION_CONTEXT() REPRESENTATION_CONTEXT('2D SPACE',''
  ) );
#312 = ORIENTED_EDGE('',*,*,#263,.F.);
#313 = ORIENTED_EDGE('',*,*,#231,.F.);
#314 = ADVANCED_FACE('',(#315,#346),#301,.F.);
#315 = FACE_BOUND('',#316,.F.);
#316 = EDGE_LOOP('',(#317));
#317 = ORIENTED_EDGE('',*,*,#318,.T.);
#318 = EDGE_CURVE('',#319,#319,#321,.T.);
#319 = VERTEX_POINT('',#320);
#320 = CARTESIAN_POINT('',(20.05,0.,56.65));
#321 = SURFACE_CURVE('',#322,(#327,#334),.PCURVE_S1.);
#322 = CIRCLE('',#323,20.05);
#323 = AXIS2_PLACEMENT_3D('',#324,#325,#326);
#324 = CARTESIAN_POINT('',(0.,0.,56.65));
#325 = DIRECTION('',(0.,0.,1.));
#326 = DIRECTION('',(1.,0.,-0.));
#327 = PCURVE('',#301,#328);
#328 = DEFINITIONAL_REPRESENTATION('',(#329),#333);
#329 = CIRCLE('',#330,20.05);
#330 = AXIS2_PLACEMENT_2D('',#331,#332);
#331 = CARTESIAN_POINT('',(5.429042709834E-16,-1.349062650506E-15));
#332 = DIRECTION('',(1.,0.));
#333 = ( GEOMETRIC_REPRESENTATION_CONTEXT(2) 
PARAMETRIC_REPRESENTATION_CONTEXT() REPRESENTATION_CONTEXT('2D SPACE',''
  ) );
#334 = PCURVE('',#335,#340);
#335 = CYLINDRICAL_SURFACE('',#336,20.05);
#336 = AXIS2_PLACEMENT_3D('',#337,#338,#339);
#337 = CARTESIAN_POINT('',(0.,0.,50.));
#338 = DIRECTION('',(0.,0.,1.));
#339 = DIRECTION('',(1.,0.,-0.));
#340 = DEFINITIONAL_REPRESENTATION('',(#341),#345);
#341 = LINE('',#342,#343);
#342 = CARTESIAN_POINT('',(0.,6.65));
#343 = VECTOR('',#344,1.);
#344 = DIRECTION('',(1.,0.));
#345 = ( GEOMETRIC_REPRESENTATION_CONTEXT(2) 
PARAMETRIC_REPRESENTATION_CONTEXT() REPRESENTATION_CONTEXT('2D SPACE',''
  ) );
#346 = FACE_BOUND('',#347,.F.);
#347 = EDGE_LOOP('',(#348));
#348 = ORIENTED_EDGE('',*,*,#286,.F.);
#349 = ADVANCED_FACE('',(#350,#591,#702),#335,.T.);
#350 = FACE_BOUND('',#351,.T.);
#351 = EDGE_LOOP('',(#352,#439,#462,#489,#490,#568,#589,#590));
#352 = ORIENTED_EDGE('',*,*,#353,.F.);
#353 = EDGE_CURVE('',#354,#356,#358,.T.);
#354 = VERTEX_POINT('',#355);
#355 = CARTESIAN_POINT('',(20.05,6.123233995737E-17,175.5));
#356 = VERTEX_POINT('',#357);
#357 = CARTESIAN_POINT('',(20.05,0.,174.5));
#358 = SURFACE_CURVE('',#359,(#382,#408),.PCURVE_S1.);
#359 = B_SPLINE_CURVE_WITH_KNOTS('',6,(#360,#361,#362,#363,#364,#365,
    #366,#367,#368,#369,#370,#371,#372,#373,#374,#375,#376,#377,#378,
    #379,#380,#381),.UNSPECIFIED.,.F.,.F.,(7,5,5,5,7),(0.,0.222375293674
    ,0.500007448386,0.777633531781,1.),.UNSPECIFIED.);
#360 = CARTESIAN_POINT('',(20.05,-1.498801083244E-15,175.5));
#361 = CARTESIAN_POINT('',(20.05,-6.12455278244E-02,175.5));
#362 = CARTESIAN_POINT('',(20.049775540956,-0.122285046146,
    175.49099729511));
#363 = CARTESIAN_POINT('',(20.049329185173,-0.18132680253,
    175.47310737824));
#364 = CARTESIAN_POINT('',(20.048708380052,-0.236650965951,
    175.44697581625));
#365 = CARTESIAN_POINT('',(20.047997295645,-0.286760776196,
    175.41375432087));
#366 = CARTESIAN_POINT('',(20.046369396298,-0.385458364486,
    175.32674069201));
#367 = CARTESIAN_POINT('',(20.045443390019,-0.430698814192,
    175.26977788736));
#368 = CARTESIAN_POINT('',(20.044631444885,-0.465251471309,
    175.20643420759));
#369 = CARTESIAN_POINT('',(20.044052714039,-0.488450764932,
    175.13889991034));
#370 = CARTESIAN_POINT('',(20.043764616459,-0.5,175.06937066178));
#371 = CARTESIAN_POINT('',(20.043764616459,-0.5,174.93063085522));
#372 = CARTESIAN_POINT('',(20.044052701174,-0.488451270576,
    174.86110139618));
#373 = CARTESIAN_POINT('',(20.044631434737,-0.465251911329,
    174.79356588605));
#374 = CARTESIAN_POINT('',(20.045443401832,-0.430698457426,
    174.73022125756));
#375 = CARTESIAN_POINT('',(20.046369410507,-0.385457503001,
    174.67325854848));
#376 = CARTESIAN_POINT('',(20.047997271362,-0.286762248393,
    174.58624697704));
#377 = CARTESIAN_POINT('',(20.048708368778,-0.236652087048,
    174.55302443113));
#378 = CARTESIAN_POINT('',(20.049329207662,-0.181325969398,
    174.52689172877));
#379 = CARTESIAN_POINT('',(20.049775562501,-0.122282231953,
    174.50900182424));
#380 = CARTESIAN_POINT('',(20.05,-6.124253103487E-02,174.5));
#381 = CARTESIAN_POINT('',(20.05,-1.387778780781E-15,174.5));
#382 = PCURVE('',#335,#383);
#383 = DEFINITIONAL_REPRESENTATION('',(#384),#407);
#384 = B_SPLINE_CURVE_WITH_KNOTS('',6,(#385,#386,#387,#388,#389,#390,
    #391,#392,#393,#394,#395,#396,#397,#398,#399,#400,#401,#402,#403,
    #404,#405,#406),.UNSPECIFIED.,.F.,.F.,(7,5,5,5,7),(0.,0.222375293674
    ,0.500007448386,0.777633531781,1.),.UNSPECIFIED.);
#385 = CARTESIAN_POINT('',(6.28318530718,125.5));
#386 = CARTESIAN_POINT('',(6.280130667388,125.5));
#387 = CARTESIAN_POINT('',(6.277086302289,125.49099729511));
#388 = CARTESIAN_POINT('',(6.274141525504,125.47310737824));
#389 = CARTESIAN_POINT('',(6.27138206171,125.44697581625));
#390 = CARTESIAN_POINT('',(6.268882574218,125.41375432087));
#391 = CARTESIAN_POINT('',(6.263959331699,125.32674069201));
#392 = CARTESIAN_POINT('',(6.261702495625,125.26977788736));
#393 = CARTESIAN_POINT('',(6.259978699501,125.20643420759));
#394 = CARTESIAN_POINT('',(6.258821266538,125.13889991034));
#395 = CARTESIAN_POINT('',(6.258245065863,125.06937066178));
#396 = CARTESIAN_POINT('',(6.258245065863,124.93063085522));
#397 = CARTESIAN_POINT('',(6.258821241309,124.86110139619));
#398 = CARTESIAN_POINT('',(6.259978677552,124.79356588605));
#399 = CARTESIAN_POINT('',(6.261702513425,124.73022125756));
#400 = CARTESIAN_POINT('',(6.263959374672,124.67325854848));
#401 = CARTESIAN_POINT('',(6.268882500782,124.58624697704));
#402 = CARTESIAN_POINT('',(6.271382005795,124.55302443113));
#403 = CARTESIAN_POINT('',(6.274141567064,124.52689172877));
#404 = CARTESIAN_POINT('',(6.277086442648,124.50900182424));
#405 = CARTESIAN_POINT('',(6.280130816854,124.5));
#406 = CARTESIAN_POINT('',(6.28318530718,124.5));
#407 = ( GEOMETRIC_REPRESENTATION_CONTEXT(2) 
PARAMETRIC_REPRESENTATION_CONTEXT() REPRESENTATION_CONTEXT('2D SPACE',''
  ) );
#408 = PCURVE('',#409,#414);
#409 = CYLINDRICAL_SURFACE('',#410,0.5);
#410 = AXIS2_PLACEMENT_3D('',#411,#412,#413);
#411 = CARTESIAN_POINT('',(0.,0.,175.));
#412 = DIRECTION('',(1.,0.,0.));
#413 = DIRECTION('',(-0.,0.,1.));
#414 = DEFINITIONAL_REPRESENTATION('',(#415),#438);
#415 = B_SPLINE_CURVE_WITH_KNOTS('',6,(#416,#417,#418,#419,#420,#421,
    #422,#423,#424,#425,#426,#427,#428,#429,#430,#431,#432,#433,#434,
    #435,#436,#437),.UNSPECIFIED.,.F.,.F.,(7,5,5,5,7),(0.,0.222375293674
    ,0.500007448386,0.777633531781,1.),.UNSPECIFIED.);
#416 = CARTESIAN_POINT('',(-3.552713678801E-15,20.05));
#417 = CARTESIAN_POINT('',(0.122491055649,20.05));
#418 = CARTESIAN_POINT('',(0.244569375574,20.049775540956));
#419 = CARTESIAN_POINT('',(0.365964695507,20.049329185173));
#420 = CARTESIAN_POINT('',(0.486415418068,20.048708380052));
#421 = CARTESIAN_POINT('',(0.605529892006,20.047997295645));
#422 = CARTESIAN_POINT('',(0.868684489469,20.046369396298));
#423 = CARTESIAN_POINT('',(1.011896646622,20.045443390019));
#424 = CARTESIAN_POINT('',(1.153123058817,20.044631444885));
#425 = CARTESIAN_POINT('',(1.292995888971,20.044052714039));
#426 = CARTESIAN_POINT('',(1.432055003223,20.043764616459));
#427 = CARTESIAN_POINT('',(1.709534616343,20.043764616459));
#428 = CARTESIAN_POINT('',(1.848594159894,20.044052701174));
#429 = CARTESIAN_POINT('',(1.988469072686,20.044631434737));
#430 = CARTESIAN_POINT('',(2.129697676314,20.045443401832));
#431 = CARTESIAN_POINT('',(2.272910461075,20.046369410507));
#432 = CARTESIAN_POINT('',(2.536058836306,20.047997271362));
#433 = CARTESIAN_POINT('',(2.655175215908,20.048708368778));
#434 = CARTESIAN_POINT('',(2.775630122225,20.049329207662));
#435 = CARTESIAN_POINT('',(2.897028896975,20.049775562501));
#436 = CARTESIAN_POINT('',(3.01910759152,20.05));
#437 = CARTESIAN_POINT('',(3.14159265359,20.05));
#438 = ( GEOMETRIC_REPRESENTATION_CONTEXT(2) 
PARAMETRIC_REPRESENTATION_CONTEXT() REPRESENTATION_CONTEXT('2D SPACE',''
  ) );
#439 = ORIENTED_EDGE('',*,*,#440,.T.);
#440 = EDGE_CURVE('',#354,#441,#443,.T.);
#441 = VERTEX_POINT('',#442);
#442 = CARTESIAN_POINT('',(20.05,0.,181.35));
#443 = SEAM_CURVE('',#444,(#448,#455),.PCURVE_S1.);
#444 = LINE('',#445,#446);
#445 = CARTESIAN_POINT('',(20.05,0.,50.));
#446 = VECTOR('',#447,1.);
#447 = DIRECTION('',(0.,0.,1.));
#448 = PCURVE('',#335,#449);
#449 = DEFINITIONAL_REPRESENTATION('',(#450),#454);
#450 = LINE('',#451,#452);
#451 = CARTESIAN_POINT('',(0.,0.));
#452 = VECTOR('',#453,1.);
#453 = DIRECTION('',(0.,1.));
#454 = ( GEOMETRIC_REPRESENTATION_CONTEXT(2) 
PARAMETRIC_REPRESENTATION_CONTEXT() REPRESENTATION_CONTEXT('2D SPACE',''
  ) );
#455 = PCURVE('',#335,#456);
#456 = DEFINITIONAL_REPRESENTATION('',(#457),#461);
#457 = LINE('',#458,#459);
#458 = CARTESIAN_POINT('',(6.28318530718,0.));
#459 = VECTOR('',#460,1.);
#460 = DIRECTION('',(0.,1.));
#461 = ( GEOMETRIC_REPRESENTATION_CONTEXT(2) 
PARAMETRIC_REPRESENTATION_CONTEXT() REPRESENTATION_CONTEXT('2D SPACE',''
  ) );
#462 = ORIENTED_EDGE('',*,*,#463,.F.);
#463 = EDGE_CURVE('',#441,#441,#464,.T.);
#464 = SURFACE_CURVE('',#465,(#470,#477),.PCURVE_S1.);
#465 = CIRCLE('',#466,20.05);
#466 = AXIS2_PLACEMENT_3D('',#467,#468,#469);
#467 = CARTESIAN_POINT('',(0.,0.,181.35));
#468 = DIRECTION('',(0.,0.,1.));
#469 = DIRECTION('',(1.,0.,-0.));
#470 = PCURVE('',#335,#471);
#471 = DEFINITIONAL_REPRESENTATION('',(#472),#476);
#472 = LINE('',#473,#474);
#473 = CARTESIAN_POINT('',(0.,131.35));
#474 = VECTOR('',#475,1.);
#475 = DIRECTION('',(1.,0.));
#476 = ( GEOMETRIC_REPRESENTATION_CONTEXT(2) 
PARAMETRIC_REPRESENTATION_CONTEXT() REPRESENTATION_CONTEXT('2D SPACE',''
  ) );
#477 = PCURVE('',#478,#483);
#478 = PLANE('',#479);
#479 = AXIS2_PLACEMENT_3D('',#480,#481,#482);
#480 = CARTESIAN_POINT('',(-5.429042709834E-16,1.349062650506E-15,181.35
    ));
#481 = DIRECTION('',(0.,0.,1.));
#482 = DIRECTION('',(1.,0.,-0.));
#483 = DEFINITIONAL_REPRESENTATION('',(#484),#488);
#484 = CIRCLE('',#485,20.05);
#485 = AXIS2_PLACEMENT_2D('',#486,#487);
#486 = CARTESIAN_POINT('',(5.429042709834E-16,-1.349062650506E-15));
#487 = DIRECTION('',(1.,0.));
#488 = ( GEOMETRIC_REPRESENTATION_CONTEXT(2) 
PARAMETRIC_REPRESENTATION_CONTEXT() REPRESENTATION_CONTEXT('2D SPACE',''
  ) );
#489 = ORIENTED_EDGE('',*,*,#440,.F.);
#490 = ORIENTED_EDGE('',*,*,#491,.F.);
#491 = EDGE_CURVE('',#356,#354,#492,.T.);
#492 = SURFACE_CURVE('',#493,(#516,#542),.PCURVE_S1.);
#493 = B_SPLINE_CURVE_WITH_KNOTS('',6,(#494,#495,#496,#497,#498,#499,
    #500,#501,#502,#503,#504,#505,#506,#507,#508,#509,#510,#511,#512,
    #513,#514,#515),.UNSPECIFIED.,.F.,.F.,(7,5,5,5,7),(0.,0.222375583173
    ,0.50000373537,0.77763188754,1.),.UNSPECIFIED.);
#494 = CARTESIAN_POINT('',(20.05,1.079606854646E-15,174.5));
#495 = CARTESIAN_POINT('',(20.05,6.124552782441E-02,174.5));
#496 = CARTESIAN_POINT('',(20.049775540956,0.122285046146,
    174.50900270488));
#497 = CARTESIAN_POINT('',(20.049329185173,0.18132680253,174.52689262175
    ));
#498 = CARTESIAN_POINT('',(20.048708380052,0.236650965951,
    174.55302418374));
#499 = CARTESIAN_POINT('',(20.047997295645,0.286760776196,
    174.58624567913));
#500 = CARTESIAN_POINT('',(20.046369410506,0.385457503078,
    174.67325854855));
#501 = CARTESIAN_POINT('',(20.045443401832,0.430698457383,
    174.73022125757));
#502 = CARTESIAN_POINT('',(20.044631434739,0.465251911277,
    174.79356588595));
#503 = CARTESIAN_POINT('',(20.044052701173,0.488451270612,
    174.86110139614));
#504 = CARTESIAN_POINT('',(20.043764616459,0.5,174.93063085533));
#505 = CARTESIAN_POINT('',(20.043764616459,0.5,175.06936914465));
#506 = CARTESIAN_POINT('',(20.044052701173,0.488451270614,
    175.13889860385));
#507 = CARTESIAN_POINT('',(20.044631434739,0.465251911274,
    175.20643411405));
#508 = CARTESIAN_POINT('',(20.045443401832,0.43069845738,175.26977874242
    ));
#509 = CARTESIAN_POINT('',(20.046369410505,0.385457503083,
    175.32674145144));
#510 = CARTESIAN_POINT('',(20.047997271322,0.286762250846,
    175.41375302079));
#511 = CARTESIAN_POINT('',(20.048708371762,0.236651906554,
    175.44697572604));
#512 = CARTESIAN_POINT('',(20.049329212823,0.181325562087,
    175.47310847364));
#513 = CARTESIAN_POINT('',(20.049775566267,0.12228163241,175.49099833806
    ));
#514 = CARTESIAN_POINT('',(20.05,6.124199116444E-02,175.5));
#515 = CARTESIAN_POINT('',(20.05,9.494107596575E-16,175.5));
#516 = PCURVE('',#335,#517);
#517 = DEFINITIONAL_REPRESENTATION('',(#518),#541);
#518 = B_SPLINE_CURVE_WITH_KNOTS('',6,(#519,#520,#521,#522,#523,#524,
    #525,#526,#527,#528,#529,#530,#531,#532,#533,#534,#535,#536,#537,
    #538,#539,#540),.UNSPECIFIED.,.F.,.F.,(7,5,5,5,7),(0.,0.222375583173
    ,0.50000373537,0.77763188754,1.),.UNSPECIFIED.);
#519 = CARTESIAN_POINT('',(0.,124.5));
#520 = CARTESIAN_POINT('',(3.054639791741E-03,124.5));
#521 = CARTESIAN_POINT('',(6.099004891061E-03,124.50900270488));
#522 = CARTESIAN_POINT('',(9.043781675633E-03,124.52689262175));
#523 = CARTESIAN_POINT('',(1.180324546972E-02,124.55302418374));
#524 = CARTESIAN_POINT('',(1.43027329612E-02,124.58624567913));
#525 = CARTESIAN_POINT('',(1.922593251151E-02,124.67325854855));
#526 = CARTESIAN_POINT('',(2.148279375197E-02,124.73022125757));
#527 = CARTESIAN_POINT('',(2.320662962459E-02,124.79356588595));
#528 = CARTESIAN_POINT('',(2.43640658723E-02,124.86110139614));
#529 = CARTESIAN_POINT('',(2.494024131662E-02,124.93063085533));
#530 = CARTESIAN_POINT('',(2.494024131662E-02,125.06936914465));
#531 = CARTESIAN_POINT('',(2.436406587241E-02,125.13889860385));
#532 = CARTESIAN_POINT('',(2.320662962442E-02,125.20643411405));
#533 = CARTESIAN_POINT('',(2.148279375183E-02,125.26977874242));
#534 = CARTESIAN_POINT('',(1.922593251176E-02,125.32674145144));
#535 = CARTESIAN_POINT('',(1.430280651986E-02,125.41375302079));
#536 = CARTESIAN_POINT('',(1.180329238204E-02,125.44697572604));
#537 = CARTESIAN_POINT('',(9.043719798599E-03,125.47310847364));
#538 = CARTESIAN_POINT('',(6.09883462948E-03,125.49099833806));
#539 = CARTESIAN_POINT('',(3.054463399723E-03,125.5));
#540 = CARTESIAN_POINT('',(0.,125.5));
#541 = ( GEOMETRIC_REPRESENTATION_CONTEXT(2) 
PARAMETRIC_REPRESENTATION_CONTEXT() REPRESENTATION_CONTEXT('2D SPACE',''
  ) );
#542 = PCURVE('',#409,#543);
#543 = DEFINITIONAL_REPRESENTATION('',(#544),#567);
#544 = B_SPLINE_CURVE_WITH_KNOTS('',6,(#545,#546,#547,#548,#549,#550,
    #551,#552,#553,#554,#555,#556,#557,#558,#559,#560,#561,#562,#563,
    #564,#565,#566),.UNSPECIFIED.,.F.,.F.,(7,5,5,5,7),(0.,0.222375583173
    ,0.50000373537,0.77763188754,1.),.UNSPECIFIED.);
#545 = CARTESIAN_POINT('',(3.14159265359,20.05));
#546 = CARTESIAN_POINT('',(3.264083709239,20.05));
#547 = CARTESIAN_POINT('',(3.386162029164,20.049775540956));
#548 = CARTESIAN_POINT('',(3.507557349097,20.049329185173));
#549 = CARTESIAN_POINT('',(3.628008071658,20.048708380052));
#550 = CARTESIAN_POINT('',(3.747122545595,20.047997295645));
#551 = CARTESIAN_POINT('',(4.010274846309,20.046369410506));
#552 = CARTESIAN_POINT('',(4.153487630813,20.045443401832));
#553 = CARTESIAN_POINT('',(4.2947162343,20.044631434739));
#554 = CARTESIAN_POINT('',(4.434591147205,20.044052701173));
#555 = CARTESIAN_POINT('',(4.573650691056,20.043764616459));
#556 = CARTESIAN_POINT('',(4.851127269699,20.043764616459));
#557 = CARTESIAN_POINT('',(4.99018681357,20.044052701173));
#558 = CARTESIAN_POINT('',(5.130061726481,20.044631434739));
#559 = CARTESIAN_POINT('',(5.271290329959,20.045443401832));
#560 = CARTESIAN_POINT('',(5.414503114448,20.046369410505));
#561 = CARTESIAN_POINT('',(5.677651483355,20.047997271322));
#562 = CARTESIAN_POINT('',(5.796768348112,20.048708371762));
#563 = CARTESIAN_POINT('',(5.91722366198,20.049329212823));
#564 = CARTESIAN_POINT('',(6.038622752775,20.049775566267));
#565 = CARTESIAN_POINT('',(6.160701324851,20.05));
#566 = CARTESIAN_POINT('',(6.28318530718,20.05));
#567 = ( GEOMETRIC_REPRESENTATION_CONTEXT(2) 
PARAMETRIC_REPRESENTATION_CONTEXT() REPRESENTATION_CONTEXT('2D SPACE',''
  ) );
#568 = ORIENTED_EDGE('',*,*,#569,.F.);
#569 = EDGE_CURVE('',#319,#356,#570,.T.);
#570 = SEAM_CURVE('',#571,(#575,#582),.PCURVE_S1.);
#571 = LINE('',#572,#573);
#572 = CARTESIAN_POINT('',(20.05,0.,50.));
#573 = VECTOR('',#574,1.);
#574 = DIRECTION('',(0.,0.,1.));
#575 = PCURVE('',#335,#576);
#576 = DEFINITIONAL_REPRESENTATION('',(#577),#581);
#577 = LINE('',#578,#579);
#578 = CARTESIAN_POINT('',(6.28318530718,0.));
#579 = VECTOR('',#580,1.);
#580 = DIRECTION('',(0.,1.));
#581 = ( GEOMETRIC_REPRESENTATION_CONTEXT(2) 
PARAMETRIC_REPRESENTATION_CONTEXT() REPRESENTATION_CONTEXT('2D SPACE',''
  ) );
#582 = PCURVE('',#335,#583);
#583 = DEFINITIONAL_REPRESENTATION('',(#584),#588);
#584 = LINE('',#585,#586);
#585 = CARTESIAN_POINT('',(0.,0.));
#586 = VECTOR('',#587,1.);
#587 = DIRECTION('',(0.,1.));
#588 = ( GEOMETRIC_REPRESENTATION_CONTEXT(2) 
PARAMETRIC_REPRESENTATION_CONTEXT() REPRESENTATION_CONTEXT('2D SPACE',''
  ) );
#589 = ORIENTED_EDGE('',*,*,#318,.T.);
#590 = ORIENTED_EDGE('',*,*,#569,.T.);
#591 = FACE_BOUND('',#592,.T.);
#592 = EDGE_LOOP('',(#593));
#593 = ORIENTED_EDGE('',*,*,#594,.F.);
#594 = EDGE_CURVE('',#595,#595,#597,.T.);
#595 = VERTEX_POINT('',#596);
#596 = CARTESIAN_POINT('',(-9.588869606337,17.608409345329,175.));
#597 = SURFACE_CURVE('',#598,(#629,#663),.PCURVE_S1.);
#598 = B_SPLINE_CURVE_WITH_KNOTS('',8,(#599,#600,#601,#602,#603,#604,
    #605,#606,#607,#608,#609,#610,#611,#612,#613,#614,#615,#616,#617,
    #618,#619,#620,#621,#622,#623,#624,#625,#626,#627,#628),
  .UNSPECIFIED.,.T.,.F.,(9,7,7,7,9),(0.,0.249999999997,0.499999999994,
    0.749999999994,1.),.UNSPECIFIED.);
#599 = CARTESIAN_POINT('',(-9.588869606337,17.608409345329,175.));
#600 = CARTESIAN_POINT('',(-9.588869606337,17.608409345329,
    174.90708291061));
#601 = CARTESIAN_POINT('',(-9.606205556541,17.598968940058,
    174.8125573485));
#602 = CARTESIAN_POINT('',(-9.641929760079,17.579514353304,
    174.72158850974));
#603 = CARTESIAN_POINT('',(-9.695491254395,17.5502244858,174.63983720883
    ));
#604 = CARTESIAN_POINT('',(-9.764696938571,17.512001077739,
    174.57274647637));
#605 = CARTESIAN_POINT('',(-9.845888675463,17.466499857949,
    174.52498196154));
#606 = CARTESIAN_POINT('',(-9.934461797413,17.416081601513,174.5));
#607 = CARTESIAN_POINT('',(-10.11553820258,17.311537090243,174.5));
#608 = CARTESIAN_POINT('',(-10.20348825444,17.260039644759,
    174.52498196154));
#609 = CARTESIAN_POINT('',(-10.28348933513,17.212476147928,
    174.57274647637));
#610 = CARTESIAN_POINT('',(-10.35119461962,17.171653971376,
    174.63983720883));
#611 = CARTESIAN_POINT('',(-10.40334113611,17.139913290385,
    174.72158850974));
#612 = CARTESIAN_POINT('',(-10.43805140423,17.118702515969,
    174.8125573485));
#613 = CARTESIAN_POINT('',(-10.45489501012,17.108409345329,
    174.90708291061));
#614 = CARTESIAN_POINT('',(-10.45489501012,17.108409345329,
    175.09291708938));
#615 = CARTESIAN_POINT('',(-10.43805140423,17.118702515969,
    175.18744265149));
#616 = CARTESIAN_POINT('',(-10.40334113611,17.139913290385,
    175.27841149025));
#617 = CARTESIAN_POINT('',(-10.35119461962,17.171653971376,
    175.36016279116));
#618 = CARTESIAN_POINT('',(-10.28348933513,17.212476147929,
    175.42725352362));
#619 = CARTESIAN_POINT('',(-10.20348825445,17.260039644759,
    175.47501803845));
#620 = CARTESIAN_POINT('',(-10.11553820258,17.311537090243,175.5));
#621 = CARTESIAN_POINT('',(-9.934461797412,17.416081601514,175.5));
#622 = CARTESIAN_POINT('',(-9.845888675463,17.466499857949,
    175.47501803845));
#623 = CARTESIAN_POINT('',(-9.764696938573,17.512001077738,
    175.42725352362));
#624 = CARTESIAN_POINT('',(-9.695491254394,17.550224485801,
    175.36016279115));
#625 = CARTESIAN_POINT('',(-9.64192976008,17.579514353303,
    175.27841149025));
#626 = CARTESIAN_POINT('',(-9.60620555654,17.598968940058,
    175.18744265149));
#627 = CARTESIAN_POINT('',(-9.588869606337,17.608409345329,
    175.09291708938));
#628 = CARTESIAN_POINT('',(-9.588869606337,17.608409345329,175.));
#629 = PCURVE('',#335,#630);
#630 = DEFINITIONAL_REPRESENTATION('',(#631),#662);
#631 = B_SPLINE_CURVE_WITH_KNOTS('',8,(#632,#633,#634,#635,#636,#637,
    #638,#639,#640,#641,#642,#643,#644,#645,#646,#647,#648,#649,#650,
    #651,#652,#653,#654,#655,#656,#657,#658,#659,#660,#661),
  .UNSPECIFIED.,.T.,.F.,(9,7,7,7,9),(0.,0.249999999997,0.499999999994,
    0.749999999994,1.),.UNSPECIFIED.);
#632 = CARTESIAN_POINT('',(2.069454861077,125.));
#633 = CARTESIAN_POINT('',(2.069454861077,124.90708291061));
#634 = CARTESIAN_POINT('',(2.070439386262,124.8125573485));
#635 = CARTESIAN_POINT('',(2.072468210278,124.72158850974));
#636 = CARTESIAN_POINT('',(2.075512953081,124.63983720884));
#637 = CARTESIAN_POINT('',(2.079455990458,124.57274647637));
#638 = CARTESIAN_POINT('',(2.084097834219,124.52498196154));
#639 = CARTESIAN_POINT('',(2.089180912305,124.5));
#640 = CARTESIAN_POINT('',(2.099609292482,124.5));
#641 = CARTESIAN_POINT('',(2.104692370568,124.52498196154));
#642 = CARTESIAN_POINT('',(2.109334214329,124.57274647637));
#643 = CARTESIAN_POINT('',(2.113277251705,124.63983720883));
#644 = CARTESIAN_POINT('',(2.116321994509,124.72158850974));
#645 = CARTESIAN_POINT('',(2.118350818524,124.8125573485));
#646 = CARTESIAN_POINT('',(2.11933534371,124.90708291061));
#647 = CARTESIAN_POINT('',(2.11933534371,125.09291708938));
#648 = CARTESIAN_POINT('',(2.118350818524,125.18744265149));
#649 = CARTESIAN_POINT('',(2.116321994509,125.27841149025));
#650 = CARTESIAN_POINT('',(2.113277251705,125.36016279116));
#651 = CARTESIAN_POINT('',(2.109334214328,125.42725352362));
#652 = CARTESIAN_POINT('',(2.104692370568,125.47501803845));
#653 = CARTESIAN_POINT('',(2.099609292481,125.5));
#654 = CARTESIAN_POINT('',(2.089180912305,125.5));
#655 = CARTESIAN_POINT('',(2.084097834218,125.47501803845));
#656 = CARTESIAN_POINT('',(2.079455990458,125.42725352362));
#657 = CARTESIAN_POINT('',(2.075512953081,125.36016279115));
#658 = CARTESIAN_POINT('',(2.072468210278,125.27841149025));
#659 = CARTESIAN_POINT('',(2.070439386262,125.18744265149));
#660 = CARTESIAN_POINT('',(2.069454861077,125.09291708938));
#661 = CARTESIAN_POINT('',(2.069454861077,125.));
#662 = ( GEOMETRIC_REPRESENTATION_CONTEXT(2) 
PARAMETRIC_REPRESENTATION_CONTEXT() REPRESENTATION_CONTEXT('2D SPACE',''
  ) );
#663 = PCURVE('',#664,#669);
#664 = CYLINDRICAL_SURFACE('',#665,0.5);
#665 = AXIS2_PLACEMENT_3D('',#666,#667,#668);
#666 = CARTESIAN_POINT('',(0.,0.,175.));
#667 = DIRECTION('',(-0.5,0.866025403784,0.));
#668 = DIRECTION('',(0.866025403784,0.5,0.));
#669 = DEFINITIONAL_REPRESENTATION('',(#670),#701);
#670 = B_SPLINE_CURVE_WITH_KNOTS('',8,(#671,#672,#673,#674,#675,#676,
    #677,#678,#679,#680,#681,#682,#683,#684,#685,#686,#687,#688,#689,
    #690,#691,#692,#693,#694,#695,#696,#697,#698,#699,#700),
  .UNSPECIFIED.,.F.,.F.,(9,7,7,7,9),(0.,0.249999999997,0.499999999994,
    0.749999999994,1.),.UNSPECIFIED.);
#671 = CARTESIAN_POINT('',(0.,20.043764616459));
#672 = CARTESIAN_POINT('',(0.185834178762,20.043764616459));
#673 = CARTESIAN_POINT('',(0.374885357278,20.044256960774));
#674 = CARTESIAN_POINT('',(0.566601860718,20.045270896194));
#675 = CARTESIAN_POINT('',(0.760866525566,20.04668587402));
#676 = CARTESIAN_POINT('',(0.957822048289,20.048186273708));
#677 = CARTESIAN_POINT('',(1.157875000375,20.049376929912));
#678 = CARTESIAN_POINT('',(1.361707304254,20.05));
#679 = CARTESIAN_POINT('',(1.779885349336,20.05));
#680 = CARTESIAN_POINT('',(1.983717653215,20.049376929912));
#681 = CARTESIAN_POINT('',(2.183770605303,20.048186273708));
#682 = CARTESIAN_POINT('',(2.38072612802,20.04668587402));
#683 = CARTESIAN_POINT('',(2.574990792874,20.045270896194));
#684 = CARTESIAN_POINT('',(2.766707296311,20.044256960774));
#685 = CARTESIAN_POINT('',(2.955758474828,20.043764616459));
#686 = CARTESIAN_POINT('',(3.327426832353,20.043764616459));
#687 = CARTESIAN_POINT('',(3.516478010866,20.044256960774));
#688 = CARTESIAN_POINT('',(3.70819451431,20.045270896194));
#689 = CARTESIAN_POINT('',(3.902459179153,20.04668587402));
#690 = CARTESIAN_POINT('',(4.099414701881,20.048186273708));
#691 = CARTESIAN_POINT('',(4.299467653963,20.049376929912));
#692 = CARTESIAN_POINT('',(4.503299957845,20.05));
#693 = CARTESIAN_POINT('',(4.92147800293,20.05));
#694 = CARTESIAN_POINT('',(5.125310306806,20.049376929912));
#695 = CARTESIAN_POINT('',(5.325363258882,20.048186273708));
#696 = CARTESIAN_POINT('',(5.522318781622,20.04668587402));
#697 = CARTESIAN_POINT('',(5.716583446452,20.045270896194));
#698 = CARTESIAN_POINT('',(5.908299949905,20.044256960774));
#699 = CARTESIAN_POINT('',(6.09735112842,20.043764616459));
#700 = CARTESIAN_POINT('',(6.28318530718,20.043764616459));
#701 = ( GEOMETRIC_REPRESENTATION_CONTEXT(2) 
PARAMETRIC_REPRESENTATION_CONTEXT() REPRESENTATION_CONTEXT('2D SPACE',''
  ) );
#702 = FACE_BOUND('',#703,.T.);
#703 = EDGE_LOOP('',(#704));
#704 = ORIENTED_EDGE('',*,*,#705,.F.);
#705 = EDGE_CURVE('',#706,#706,#708,.T.);
#706 = VERTEX_POINT('',#707);
#707 = CARTESIAN_POINT('',(-10.45489501012,-17.10840934532,175.));
#708 = SURFACE_CURVE('',#709,(#740,#774),.PCURVE_S1.);
#709 = B_SPLINE_CURVE_WITH_KNOTS('',8,(#710,#711,#712,#713,#714,#715,
    #716,#717,#718,#719,#720,#721,#722,#723,#724,#725,#726,#727,#728,
    #729,#730,#731,#732,#733,#734,#735,#736,#737,#738,#739),
  .UNSPECIFIED.,.T.,.F.,(9,7,7,7,9),(0.,0.249999999998,0.499999999995,
    0.749999999996,1.),.UNSPECIFIED.);
#710 = CARTESIAN_POINT('',(-10.45489501012,-17.10840934532,175.));
#711 = CARTESIAN_POINT('',(-10.45489501012,-17.10840934532,
    174.90708291061));
#712 = CARTESIAN_POINT('',(-10.43805140423,-17.11870251596,
    174.8125573485));
#713 = CARTESIAN_POINT('',(-10.40334113611,-17.13991329038,
    174.72158850974));
#714 = CARTESIAN_POINT('',(-10.35119461962,-17.17165397137,
    174.63983720883));
#715 = CARTESIAN_POINT('',(-10.28348933513,-17.21247614792,
    174.57274647637));
#716 = CARTESIAN_POINT('',(-10.20348825444,-17.26003964475,
    174.52498196154));
#717 = CARTESIAN_POINT('',(-10.11553820258,-17.31153709024,174.5));
#718 = CARTESIAN_POINT('',(-9.934461797413,-17.41608160151,174.5));
#719 = CARTESIAN_POINT('',(-9.845888675463,-17.46649985794,
    174.52498196154));
#720 = CARTESIAN_POINT('',(-9.764696938571,-17.51200107773,
    174.57274647637));
#721 = CARTESIAN_POINT('',(-9.695491254396,-17.55022448579,
    174.63983720883));
#722 = CARTESIAN_POINT('',(-9.641929760078,-17.5795143533,
    174.72158850974));
#723 = CARTESIAN_POINT('',(-9.606205556541,-17.59896894005,
    174.8125573485));
#724 = CARTESIAN_POINT('',(-9.588869606337,-17.60840934532,
    174.90708291061));
#725 = CARTESIAN_POINT('',(-9.588869606337,-17.60840934532,
    175.09291708938));
#726 = CARTESIAN_POINT('',(-9.606205556541,-17.59896894005,
    175.18744265149));
#727 = CARTESIAN_POINT('',(-9.64192976008,-17.5795143533,175.27841149025
    ));
#728 = CARTESIAN_POINT('',(-9.695491254393,-17.5502244858,
    175.36016279115));
#729 = CARTESIAN_POINT('',(-9.764696938572,-17.51200107773,
    175.42725352362));
#730 = CARTESIAN_POINT('',(-9.845888675463,-17.46649985794,
    175.47501803845));
#731 = CARTESIAN_POINT('',(-9.934461797414,-17.41608160151,175.5));
#732 = CARTESIAN_POINT('',(-10.11553820258,-17.31153709024,175.5));
#733 = CARTESIAN_POINT('',(-10.20348825444,-17.26003964476,
    175.47501803845));
#734 = CARTESIAN_POINT('',(-10.28348933513,-17.21247614792,
    175.42725352362));
#735 = CARTESIAN_POINT('',(-10.35119461962,-17.17165397137,
    175.36016279115));
#736 = CARTESIAN_POINT('',(-10.40334113611,-17.13991329038,
    175.27841149025));
#737 = CARTESIAN_POINT('',(-10.43805140423,-17.11870251596,
    175.18744265149));
#738 = CARTESIAN_POINT('',(-10.45489501012,-17.10840934532,
    175.09291708938));
#739 = CARTESIAN_POINT('',(-10.45489501012,-17.10840934532,175.));
#740 = PCURVE('',#335,#741);
#741 = DEFINITIONAL_REPRESENTATION('',(#742),#773);
#742 = B_SPLINE_CURVE_WITH_KNOTS('',8,(#743,#744,#745,#746,#747,#748,
    #749,#750,#751,#752,#753,#754,#755,#756,#757,#758,#759,#760,#761,
    #762,#763,#764,#765,#766,#767,#768,#769,#770,#771,#772),
  .UNSPECIFIED.,.T.,.F.,(9,7,7,7,9),(0.,0.249999999998,0.499999999995,
    0.749999999996,1.),.UNSPECIFIED.);
#743 = CARTESIAN_POINT('',(4.16384996347,125.));
#744 = CARTESIAN_POINT('',(4.16384996347,124.90708291061));
#745 = CARTESIAN_POINT('',(4.164834488655,124.8125573485));
#746 = CARTESIAN_POINT('',(4.166863312671,124.72158850974));
#747 = CARTESIAN_POINT('',(4.169908055474,124.63983720884));
#748 = CARTESIAN_POINT('',(4.173851092851,124.57274647637));
#749 = CARTESIAN_POINT('',(4.178492936612,124.52498196154));
#750 = CARTESIAN_POINT('',(4.183576014698,124.5));
#751 = CARTESIAN_POINT('',(4.194004394875,124.5));
#752 = CARTESIAN_POINT('',(4.199087472961,124.52498196154));
#753 = CARTESIAN_POINT('',(4.203729316722,124.57274647637));
#754 = CARTESIAN_POINT('',(4.207672354099,124.63983720883));
#755 = CARTESIAN_POINT('',(4.210717096902,124.72158850974));
#756 = CARTESIAN_POINT('',(4.212745920917,124.8125573485));
#757 = CARTESIAN_POINT('',(4.213730446103,124.90708291061));
#758 = CARTESIAN_POINT('',(4.213730446103,125.09291708938));
#759 = CARTESIAN_POINT('',(4.212745920917,125.18744265149));
#760 = CARTESIAN_POINT('',(4.210717096902,125.27841149025));
#761 = CARTESIAN_POINT('',(4.207672354099,125.36016279115));
#762 = CARTESIAN_POINT('',(4.203729316722,125.42725352362));
#763 = CARTESIAN_POINT('',(4.199087472961,125.47501803845));
#764 = CARTESIAN_POINT('',(4.194004394875,125.5));
#765 = CARTESIAN_POINT('',(4.183576014698,125.5));
#766 = CARTESIAN_POINT('',(4.178492936612,125.47501803845));
#767 = CARTESIAN_POINT('',(4.173851092851,125.42725352362));
#768 = CARTESIAN_POINT('',(4.169908055474,125.36016279115));
#769 = CARTESIAN_POINT('',(4.166863312671,125.27841149025));
#770 = CARTESIAN_POINT('',(4.164834488655,125.18744265149));
#771 = CARTESIAN_POINT('',(4.16384996347,125.09291708938));
#772 = CARTESIAN_POINT('',(4.16384996347,125.));
#773 = ( GEOMETRIC_REPRESENTATION_CONTEXT(2) 
PARAMETRIC_REPRESENTATION_CONTEXT() REPRESENTATION_CONTEXT('2D SPACE',''
  ) );
#774 = PCURVE('',#775,#780);
#775 = CYLINDRICAL_SURFACE('',#776,0.5);
#776 = AXIS2_PLACEMENT_3D('',#777,#778,#779);
#777 = CARTESIAN_POINT('',(0.,0.,175.));
#778 = DIRECTION('',(-0.5,-0.866025403784,0.));
#779 = DIRECTION('',(-0.866025403784,0.5,0.));
#780 = DEFINITIONAL_REPRESENTATION('',(#781),#812);
#781 = B_SPLINE_CURVE_WITH_KNOTS('',8,(#782,#783,#784,#785,#786,#787,
    #788,#789,#790,#791,#792,#793,#794,#795,#796,#797,#798,#799,#800,
    #801,#802,#803,#804,#805,#806,#807,#808,#809,#810,#811),
  .UNSPECIFIED.,.F.,.F.,(9,7,7,7,9),(0.,0.249999999998,0.499999999995,
    0.749999999996,1.),.UNSPECIFIED.);
#782 = CARTESIAN_POINT('',(0.,20.043764616459));
#783 = CARTESIAN_POINT('',(0.185834178761,20.043764616459));
#784 = CARTESIAN_POINT('',(0.374885357278,20.044256960774));
#785 = CARTESIAN_POINT('',(0.566601860718,20.045270896194));
#786 = CARTESIAN_POINT('',(0.760866525567,20.04668587402));
#787 = CARTESIAN_POINT('',(0.957822048288,20.048186273708));
#788 = CARTESIAN_POINT('',(1.157875000375,20.049376929913));
#789 = CARTESIAN_POINT('',(1.361707304253,20.05));
#790 = CARTESIAN_POINT('',(1.779885349336,20.05));
#791 = CARTESIAN_POINT('',(1.983717653215,20.049376929912));
#792 = CARTESIAN_POINT('',(2.183770605301,20.048186273708));
#793 = CARTESIAN_POINT('',(2.380726128022,20.04668587402));
#794 = CARTESIAN_POINT('',(2.574990792872,20.045270896194));
#795 = CARTESIAN_POINT('',(2.766707296312,20.044256960774));
#796 = CARTESIAN_POINT('',(2.955758474828,20.043764616459));
#797 = CARTESIAN_POINT('',(3.327426832354,20.043764616459));
#798 = CARTESIAN_POINT('',(3.516478010867,20.044256960774));
#799 = CARTESIAN_POINT('',(3.708194514312,20.045270896194));
#800 = CARTESIAN_POINT('',(3.902459179148,20.04668587402));
#801 = CARTESIAN_POINT('',(4.099414701882,20.048186273708));
#802 = CARTESIAN_POINT('',(4.299467653964,20.049376929912));
#803 = CARTESIAN_POINT('',(4.503299957846,20.05));
#804 = CARTESIAN_POINT('',(4.921478002926,20.05));
#805 = CARTESIAN_POINT('',(5.125310306801,20.049376929913));
#806 = CARTESIAN_POINT('',(5.325363258893,20.048186273708));
#807 = CARTESIAN_POINT('',(5.522318781616,20.04668587402));
#808 = CARTESIAN_POINT('',(5.716583446461,20.045270896194));
#809 = CARTESIAN_POINT('',(5.908299949901,20.044256960774));
#810 = CARTESIAN_POINT('',(6.097351128417,20.043764616459));
#811 = CARTESIAN_POINT('',(6.28318530718,20.043764616459));
#812 = ( GEOMETRIC_REPRESENTATION_CONTEXT(2) 
PARAMETRIC_REPRESENTATION_CONTEXT() REPRESENTATION_CONTEXT('2D SPACE',''
  ) );
#813 = ADVANCED_FACE('',(#814),#409,.F.);
#814 = FACE_BOUND('',#815,.F.);
#815 = EDGE_LOOP('',(#816,#817,#840,#925,#1003,#1004));
#816 = ORIENTED_EDGE('',*,*,#353,.F.);
#817 = ORIENTED_EDGE('',*,*,#818,.F.);
#818 = EDGE_CURVE('',#819,#354,#821,.T.);
#819 = VERTEX_POINT('',#820);
#820 = CARTESIAN_POINT('',(18.85,6.123233995737E-17,175.5));
#821 = SEAM_CURVE('',#822,(#826,#833),.PCURVE_S1.);
#822 = LINE('',#823,#824);
#823 = CARTESIAN_POINT('',(0.,1.224646799147E-16,175.5));
#824 = VECTOR('',#825,1.);
#825 = DIRECTION('',(1.,0.,0.));
#826 = PCURVE('',#409,#827);
#827 = DEFINITIONAL_REPRESENTATION('',(#828),#832);
#828 = LINE('',#829,#830);
#829 = CARTESIAN_POINT('',(6.28318530718,-0.));
#830 = VECTOR('',#831,1.);
#831 = DIRECTION('',(0.,1.));
#832 = ( GEOMETRIC_REPRESENTATION_CONTEXT(2) 
PARAMETRIC_REPRESENTATION_CONTEXT() REPRESENTATION_CONTEXT('2D SPACE',''
  ) );
#833 = PCURVE('',#409,#834);
#834 = DEFINITIONAL_REPRESENTATION('',(#835),#839);
#835 = LINE('',#836,#837);
#836 = CARTESIAN_POINT('',(0.,-0.));
#837 = VECTOR('',#838,1.);
#838 = DIRECTION('',(0.,1.));
#839 = ( GEOMETRIC_REPRESENTATION_CONTEXT(2) 
PARAMETRIC_REPRESENTATION_CONTEXT() REPRESENTATION_CONTEXT('2D SPACE',''
  ) );
#840 = ORIENTED_EDGE('',*,*,#841,.T.);
#841 = EDGE_CURVE('',#819,#842,#844,.T.);
#842 = VERTEX_POINT('',#843);
#843 = CARTESIAN_POINT('',(18.85,0.,174.5));
#844 = SURFACE_CURVE('',#845,(#868,#894),.PCURVE_S1.);
#845 = B_SPLINE_CURVE_WITH_KNOTS('',6,(#846,#847,#848,#849,#850,#851,
    #852,#853,#854,#855,#856,#857,#858,#859,#860,#861,#862,#863,#864,
    #865,#866,#867),.UNSPECIFIED.,.F.,.F.,(7,5,5,5,7),(0.,0.222377996287
    ,0.500007443346,0.777630824733,1.),.UNSPECIFIED.);
#846 = CARTESIAN_POINT('',(18.85,-1.33226762955E-15,175.5));
#847 = CARTESIAN_POINT('',(18.85,-6.124527372029E-02,175.5));
#848 = CARTESIAN_POINT('',(18.849761253704,-0.122284545175,
    175.49099736982));
#849 = CARTESIAN_POINT('',(18.849286486848,-0.181326157791,
    175.47310759789));
#850 = CARTESIAN_POINT('',(18.848626160455,-0.236650367109,
    175.44697616528));
#851 = CARTESIAN_POINT('',(18.847869796662,-0.286760418035,
    175.41375463663));
#852 = CARTESIAN_POINT('',(18.846138240455,-0.385457611145,
    175.32674135617));
#853 = CARTESIAN_POINT('',(18.845153266082,-0.430698004491,
    175.26977907034));
#854 = CARTESIAN_POINT('',(18.844289596736,-0.465250938479,
    175.20643552785));
#855 = CARTESIAN_POINT('',(18.843673989174,-0.488450565352,
    175.13890100321));
#856 = CARTESIAN_POINT('',(18.843367533432,-0.5,175.06937126075));
#857 = CARTESIAN_POINT('',(18.843367533432,-0.5,174.93063025487));
#858 = CARTESIAN_POINT('',(18.843673975501,-0.488451070538,
    174.86110030227));
#859 = CARTESIAN_POINT('',(18.844289585949,-0.465251378203,
    174.79356456586));
#860 = CARTESIAN_POINT('',(18.845153278639,-0.430697648062,
    174.73022007508));
#861 = CARTESIAN_POINT('',(18.846138255564,-0.385456749979,
    174.6732578846));
#862 = CARTESIAN_POINT('',(18.847869770838,-0.286761889985,
    174.58624666106));
#863 = CARTESIAN_POINT('',(18.848626148464,-0.236651488125,
    174.55302408215));
#864 = CARTESIAN_POINT('',(18.849286510765,-0.181325324839,
    174.5268915092));
#865 = CARTESIAN_POINT('',(18.849761276622,-0.122281731111,
    174.50900174953));
#866 = CARTESIAN_POINT('',(18.85,-6.124227694689E-02,174.5));
#867 = CARTESIAN_POINT('',(18.85,-1.110223024625E-15,174.5));
#868 = PCURVE('',#409,#869);
#869 = DEFINITIONAL_REPRESENTATION('',(#870),#893);
#870 = B_SPLINE_CURVE_WITH_KNOTS('',6,(#871,#872,#873,#874,#875,#876,
    #877,#878,#879,#880,#881,#882,#883,#884,#885,#886,#887,#888,#889,
    #890,#891,#892),.UNSPECIFIED.,.F.,.F.,(7,5,5,5,7),(0.,0.222377996287
    ,0.500007443346,0.777630824733,1.),.UNSPECIFIED.);
#871 = CARTESIAN_POINT('',(-3.552713678801E-15,18.85));
#872 = CARTESIAN_POINT('',(0.122490547441,18.85));
#873 = CARTESIAN_POINT('',(0.244568373348,18.849761253704));
#874 = CARTESIAN_POINT('',(0.365963365885,18.849286486848));
#875 = CARTESIAN_POINT('',(0.486414058321,18.848626160455));
#876 = CARTESIAN_POINT('',(0.60552893705,18.847869796662));
#877 = CARTESIAN_POINT('',(0.868682480856,18.846138240455));
#878 = CARTESIAN_POINT('',(1.011893865649,18.845153266082));
#879 = CARTESIAN_POINT('',(1.153120288448,18.844289596736));
#880 = CARTESIAN_POINT('',(1.292993704657,18.843673989174));
#881 = CARTESIAN_POINT('',(1.432053805288,18.843367533432));
#882 = CARTESIAN_POINT('',(1.709535817044,18.843367533432));
#883 = CARTESIAN_POINT('',(1.848596346277,18.843673975501));
#884 = CARTESIAN_POINT('',(1.988471843251,18.844289585949));
#885 = CARTESIAN_POINT('',(2.12970045612,18.845153278639));
#886 = CARTESIAN_POINT('',(2.272912468837,18.846138255564));
#887 = CARTESIAN_POINT('',(2.536059791921,18.847869770838));
#888 = CARTESIAN_POINT('',(2.655176575715,18.848626148464));
#889 = CARTESIAN_POINT('',(2.775631451498,18.849286510765));
#890 = CARTESIAN_POINT('',(2.897029898937,18.849761276622));
#891 = CARTESIAN_POINT('',(3.019108099696,18.85));
#892 = CARTESIAN_POINT('',(3.14159265359,18.85));
#893 = ( GEOMETRIC_REPRESENTATION_CONTEXT(2) 
PARAMETRIC_REPRESENTATION_CONTEXT() REPRESENTATION_CONTEXT('2D SPACE',''
  ) );
#894 = PCURVE('',#895,#900);
#895 = CYLINDRICAL_SURFACE('',#896,18.85);
#896 = AXIS2_PLACEMENT_3D('',#897,#898,#899);
#897 = CARTESIAN_POINT('',(0.,0.,192.));
#898 = DIRECTION('',(-0.,-0.,-1.));
#899 = DIRECTION('',(1.,0.,0.));
#900 = DEFINITIONAL_REPRESENTATION('',(#901),#924);
#901 = B_SPLINE_CURVE_WITH_KNOTS('',6,(#902,#903,#904,#905,#906,#907,
    #908,#909,#910,#911,#912,#913,#914,#915,#916,#917,#918,#919,#920,
    #921,#922,#923),.UNSPECIFIED.,.F.,.F.,(7,5,5,5,7),(0.,0.222377996287
    ,0.500007443346,0.777630824733,1.),.UNSPECIFIED.);
#902 = CARTESIAN_POINT('',(-6.28318530718,16.5));
#903 = CARTESIAN_POINT('',(-6.279936221041,16.5));
#904 = CARTESIAN_POINT('',(-6.276698063288,16.509002630171));
#905 = CARTESIAN_POINT('',(-6.27356582114,16.526892402104));
#906 = CARTESIAN_POINT('',(-6.270630664625,16.553023834713));
#907 = CARTESIAN_POINT('',(-6.267972011546,16.586245363368));
#908 = CARTESIAN_POINT('',(-6.262735280444,16.673258643829));
#909 = CARTESIAN_POINT('',(-6.260334712568,16.730220929655));
#910 = CARTESIAN_POINT('',(-6.258501098145,16.793564472146));
#911 = CARTESIAN_POINT('',(-6.257269914294,16.86109899679));
#912 = CARTESIAN_POINT('',(-6.256656996795,16.930628739246));
#913 = CARTESIAN_POINT('',(-6.256656996795,17.069369745124));
#914 = CARTESIAN_POINT('',(-6.257269887482,17.138899697724));
#915 = CARTESIAN_POINT('',(-6.258501074814,17.206435434133));
#916 = CARTESIAN_POINT('',(-6.260334731485,17.269779924912));
#917 = CARTESIAN_POINT('',(-6.262735326137,17.326742115392));
#918 = CARTESIAN_POINT('',(-6.267971933446,17.413753338933));
#919 = CARTESIAN_POINT('',(-6.270630605154,17.446975917844));
#920 = CARTESIAN_POINT('',(-6.273565865337,17.473108490797));
#921 = CARTESIAN_POINT('',(-6.276698212577,17.490998250465));
#922 = CARTESIAN_POINT('',(-6.279936380021,17.5));
#923 = CARTESIAN_POINT('',(-6.28318530718,17.5));
#924 = ( GEOMETRIC_REPRESENTATION_CONTEXT(2) 
PARAMETRIC_REPRESENTATION_CONTEXT() REPRESENTATION_CONTEXT('2D SPACE',''
  ) );
#925 = ORIENTED_EDGE('',*,*,#926,.T.);
#926 = EDGE_CURVE('',#842,#819,#927,.T.);
#927 = SURFACE_CURVE('',#928,(#951,#977),.PCURVE_S1.);
#928 = B_SPLINE_CURVE_WITH_KNOTS('',6,(#929,#930,#931,#932,#933,#934,
    #935,#936,#937,#938,#939,#940,#941,#942,#943,#944,#945,#946,#947,
    #948,#949,#950),.UNSPECIFIED.,.F.,.F.,(7,5,5,5,7),(0.,0.22237828754,
    0.500003735409,0.7776291832,1.),.UNSPECIFIED.);
#929 = CARTESIAN_POINT('',(18.85,1.190629157109E-15,174.5));
#930 = CARTESIAN_POINT('',(18.85,6.124527372031E-02,174.5));
#931 = CARTESIAN_POINT('',(18.849761253704,0.122284545175,
    174.50900263017));
#932 = CARTESIAN_POINT('',(18.849286486848,0.181326157791,174.5268924021
    ));
#933 = CARTESIAN_POINT('',(18.848626160455,0.236650367109,
    174.55302383471));
#934 = CARTESIAN_POINT('',(18.847869796662,0.286760418035,
    174.58624536336));
#935 = CARTESIAN_POINT('',(18.846138255564,0.385456749965,
    174.67325788459));
#936 = CARTESIAN_POINT('',(18.845153278639,0.430697648069,
    174.73022007508));
#937 = CARTESIAN_POINT('',(18.844289585949,0.465251378212,
    174.79356456588));
#938 = CARTESIAN_POINT('',(18.843673975501,0.488451070531,
    174.86110030228));
#939 = CARTESIAN_POINT('',(18.843367533432,0.5,174.93063025485));
#940 = CARTESIAN_POINT('',(18.843367533432,0.5,175.06936974512));
#941 = CARTESIAN_POINT('',(18.843673975501,0.488451070538,
    175.13889969772));
#942 = CARTESIAN_POINT('',(18.844289585949,0.465251378203,
    175.20643543413));
#943 = CARTESIAN_POINT('',(18.845153278639,0.430697648062,
    175.26977992491));
#944 = CARTESIAN_POINT('',(18.846138255564,0.385456749979,
    175.32674211539));
#945 = CARTESIAN_POINT('',(18.847869770791,0.28676189267,175.41375333656
    ));
#946 = CARTESIAN_POINT('',(18.84862615164,0.236651307612,175.44697607515
    ));
#947 = CARTESIAN_POINT('',(18.849286516256,0.181324917291,
    175.47310869327));
#948 = CARTESIAN_POINT('',(18.849761280626,0.122281131583,175.4909984127
    ));
#949 = CARTESIAN_POINT('',(18.85,6.124173728296E-02,175.5));
#950 = CARTESIAN_POINT('',(18.85,9.494107596575E-16,175.5));
#951 = PCURVE('',#409,#952);
#952 = DEFINITIONAL_REPRESENTATION('',(#953),#976);
#953 = B_SPLINE_CURVE_WITH_KNOTS('',6,(#954,#955,#956,#957,#958,#959,
    #960,#961,#962,#963,#964,#965,#966,#967,#968,#969,#970,#971,#972,
    #973,#974,#975),.UNSPECIFIED.,.F.,.F.,(7,5,5,5,7),(0.,0.22237828754,
    0.500003735409,0.7776291832,1.),.UNSPECIFIED.);
#954 = CARTESIAN_POINT('',(3.14159265359,18.85));
#955 = CARTESIAN_POINT('',(3.26408320103,18.85));
#956 = CARTESIAN_POINT('',(3.386161026937,18.849761253704));
#957 = CARTESIAN_POINT('',(3.507556019474,18.849286486848));
#958 = CARTESIAN_POINT('',(3.628006711911,18.848626160455));
#959 = CARTESIAN_POINT('',(3.74712159064,18.847869796662));
#960 = CARTESIAN_POINT('',(4.010272838307,18.846138255564));
#961 = CARTESIAN_POINT('',(4.153484851069,18.845153278639));
#962 = CARTESIAN_POINT('',(4.294713463963,18.844289585949));
#963 = CARTESIAN_POINT('',(4.434588960917,18.843673975501));
#964 = CARTESIAN_POINT('',(4.573649490097,18.843367533432));
#965 = CARTESIAN_POINT('',(4.851128470634,18.843367533432));
#966 = CARTESIAN_POINT('',(4.990188999867,18.843673975501));
#967 = CARTESIAN_POINT('',(5.130064496841,18.844289585949));
#968 = CARTESIAN_POINT('',(5.27129310971,18.845153278639));
#969 = CARTESIAN_POINT('',(5.414505122427,18.846138255564));
#970 = CARTESIAN_POINT('',(5.677652438351,18.847869770791));
#971 = CARTESIAN_POINT('',(5.796769708113,18.84862615164));
#972 = CARTESIAN_POINT('',(5.917224991664,18.849286516256));
#973 = CARTESIAN_POINT('',(6.038623754713,18.849761280626));
#974 = CARTESIAN_POINT('',(6.160701832614,18.85));
#975 = CARTESIAN_POINT('',(6.28318530718,18.85));
#976 = ( GEOMETRIC_REPRESENTATION_CONTEXT(2) 
PARAMETRIC_REPRESENTATION_CONTEXT() REPRESENTATION_CONTEXT('2D SPACE',''
  ) );
#977 = PCURVE('',#895,#978);
#978 = DEFINITIONAL_REPRESENTATION('',(#979),#1002);
#979 = B_SPLINE_CURVE_WITH_KNOTS('',6,(#980,#981,#982,#983,#984,#985,
    #986,#987,#988,#989,#990,#991,#992,#993,#994,#995,#996,#997,#998,
    #999,#1000,#1001),.UNSPECIFIED.,.F.,.F.,(7,5,5,5,7),(0.,
    0.22237828754,0.500003735409,0.7776291832,1.),.UNSPECIFIED.);
#980 = CARTESIAN_POINT('',(0.,17.5));
#981 = CARTESIAN_POINT('',(-3.249086139008E-03,17.5));
#982 = CARTESIAN_POINT('',(-6.487243891088E-03,17.490997369829));
#983 = CARTESIAN_POINT('',(-9.619486039862E-03,17.473107597896));
#984 = CARTESIAN_POINT('',(-1.255464255444E-02,17.446976165286));
#985 = CARTESIAN_POINT('',(-1.521329563367E-02,17.413754636632));
#986 = CARTESIAN_POINT('',(-2.044998104226E-02,17.326742115404));
#987 = CARTESIAN_POINT('',(-2.285057569545E-02,17.269779924913));
#988 = CARTESIAN_POINT('',(-2.468423236568E-02,17.206435434114));
#989 = CARTESIAN_POINT('',(-2.591541969735E-02,17.138899697717));
#990 = CARTESIAN_POINT('',(-2.652831038478E-02,17.069369745144));
#991 = CARTESIAN_POINT('',(-2.652831038478E-02,16.930630254876));
#992 = CARTESIAN_POINT('',(-2.591541969769E-02,16.861100302276));
#993 = CARTESIAN_POINT('',(-2.468423236519E-02,16.793564565867));
#994 = CARTESIAN_POINT('',(-2.285057569505E-02,16.730220075088));
#995 = CARTESIAN_POINT('',(-2.044998104297E-02,16.673257884608));
#996 = CARTESIAN_POINT('',(-1.52133738757E-02,16.586246663434));
#997 = CARTESIAN_POINT('',(-1.255469244787E-02,16.553023924844));
#998 = CARTESIAN_POINT('',(-9.619420219344E-03,16.52689130673));
#999 = CARTESIAN_POINT('',(-6.487062798153E-03,16.509001587298));
#1000 = CARTESIAN_POINT('',(-3.2488985296E-03,16.5));
#1001 = CARTESIAN_POINT('',(0.,16.5));
#1002 = ( GEOMETRIC_REPRESENTATION_CONTEXT(2) 
PARAMETRIC_REPRESENTATION_CONTEXT() REPRESENTATION_CONTEXT('2D SPACE',''
  ) );
#1003 = ORIENTED_EDGE('',*,*,#818,.T.);
#1004 = ORIENTED_EDGE('',*,*,#491,.F.);
#1005 = ADVANCED_FACE('',(#1006,#1009),#478,.T.);
#1006 = FACE_BOUND('',#1007,.T.);
#1007 = EDGE_LOOP('',(#1008));
#1008 = ORIENTED_EDGE('',*,*,#463,.T.);
#1009 = FACE_BOUND('',#1010,.T.);
#1010 = EDGE_LOOP('',(#1011));
#1011 = ORIENTED_EDGE('',*,*,#1012,.F.);
#1012 = EDGE_CURVE('',#1013,#1013,#1015,.T.);
#1013 = VERTEX_POINT('',#1014);
#1014 = CARTESIAN_POINT('',(19.55,0.,181.35));
#1015 = SURFACE_CURVE('',#1016,(#1021,#1028),.PCURVE_S1.);
#1016 = CIRCLE('',#1017,19.55);
#1017 = AXIS2_PLACEMENT_3D('',#1018,#1019,#1020);
#1018 = CARTESIAN_POINT('',(9.520920032517E-14,0.,181.35));
#1019 = DIRECTION('',(0.,0.,1.));
#1020 = DIRECTION('',(1.,0.,0.));
#1021 = PCURVE('',#478,#1022);
#1022 = DEFINITIONAL_REPRESENTATION('',(#1023),#1027);
#1023 = CIRCLE('',#1024,19.55);
#1024 = AXIS2_PLACEMENT_2D('',#1025,#1026);
#1025 = CARTESIAN_POINT('',(9.575210459616E-14,-1.349062650506E-15));
#1026 = DIRECTION('',(1.,0.));
#1027 = ( GEOMETRIC_REPRESENTATION_CONTEXT(2) 
PARAMETRIC_REPRESENTATION_CONTEXT() REPRESENTATION_CONTEXT('2D SPACE',''
  ) );
#1028 = PCURVE('',#1029,#1034);
#1029 = CYLINDRICAL_SURFACE('',#1030,19.55);
#1030 = AXIS2_PLACEMENT_3D('',#1031,#1032,#1033);
#1031 = CARTESIAN_POINT('',(9.520920032517E-14,0.,181.35));
#1032 = DIRECTION('',(-0.,-0.,-1.));
#1033 = DIRECTION('',(1.,0.,0.));
#1034 = DEFINITIONAL_REPRESENTATION('',(#1035),#1039);
#1035 = LINE('',#1036,#1037);
#1036 = CARTESIAN_POINT('',(-0.,0.));
#1037 = VECTOR('',#1038,1.);
#1038 = DIRECTION('',(-1.,0.));
#1039 = ( GEOMETRIC_REPRESENTATION_CONTEXT(2) 
PARAMETRIC_REPRESENTATION_CONTEXT() REPRESENTATION_CONTEXT('2D SPACE',''
  ) );
#1040 = ADVANCED_FACE('',(#1041),#664,.F.);
#1041 = FACE_BOUND('',#1042,.F.);
#1042 = EDGE_LOOP('',(#1043,#1044,#1067,#1169));
#1043 = ORIENTED_EDGE('',*,*,#594,.F.);
#1044 = ORIENTED_EDGE('',*,*,#1045,.F.);
#1045 = EDGE_CURVE('',#1046,#595,#1048,.T.);
#1046 = VERTEX_POINT('',#1047);
#1047 = CARTESIAN_POINT('',(-8.988671064824,16.568834976799,175.));
#1048 = SEAM_CURVE('',#1049,(#1053,#1060),.PCURVE_S1.);
#1049 = LINE('',#1050,#1051);
#1050 = CARTESIAN_POINT('',(0.433012701892,0.25,175.));
#1051 = VECTOR('',#1052,1.);
#1052 = DIRECTION('',(-0.5,0.866025403784,-1.232595164408E-32));
#1053 = PCURVE('',#664,#1054);
#1054 = DEFINITIONAL_REPRESENTATION('',(#1055),#1059);
#1055 = LINE('',#1056,#1057);
#1056 = CARTESIAN_POINT('',(6.28318530718,-0.));
#1057 = VECTOR('',#1058,1.);
#1058 = DIRECTION('',(0.,1.));
#1059 = ( GEOMETRIC_REPRESENTATION_CONTEXT(2) 
PARAMETRIC_REPRESENTATION_CONTEXT() REPRESENTATION_CONTEXT('2D SPACE',''
  ) );
#1060 = PCURVE('',#664,#1061);
#1061 = DEFINITIONAL_REPRESENTATION('',(#1062),#1066);
#1062 = LINE('',#1063,#1064);
#1063 = CARTESIAN_POINT('',(0.,-0.));
#1064 = VECTOR('',#1065,1.);
#1065 = DIRECTION('',(0.,1.));
#1066 = ( GEOMETRIC_REPRESENTATION_CONTEXT(2) 
PARAMETRIC_REPRESENTATION_CONTEXT() REPRESENTATION_CONTEXT('2D SPACE',''
  ) );
#1067 = ORIENTED_EDGE('',*,*,#1068,.T.);
#1068 = EDGE_CURVE('',#1046,#1046,#1069,.T.);
#1069 = SURFACE_CURVE('',#1070,(#1101,#1135),.PCURVE_S1.);
#1070 = B_SPLINE_CURVE_WITH_KNOTS('',8,(#1071,#1072,#1073,#1074,#1075,
    #1076,#1077,#1078,#1079,#1080,#1081,#1082,#1083,#1084,#1085,#1086,
    #1087,#1088,#1089,#1090,#1091,#1092,#1093,#1094,#1095,#1096,#1097,
    #1098,#1099,#1100),.UNSPECIFIED.,.T.,.F.,(9,7,7,7,9),(0.,0.25,
    0.499999999997,0.749999999991,1.),.UNSPECIFIED.);
#1071 = CARTESIAN_POINT('',(-8.988671064824,16.568834976799,175.));
#1072 = CARTESIAN_POINT('',(-8.988671064824,16.568834976799,
    174.90708513108));
#1073 = CARTESIAN_POINT('',(-9.006021862845,16.559422188088,
    174.81255521395));
#1074 = CARTESIAN_POINT('',(-9.041781003455,16.540022096556,
    174.72158171986));
#1075 = CARTESIAN_POINT('',(-9.095391237255,16.510808333823,
    174.63983029554));
#1076 = CARTESIAN_POINT('',(-9.164645574694,16.472667009402,
    174.57274387364));
#1077 = CARTESIAN_POINT('',(-9.245870613541,16.427233950466,
    174.52498354727));
#1078 = CARTESIAN_POINT('',(-9.334458929681,16.376852772658,174.5));
#1079 = CARTESIAN_POINT('',(-9.515541070317,16.272304950016,174.5));
#1080 = CARTESIAN_POINT('',(-9.603466608244,16.220775806663,
    174.52498354727));
#1081 = CARTESIAN_POINT('',(-9.683425310877,16.173149389066,
    174.57274387364));
#1082 = CARTESIAN_POINT('',(-9.751083835481,16.132244035731,
    174.63983029554));
#1083 = CARTESIAN_POINT('',(-9.803188813045,16.100423092726,
    174.72158171986));
#1084 = CARTESIAN_POINT('',(-9.837869355453,16.079154814306,
    174.81255521395));
#1085 = CARTESIAN_POINT('',(-9.854696468608,16.068834976799,
    174.90708513108));
#1086 = CARTESIAN_POINT('',(-9.854696468608,16.068834976799,
    175.09291486891));
#1087 = CARTESIAN_POINT('',(-9.837869355453,16.079154814306,
    175.18744478605));
#1088 = CARTESIAN_POINT('',(-9.803188813046,16.100423092726,
    175.27841828013));
#1089 = CARTESIAN_POINT('',(-9.751083835478,16.132244035733,
    175.36016970445));
#1090 = CARTESIAN_POINT('',(-9.68342531088,16.173149389065,
    175.42725612635));
#1091 = CARTESIAN_POINT('',(-9.603466608242,16.220775806665,
    175.47501645272));
#1092 = CARTESIAN_POINT('',(-9.515541070318,16.272304950016,175.5));
#1093 = CARTESIAN_POINT('',(-9.334458929677,16.37685277266,175.5));
#1094 = CARTESIAN_POINT('',(-9.245870613539,16.427233950467,
    175.47501645272));
#1095 = CARTESIAN_POINT('',(-9.164645574698,16.4726670094,
    175.42725612635));
#1096 = CARTESIAN_POINT('',(-9.095391237256,16.510808333822,
    175.36016970446));
#1097 = CARTESIAN_POINT('',(-9.041781003456,16.540022096556,
    175.27841828013));
#1098 = CARTESIAN_POINT('',(-9.006021862843,16.559422188089,
    175.18744478604));
#1099 = CARTESIAN_POINT('',(-8.988671064824,16.568834976799,
    175.09291486891));
#1100 = CARTESIAN_POINT('',(-8.988671064824,16.568834976799,175.));
#1101 = PCURVE('',#664,#1102);
#1102 = DEFINITIONAL_REPRESENTATION('',(#1103),#1134);
#1103 = B_SPLINE_CURVE_WITH_KNOTS('',8,(#1104,#1105,#1106,#1107,#1108,
    #1109,#1110,#1111,#1112,#1113,#1114,#1115,#1116,#1117,#1118,#1119,
    #1120,#1121,#1122,#1123,#1124,#1125,#1126,#1127,#1128,#1129,#1130,
    #1131,#1132,#1133),.UNSPECIFIED.,.F.,.F.,(9,7,7,7,9),(0.,0.25,
    0.499999999997,0.749999999991,1.),.UNSPECIFIED.);
#1104 = CARTESIAN_POINT('',(0.,18.843367533432));
#1105 = CARTESIAN_POINT('',(0.185829737834,18.843367533432));
#1106 = CARTESIAN_POINT('',(0.374889623578,18.843891218298));
#1107 = CARTESIAN_POINT('',(0.566614752639,18.844969816501));
#1108 = CARTESIAN_POINT('',(0.760883258594,18.846475072734));
#1109 = CARTESIAN_POINT('',(0.95783544388,18.848070885571));
#1110 = CARTESIAN_POINT('',(1.157879120595,18.849337221784));
#1111 = CARTESIAN_POINT('',(1.36170068151,18.85));
#1112 = CARTESIAN_POINT('',(1.779891972076,18.85));
#1113 = CARTESIAN_POINT('',(1.983713532995,18.849337221784));
#1114 = CARTESIAN_POINT('',(2.183757209708,18.848070885571));
#1115 = CARTESIAN_POINT('',(2.380709395003,18.846475072734));
#1116 = CARTESIAN_POINT('',(2.574977900949,18.844969816501));
#1117 = CARTESIAN_POINT('',(2.766703030012,18.843891218298));
#1118 = CARTESIAN_POINT('',(2.955762915753,18.843367533432));
#1119 = CARTESIAN_POINT('',(3.327422391425,18.843367533432));
#1120 = CARTESIAN_POINT('',(3.516482277171,18.843891218298));
#1121 = CARTESIAN_POINT('',(3.708207406222,18.844969816501));
#1122 = CARTESIAN_POINT('',(3.902475912189,18.846475072734));
#1123 = CARTESIAN_POINT('',(4.099428097461,18.848070885571));
#1124 = CARTESIAN_POINT('',(4.299471774191,18.849337221784));
#1125 = CARTESIAN_POINT('',(4.503293335101,18.85));
#1126 = CARTESIAN_POINT('',(4.92148462568,18.85));
#1127 = CARTESIAN_POINT('',(5.125306186587,18.849337221784));
#1128 = CARTESIAN_POINT('',(5.325349863293,18.848070885571));
#1129 = CARTESIAN_POINT('',(5.52230204858,18.846475072734));
#1130 = CARTESIAN_POINT('',(5.716570554536,18.844969816501));
#1131 = CARTESIAN_POINT('',(5.908295683605,18.843891218298));
#1132 = CARTESIAN_POINT('',(6.097355569354,18.843367533432));
#1133 = CARTESIAN_POINT('',(6.28318530718,18.843367533432));
#1134 = ( GEOMETRIC_REPRESENTATION_CONTEXT(2) 
PARAMETRIC_REPRESENTATION_CONTEXT() REPRESENTATION_CONTEXT('2D SPACE',''
  ) );
#1135 = PCURVE('',#895,#1136);
#1136 = DEFINITIONAL_REPRESENTATION('',(#1137),#1168);
#1137 = B_SPLINE_CURVE_WITH_KNOTS('',8,(#1138,#1139,#1140,#1141,#1142,
    #1143,#1144,#1145,#1146,#1147,#1148,#1149,#1150,#1151,#1152,#1153,
    #1154,#1155,#1156,#1157,#1158,#1159,#1160,#1161,#1162,#1163,#1164,
    #1165,#1166,#1167),.UNSPECIFIED.,.T.,.F.,(9,7,7,7,9),(0.,0.25,
    0.499999999997,0.749999999991,1.),.UNSPECIFIED.);
#1138 = CARTESIAN_POINT('',(-2.067866792008,17.));
#1139 = CARTESIAN_POINT('',(-2.067866792008,17.092914868917));
#1140 = CARTESIAN_POINT('',(-2.068913985051,17.18744478605));
#1141 = CARTESIAN_POINT('',(-2.071072212229,17.278418280131));
#1142 = CARTESIAN_POINT('',(-2.074311120822,17.360169704457));
#1143 = CARTESIAN_POINT('',(-2.078505317465,17.427256126356));
#1144 = CARTESIAN_POINT('',(-2.083442414899,17.475016452724));
#1145 = CARTESIAN_POINT('',(-2.088848798805,17.5));
#1146 = CARTESIAN_POINT('',(-2.099941405982,17.5));
#1147 = CARTESIAN_POINT('',(-2.105347789887,17.475016452725));
#1148 = CARTESIAN_POINT('',(-2.110284887321,17.427256126356));
#1149 = CARTESIAN_POINT('',(-2.114479083965,17.360169704455));
#1150 = CARTESIAN_POINT('',(-2.117717992557,17.278418280131));
#1151 = CARTESIAN_POINT('',(-2.119876219736,17.18744478605));
#1152 = CARTESIAN_POINT('',(-2.120923412778,17.092914868918));
#1153 = CARTESIAN_POINT('',(-2.120923412778,16.907085131082));
#1154 = CARTESIAN_POINT('',(-2.119876219736,16.812555213948));
#1155 = CARTESIAN_POINT('',(-2.117717992557,16.72158171987));
#1156 = CARTESIAN_POINT('',(-2.114479083965,16.639830295545));
#1157 = CARTESIAN_POINT('',(-2.110284887321,16.572743873644));
#1158 = CARTESIAN_POINT('',(-2.105347789887,16.524983547275));
#1159 = CARTESIAN_POINT('',(-2.099941405982,16.5));
#1160 = CARTESIAN_POINT('',(-2.088848798804,16.5));
#1161 = CARTESIAN_POINT('',(-2.083442414899,16.524983547278));
#1162 = CARTESIAN_POINT('',(-2.078505317465,16.572743873643));
#1163 = CARTESIAN_POINT('',(-2.074311120822,16.63983029554));
#1164 = CARTESIAN_POINT('',(-2.071072212229,16.721581719866));
#1165 = CARTESIAN_POINT('',(-2.068913985051,16.812555213951));
#1166 = CARTESIAN_POINT('',(-2.067866792008,16.907085131087));
#1167 = CARTESIAN_POINT('',(-2.067866792008,17.));
#1168 = ( GEOMETRIC_REPRESENTATION_CONTEXT(2) 
PARAMETRIC_REPRESENTATION_CONTEXT() REPRESENTATION_CONTEXT('2D SPACE',''
  ) );
#1169 = ORIENTED_EDGE('',*,*,#1045,.T.);
#1170 = ADVANCED_FACE('',(#1171),#775,.F.);
#1171 = FACE_BOUND('',#1172,.F.);
#1172 = EDGE_LOOP('',(#1173,#1174,#1197,#1299));
#1173 = ORIENTED_EDGE('',*,*,#705,.F.);
#1174 = ORIENTED_EDGE('',*,*,#1175,.F.);
#1175 = EDGE_CURVE('',#1176,#706,#1178,.T.);
#1176 = VERTEX_POINT('',#1177);
#1177 = CARTESIAN_POINT('',(-9.854696468608,-16.06883497679,175.));
#1178 = SEAM_CURVE('',#1179,(#1183,#1190),.PCURVE_S1.);
#1179 = LINE('',#1180,#1181);
#1180 = CARTESIAN_POINT('',(-0.433012701892,0.25,175.));
#1181 = VECTOR('',#1182,1.);
#1182 = DIRECTION('',(-0.5,-0.866025403784,1.232595164408E-32));
#1183 = PCURVE('',#775,#1184);
#1184 = DEFINITIONAL_REPRESENTATION('',(#1185),#1189);
#1185 = LINE('',#1186,#1187);
#1186 = CARTESIAN_POINT('',(6.28318530718,-0.));
#1187 = VECTOR('',#1188,1.);
#1188 = DIRECTION('',(0.,1.));
#1189 = ( GEOMETRIC_REPRESENTATION_CONTEXT(2) 
PARAMETRIC_REPRESENTATION_CONTEXT() REPRESENTATION_CONTEXT('2D SPACE',''
  ) );
#1190 = PCURVE('',#775,#1191);
#1191 = DEFINITIONAL_REPRESENTATION('',(#1192),#1196);
#1192 = LINE('',#1193,#1194);
#1193 = CARTESIAN_POINT('',(0.,-0.));
#1194 = VECTOR('',#1195,1.);
#1195 = DIRECTION('',(0.,1.));
#1196 = ( GEOMETRIC_REPRESENTATION_CONTEXT(2) 
PARAMETRIC_REPRESENTATION_CONTEXT() REPRESENTATION_CONTEXT('2D SPACE',''
  ) );
#1197 = ORIENTED_EDGE('',*,*,#1198,.T.);
#1198 = EDGE_CURVE('',#1176,#1176,#1199,.T.);
#1199 = SURFACE_CURVE('',#1200,(#1231,#1265),.PCURVE_S1.);
#1200 = B_SPLINE_CURVE_WITH_KNOTS('',8,(#1201,#1202,#1203,#1204,#1205,
    #1206,#1207,#1208,#1209,#1210,#1211,#1212,#1213,#1214,#1215,#1216,
    #1217,#1218,#1219,#1220,#1221,#1222,#1223,#1224,#1225,#1226,#1227,
    #1228,#1229,#1230),.UNSPECIFIED.,.T.,.F.,(9,7,7,7,9),(0.,
    0.249999999996,0.499999999993,0.749999999993,1.),.UNSPECIFIED.);
#1201 = CARTESIAN_POINT('',(-9.854696468608,-16.06883497679,175.));
#1202 = CARTESIAN_POINT('',(-9.854696468608,-16.06883497679,
    174.90708513108));
#1203 = CARTESIAN_POINT('',(-9.837869355453,-16.0791548143,
    174.81255521394));
#1204 = CARTESIAN_POINT('',(-9.803188813046,-16.10042309272,
    174.72158171987));
#1205 = CARTESIAN_POINT('',(-9.751083835479,-16.13224403573,
    174.63983029554));
#1206 = CARTESIAN_POINT('',(-9.683425310879,-16.17314938906,
    174.57274387364));
#1207 = CARTESIAN_POINT('',(-9.603466608243,-16.22077580666,
    174.52498354727));
#1208 = CARTESIAN_POINT('',(-9.515541070318,-16.27230495001,174.5));
#1209 = CARTESIAN_POINT('',(-9.334458929682,-16.37685277265,174.5));
#1210 = CARTESIAN_POINT('',(-9.245870613539,-16.42723395046,
    174.52498354727));
#1211 = CARTESIAN_POINT('',(-9.164645574695,-16.4726670094,
    174.57274387364));
#1212 = CARTESIAN_POINT('',(-9.095391237253,-16.51080833382,
    174.63983029554));
#1213 = CARTESIAN_POINT('',(-9.041781003456,-16.54002209655,
    174.72158171986));
#1214 = CARTESIAN_POINT('',(-9.006021862845,-16.55942218808,
    174.81255521395));
#1215 = CARTESIAN_POINT('',(-8.988671064824,-16.56883497679,
    174.90708513108));
#1216 = CARTESIAN_POINT('',(-8.988671064824,-16.56883497679,
    175.09291486891));
#1217 = CARTESIAN_POINT('',(-9.006021862846,-16.55942218808,
    175.18744478605));
#1218 = CARTESIAN_POINT('',(-9.041781003455,-16.54002209655,
    175.27841828013));
#1219 = CARTESIAN_POINT('',(-9.095391237254,-16.51080833382,
    175.36016970445));
#1220 = CARTESIAN_POINT('',(-9.164645574693,-16.4726670094,
    175.42725612635));
#1221 = CARTESIAN_POINT('',(-9.24587061354,-16.42723395046,
    175.47501645272));
#1222 = CARTESIAN_POINT('',(-9.334458929683,-16.37685277265,175.5));
#1223 = CARTESIAN_POINT('',(-9.51554107032,-16.27230495001,175.5));
#1224 = CARTESIAN_POINT('',(-9.603466608245,-16.22077580666,
    175.47501645272));
#1225 = CARTESIAN_POINT('',(-9.683425310875,-16.17314938906,
    175.42725612635));
#1226 = CARTESIAN_POINT('',(-9.751083835479,-16.13224403573,
    175.36016970445));
#1227 = CARTESIAN_POINT('',(-9.803188813045,-16.10042309272,
    175.27841828013));
#1228 = CARTESIAN_POINT('',(-9.837869355454,-16.0791548143,
    175.18744478605));
#1229 = CARTESIAN_POINT('',(-9.854696468608,-16.06883497679,
    175.09291486891));
#1230 = CARTESIAN_POINT('',(-9.854696468608,-16.06883497679,175.));
#1231 = PCURVE('',#775,#1232);
#1232 = DEFINITIONAL_REPRESENTATION('',(#1233),#1264);
#1233 = B_SPLINE_CURVE_WITH_KNOTS('',8,(#1234,#1235,#1236,#1237,#1238,
    #1239,#1240,#1241,#1242,#1243,#1244,#1245,#1246,#1247,#1248,#1249,
    #1250,#1251,#1252,#1253,#1254,#1255,#1256,#1257,#1258,#1259,#1260,
    #1261,#1262,#1263),.UNSPECIFIED.,.F.,.F.,(9,7,7,7,9),(0.,
    0.249999999996,0.499999999993,0.749999999993,1.),.UNSPECIFIED.);
#1234 = CARTESIAN_POINT('',(0.,18.843367533432));
#1235 = CARTESIAN_POINT('',(0.185829737835,18.843367533432));
#1236 = CARTESIAN_POINT('',(0.37488962358,18.843891218298));
#1237 = CARTESIAN_POINT('',(0.566614752635,18.844969816501));
#1238 = CARTESIAN_POINT('',(0.760883258596,18.846475072734));
#1239 = CARTESIAN_POINT('',(0.957835443876,18.848070885571));
#1240 = CARTESIAN_POINT('',(1.157879120598,18.849337221784));
#1241 = CARTESIAN_POINT('',(1.361700681512,18.85));
#1242 = CARTESIAN_POINT('',(1.779891972078,18.85));
#1243 = CARTESIAN_POINT('',(1.983713532997,18.849337221784));
#1244 = CARTESIAN_POINT('',(2.183757209705,18.848070885571));
#1245 = CARTESIAN_POINT('',(2.380709395002,18.846475072734));
#1246 = CARTESIAN_POINT('',(2.574977900947,18.844969816501));
#1247 = CARTESIAN_POINT('',(2.766703030014,18.843891218298));
#1248 = CARTESIAN_POINT('',(2.955762915755,18.843367533432));
#1249 = CARTESIAN_POINT('',(3.327422391426,18.843367533432));
#1250 = CARTESIAN_POINT('',(3.516482277168,18.843891218298));
#1251 = CARTESIAN_POINT('',(3.708207406228,18.844969816501));
#1252 = CARTESIAN_POINT('',(3.90247591218,18.846475072734));
#1253 = CARTESIAN_POINT('',(4.09942809747,18.848070885571));
#1254 = CARTESIAN_POINT('',(4.299471774184,18.849337221784));
#1255 = CARTESIAN_POINT('',(4.503293335104,18.85));
#1256 = CARTESIAN_POINT('',(4.921484625672,18.85));
#1257 = CARTESIAN_POINT('',(5.125306186587,18.849337221784));
#1258 = CARTESIAN_POINT('',(5.325349863296,18.848070885571));
#1259 = CARTESIAN_POINT('',(5.522302048585,18.846475072734));
#1260 = CARTESIAN_POINT('',(5.716570554539,18.844969816501));
#1261 = CARTESIAN_POINT('',(5.908295683603,18.843891218298));
#1262 = CARTESIAN_POINT('',(6.097355569348,18.843367533432));
#1263 = CARTESIAN_POINT('',(6.28318530718,18.843367533432));
#1264 = ( GEOMETRIC_REPRESENTATION_CONTEXT(2) 
PARAMETRIC_REPRESENTATION_CONTEXT() REPRESENTATION_CONTEXT('2D SPACE',''
  ) );
#1265 = PCURVE('',#895,#1266);
#1266 = DEFINITIONAL_REPRESENTATION('',(#1267),#1298);
#1267 = B_SPLINE_CURVE_WITH_KNOTS('',8,(#1268,#1269,#1270,#1271,#1272,
    #1273,#1274,#1275,#1276,#1277,#1278,#1279,#1280,#1281,#1282,#1283,
    #1284,#1285,#1286,#1287,#1288,#1289,#1290,#1291,#1292,#1293,#1294,
    #1295,#1296,#1297),.UNSPECIFIED.,.T.,.F.,(9,7,7,7,9),(0.,
    0.249999999996,0.499999999993,0.749999999993,1.),.UNSPECIFIED.);
#1268 = CARTESIAN_POINT('',(-4.162261894402,17.));
#1269 = CARTESIAN_POINT('',(-4.162261894402,17.092914868917));
#1270 = CARTESIAN_POINT('',(-4.163309087444,17.187444786051));
#1271 = CARTESIAN_POINT('',(-4.165467314622,17.27841828013));
#1272 = CARTESIAN_POINT('',(-4.168706223215,17.360169704456));
#1273 = CARTESIAN_POINT('',(-4.172900419858,17.427256126356));
#1274 = CARTESIAN_POINT('',(-4.177837517293,17.475016452725));
#1275 = CARTESIAN_POINT('',(-4.183243901198,17.5));
#1276 = CARTESIAN_POINT('',(-4.194336508375,17.5));
#1277 = CARTESIAN_POINT('',(-4.19974289228,17.475016452724));
#1278 = CARTESIAN_POINT('',(-4.204679989714,17.427256126356));
#1279 = CARTESIAN_POINT('',(-4.208874186358,17.360169704456));
#1280 = CARTESIAN_POINT('',(-4.21211309495,17.278418280132));
#1281 = CARTESIAN_POINT('',(-4.214271322129,17.18744478605));
#1282 = CARTESIAN_POINT('',(-4.215318515171,17.092914868917));
#1283 = CARTESIAN_POINT('',(-4.215318515171,16.907085131082));
#1284 = CARTESIAN_POINT('',(-4.214271322129,16.812555213949));
#1285 = CARTESIAN_POINT('',(-4.21211309495,16.72158171987));
#1286 = CARTESIAN_POINT('',(-4.208874186358,16.639830295544));
#1287 = CARTESIAN_POINT('',(-4.204679989714,16.572743873645));
#1288 = CARTESIAN_POINT('',(-4.19974289228,16.524983547275));
#1289 = CARTESIAN_POINT('',(-4.194336508375,16.5));
#1290 = CARTESIAN_POINT('',(-4.183243901198,16.5));
#1291 = CARTESIAN_POINT('',(-4.177837517293,16.524983547276));
#1292 = CARTESIAN_POINT('',(-4.172900419859,16.572743873644));
#1293 = CARTESIAN_POINT('',(-4.168706223215,16.639830295543));
#1294 = CARTESIAN_POINT('',(-4.165467314623,16.721581719868));
#1295 = CARTESIAN_POINT('',(-4.163309087444,16.81255521395));
#1296 = CARTESIAN_POINT('',(-4.162261894402,16.907085131084));
#1297 = CARTESIAN_POINT('',(-4.162261894402,17.));
#1298 = ( GEOMETRIC_REPRESENTATION_CONTEXT(2) 
PARAMETRIC_REPRESENTATION_CONTEXT() REPRESENTATION_CONTEXT('2D SPACE',''
  ) );
#1299 = ORIENTED_EDGE('',*,*,#1175,.T.);
#1300 = ADVANCED_FACE('',(#1301,#1719,#1722),#895,.F.);
#1301 = FACE_BOUND('',#1302,.T.);
#1302 = EDGE_LOOP('',(#1303,#1331,#1360,#1386,#1419,#1440,#1464,#1485,
    #1486,#1509,#1536,#1537,#1538,#1539,#1563,#1589,#1622,#1643,#1667,
    #1688));
#1303 = ORIENTED_EDGE('',*,*,#1304,.F.);
#1304 = EDGE_CURVE('',#1305,#1307,#1309,.T.);
#1305 = VERTEX_POINT('',#1306);
#1306 = CARTESIAN_POINT('',(-18.83682573601,0.704624858341,192.));
#1307 = VERTEX_POINT('',#1308);
#1308 = CARTESIAN_POINT('',(-18.83682573601,0.704624858341,184.));
#1309 = SURFACE_CURVE('',#1310,(#1314,#1320),.PCURVE_S1.);
#1310 = LINE('',#1311,#1312);
#1311 = CARTESIAN_POINT('',(-18.83682573601,0.704624858341,192.));
#1312 = VECTOR('',#1313,1.);
#1313 = DIRECTION('',(-0.,-0.,-1.));
#1314 = PCURVE('',#895,#1315);
#1315 = DEFINITIONAL_REPRESENTATION('',(#1316),#1319);
#1316 = B_SPLINE_CURVE_WITH_KNOTS('',1,(#1317,#1318),.UNSPECIFIED.,.F.,
  .F.,(2,2),(-5.999999928008E-07,8.0000006),.PIECEWISE_BEZIER_KNOTS.);
#1317 = CARTESIAN_POINT('',(-3.104203313625,-5.999999928008E-07));
#1318 = CARTESIAN_POINT('',(-3.104203313625,8.0000006));
#1319 = ( GEOMETRIC_REPRESENTATION_CONTEXT(2) 
PARAMETRIC_REPRESENTATION_CONTEXT() REPRESENTATION_CONTEXT('2D SPACE',''
  ) );
#1320 = PCURVE('',#1321,#1326);
#1321 = CYLINDRICAL_SURFACE('',#1322,3.1);
#1322 = AXIS2_PLACEMENT_3D('',#1323,#1324,#1325);
#1323 = CARTESIAN_POINT('',(-16.69249141355,2.943336611454,184.));
#1324 = DIRECTION('',(-0.,-0.,-1.));
#1325 = DIRECTION('',(1.,0.,0.));
#1326 = DEFINITIONAL_REPRESENTATION('',(#1327),#1330);
#1327 = B_SPLINE_CURVE_WITH_KNOTS('',1,(#1328,#1329),.UNSPECIFIED.,.F.,
  .F.,(2,2),(0.,8.),.PIECEWISE_BEZIER_KNOTS.);
#1328 = CARTESIAN_POINT('',(-3.948519874007,-8.));
#1329 = CARTESIAN_POINT('',(-3.948519874007,0.));
#1330 = ( GEOMETRIC_REPRESENTATION_CONTEXT(2) 
PARAMETRIC_REPRESENTATION_CONTEXT() REPRESENTATION_CONTEXT('2D SPACE',''
  ) );
#1331 = ORIENTED_EDGE('',*,*,#1332,.T.);
#1332 = EDGE_CURVE('',#1305,#1333,#1335,.T.);
#1333 = VERTEX_POINT('',#1334);
#1334 = CARTESIAN_POINT('',(-2.577060438629,-18.67300884955,192.));
#1335 = SURFACE_CURVE('',#1336,(#1341,#1348),.PCURVE_S1.);
#1336 = CIRCLE('',#1337,18.85);
#1337 = AXIS2_PLACEMENT_3D('',#1338,#1339,#1340);
#1338 = CARTESIAN_POINT('',(0.,0.,192.));
#1339 = DIRECTION('',(0.,0.,1.));
#1340 = DIRECTION('',(1.,0.,-0.));
#1341 = PCURVE('',#895,#1342);
#1342 = DEFINITIONAL_REPRESENTATION('',(#1343),#1347);
#1343 = LINE('',#1344,#1345);
#1344 = CARTESIAN_POINT('',(-0.,0.));
#1345 = VECTOR('',#1346,1.);
#1346 = DIRECTION('',(-1.,0.));
#1347 = ( GEOMETRIC_REPRESENTATION_CONTEXT(2) 
PARAMETRIC_REPRESENTATION_CONTEXT() REPRESENTATION_CONTEXT('2D SPACE',''
  ) );
#1348 = PCURVE('',#1349,#1354);
#1349 = PLANE('',#1350);
#1350 = AXIS2_PLACEMENT_3D('',#1351,#1352,#1353);
#1351 = CARTESIAN_POINT('',(0.,0.,192.));
#1352 = DIRECTION('',(0.,0.,1.));
#1353 = DIRECTION('',(1.,0.,-0.));
#1354 = DEFINITIONAL_REPRESENTATION('',(#1355),#1359);
#1355 = CIRCLE('',#1356,18.85);
#1356 = AXIS2_PLACEMENT_2D('',#1357,#1358);
#1357 = CARTESIAN_POINT('',(0.,0.));
#1358 = DIRECTION('',(1.,0.));
#1359 = ( GEOMETRIC_REPRESENTATION_CONTEXT(2) 
PARAMETRIC_REPRESENTATION_CONTEXT() REPRESENTATION_CONTEXT('2D SPACE',''
  ) );
#1360 = ORIENTED_EDGE('',*,*,#1361,.T.);
#1361 = EDGE_CURVE('',#1333,#1362,#1364,.T.);
#1362 = VERTEX_POINT('',#1363);
#1363 = CARTESIAN_POINT('',(-2.577060438629,-18.67300884955,184.));
#1364 = SURFACE_CURVE('',#1365,(#1369,#1375),.PCURVE_S1.);
#1365 = LINE('',#1366,#1367);
#1366 = CARTESIAN_POINT('',(-2.577060438629,-18.67300884955,192.));
#1367 = VECTOR('',#1368,1.);
#1368 = DIRECTION('',(-0.,-0.,-1.));
#1369 = PCURVE('',#895,#1370);
#1370 = DEFINITIONAL_REPRESENTATION('',(#1371),#1374);
#1371 = B_SPLINE_CURVE_WITH_KNOTS('',1,(#1372,#1373),.UNSPECIFIED.,.F.,
  .F.,(2,2),(-5.999999928008E-07,8.0000006),.PIECEWISE_BEZIER_KNOTS.);
#1372 = CARTESIAN_POINT('',(-4.57524539515,-5.999999928008E-07));
#1373 = CARTESIAN_POINT('',(-4.57524539515,8.0000006));
#1374 = ( GEOMETRIC_REPRESENTATION_CONTEXT(2) 
PARAMETRIC_REPRESENTATION_CONTEXT() REPRESENTATION_CONTEXT('2D SPACE',''
  ) );
#1375 = PCURVE('',#1376,#1381);
#1376 = CYLINDRICAL_SURFACE('',#1377,3.1);
#1377 = AXIS2_PLACEMENT_3D('',#1378,#1379,#1380);
#1378 = CARTESIAN_POINT('',(-3.113664486832E-15,-16.95,184.));
#1379 = DIRECTION('',(-0.,-0.,-1.));
#1380 = DIRECTION('',(1.,0.,0.));
#1381 = DEFINITIONAL_REPRESENTATION('',(#1382),#1385);
#1382 = B_SPLINE_CURVE_WITH_KNOTS('',1,(#1383,#1384),.UNSPECIFIED.,.F.,
  .F.,(2,2),(-0.,8.),.PIECEWISE_BEZIER_KNOTS.);
#1383 = CARTESIAN_POINT('',(-10.01411414194,-8.));
#1384 = CARTESIAN_POINT('',(-10.01411414194,0.));
#1385 = ( GEOMETRIC_REPRESENTATION_CONTEXT(2) 
PARAMETRIC_REPRESENTATION_CONTEXT() REPRESENTATION_CONTEXT('2D SPACE',''
  ) );
#1386 = ORIENTED_EDGE('',*,*,#1387,.F.);
#1387 = EDGE_CURVE('',#1388,#1362,#1390,.T.);
#1388 = VERTEX_POINT('',#1389);
#1389 = CARTESIAN_POINT('',(2.577060438629,-18.67300884955,184.));
#1390 = SURFACE_CURVE('',#1391,(#1396,#1403),.PCURVE_S1.);
#1391 = CIRCLE('',#1392,18.85);
#1392 = AXIS2_PLACEMENT_3D('',#1393,#1394,#1395);
#1393 = CARTESIAN_POINT('',(0.,0.,184.));
#1394 = DIRECTION('',(0.,0.,-1.));
#1395 = DIRECTION('',(1.,0.,0.));
#1396 = PCURVE('',#895,#1397);
#1397 = DEFINITIONAL_REPRESENTATION('',(#1398),#1402);
#1398 = LINE('',#1399,#1400);
#1399 = CARTESIAN_POINT('',(-6.28318530718,8.));
#1400 = VECTOR('',#1401,1.);
#1401 = DIRECTION('',(1.,-0.));
#1402 = ( GEOMETRIC_REPRESENTATION_CONTEXT(2) 
PARAMETRIC_REPRESENTATION_CONTEXT() REPRESENTATION_CONTEXT('2D SPACE',''
  ) );
#1403 = PCURVE('',#1404,#1409);
#1404 = PLANE('',#1405);
#1405 = AXIS2_PLACEMENT_3D('',#1406,#1407,#1408);
#1406 = CARTESIAN_POINT('',(-3.308322901305E-15,-16.95,184.));
#1407 = DIRECTION('',(0.,0.,1.));
#1408 = DIRECTION('',(1.,0.,-0.));
#1409 = DEFINITIONAL_REPRESENTATION('',(#1410),#1418);
#1410 = ( BOUNDED_CURVE() B_SPLINE_CURVE(2,(#1411,#1412,#1413,#1414,
#1415,#1416,#1417),.UNSPECIFIED.,.T.,.F.) B_SPLINE_CURVE_WITH_KNOTS((1,2
    ,2,2,2,1),(-2.094395102393,0.,2.094395102393,4.188790204786,
6.28318530718,8.377580409573),.UNSPECIFIED.) CURVE() 
GEOMETRIC_REPRESENTATION_ITEM() RATIONAL_B_SPLINE_CURVE((1.,0.5,1.,0.5,
1.,0.5,1.)) REPRESENTATION_ITEM('') );
#1411 = CARTESIAN_POINT('',(18.85,16.95));
#1412 = CARTESIAN_POINT('',(18.85,-15.69915772267));
#1413 = CARTESIAN_POINT('',(-9.425,0.625421138663));
#1414 = CARTESIAN_POINT('',(-37.7,16.95));
#1415 = CARTESIAN_POINT('',(-9.425,33.274578861337));
#1416 = CARTESIAN_POINT('',(18.85,49.599157722673));
#1417 = CARTESIAN_POINT('',(18.85,16.95));
#1418 = ( GEOMETRIC_REPRESENTATION_CONTEXT(2) 
PARAMETRIC_REPRESENTATION_CONTEXT() REPRESENTATION_CONTEXT('2D SPACE',''
  ) );
#1419 = ORIENTED_EDGE('',*,*,#1420,.F.);
#1420 = EDGE_CURVE('',#1421,#1388,#1423,.T.);
#1421 = VERTEX_POINT('',#1422);
#1422 = CARTESIAN_POINT('',(2.577060438629,-18.67300884955,192.));
#1423 = SURFACE_CURVE('',#1424,(#1428,#1434),.PCURVE_S1.);
#1424 = LINE('',#1425,#1426);
#1425 = CARTESIAN_POINT('',(2.577060438629,-18.67300884955,192.));
#1426 = VECTOR('',#1427,1.);
#1427 = DIRECTION('',(-0.,-0.,-1.));
#1428 = PCURVE('',#895,#1429);
#1429 = DEFINITIONAL_REPRESENTATION('',(#1430),#1433);
#1430 = B_SPLINE_CURVE_WITH_KNOTS('',1,(#1431,#1432),.UNSPECIFIED.,.F.,
  .F.,(2,2),(-5.999999928008E-07,8.0000006),.PIECEWISE_BEZIER_KNOTS.);
#1431 = CARTESIAN_POINT('',(-4.849532565619,-5.999999928008E-07));
#1432 = CARTESIAN_POINT('',(-4.849532565619,8.0000006));
#1433 = ( GEOMETRIC_REPRESENTATION_CONTEXT(2) 
PARAMETRIC_REPRESENTATION_CONTEXT() REPRESENTATION_CONTEXT('2D SPACE',''
  ) );
#1434 = PCURVE('',#1376,#1435);
#1435 = DEFINITIONAL_REPRESENTATION('',(#1436),#1439);
#1436 = B_SPLINE_CURVE_WITH_KNOTS('',1,(#1437,#1438),.UNSPECIFIED.,.F.,
  .F.,(2,2),(0.,8.),.PIECEWISE_BEZIER_KNOTS.);
#1437 = CARTESIAN_POINT('',(-5.693849126001,-8.));
#1438 = CARTESIAN_POINT('',(-5.693849126001,0.));
#1439 = ( GEOMETRIC_REPRESENTATION_CONTEXT(2) 
PARAMETRIC_REPRESENTATION_CONTEXT() REPRESENTATION_CONTEXT('2D SPACE',''
  ) );
#1440 = ORIENTED_EDGE('',*,*,#1441,.T.);
#1441 = EDGE_CURVE('',#1421,#1442,#1444,.T.);
#1442 = VERTEX_POINT('',#1443);
#1443 = CARTESIAN_POINT('',(18.85,0.,192.));
#1444 = SURFACE_CURVE('',#1445,(#1450,#1457),.PCURVE_S1.);
#1445 = CIRCLE('',#1446,18.85);
#1446 = AXIS2_PLACEMENT_3D('',#1447,#1448,#1449);
#1447 = CARTESIAN_POINT('',(0.,0.,192.));
#1448 = DIRECTION('',(0.,0.,1.));
#1449 = DIRECTION('',(1.,0.,-0.));
#1450 = PCURVE('',#895,#1451);
#1451 = DEFINITIONAL_REPRESENTATION('',(#1452),#1456);
#1452 = LINE('',#1453,#1454);
#1453 = CARTESIAN_POINT('',(-0.,0.));
#1454 = VECTOR('',#1455,1.);
#1455 = DIRECTION('',(-1.,0.));
#1456 = ( GEOMETRIC_REPRESENTATION_CONTEXT(2) 
PARAMETRIC_REPRESENTATION_CONTEXT() REPRESENTATION_CONTEXT('2D SPACE',''
  ) );
#1457 = PCURVE('',#1349,#1458);
#1458 = DEFINITIONAL_REPRESENTATION('',(#1459),#1463);
#1459 = CIRCLE('',#1460,18.85);
#1460 = AXIS2_PLACEMENT_2D('',#1461,#1462);
#1461 = CARTESIAN_POINT('',(0.,0.));
#1462 = DIRECTION('',(1.,0.));
#1463 = ( GEOMETRIC_REPRESENTATION_CONTEXT(2) 
PARAMETRIC_REPRESENTATION_CONTEXT() REPRESENTATION_CONTEXT('2D SPACE',''
  ) );
#1464 = ORIENTED_EDGE('',*,*,#1465,.T.);
#1465 = EDGE_CURVE('',#1442,#819,#1466,.T.);
#1466 = SEAM_CURVE('',#1467,(#1471,#1478),.PCURVE_S1.);
#1467 = LINE('',#1468,#1469);
#1468 = CARTESIAN_POINT('',(18.85,0.,192.));
#1469 = VECTOR('',#1470,1.);
#1470 = DIRECTION('',(0.,0.,-1.));
#1471 = PCURVE('',#895,#1472);
#1472 = DEFINITIONAL_REPRESENTATION('',(#1473),#1477);
#1473 = LINE('',#1474,#1475);
#1474 = CARTESIAN_POINT('',(-0.,0.));
#1475 = VECTOR('',#1476,1.);
#1476 = DIRECTION('',(-0.,1.));
#1477 = ( GEOMETRIC_REPRESENTATION_CONTEXT(2) 
PARAMETRIC_REPRESENTATION_CONTEXT() REPRESENTATION_CONTEXT('2D SPACE',''
  ) );
#1478 = PCURVE('',#895,#1479);
#1479 = DEFINITIONAL_REPRESENTATION('',(#1480),#1484);
#1480 = LINE('',#1481,#1482);
#1481 = CARTESIAN_POINT('',(-6.28318530718,0.));
#1482 = VECTOR('',#1483,1.);
#1483 = DIRECTION('',(-0.,1.));
#1484 = ( GEOMETRIC_REPRESENTATION_CONTEXT(2) 
PARAMETRIC_REPRESENTATION_CONTEXT() REPRESENTATION_CONTEXT('2D SPACE',''
  ) );
#1485 = ORIENTED_EDGE('',*,*,#841,.T.);
#1486 = ORIENTED_EDGE('',*,*,#1487,.T.);
#1487 = EDGE_CURVE('',#842,#1488,#1490,.T.);
#1488 = VERTEX_POINT('',#1489);
#1489 = CARTESIAN_POINT('',(18.85,0.,50.));
#1490 = SEAM_CURVE('',#1491,(#1495,#1502),.PCURVE_S1.);
#1491 = LINE('',#1492,#1493);
#1492 = CARTESIAN_POINT('',(18.85,0.,192.));
#1493 = VECTOR('',#1494,1.);
#1494 = DIRECTION('',(0.,0.,-1.));
#1495 = PCURVE('',#895,#1496);
#1496 = DEFINITIONAL_REPRESENTATION('',(#1497),#1501);
#1497 = LINE('',#1498,#1499);
#1498 = CARTESIAN_POINT('',(-0.,0.));
#1499 = VECTOR('',#1500,1.);
#1500 = DIRECTION('',(-0.,1.));
#1501 = ( GEOMETRIC_REPRESENTATION_CONTEXT(2) 
PARAMETRIC_REPRESENTATION_CONTEXT() REPRESENTATION_CONTEXT('2D SPACE',''
  ) );
#1502 = PCURVE('',#895,#1503);
#1503 = DEFINITIONAL_REPRESENTATION('',(#1504),#1508);
#1504 = LINE('',#1505,#1506);
#1505 = CARTESIAN_POINT('',(-6.28318530718,0.));
#1506 = VECTOR('',#1507,1.);
#1507 = DIRECTION('',(-0.,1.));
#1508 = ( GEOMETRIC_REPRESENTATION_CONTEXT(2) 
PARAMETRIC_REPRESENTATION_CONTEXT() REPRESENTATION_CONTEXT('2D SPACE',''
  ) );
#1509 = ORIENTED_EDGE('',*,*,#1510,.F.);
#1510 = EDGE_CURVE('',#1488,#1488,#1511,.T.);
#1511 = SURFACE_CURVE('',#1512,(#1517,#1524),.PCURVE_S1.);
#1512 = CIRCLE('',#1513,18.85);
#1513 = AXIS2_PLACEMENT_3D('',#1514,#1515,#1516);
#1514 = CARTESIAN_POINT('',(0.,0.,50.));
#1515 = DIRECTION('',(0.,0.,1.));
#1516 = DIRECTION('',(1.,0.,-0.));
#1517 = PCURVE('',#895,#1518);
#1518 = DEFINITIONAL_REPRESENTATION('',(#1519),#1523);
#1519 = LINE('',#1520,#1521);
#1520 = CARTESIAN_POINT('',(-0.,142.));
#1521 = VECTOR('',#1522,1.);
#1522 = DIRECTION('',(-1.,0.));
#1523 = ( GEOMETRIC_REPRESENTATION_CONTEXT(2) 
PARAMETRIC_REPRESENTATION_CONTEXT() REPRESENTATION_CONTEXT('2D SPACE',''
  ) );
#1524 = PCURVE('',#1525,#1530);
#1525 = PLANE('',#1526);
#1526 = AXIS2_PLACEMENT_3D('',#1527,#1528,#1529);
#1527 = CARTESIAN_POINT('',(0.,0.,50.));
#1528 = DIRECTION('',(0.,0.,1.));
#1529 = DIRECTION('',(1.,0.,-0.));
#1530 = DEFINITIONAL_REPRESENTATION('',(#1531),#1535);
#1531 = CIRCLE('',#1532,18.85);
#1532 = AXIS2_PLACEMENT_2D('',#1533,#1534);
#1533 = CARTESIAN_POINT('',(0.,0.));
#1534 = DIRECTION('',(1.,-0.));
#1535 = ( GEOMETRIC_REPRESENTATION_CONTEXT(2) 
PARAMETRIC_REPRESENTATION_CONTEXT() REPRESENTATION_CONTEXT('2D SPACE',''
  ) );
#1536 = ORIENTED_EDGE('',*,*,#1487,.F.);
#1537 = ORIENTED_EDGE('',*,*,#926,.T.);
#1538 = ORIENTED_EDGE('',*,*,#1465,.F.);
#1539 = ORIENTED_EDGE('',*,*,#1540,.T.);
#1540 = EDGE_CURVE('',#1442,#1541,#1543,.T.);
#1541 = VERTEX_POINT('',#1542);
#1542 = CARTESIAN_POINT('',(18.836825736015,0.704624858342,192.));
#1543 = SURFACE_CURVE('',#1544,(#1549,#1556),.PCURVE_S1.);
#1544 = CIRCLE('',#1545,18.85);
#1545 = AXIS2_PLACEMENT_3D('',#1546,#1547,#1548);
#1546 = CARTESIAN_POINT('',(0.,0.,192.));
#1547 = DIRECTION('',(0.,0.,1.));
#1548 = DIRECTION('',(1.,0.,-0.));
#1549 = PCURVE('',#895,#1550);
#1550 = DEFINITIONAL_REPRESENTATION('',(#1551),#1555);
#1551 = LINE('',#1552,#1553);
#1552 = CARTESIAN_POINT('',(-0.,0.));
#1553 = VECTOR('',#1554,1.);
#1554 = DIRECTION('',(-1.,0.));
#1555 = ( GEOMETRIC_REPRESENTATION_CONTEXT(2) 
PARAMETRIC_REPRESENTATION_CONTEXT() REPRESENTATION_CONTEXT('2D SPACE',''
  ) );
#1556 = PCURVE('',#1349,#1557);
#1557 = DEFINITIONAL_REPRESENTATION('',(#1558),#1562);
#1558 = CIRCLE('',#1559,18.85);
#1559 = AXIS2_PLACEMENT_2D('',#1560,#1561);
#1560 = CARTESIAN_POINT('',(0.,0.));
#1561 = DIRECTION('',(1.,0.));
#1562 = ( GEOMETRIC_REPRESENTATION_CONTEXT(2) 
PARAMETRIC_REPRESENTATION_CONTEXT() REPRESENTATION_CONTEXT('2D SPACE',''
  ) );
#1563 = ORIENTED_EDGE('',*,*,#1564,.T.);
#1564 = EDGE_CURVE('',#1541,#1565,#1567,.T.);
#1565 = VERTEX_POINT('',#1566);
#1566 = CARTESIAN_POINT('',(18.836825736015,0.704624858341,184.));
#1567 = SURFACE_CURVE('',#1568,(#1572,#1578),.PCURVE_S1.);
#1568 = LINE('',#1569,#1570);
#1569 = CARTESIAN_POINT('',(18.836825736015,0.704624858341,192.));
#1570 = VECTOR('',#1571,1.);
#1571 = DIRECTION('',(-0.,-0.,-1.));
#1572 = PCURVE('',#895,#1573);
#1573 = DEFINITIONAL_REPRESENTATION('',(#1574),#1577);
#1574 = B_SPLINE_CURVE_WITH_KNOTS('',1,(#1575,#1576),.UNSPECIFIED.,.F.,
  .F.,(2,2),(-5.999999928008E-07,8.0000006),.PIECEWISE_BEZIER_KNOTS.);
#1575 = CARTESIAN_POINT('',(-3.738933996487E-02,-5.999999928008E-07));
#1576 = CARTESIAN_POINT('',(-3.738933996487E-02,8.0000006));
#1577 = ( GEOMETRIC_REPRESENTATION_CONTEXT(2) 
PARAMETRIC_REPRESENTATION_CONTEXT() REPRESENTATION_CONTEXT('2D SPACE',''
  ) );
#1578 = PCURVE('',#1579,#1584);
#1579 = CYLINDRICAL_SURFACE('',#1580,3.1);
#1580 = AXIS2_PLACEMENT_3D('',#1581,#1582,#1583);
#1581 = CARTESIAN_POINT('',(16.692491413557,2.943336611454,184.));
#1582 = DIRECTION('',(-0.,-0.,-1.));
#1583 = DIRECTION('',(1.,0.,0.));
#1584 = DEFINITIONAL_REPRESENTATION('',(#1585),#1588);
#1585 = B_SPLINE_CURVE_WITH_KNOTS('',1,(#1586,#1587),.UNSPECIFIED.,.F.,
  .F.,(2,2),(-5.999999928008E-07,8.0000006),.PIECEWISE_BEZIER_KNOTS.);
#1586 = CARTESIAN_POINT('',(-5.476258086762,-8.0000006));
#1587 = CARTESIAN_POINT('',(-5.476258086762,5.999999928008E-07));
#1588 = ( GEOMETRIC_REPRESENTATION_CONTEXT(2) 
PARAMETRIC_REPRESENTATION_CONTEXT() REPRESENTATION_CONTEXT('2D SPACE',''
  ) );
#1589 = ORIENTED_EDGE('',*,*,#1590,.F.);
#1590 = EDGE_CURVE('',#1591,#1565,#1593,.T.);
#1591 = VERTEX_POINT('',#1592);
#1592 = CARTESIAN_POINT('',(17.941822038204,5.780443058227,184.));
#1593 = SURFACE_CURVE('',#1594,(#1599,#1606),.PCURVE_S1.);
#1594 = CIRCLE('',#1595,18.85);
#1595 = AXIS2_PLACEMENT_3D('',#1596,#1597,#1598);
#1596 = CARTESIAN_POINT('',(0.,0.,184.));
#1597 = DIRECTION('',(0.,0.,-1.));
#1598 = DIRECTION('',(1.,0.,0.));
#1599 = PCURVE('',#895,#1600);
#1600 = DEFINITIONAL_REPRESENTATION('',(#1601),#1605);
#1601 = LINE('',#1602,#1603);
#1602 = CARTESIAN_POINT('',(-6.28318530718,8.));
#1603 = VECTOR('',#1604,1.);
#1604 = DIRECTION('',(1.,-0.));
#1605 = ( GEOMETRIC_REPRESENTATION_CONTEXT(2) 
PARAMETRIC_REPRESENTATION_CONTEXT() REPRESENTATION_CONTEXT('2D SPACE',''
  ) );
#1606 = PCURVE('',#1607,#1612);
#1607 = PLANE('',#1608);
#1608 = AXIS2_PLACEMENT_3D('',#1609,#1610,#1611);
#1609 = CARTESIAN_POINT('',(16.692491413557,2.943336611454,184.));
#1610 = DIRECTION('',(0.,0.,1.));
#1611 = DIRECTION('',(1.,0.,-0.));
#1612 = DEFINITIONAL_REPRESENTATION('',(#1613),#1621);
#1613 = ( BOUNDED_CURVE() B_SPLINE_CURVE(2,(#1614,#1615,#1616,#1617,
#1618,#1619,#1620),.UNSPECIFIED.,.T.,.F.) B_SPLINE_CURVE_WITH_KNOTS((1,2
    ,2,2,2,1),(-2.094395102393,0.,2.094395102393,4.188790204786,
6.28318530718,8.377580409573),.UNSPECIFIED.) CURVE() 
GEOMETRIC_REPRESENTATION_ITEM() RATIONAL_B_SPLINE_CURVE((1.,0.5,1.,0.5,
1.,0.5,1.)) REPRESENTATION_ITEM('') );
#1614 = CARTESIAN_POINT('',(2.157508586443,-2.943336611454));
#1615 = CARTESIAN_POINT('',(2.157508586443,-35.59249433412));
#1616 = CARTESIAN_POINT('',(-26.11749141355,-19.26791547279));
#1617 = CARTESIAN_POINT('',(-54.39249141355,-2.943336611454));
#1618 = CARTESIAN_POINT('',(-26.11749141355,13.381242249882));
#1619 = CARTESIAN_POINT('',(2.157508586443,29.705821111219));
#1620 = CARTESIAN_POINT('',(2.157508586443,-2.943336611454));
#1621 = ( GEOMETRIC_REPRESENTATION_CONTEXT(2) 
PARAMETRIC_REPRESENTATION_CONTEXT() REPRESENTATION_CONTEXT('2D SPACE',''
  ) );
#1622 = ORIENTED_EDGE('',*,*,#1623,.F.);
#1623 = EDGE_CURVE('',#1624,#1591,#1626,.T.);
#1624 = VERTEX_POINT('',#1625);
#1625 = CARTESIAN_POINT('',(17.941822038204,5.780443058227,192.));
#1626 = SURFACE_CURVE('',#1627,(#1631,#1637),.PCURVE_S1.);
#1627 = LINE('',#1628,#1629);
#1628 = CARTESIAN_POINT('',(17.941822038204,5.780443058227,192.));
#1629 = VECTOR('',#1630,1.);
#1630 = DIRECTION('',(-0.,-0.,-1.));
#1631 = PCURVE('',#895,#1632);
#1632 = DEFINITIONAL_REPRESENTATION('',(#1633),#1636);
#1633 = B_SPLINE_CURVE_WITH_KNOTS('',1,(#1634,#1635),.UNSPECIFIED.,.F.,
  .F.,(2,2),(-5.999999928008E-07,8.0000006),.PIECEWISE_BEZIER_KNOTS.);
#1634 = CARTESIAN_POINT('',(-0.311676510434,-5.999999928008E-07));
#1635 = CARTESIAN_POINT('',(-0.311676510434,8.0000006));
#1636 = ( GEOMETRIC_REPRESENTATION_CONTEXT(2) 
PARAMETRIC_REPRESENTATION_CONTEXT() REPRESENTATION_CONTEXT('2D SPACE',''
  ) );
#1637 = PCURVE('',#1579,#1638);
#1638 = DEFINITIONAL_REPRESENTATION('',(#1639),#1642);
#1639 = B_SPLINE_CURVE_WITH_KNOTS('',1,(#1640,#1641),.UNSPECIFIED.,.F.,
  .F.,(2,2),(-5.999999928008E-07,8.0000006),.PIECEWISE_BEZIER_KNOTS.);
#1640 = CARTESIAN_POINT('',(-1.155993070816,-8.0000006));
#1641 = CARTESIAN_POINT('',(-1.155993070816,5.999999928008E-07));
#1642 = ( GEOMETRIC_REPRESENTATION_CONTEXT(2) 
PARAMETRIC_REPRESENTATION_CONTEXT() REPRESENTATION_CONTEXT('2D SPACE',''
  ) );
#1643 = ORIENTED_EDGE('',*,*,#1644,.T.);
#1644 = EDGE_CURVE('',#1624,#1645,#1647,.T.);
#1645 = VERTEX_POINT('',#1646);
#1646 = CARTESIAN_POINT('',(-17.9418220382,5.780443058227,192.));
#1647 = SURFACE_CURVE('',#1648,(#1653,#1660),.PCURVE_S1.);
#1648 = CIRCLE('',#1649,18.85);
#1649 = AXIS2_PLACEMENT_3D('',#1650,#1651,#1652);
#1650 = CARTESIAN_POINT('',(0.,0.,192.));
#1651 = DIRECTION('',(0.,0.,1.));
#1652 = DIRECTION('',(1.,0.,-0.));
#1653 = PCURVE('',#895,#1654);
#1654 = DEFINITIONAL_REPRESENTATION('',(#1655),#1659);
#1655 = LINE('',#1656,#1657);
#1656 = CARTESIAN_POINT('',(-0.,0.));
#1657 = VECTOR('',#1658,1.);
#1658 = DIRECTION('',(-1.,0.));
#1659 = ( GEOMETRIC_REPRESENTATION_CONTEXT(2) 
PARAMETRIC_REPRESENTATION_CONTEXT() REPRESENTATION_CONTEXT('2D SPACE',''
  ) );
#1660 = PCURVE('',#1349,#1661);
#1661 = DEFINITIONAL_REPRESENTATION('',(#1662),#1666);
#1662 = CIRCLE('',#1663,18.85);
#1663 = AXIS2_PLACEMENT_2D('',#1664,#1665);
#1664 = CARTESIAN_POINT('',(0.,0.));
#1665 = DIRECTION('',(1.,0.));
#1666 = ( GEOMETRIC_REPRESENTATION_CONTEXT(2) 
PARAMETRIC_REPRESENTATION_CONTEXT() REPRESENTATION_CONTEXT('2D SPACE',''
  ) );
#1667 = ORIENTED_EDGE('',*,*,#1668,.T.);
#1668 = EDGE_CURVE('',#1645,#1669,#1671,.T.);
#1669 = VERTEX_POINT('',#1670);
#1670 = CARTESIAN_POINT('',(-17.9418220382,5.780443058227,184.));
#1671 = SURFACE_CURVE('',#1672,(#1676,#1682),.PCURVE_S1.);
#1672 = LINE('',#1673,#1674);
#1673 = CARTESIAN_POINT('',(-17.9418220382,5.780443058227,192.));
#1674 = VECTOR('',#1675,1.);
#1675 = DIRECTION('',(-0.,-0.,-1.));
#1676 = PCURVE('',#895,#1677);
#1677 = DEFINITIONAL_REPRESENTATION('',(#1678),#1681);
#1678 = B_SPLINE_CURVE_WITH_KNOTS('',1,(#1679,#1680),.UNSPECIFIED.,.F.,
  .F.,(2,2),(-5.999999928008E-07,8.0000006),.PIECEWISE_BEZIER_KNOTS.);
#1679 = CARTESIAN_POINT('',(-2.829916143156,-5.999999928008E-07));
#1680 = CARTESIAN_POINT('',(-2.829916143156,8.0000006));
#1681 = ( GEOMETRIC_REPRESENTATION_CONTEXT(2) 
PARAMETRIC_REPRESENTATION_CONTEXT() REPRESENTATION_CONTEXT('2D SPACE',''
  ) );
#1682 = PCURVE('',#1321,#1683);
#1683 = DEFINITIONAL_REPRESENTATION('',(#1684),#1687);
#1684 = B_SPLINE_CURVE_WITH_KNOTS('',1,(#1685,#1686),.UNSPECIFIED.,.F.,
  .F.,(2,2),(0.,8.),.PIECEWISE_BEZIER_KNOTS.);
#1685 = CARTESIAN_POINT('',(-8.268784889953,-8.));
#1686 = CARTESIAN_POINT('',(-8.268784889953,0.));
#1687 = ( GEOMETRIC_REPRESENTATION_CONTEXT(2) 
PARAMETRIC_REPRESENTATION_CONTEXT() REPRESENTATION_CONTEXT('2D SPACE',''
  ) );
#1688 = ORIENTED_EDGE('',*,*,#1689,.F.);
#1689 = EDGE_CURVE('',#1307,#1669,#1690,.T.);
#1690 = SURFACE_CURVE('',#1691,(#1696,#1703),.PCURVE_S1.);
#1691 = CIRCLE('',#1692,18.85);
#1692 = AXIS2_PLACEMENT_3D('',#1693,#1694,#1695);
#1693 = CARTESIAN_POINT('',(0.,0.,184.));
#1694 = DIRECTION('',(0.,0.,-1.));
#1695 = DIRECTION('',(1.,0.,0.));
#1696 = PCURVE('',#895,#1697);
#1697 = DEFINITIONAL_REPRESENTATION('',(#1698),#1702);
#1698 = LINE('',#1699,#1700);
#1699 = CARTESIAN_POINT('',(-6.28318530718,8.));
#1700 = VECTOR('',#1701,1.);
#1701 = DIRECTION('',(1.,-0.));
#1702 = ( GEOMETRIC_REPRESENTATION_CONTEXT(2) 
PARAMETRIC_REPRESENTATION_CONTEXT() REPRESENTATION_CONTEXT('2D SPACE',''
  ) );
#1703 = PCURVE('',#1704,#1709);
#1704 = PLANE('',#1705);
#1705 = AXIS2_PLACEMENT_3D('',#1706,#1707,#1708);
#1706 = CARTESIAN_POINT('',(-16.69249141355,2.943336611454,184.));
#1707 = DIRECTION('',(0.,0.,1.));
#1708 = DIRECTION('',(1.,0.,-0.));
#1709 = DEFINITIONAL_REPRESENTATION('',(#1710),#1718);
#1710 = ( BOUNDED_CURVE() B_SPLINE_CURVE(2,(#1711,#1712,#1713,#1714,
#1715,#1716,#1717),.UNSPECIFIED.,.T.,.F.) B_SPLINE_CURVE_WITH_KNOTS((1,2
    ,2,2,2,1),(-2.094395102393,0.,2.094395102393,4.188790204786,
6.28318530718,8.377580409573),.UNSPECIFIED.) CURVE() 
GEOMETRIC_REPRESENTATION_ITEM() RATIONAL_B_SPLINE_CURVE((1.,0.5,1.,0.5,
1.,0.5,1.)) REPRESENTATION_ITEM('') );
#1711 = CARTESIAN_POINT('',(35.542491413557,-2.943336611454));
#1712 = CARTESIAN_POINT('',(35.542491413557,-35.59249433412));
#1713 = CARTESIAN_POINT('',(7.267491413557,-19.26791547279));
#1714 = CARTESIAN_POINT('',(-21.00750858644,-2.943336611454));
#1715 = CARTESIAN_POINT('',(7.267491413557,13.381242249882));
#1716 = CARTESIAN_POINT('',(35.542491413557,29.705821111219));
#1717 = CARTESIAN_POINT('',(35.542491413557,-2.943336611454));
#1718 = ( GEOMETRIC_REPRESENTATION_CONTEXT(2) 
PARAMETRIC_REPRESENTATION_CONTEXT() REPRESENTATION_CONTEXT('2D SPACE',''
  ) );
#1719 = FACE_BOUND('',#1720,.T.);
#1720 = EDGE_LOOP('',(#1721));
#1721 = ORIENTED_EDGE('',*,*,#1068,.T.);
#1722 = FACE_BOUND('',#1723,.T.);
#1723 = EDGE_LOOP('',(#1724));
#1724 = ORIENTED_EDGE('',*,*,#1198,.T.);
#1725 = ADVANCED_FACE('',(#1726),#1029,.T.);
#1726 = FACE_BOUND('',#1727,.F.);
#1727 = EDGE_LOOP('',(#1728,#1751,#1778,#1779));
#1728 = ORIENTED_EDGE('',*,*,#1729,.T.);
#1729 = EDGE_CURVE('',#1013,#1730,#1732,.T.);
#1730 = VERTEX_POINT('',#1731);
#1731 = CARTESIAN_POINT('',(19.55,0.,182.65));
#1732 = SEAM_CURVE('',#1733,(#1737,#1744),.PCURVE_S1.);
#1733 = LINE('',#1734,#1735);
#1734 = CARTESIAN_POINT('',(19.55,0.,181.35));
#1735 = VECTOR('',#1736,1.);
#1736 = DIRECTION('',(0.,0.,1.));
#1737 = PCURVE('',#1029,#1738);
#1738 = DEFINITIONAL_REPRESENTATION('',(#1739),#1743);
#1739 = LINE('',#1740,#1741);
#1740 = CARTESIAN_POINT('',(-0.,0.));
#1741 = VECTOR('',#1742,1.);
#1742 = DIRECTION('',(-0.,-1.));
#1743 = ( GEOMETRIC_REPRESENTATION_CONTEXT(2) 
PARAMETRIC_REPRESENTATION_CONTEXT() REPRESENTATION_CONTEXT('2D SPACE',''
  ) );
#1744 = PCURVE('',#1029,#1745);
#1745 = DEFINITIONAL_REPRESENTATION('',(#1746),#1750);
#1746 = LINE('',#1747,#1748);
#1747 = CARTESIAN_POINT('',(-6.28318530718,0.));
#1748 = VECTOR('',#1749,1.);
#1749 = DIRECTION('',(-0.,-1.));
#1750 = ( GEOMETRIC_REPRESENTATION_CONTEXT(2) 
PARAMETRIC_REPRESENTATION_CONTEXT() REPRESENTATION_CONTEXT('2D SPACE',''
  ) );
#1751 = ORIENTED_EDGE('',*,*,#1752,.T.);
#1752 = EDGE_CURVE('',#1730,#1730,#1753,.T.);
#1753 = SURFACE_CURVE('',#1754,(#1759,#1766),.PCURVE_S1.);
#1754 = CIRCLE('',#1755,19.55);
#1755 = AXIS2_PLACEMENT_3D('',#1756,#1757,#1758);
#1756 = CARTESIAN_POINT('',(9.520920032517E-14,0.,182.65));
#1757 = DIRECTION('',(0.,0.,1.));
#1758 = DIRECTION('',(1.,0.,0.));
#1759 = PCURVE('',#1029,#1760);
#1760 = DEFINITIONAL_REPRESENTATION('',(#1761),#1765);
#1761 = LINE('',#1762,#1763);
#1762 = CARTESIAN_POINT('',(-0.,-1.3));
#1763 = VECTOR('',#1764,1.);
#1764 = DIRECTION('',(-1.,0.));
#1765 = ( GEOMETRIC_REPRESENTATION_CONTEXT(2) 
PARAMETRIC_REPRESENTATION_CONTEXT() REPRESENTATION_CONTEXT('2D SPACE',''
  ) );
#1766 = PCURVE('',#1767,#1772);
#1767 = PLANE('',#1768);
#1768 = AXIS2_PLACEMENT_3D('',#1769,#1770,#1771);
#1769 = CARTESIAN_POINT('',(-5.429042709834E-16,1.349062650506E-15,
    182.65));
#1770 = DIRECTION('',(0.,0.,1.));
#1771 = DIRECTION('',(1.,0.,-0.));
#1772 = DEFINITIONAL_REPRESENTATION('',(#1773),#1777);
#1773 = CIRCLE('',#1774,19.55);
#1774 = AXIS2_PLACEMENT_2D('',#1775,#1776);
#1775 = CARTESIAN_POINT('',(9.575210459616E-14,-1.349062650506E-15));
#1776 = DIRECTION('',(1.,0.));
#1777 = ( GEOMETRIC_REPRESENTATION_CONTEXT(2) 
PARAMETRIC_REPRESENTATION_CONTEXT() REPRESENTATION_CONTEXT('2D SPACE',''
  ) );
#1778 = ORIENTED_EDGE('',*,*,#1729,.F.);
#1779 = ORIENTED_EDGE('',*,*,#1012,.F.);
#1780 = ADVANCED_FACE('',(#1781),#1321,.T.);
#1781 = FACE_BOUND('',#1782,.F.);
#1782 = EDGE_LOOP('',(#1783,#1805,#1806,#1828));
#1783 = ORIENTED_EDGE('',*,*,#1784,.T.);
#1784 = EDGE_CURVE('',#1305,#1645,#1785,.T.);
#1785 = SURFACE_CURVE('',#1786,(#1791,#1798),.PCURVE_S1.);
#1786 = CIRCLE('',#1787,3.1);
#1787 = AXIS2_PLACEMENT_3D('',#1788,#1789,#1790);
#1788 = CARTESIAN_POINT('',(-16.69249141355,2.943336611454,192.));
#1789 = DIRECTION('',(0.,0.,1.));
#1790 = DIRECTION('',(-0.69172074918,-0.722165081649,0.));
#1791 = PCURVE('',#1321,#1792);
#1792 = DEFINITIONAL_REPRESENTATION('',(#1793),#1797);
#1793 = LINE('',#1794,#1795);
#1794 = CARTESIAN_POINT('',(-3.948519874007,-8.));
#1795 = VECTOR('',#1796,1.);
#1796 = DIRECTION('',(-1.,0.));
#1797 = ( GEOMETRIC_REPRESENTATION_CONTEXT(2) 
PARAMETRIC_REPRESENTATION_CONTEXT() REPRESENTATION_CONTEXT('2D SPACE',''
  ) );
#1798 = PCURVE('',#1349,#1799);
#1799 = DEFINITIONAL_REPRESENTATION('',(#1800),#1804);
#1800 = CIRCLE('',#1801,3.1);
#1801 = AXIS2_PLACEMENT_2D('',#1802,#1803);
#1802 = CARTESIAN_POINT('',(-16.69249141355,2.943336611454));
#1803 = DIRECTION('',(-0.69172074918,-0.722165081649));
#1804 = ( GEOMETRIC_REPRESENTATION_CONTEXT(2) 
PARAMETRIC_REPRESENTATION_CONTEXT() REPRESENTATION_CONTEXT('2D SPACE',''
  ) );
#1805 = ORIENTED_EDGE('',*,*,#1668,.T.);
#1806 = ORIENTED_EDGE('',*,*,#1807,.F.);
#1807 = EDGE_CURVE('',#1307,#1669,#1808,.T.);
#1808 = SURFACE_CURVE('',#1809,(#1814,#1821),.PCURVE_S1.);
#1809 = CIRCLE('',#1810,3.1);
#1810 = AXIS2_PLACEMENT_3D('',#1811,#1812,#1813);
#1811 = CARTESIAN_POINT('',(-16.69249141355,2.943336611454,184.));
#1812 = DIRECTION('',(0.,0.,1.));
#1813 = DIRECTION('',(-0.69172074918,-0.722165081649,0.));
#1814 = PCURVE('',#1321,#1815);
#1815 = DEFINITIONAL_REPRESENTATION('',(#1816),#1820);
#1816 = LINE('',#1817,#1818);
#1817 = CARTESIAN_POINT('',(-3.948519874007,0.));
#1818 = VECTOR('',#1819,1.);
#1819 = DIRECTION('',(-1.,0.));
#1820 = ( GEOMETRIC_REPRESENTATION_CONTEXT(2) 
PARAMETRIC_REPRESENTATION_CONTEXT() REPRESENTATION_CONTEXT('2D SPACE',''
  ) );
#1821 = PCURVE('',#1704,#1822);
#1822 = DEFINITIONAL_REPRESENTATION('',(#1823),#1827);
#1823 = CIRCLE('',#1824,3.1);
#1824 = AXIS2_PLACEMENT_2D('',#1825,#1826);
#1825 = CARTESIAN_POINT('',(0.,0.));
#1826 = DIRECTION('',(-0.69172074918,-0.722165081649));
#1827 = ( GEOMETRIC_REPRESENTATION_CONTEXT(2) 
PARAMETRIC_REPRESENTATION_CONTEXT() REPRESENTATION_CONTEXT('2D SPACE',''
  ) );
#1828 = ORIENTED_EDGE('',*,*,#1304,.F.);
#1829 = ADVANCED_FACE('',(#1830,#1834),#1704,.F.);
#1830 = FACE_BOUND('',#1831,.F.);
#1831 = EDGE_LOOP('',(#1832,#1833));
#1832 = ORIENTED_EDGE('',*,*,#1807,.T.);
#1833 = ORIENTED_EDGE('',*,*,#1689,.F.);
#1834 = FACE_BOUND('',#1835,.F.);
#1835 = EDGE_LOOP('',(#1836));
#1836 = ORIENTED_EDGE('',*,*,#1837,.F.);
#1837 = EDGE_CURVE('',#1838,#1838,#1840,.T.);
#1838 = VERTEX_POINT('',#1839);
#1839 = CARTESIAN_POINT('',(-15.59249141355,2.943336611454,184.));
#1840 = SURFACE_CURVE('',#1841,(#1846,#1853),.PCURVE_S1.);
#1841 = CIRCLE('',#1842,1.1);
#1842 = AXIS2_PLACEMENT_3D('',#1843,#1844,#1845);
#1843 = CARTESIAN_POINT('',(-16.69249141355,2.943336611454,184.));
#1844 = DIRECTION('',(0.,0.,1.));
#1845 = DIRECTION('',(1.,0.,0.));
#1846 = PCURVE('',#1704,#1847);
#1847 = DEFINITIONAL_REPRESENTATION('',(#1848),#1852);
#1848 = CIRCLE('',#1849,1.1);
#1849 = AXIS2_PLACEMENT_2D('',#1850,#1851);
#1850 = CARTESIAN_POINT('',(0.,0.));
#1851 = DIRECTION('',(1.,0.));
#1852 = ( GEOMETRIC_REPRESENTATION_CONTEXT(2) 
PARAMETRIC_REPRESENTATION_CONTEXT() REPRESENTATION_CONTEXT('2D SPACE',''
  ) );
#1853 = PCURVE('',#1854,#1859);
#1854 = CYLINDRICAL_SURFACE('',#1855,1.1);
#1855 = AXIS2_PLACEMENT_3D('',#1856,#1857,#1858);
#1856 = CARTESIAN_POINT('',(-16.69249141355,2.943336611454,184.));
#1857 = DIRECTION('',(-0.,-0.,-1.));
#1858 = DIRECTION('',(1.,0.,0.));
#1859 = DEFINITIONAL_REPRESENTATION('',(#1860),#1864);
#1860 = LINE('',#1861,#1862);
#1861 = CARTESIAN_POINT('',(-0.,0.));
#1862 = VECTOR('',#1863,1.);
#1863 = DIRECTION('',(-1.,0.));
#1864 = ( GEOMETRIC_REPRESENTATION_CONTEXT(2) 
PARAMETRIC_REPRESENTATION_CONTEXT() REPRESENTATION_CONTEXT('2D SPACE',''
  ) );
#1865 = ADVANCED_FACE('',(#1866,#2058,#2089,#2120,#2175),#1349,.T.);
#1866 = FACE_BOUND('',#1867,.T.);
#1867 = EDGE_LOOP('',(#1868,#1903,#1932,#1961,#1994,#2027));
#1868 = ORIENTED_EDGE('',*,*,#1869,.F.);
#1869 = EDGE_CURVE('',#1870,#1872,#1874,.T.);
#1870 = VERTEX_POINT('',#1871);
#1871 = CARTESIAN_POINT('',(19.647745605618,2.007135425649,192.));
#1872 = VERTEX_POINT('',#1873);
#1873 = CARTESIAN_POINT('',(1.435152691154,-19.69778761061,192.));
#1874 = SURFACE_CURVE('',#1875,(#1880,#1891),.PCURVE_S1.);
#1875 = CIRCLE('',#1876,19.75);
#1876 = AXIS2_PLACEMENT_3D('',#1877,#1878,#1879);
#1877 = CARTESIAN_POINT('',(0.,0.,192.));
#1878 = DIRECTION('',(0.,0.,-1.));
#1879 = DIRECTION('',(0.99482256231,0.101627110159,0.));
#1880 = PCURVE('',#1349,#1881);
#1881 = DEFINITIONAL_REPRESENTATION('',(#1882),#1890);
#1882 = ( BOUNDED_CURVE() B_SPLINE_CURVE(2,(#1883,#1884,#1885,#1886,
#1887,#1888,#1889),.UNSPECIFIED.,.T.,.F.) B_SPLINE_CURVE_WITH_KNOTS((1,2
    ,2,2,2,1),(-2.094395102393,0.,2.094395102393,4.188790204786,
6.28318530718,8.377580409573),.UNSPECIFIED.) CURVE() 
GEOMETRIC_REPRESENTATION_ITEM() RATIONAL_B_SPLINE_CURVE((1.,0.5,1.,0.5,
1.,0.5,1.)) REPRESENTATION_ITEM('') );
#1883 = CARTESIAN_POINT('',(19.647745605619,2.007135425649));
#1884 = CARTESIAN_POINT('',(23.124206140514,-32.02375821747));
#1885 = CARTESIAN_POINT('',(-8.085642535361,-18.01901453438));
#1886 = CARTESIAN_POINT('',(-39.29549121123,-4.014270851298));
#1887 = CARTESIAN_POINT('',(-11.56210307025,16.011879108735));
#1888 = CARTESIAN_POINT('',(16.171285070723,36.038029068769));
#1889 = CARTESIAN_POINT('',(19.647745605619,2.007135425649));
#1890 = ( GEOMETRIC_REPRESENTATION_CONTEXT(2) 
PARAMETRIC_REPRESENTATION_CONTEXT() REPRESENTATION_CONTEXT('2D SPACE',''
  ) );
#1891 = PCURVE('',#1892,#1897);
#1892 = CONICAL_SURFACE('',#1893,20.05,0.785398163397);
#1893 = AXIS2_PLACEMENT_3D('',#1894,#1895,#1896);
#1894 = CARTESIAN_POINT('',(0.,0.,191.7));
#1895 = DIRECTION('',(-0.,-0.,-1.));
#1896 = DIRECTION('',(1.,0.,-0.));
#1897 = DEFINITIONAL_REPRESENTATION('',(#1898),#1902);
#1898 = LINE('',#1899,#1900);
#1899 = CARTESIAN_POINT('',(-6.384988170717,-0.3));
#1900 = VECTOR('',#1901,1.);
#1901 = DIRECTION('',(1.,-0.));
#1902 = ( GEOMETRIC_REPRESENTATION_CONTEXT(2) 
PARAMETRIC_REPRESENTATION_CONTEXT() REPRESENTATION_CONTEXT('2D SPACE',''
  ) );
#1903 = ORIENTED_EDGE('',*,*,#1904,.T.);
#1904 = EDGE_CURVE('',#1870,#1905,#1907,.T.);
#1905 = VERTEX_POINT('',#1906);
#1906 = CARTESIAN_POINT('',(19.149322306634,4.833834419658,192.));
#1907 = SURFACE_CURVE('',#1908,(#1913,#1920),.PCURVE_S1.);
#1908 = CIRCLE('',#1909,3.1);
#1909 = AXIS2_PLACEMENT_3D('',#1910,#1911,#1912);
#1910 = CARTESIAN_POINT('',(16.692491413557,2.943336611454,192.));
#1911 = DIRECTION('',(0.,0.,1.));
#1912 = DIRECTION('',(0.953307803891,-0.302000382518,0.));
#1913 = PCURVE('',#1349,#1914);
#1914 = DEFINITIONAL_REPRESENTATION('',(#1915),#1919);
#1915 = CIRCLE('',#1916,3.1);
#1916 = AXIS2_PLACEMENT_2D('',#1917,#1918);
#1917 = CARTESIAN_POINT('',(16.692491413557,2.943336611454));
#1918 = DIRECTION('',(0.953307803891,-0.302000382518));
#1919 = ( GEOMETRIC_REPRESENTATION_CONTEXT(2) 
PARAMETRIC_REPRESENTATION_CONTEXT() REPRESENTATION_CONTEXT('2D SPACE',''
  ) );
#1920 = PCURVE('',#1921,#1926);
#1921 = CYLINDRICAL_SURFACE('',#1922,3.1);
#1922 = AXIS2_PLACEMENT_3D('',#1923,#1924,#1925);
#1923 = CARTESIAN_POINT('',(16.692491413557,2.943336611454,184.));
#1924 = DIRECTION('',(-0.,-0.,-1.));
#1925 = DIRECTION('',(1.,0.,0.));
#1926 = DEFINITIONAL_REPRESENTATION('',(#1927),#1931);
#1927 = LINE('',#1928,#1929);
#1928 = CARTESIAN_POINT('',(-5.976394989066,-8.));
#1929 = VECTOR('',#1930,1.);
#1930 = DIRECTION('',(-1.,0.));
#1931 = ( GEOMETRIC_REPRESENTATION_CONTEXT(2) 
PARAMETRIC_REPRESENTATION_CONTEXT() REPRESENTATION_CONTEXT('2D SPACE',''
  ) );
#1932 = ORIENTED_EDGE('',*,*,#1933,.T.);
#1933 = EDGE_CURVE('',#1905,#1934,#1936,.T.);
#1934 = VERTEX_POINT('',#1935);
#1935 = CARTESIAN_POINT('',(-19.14932230663,4.833834419659,192.));
#1936 = SURFACE_CURVE('',#1937,(#1942,#1949),.PCURVE_S1.);
#1937 = CIRCLE('',#1938,19.75);
#1938 = AXIS2_PLACEMENT_3D('',#1939,#1940,#1941);
#1939 = CARTESIAN_POINT('',(0.,0.,192.));
#1940 = DIRECTION('',(0.,0.,1.));
#1941 = DIRECTION('',(1.,0.,-0.));
#1942 = PCURVE('',#1349,#1943);
#1943 = DEFINITIONAL_REPRESENTATION('',(#1944),#1948);
#1944 = CIRCLE('',#1945,19.75);
#1945 = AXIS2_PLACEMENT_2D('',#1946,#1947);
#1946 = CARTESIAN_POINT('',(0.,0.));
#1947 = DIRECTION('',(1.,0.));
#1948 = ( GEOMETRIC_REPRESENTATION_CONTEXT(2) 
PARAMETRIC_REPRESENTATION_CONTEXT() REPRESENTATION_CONTEXT('2D SPACE',''
  ) );
#1949 = PCURVE('',#1950,#1955);
#1950 = CONICAL_SURFACE('',#1951,20.05,0.785398163397);
#1951 = AXIS2_PLACEMENT_3D('',#1952,#1953,#1954);
#1952 = CARTESIAN_POINT('',(0.,0.,191.7));
#1953 = DIRECTION('',(-0.,-0.,-1.));
#1954 = DIRECTION('',(1.,0.,-0.));
#1955 = DEFINITIONAL_REPRESENTATION('',(#1956),#1960);
#1956 = LINE('',#1957,#1958);
#1957 = CARTESIAN_POINT('',(-0.,-0.3));
#1958 = VECTOR('',#1959,1.);
#1959 = DIRECTION('',(-1.,-0.));
#1960 = ( GEOMETRIC_REPRESENTATION_CONTEXT(2) 
PARAMETRIC_REPRESENTATION_CONTEXT() REPRESENTATION_CONTEXT('2D SPACE',''
  ) );
#1961 = ORIENTED_EDGE('',*,*,#1962,.F.);
#1962 = EDGE_CURVE('',#1963,#1934,#1965,.T.);
#1963 = VERTEX_POINT('',#1964);
#1964 = CARTESIAN_POINT('',(-19.64774560561,2.00713542565,192.));
#1965 = SURFACE_CURVE('',#1966,(#1971,#1982),.PCURVE_S1.);
#1966 = CIRCLE('',#1967,3.1);
#1967 = AXIS2_PLACEMENT_3D('',#1968,#1969,#1970);
#1968 = CARTESIAN_POINT('',(-16.69249141355,2.943336611454,192.));
#1969 = DIRECTION('',(-0.,0.,-1.));
#1970 = DIRECTION('',(1.,-2.865091676452E-16,-0.));
#1971 = PCURVE('',#1349,#1972);
#1972 = DEFINITIONAL_REPRESENTATION('',(#1973),#1981);
#1973 = ( BOUNDED_CURVE() B_SPLINE_CURVE(2,(#1974,#1975,#1976,#1977,
#1978,#1979,#1980),.UNSPECIFIED.,.T.,.F.) B_SPLINE_CURVE_WITH_KNOTS((1,2
    ,2,2,2,1),(-2.094395102393,0.,2.094395102393,4.188790204786,
6.28318530718,8.377580409573),.UNSPECIFIED.) CURVE() 
GEOMETRIC_REPRESENTATION_ITEM() RATIONAL_B_SPLINE_CURVE((1.,0.5,1.,0.5,
1.,0.5,1.)) REPRESENTATION_ITEM('') );
#1974 = CARTESIAN_POINT('',(-13.59249141355,2.943336611454));
#1975 = CARTESIAN_POINT('',(-13.59249141355,-2.426020892009));
#1976 = CARTESIAN_POINT('',(-18.24249141355,0.258657859723));
#1977 = CARTESIAN_POINT('',(-22.89249141355,2.943336611454));
#1978 = CARTESIAN_POINT('',(-18.24249141355,5.628015363186));
#1979 = CARTESIAN_POINT('',(-13.59249141355,8.312694114918));
#1980 = CARTESIAN_POINT('',(-13.59249141355,2.943336611454));
#1981 = ( GEOMETRIC_REPRESENTATION_CONTEXT(2) 
PARAMETRIC_REPRESENTATION_CONTEXT() REPRESENTATION_CONTEXT('2D SPACE',''
  ) );
#1982 = PCURVE('',#1983,#1988);
#1983 = CYLINDRICAL_SURFACE('',#1984,3.1);
#1984 = AXIS2_PLACEMENT_3D('',#1985,#1986,#1987);
#1985 = CARTESIAN_POINT('',(-16.69249141355,2.943336611454,184.));
#1986 = DIRECTION('',(-0.,-0.,-1.));
#1987 = DIRECTION('',(1.,0.,0.));
#1988 = DEFINITIONAL_REPRESENTATION('',(#1989),#1993);
#1989 = LINE('',#1990,#1991);
#1990 = CARTESIAN_POINT('',(-6.28318530718,-8.));
#1991 = VECTOR('',#1992,1.);
#1992 = DIRECTION('',(1.,-0.));
#1993 = ( GEOMETRIC_REPRESENTATION_CONTEXT(2) 
PARAMETRIC_REPRESENTATION_CONTEXT() REPRESENTATION_CONTEXT('2D SPACE',''
  ) );
#1994 = ORIENTED_EDGE('',*,*,#1995,.F.);
#1995 = EDGE_CURVE('',#1996,#1963,#1998,.T.);
#1996 = VERTEX_POINT('',#1997);
#1997 = CARTESIAN_POINT('',(-1.435152691154,-19.69778761061,192.));
#1998 = SURFACE_CURVE('',#1999,(#2004,#2015),.PCURVE_S1.);
#1999 = CIRCLE('',#2000,19.75);
#2000 = AXIS2_PLACEMENT_3D('',#2001,#2002,#2003);
#2001 = CARTESIAN_POINT('',(0.,0.,192.));
#2002 = DIRECTION('',(0.,0.,-1.));
#2003 = DIRECTION('',(0.99482256231,0.101627110159,0.));
#2004 = PCURVE('',#1349,#2005);
#2005 = DEFINITIONAL_REPRESENTATION('',(#2006),#2014);
#2006 = ( BOUNDED_CURVE() B_SPLINE_CURVE(2,(#2007,#2008,#2009,#2010,
#2011,#2012,#2013),.UNSPECIFIED.,.T.,.F.) B_SPLINE_CURVE_WITH_KNOTS((1,2
    ,2,2,2,1),(-2.094395102393,0.,2.094395102393,4.188790204786,
6.28318530718,8.377580409573),.UNSPECIFIED.) CURVE() 
GEOMETRIC_REPRESENTATION_ITEM() RATIONAL_B_SPLINE_CURVE((1.,0.5,1.,0.5,
1.,0.5,1.)) REPRESENTATION_ITEM('') );
#2007 = CARTESIAN_POINT('',(19.647745605619,2.007135425649));
#2008 = CARTESIAN_POINT('',(23.124206140514,-32.02375821747));
#2009 = CARTESIAN_POINT('',(-8.085642535361,-18.01901453438));
#2010 = CARTESIAN_POINT('',(-39.29549121123,-4.014270851298));
#2011 = CARTESIAN_POINT('',(-11.56210307025,16.011879108735));
#2012 = CARTESIAN_POINT('',(16.171285070723,36.038029068769));
#2013 = CARTESIAN_POINT('',(19.647745605619,2.007135425649));
#2014 = ( GEOMETRIC_REPRESENTATION_CONTEXT(2) 
PARAMETRIC_REPRESENTATION_CONTEXT() REPRESENTATION_CONTEXT('2D SPACE',''
  ) );
#2015 = PCURVE('',#2016,#2021);
#2016 = CONICAL_SURFACE('',#2017,20.05,0.785398163397);
#2017 = AXIS2_PLACEMENT_3D('',#2018,#2019,#2020);
#2018 = CARTESIAN_POINT('',(0.,0.,191.7));
#2019 = DIRECTION('',(-0.,-0.,-1.));
#2020 = DIRECTION('',(1.,0.,-0.));
#2021 = DEFINITIONAL_REPRESENTATION('',(#2022),#2026);
#2022 = LINE('',#2023,#2024);
#2023 = CARTESIAN_POINT('',(-6.384988170717,-0.3));
#2024 = VECTOR('',#2025,1.);
#2025 = DIRECTION('',(1.,-0.));
#2026 = ( GEOMETRIC_REPRESENTATION_CONTEXT(2) 
PARAMETRIC_REPRESENTATION_CONTEXT() REPRESENTATION_CONTEXT('2D SPACE',''
  ) );
#2027 = ORIENTED_EDGE('',*,*,#2028,.F.);
#2028 = EDGE_CURVE('',#1872,#1996,#2029,.T.);
#2029 = SURFACE_CURVE('',#2030,(#2035,#2046),.PCURVE_S1.);
#2030 = CIRCLE('',#2031,3.1);
#2031 = AXIS2_PLACEMENT_3D('',#2032,#2033,#2034);
#2032 = CARTESIAN_POINT('',(-3.441691376338E-15,-16.95,192.));
#2033 = DIRECTION('',(0.,0.,-1.));
#2034 = DIRECTION('',(1.,-1.146036670581E-15,0.));
#2035 = PCURVE('',#1349,#2036);
#2036 = DEFINITIONAL_REPRESENTATION('',(#2037),#2045);
#2037 = ( BOUNDED_CURVE() B_SPLINE_CURVE(2,(#2038,#2039,#2040,#2041,
#2042,#2043,#2044),.UNSPECIFIED.,.T.,.F.) B_SPLINE_CURVE_WITH_KNOTS((1,2
    ,2,2,2,1),(-2.094395102393,0.,2.094395102393,4.188790204786,
6.28318530718,8.377580409573),.UNSPECIFIED.) CURVE() 
GEOMETRIC_REPRESENTATION_ITEM() RATIONAL_B_SPLINE_CURVE((1.,0.5,1.,0.5,
1.,0.5,1.)) REPRESENTATION_ITEM('') );
#2038 = CARTESIAN_POINT('',(3.1,-16.95));
#2039 = CARTESIAN_POINT('',(3.1,-22.31935750346));
#2040 = CARTESIAN_POINT('',(-1.55,-19.63467875173));
#2041 = CARTESIAN_POINT('',(-6.2,-16.95));
#2042 = CARTESIAN_POINT('',(-1.55,-14.26532124826));
#2043 = CARTESIAN_POINT('',(3.1,-11.58064249653));
#2044 = CARTESIAN_POINT('',(3.1,-16.95));
#2045 = ( GEOMETRIC_REPRESENTATION_CONTEXT(2) 
PARAMETRIC_REPRESENTATION_CONTEXT() REPRESENTATION_CONTEXT('2D SPACE',''
  ) );
#2046 = PCURVE('',#2047,#2052);
#2047 = CYLINDRICAL_SURFACE('',#2048,3.1);
#2048 = AXIS2_PLACEMENT_3D('',#2049,#2050,#2051);
#2049 = CARTESIAN_POINT('',(-3.113664486832E-15,-16.95,184.));
#2050 = DIRECTION('',(-0.,-0.,-1.));
#2051 = DIRECTION('',(1.,0.,0.));
#2052 = DEFINITIONAL_REPRESENTATION('',(#2053),#2057);
#2053 = LINE('',#2054,#2055);
#2054 = CARTESIAN_POINT('',(-6.28318530718,-8.));
#2055 = VECTOR('',#2056,1.);
#2056 = DIRECTION('',(1.,-0.));
#2057 = ( GEOMETRIC_REPRESENTATION_CONTEXT(2) 
PARAMETRIC_REPRESENTATION_CONTEXT() REPRESENTATION_CONTEXT('2D SPACE',''
  ) );
#2058 = FACE_BOUND('',#2059,.T.);
#2059 = EDGE_LOOP('',(#2060));
#2060 = ORIENTED_EDGE('',*,*,#2061,.F.);
#2061 = EDGE_CURVE('',#2062,#2062,#2064,.T.);
#2062 = VERTEX_POINT('',#2063);
#2063 = CARTESIAN_POINT('',(1.6,-16.95,192.));
#2064 = SURFACE_CURVE('',#2065,(#2070,#2077),.PCURVE_S1.);
#2065 = CIRCLE('',#2066,1.6);
#2066 = AXIS2_PLACEMENT_3D('',#2067,#2068,#2069);
#2067 = CARTESIAN_POINT('',(-3.113664486832E-15,-16.95,192.));
#2068 = DIRECTION('',(0.,0.,1.));
#2069 = DIRECTION('',(1.,0.,0.));
#2070 = PCURVE('',#1349,#2071);
#2071 = DEFINITIONAL_REPRESENTATION('',(#2072),#2076);
#2072 = CIRCLE('',#2073,1.6);
#2073 = AXIS2_PLACEMENT_2D('',#2074,#2075);
#2074 = CARTESIAN_POINT('',(-3.113664486832E-15,-16.95));
#2075 = DIRECTION('',(1.,0.));
#2076 = ( GEOMETRIC_REPRESENTATION_CONTEXT(2) 
PARAMETRIC_REPRESENTATION_CONTEXT() REPRESENTATION_CONTEXT('2D SPACE',''
  ) );
#2077 = PCURVE('',#2078,#2083);
#2078 = CYLINDRICAL_SURFACE('',#2079,1.6);
#2079 = AXIS2_PLACEMENT_3D('',#2080,#2081,#2082);
#2080 = CARTESIAN_POINT('',(-3.113664486832E-15,-16.95,188.));
#2081 = DIRECTION('',(-0.,-0.,-1.));
#2082 = DIRECTION('',(1.,0.,0.));
#2083 = DEFINITIONAL_REPRESENTATION('',(#2084),#2088);
#2084 = LINE('',#2085,#2086);
#2085 = CARTESIAN_POINT('',(-0.,-4.));
#2086 = VECTOR('',#2087,1.);
#2087 = DIRECTION('',(-1.,0.));
#2088 = ( GEOMETRIC_REPRESENTATION_CONTEXT(2) 
PARAMETRIC_REPRESENTATION_CONTEXT() REPRESENTATION_CONTEXT('2D SPACE',''
  ) );
#2089 = FACE_BOUND('',#2090,.T.);
#2090 = EDGE_LOOP('',(#2091));
#2091 = ORIENTED_EDGE('',*,*,#2092,.F.);
#2092 = EDGE_CURVE('',#2093,#2093,#2095,.T.);
#2093 = VERTEX_POINT('',#2094);
#2094 = CARTESIAN_POINT('',(-15.09249141355,2.943336611454,192.));
#2095 = SURFACE_CURVE('',#2096,(#2101,#2108),.PCURVE_S1.);
#2096 = CIRCLE('',#2097,1.6);
#2097 = AXIS2_PLACEMENT_3D('',#2098,#2099,#2100);
#2098 = CARTESIAN_POINT('',(-16.69249141355,2.943336611454,192.));
#2099 = DIRECTION('',(0.,0.,1.));
#2100 = DIRECTION('',(1.,0.,0.));
#2101 = PCURVE('',#1349,#2102);
#2102 = DEFINITIONAL_REPRESENTATION('',(#2103),#2107);
#2103 = CIRCLE('',#2104,1.6);
#2104 = AXIS2_PLACEMENT_2D('',#2105,#2106);
#2105 = CARTESIAN_POINT('',(-16.69249141355,2.943336611454));
#2106 = DIRECTION('',(1.,0.));
#2107 = ( GEOMETRIC_REPRESENTATION_CONTEXT(2) 
PARAMETRIC_REPRESENTATION_CONTEXT() REPRESENTATION_CONTEXT('2D SPACE',''
  ) );
#2108 = PCURVE('',#2109,#2114);
#2109 = CYLINDRICAL_SURFACE('',#2110,1.6);
#2110 = AXIS2_PLACEMENT_3D('',#2111,#2112,#2113);
#2111 = CARTESIAN_POINT('',(-16.69249141355,2.943336611454,188.));
#2112 = DIRECTION('',(-0.,-0.,-1.));
#2113 = DIRECTION('',(1.,0.,0.));
#2114 = DEFINITIONAL_REPRESENTATION('',(#2115),#2119);
#2115 = LINE('',#2116,#2117);
#2116 = CARTESIAN_POINT('',(-0.,-4.));
#2117 = VECTOR('',#2118,1.);
#2118 = DIRECTION('',(-1.,0.));
#2119 = ( GEOMETRIC_REPRESENTATION_CONTEXT(2) 
PARAMETRIC_REPRESENTATION_CONTEXT() REPRESENTATION_CONTEXT('2D SPACE',''
  ) );
#2120 = FACE_BOUND('',#2121,.T.);
#2121 = EDGE_LOOP('',(#2122,#2123,#2145,#2146,#2147,#2148,#2174));
#2122 = ORIENTED_EDGE('',*,*,#1441,.F.);
#2123 = ORIENTED_EDGE('',*,*,#2124,.T.);
#2124 = EDGE_CURVE('',#1421,#1333,#2125,.T.);
#2125 = SURFACE_CURVE('',#2126,(#2131,#2138),.PCURVE_S1.);
#2126 = CIRCLE('',#2127,3.1);
#2127 = AXIS2_PLACEMENT_3D('',#2128,#2129,#2130);
#2128 = CARTESIAN_POINT('',(-3.441691376338E-15,-16.95,192.));
#2129 = DIRECTION('',(0.,0.,1.));
#2130 = DIRECTION('',(0.831309818913,-0.555809306309,0.));
#2131 = PCURVE('',#1349,#2132);
#2132 = DEFINITIONAL_REPRESENTATION('',(#2133),#2137);
#2133 = CIRCLE('',#2134,3.1);
#2134 = AXIS2_PLACEMENT_2D('',#2135,#2136);
#2135 = CARTESIAN_POINT('',(-3.441691376338E-15,-16.95));
#2136 = DIRECTION('',(0.831309818913,-0.555809306309));
#2137 = ( GEOMETRIC_REPRESENTATION_CONTEXT(2) 
PARAMETRIC_REPRESENTATION_CONTEXT() REPRESENTATION_CONTEXT('2D SPACE',''
  ) );
#2138 = PCURVE('',#1376,#2139);
#2139 = DEFINITIONAL_REPRESENTATION('',(#2140),#2144);
#2140 = LINE('',#2141,#2142);
#2141 = CARTESIAN_POINT('',(-5.693849126001,-8.));
#2142 = VECTOR('',#2143,1.);
#2143 = DIRECTION('',(-1.,0.));
#2144 = ( GEOMETRIC_REPRESENTATION_CONTEXT(2) 
PARAMETRIC_REPRESENTATION_CONTEXT() REPRESENTATION_CONTEXT('2D SPACE',''
  ) );
#2145 = ORIENTED_EDGE('',*,*,#1332,.F.);
#2146 = ORIENTED_EDGE('',*,*,#1784,.T.);
#2147 = ORIENTED_EDGE('',*,*,#1644,.F.);
#2148 = ORIENTED_EDGE('',*,*,#2149,.F.);
#2149 = EDGE_CURVE('',#1541,#1624,#2150,.T.);
#2150 = SURFACE_CURVE('',#2151,(#2156,#2167),.PCURVE_S1.);
#2151 = CIRCLE('',#2152,3.1);
#2152 = AXIS2_PLACEMENT_3D('',#2153,#2154,#2155);
#2153 = CARTESIAN_POINT('',(16.692491413557,2.943336611454,192.));
#2154 = DIRECTION('',(-0.,0.,-1.));
#2155 = DIRECTION('',(1.,-2.865091676452E-16,-0.));
#2156 = PCURVE('',#1349,#2157);
#2157 = DEFINITIONAL_REPRESENTATION('',(#2158),#2166);
#2158 = ( BOUNDED_CURVE() B_SPLINE_CURVE(2,(#2159,#2160,#2161,#2162,
#2163,#2164,#2165),.UNSPECIFIED.,.T.,.F.) B_SPLINE_CURVE_WITH_KNOTS((1,2
    ,2,2,2,1),(-2.094395102393,0.,2.094395102393,4.188790204786,
6.28318530718,8.377580409573),.UNSPECIFIED.) CURVE() 
GEOMETRIC_REPRESENTATION_ITEM() RATIONAL_B_SPLINE_CURVE((1.,0.5,1.,0.5,
1.,0.5,1.)) REPRESENTATION_ITEM('') );
#2159 = CARTESIAN_POINT('',(19.792491413557,2.943336611454));
#2160 = CARTESIAN_POINT('',(19.792491413557,-2.426020892009));
#2161 = CARTESIAN_POINT('',(15.142491413557,0.258657859723));
#2162 = CARTESIAN_POINT('',(10.492491413557,2.943336611454));
#2163 = CARTESIAN_POINT('',(15.142491413557,5.628015363186));
#2164 = CARTESIAN_POINT('',(19.792491413557,8.312694114918));
#2165 = CARTESIAN_POINT('',(19.792491413557,2.943336611454));
#2166 = ( GEOMETRIC_REPRESENTATION_CONTEXT(2) 
PARAMETRIC_REPRESENTATION_CONTEXT() REPRESENTATION_CONTEXT('2D SPACE',''
  ) );
#2167 = PCURVE('',#1579,#2168);
#2168 = DEFINITIONAL_REPRESENTATION('',(#2169),#2173);
#2169 = LINE('',#2170,#2171);
#2170 = CARTESIAN_POINT('',(-6.28318530718,-8.));
#2171 = VECTOR('',#2172,1.);
#2172 = DIRECTION('',(1.,-0.));
#2173 = ( GEOMETRIC_REPRESENTATION_CONTEXT(2) 
PARAMETRIC_REPRESENTATION_CONTEXT() REPRESENTATION_CONTEXT('2D SPACE',''
  ) );
#2174 = ORIENTED_EDGE('',*,*,#1540,.F.);
#2175 = FACE_BOUND('',#2176,.T.);
#2176 = EDGE_LOOP('',(#2177));
#2177 = ORIENTED_EDGE('',*,*,#2178,.F.);
#2178 = EDGE_CURVE('',#2179,#2179,#2181,.T.);
#2179 = VERTEX_POINT('',#2180);
#2180 = CARTESIAN_POINT('',(18.292491413557,2.943336611454,192.));
#2181 = SURFACE_CURVE('',#2182,(#2187,#2194),.PCURVE_S1.);
#2182 = CIRCLE('',#2183,1.6);
#2183 = AXIS2_PLACEMENT_3D('',#2184,#2185,#2186);
#2184 = CARTESIAN_POINT('',(16.692491413557,2.943336611454,192.));
#2185 = DIRECTION('',(0.,0.,1.));
#2186 = DIRECTION('',(1.,0.,0.));
#2187 = PCURVE('',#1349,#2188);
#2188 = DEFINITIONAL_REPRESENTATION('',(#2189),#2193);
#2189 = CIRCLE('',#2190,1.6);
#2190 = AXIS2_PLACEMENT_2D('',#2191,#2192);
#2191 = CARTESIAN_POINT('',(16.692491413557,2.943336611454));
#2192 = DIRECTION('',(1.,0.));
#2193 = ( GEOMETRIC_REPRESENTATION_CONTEXT(2) 
PARAMETRIC_REPRESENTATION_CONTEXT() REPRESENTATION_CONTEXT('2D SPACE',''
  ) );
#2194 = PCURVE('',#2195,#2200);
#2195 = CYLINDRICAL_SURFACE('',#2196,1.6);
#2196 = AXIS2_PLACEMENT_3D('',#2197,#2198,#2199);
#2197 = CARTESIAN_POINT('',(16.692491413557,2.943336611454,188.));
#2198 = DIRECTION('',(-0.,-0.,-1.));
#2199 = DIRECTION('',(1.,0.,0.));
#2200 = DEFINITIONAL_REPRESENTATION('',(#2201),#2205);
#2201 = LINE('',#2202,#2203);
#2202 = CARTESIAN_POINT('',(-0.,-4.));
#2203 = VECTOR('',#2204,1.);
#2204 = DIRECTION('',(-1.,0.));
#2205 = ( GEOMETRIC_REPRESENTATION_CONTEXT(2) 
PARAMETRIC_REPRESENTATION_CONTEXT() REPRESENTATION_CONTEXT('2D SPACE',''
  ) );
#2206 = ADVANCED_FACE('',(#2207),#1579,.T.);
#2207 = FACE_BOUND('',#2208,.F.);
#2208 = EDGE_LOOP('',(#2209,#2210,#2232,#2233));
#2209 = ORIENTED_EDGE('',*,*,#1564,.T.);
#2210 = ORIENTED_EDGE('',*,*,#2211,.F.);
#2211 = EDGE_CURVE('',#1591,#1565,#2212,.T.);
#2212 = SURFACE_CURVE('',#2213,(#2218,#2225),.PCURVE_S1.);
#2213 = CIRCLE('',#2214,3.1);
#2214 = AXIS2_PLACEMENT_3D('',#2215,#2216,#2217);
#2215 = CARTESIAN_POINT('',(16.692491413557,2.943336611454,184.));
#2216 = DIRECTION('',(0.,0.,1.));
#2217 = DIRECTION('',(1.,0.,0.));
#2218 = PCURVE('',#1579,#2219);
#2219 = DEFINITIONAL_REPRESENTATION('',(#2220),#2224);
#2220 = LINE('',#2221,#2222);
#2221 = CARTESIAN_POINT('',(-0.,0.));
#2222 = VECTOR('',#2223,1.);
#2223 = DIRECTION('',(-1.,0.));
#2224 = ( GEOMETRIC_REPRESENTATION_CONTEXT(2) 
PARAMETRIC_REPRESENTATION_CONTEXT() REPRESENTATION_CONTEXT('2D SPACE',''
  ) );
#2225 = PCURVE('',#1607,#2226);
#2226 = DEFINITIONAL_REPRESENTATION('',(#2227),#2231);
#2227 = CIRCLE('',#2228,3.1);
#2228 = AXIS2_PLACEMENT_2D('',#2229,#2230);
#2229 = CARTESIAN_POINT('',(0.,-4.440892098501E-16));
#2230 = DIRECTION('',(1.,0.));
#2231 = ( GEOMETRIC_REPRESENTATION_CONTEXT(2) 
PARAMETRIC_REPRESENTATION_CONTEXT() REPRESENTATION_CONTEXT('2D SPACE',''
  ) );
#2232 = ORIENTED_EDGE('',*,*,#1623,.F.);
#2233 = ORIENTED_EDGE('',*,*,#2149,.F.);
#2234 = ADVANCED_FACE('',(#2235,#2239),#1607,.F.);
#2235 = FACE_BOUND('',#2236,.F.);
#2236 = EDGE_LOOP('',(#2237,#2238));
#2237 = ORIENTED_EDGE('',*,*,#2211,.T.);
#2238 = ORIENTED_EDGE('',*,*,#1590,.F.);
#2239 = FACE_BOUND('',#2240,.F.);
#2240 = EDGE_LOOP('',(#2241));
#2241 = ORIENTED_EDGE('',*,*,#2242,.F.);
#2242 = EDGE_CURVE('',#2243,#2243,#2245,.T.);
#2243 = VERTEX_POINT('',#2244);
#2244 = CARTESIAN_POINT('',(17.792491413557,2.943336611454,184.));
#2245 = SURFACE_CURVE('',#2246,(#2251,#2258),.PCURVE_S1.);
#2246 = CIRCLE('',#2247,1.1);
#2247 = AXIS2_PLACEMENT_3D('',#2248,#2249,#2250);
#2248 = CARTESIAN_POINT('',(16.692491413557,2.943336611454,184.));
#2249 = DIRECTION('',(0.,0.,1.));
#2250 = DIRECTION('',(1.,0.,0.));
#2251 = PCURVE('',#1607,#2252);
#2252 = DEFINITIONAL_REPRESENTATION('',(#2253),#2257);
#2253 = CIRCLE('',#2254,1.1);
#2254 = AXIS2_PLACEMENT_2D('',#2255,#2256);
#2255 = CARTESIAN_POINT('',(0.,-4.440892098501E-16));
#2256 = DIRECTION('',(1.,0.));
#2257 = ( GEOMETRIC_REPRESENTATION_CONTEXT(2) 
PARAMETRIC_REPRESENTATION_CONTEXT() REPRESENTATION_CONTEXT('2D SPACE',''
  ) );
#2258 = PCURVE('',#2259,#2264);
#2259 = CYLINDRICAL_SURFACE('',#2260,1.1);
#2260 = AXIS2_PLACEMENT_3D('',#2261,#2262,#2263);
#2261 = CARTESIAN_POINT('',(16.692491413557,2.943336611454,184.));
#2262 = DIRECTION('',(-0.,-0.,-1.));
#2263 = DIRECTION('',(1.,0.,0.));
#2264 = DEFINITIONAL_REPRESENTATION('',(#2265),#2269);
#2265 = LINE('',#2266,#2267);
#2266 = CARTESIAN_POINT('',(-0.,0.));
#2267 = VECTOR('',#2268,1.);
#2268 = DIRECTION('',(-1.,0.));
#2269 = ( GEOMETRIC_REPRESENTATION_CONTEXT(2) 
PARAMETRIC_REPRESENTATION_CONTEXT() REPRESENTATION_CONTEXT('2D SPACE',''
  ) );
#2270 = ADVANCED_FACE('',(#2271,#2302),#1525,.F.);
#2271 = FACE_BOUND('',#2272,.T.);
#2272 = EDGE_LOOP('',(#2273));
#2273 = ORIENTED_EDGE('',*,*,#2274,.F.);
#2274 = EDGE_CURVE('',#2275,#2275,#2277,.T.);
#2275 = VERTEX_POINT('',#2276);
#2276 = CARTESIAN_POINT('',(19.6,-4.800615452658E-15,50.));
#2277 = SURFACE_CURVE('',#2278,(#2283,#2290),.PCURVE_S1.);
#2278 = CIRCLE('',#2279,19.6);
#2279 = AXIS2_PLACEMENT_3D('',#2280,#2281,#2282);
#2280 = CARTESIAN_POINT('',(0.,0.,50.));
#2281 = DIRECTION('',(0.,0.,1.));
#2282 = DIRECTION('',(1.,0.,-0.));
#2283 = PCURVE('',#1525,#2284);
#2284 = DEFINITIONAL_REPRESENTATION('',(#2285),#2289);
#2285 = CIRCLE('',#2286,19.6);
#2286 = AXIS2_PLACEMENT_2D('',#2287,#2288);
#2287 = CARTESIAN_POINT('',(0.,0.));
#2288 = DIRECTION('',(1.,-0.));
#2289 = ( GEOMETRIC_REPRESENTATION_CONTEXT(2) 
PARAMETRIC_REPRESENTATION_CONTEXT() REPRESENTATION_CONTEXT('2D SPACE',''
  ) );
#2290 = PCURVE('',#2291,#2296);
#2291 = CONICAL_SURFACE('',#2292,1.E-02,0.390427402348);
#2292 = AXIS2_PLACEMENT_3D('',#2293,#2294,#2295);
#2293 = CARTESIAN_POINT('',(0.,0.,2.4));
#2294 = DIRECTION('',(0.,0.,1.));
#2295 = DIRECTION('',(1.,0.,-0.));
#2296 = DEFINITIONAL_REPRESENTATION('',(#2297),#2301);
#2297 = LINE('',#2298,#2299);
#2298 = CARTESIAN_POINT('',(0.,47.6));
#2299 = VECTOR('',#2300,1.);
#2300 = DIRECTION('',(1.,0.));
#2301 = ( GEOMETRIC_REPRESENTATION_CONTEXT(2) 
PARAMETRIC_REPRESENTATION_CONTEXT() REPRESENTATION_CONTEXT('2D SPACE',''
  ) );
#2302 = FACE_BOUND('',#2303,.T.);
#2303 = EDGE_LOOP('',(#2304));
#2304 = ORIENTED_EDGE('',*,*,#1510,.T.);
#2305 = ADVANCED_FACE('',(#2306),#1376,.T.);
#2306 = FACE_BOUND('',#2307,.F.);
#2307 = EDGE_LOOP('',(#2308,#2309,#2310,#2332));
#2308 = ORIENTED_EDGE('',*,*,#2124,.T.);
#2309 = ORIENTED_EDGE('',*,*,#1361,.T.);
#2310 = ORIENTED_EDGE('',*,*,#2311,.F.);
#2311 = EDGE_CURVE('',#1388,#1362,#2312,.T.);
#2312 = SURFACE_CURVE('',#2313,(#2318,#2325),.PCURVE_S1.);
#2313 = CIRCLE('',#2314,3.1);
#2314 = AXIS2_PLACEMENT_3D('',#2315,#2316,#2317);
#2315 = CARTESIAN_POINT('',(-3.113664486832E-15,-16.95,184.));
#2316 = DIRECTION('',(-0.,0.,1.));
#2317 = DIRECTION('',(0.831309818913,-0.555809306309,0.));
#2318 = PCURVE('',#1376,#2319);
#2319 = DEFINITIONAL_REPRESENTATION('',(#2320),#2324);
#2320 = LINE('',#2321,#2322);
#2321 = CARTESIAN_POINT('',(-5.693849126001,0.));
#2322 = VECTOR('',#2323,1.);
#2323 = DIRECTION('',(-1.,0.));
#2324 = ( GEOMETRIC_REPRESENTATION_CONTEXT(2) 
PARAMETRIC_REPRESENTATION_CONTEXT() REPRESENTATION_CONTEXT('2D SPACE',''
  ) );
#2325 = PCURVE('',#1404,#2326);
#2326 = DEFINITIONAL_REPRESENTATION('',(#2327),#2331);
#2327 = CIRCLE('',#2328,3.1);
#2328 = AXIS2_PLACEMENT_2D('',#2329,#2330);
#2329 = CARTESIAN_POINT('',(1.946584144729E-16,0.));
#2330 = DIRECTION('',(0.831309818913,-0.555809306309));
#2331 = ( GEOMETRIC_REPRESENTATION_CONTEXT(2) 
PARAMETRIC_REPRESENTATION_CONTEXT() REPRESENTATION_CONTEXT('2D SPACE',''
  ) );
#2332 = ORIENTED_EDGE('',*,*,#1420,.F.);
#2333 = ADVANCED_FACE('',(#2334,#2338),#1404,.F.);
#2334 = FACE_BOUND('',#2335,.F.);
#2335 = EDGE_LOOP('',(#2336,#2337));
#2336 = ORIENTED_EDGE('',*,*,#2311,.T.);
#2337 = ORIENTED_EDGE('',*,*,#1387,.F.);
#2338 = FACE_BOUND('',#2339,.F.);
#2339 = EDGE_LOOP('',(#2340));
#2340 = ORIENTED_EDGE('',*,*,#2341,.F.);
#2341 = EDGE_CURVE('',#2342,#2342,#2344,.T.);
#2342 = VERTEX_POINT('',#2343);
#2343 = CARTESIAN_POINT('',(1.1,-16.95,184.));
#2344 = SURFACE_CURVE('',#2345,(#2350,#2357),.PCURVE_S1.);
#2345 = CIRCLE('',#2346,1.1);
#2346 = AXIS2_PLACEMENT_3D('',#2347,#2348,#2349);
#2347 = CARTESIAN_POINT('',(-3.113664486832E-15,-16.95,184.));
#2348 = DIRECTION('',(0.,0.,1.));
#2349 = DIRECTION('',(1.,0.,0.));
#2350 = PCURVE('',#1404,#2351);
#2351 = DEFINITIONAL_REPRESENTATION('',(#2352),#2356);
#2352 = CIRCLE('',#2353,1.1);
#2353 = AXIS2_PLACEMENT_2D('',#2354,#2355);
#2354 = CARTESIAN_POINT('',(1.946584144729E-16,0.));
#2355 = DIRECTION('',(1.,0.));
#2356 = ( GEOMETRIC_REPRESENTATION_CONTEXT(2) 
PARAMETRIC_REPRESENTATION_CONTEXT() REPRESENTATION_CONTEXT('2D SPACE',''
  ) );
#2357 = PCURVE('',#2358,#2363);
#2358 = CYLINDRICAL_SURFACE('',#2359,1.1);
#2359 = AXIS2_PLACEMENT_3D('',#2360,#2361,#2362);
#2360 = CARTESIAN_POINT('',(-3.113664486832E-15,-16.95,184.));
#2361 = DIRECTION('',(-0.,-0.,-1.));
#2362 = DIRECTION('',(1.,0.,0.));
#2363 = DEFINITIONAL_REPRESENTATION('',(#2364),#2368);
#2364 = LINE('',#2365,#2366);
#2365 = CARTESIAN_POINT('',(-0.,0.));
#2366 = VECTOR('',#2367,1.);
#2367 = DIRECTION('',(-1.,0.));
#2368 = ( GEOMETRIC_REPRESENTATION_CONTEXT(2) 
PARAMETRIC_REPRESENTATION_CONTEXT() REPRESENTATION_CONTEXT('2D SPACE',''
  ) );
#2369 = ADVANCED_FACE('',(#2370,#2401),#1767,.F.);
#2370 = FACE_BOUND('',#2371,.F.);
#2371 = EDGE_LOOP('',(#2372));
#2372 = ORIENTED_EDGE('',*,*,#2373,.T.);
#2373 = EDGE_CURVE('',#2374,#2374,#2376,.T.);
#2374 = VERTEX_POINT('',#2375);
#2375 = CARTESIAN_POINT('',(20.05,0.,182.65));
#2376 = SURFACE_CURVE('',#2377,(#2382,#2389),.PCURVE_S1.);
#2377 = CIRCLE('',#2378,20.05);
#2378 = AXIS2_PLACEMENT_3D('',#2379,#2380,#2381);
#2379 = CARTESIAN_POINT('',(0.,0.,182.65));
#2380 = DIRECTION('',(0.,0.,1.));
#2381 = DIRECTION('',(1.,0.,-0.));
#2382 = PCURVE('',#1767,#2383);
#2383 = DEFINITIONAL_REPRESENTATION('',(#2384),#2388);
#2384 = CIRCLE('',#2385,20.05);
#2385 = AXIS2_PLACEMENT_2D('',#2386,#2387);
#2386 = CARTESIAN_POINT('',(5.429042709834E-16,-1.349062650506E-15));
#2387 = DIRECTION('',(1.,0.));
#2388 = ( GEOMETRIC_REPRESENTATION_CONTEXT(2) 
PARAMETRIC_REPRESENTATION_CONTEXT() REPRESENTATION_CONTEXT('2D SPACE',''
  ) );
#2389 = PCURVE('',#2390,#2395);
#2390 = CYLINDRICAL_SURFACE('',#2391,20.05);
#2391 = AXIS2_PLACEMENT_3D('',#2392,#2393,#2394);
#2392 = CARTESIAN_POINT('',(0.,0.,50.));
#2393 = DIRECTION('',(0.,0.,1.));
#2394 = DIRECTION('',(1.,0.,-0.));
#2395 = DEFINITIONAL_REPRESENTATION('',(#2396),#2400);
#2396 = LINE('',#2397,#2398);
#2397 = CARTESIAN_POINT('',(0.,132.65));
#2398 = VECTOR('',#2399,1.);
#2399 = DIRECTION('',(1.,0.));
#2400 = ( GEOMETRIC_REPRESENTATION_CONTEXT(2) 
PARAMETRIC_REPRESENTATION_CONTEXT() REPRESENTATION_CONTEXT('2D SPACE',''
  ) );
#2401 = FACE_BOUND('',#2402,.F.);
#2402 = EDGE_LOOP('',(#2403));
#2403 = ORIENTED_EDGE('',*,*,#1752,.F.);
#2404 = ADVANCED_FACE('',(#2405),#1854,.F.);
#2405 = FACE_BOUND('',#2406,.T.);
#2406 = EDGE_LOOP('',(#2407,#2408,#2431,#2462));
#2407 = ORIENTED_EDGE('',*,*,#1837,.F.);
#2408 = ORIENTED_EDGE('',*,*,#2409,.T.);
#2409 = EDGE_CURVE('',#1838,#2410,#2412,.T.);
#2410 = VERTEX_POINT('',#2411);
#2411 = CARTESIAN_POINT('',(-15.59249141355,2.943336611454,188.));
#2412 = SEAM_CURVE('',#2413,(#2417,#2424),.PCURVE_S1.);
#2413 = LINE('',#2414,#2415);
#2414 = CARTESIAN_POINT('',(-15.59249141355,2.943336611454,184.));
#2415 = VECTOR('',#2416,1.);
#2416 = DIRECTION('',(0.,0.,1.));
#2417 = PCURVE('',#1854,#2418);
#2418 = DEFINITIONAL_REPRESENTATION('',(#2419),#2423);
#2419 = LINE('',#2420,#2421);
#2420 = CARTESIAN_POINT('',(-6.28318530718,0.));
#2421 = VECTOR('',#2422,1.);
#2422 = DIRECTION('',(-0.,-1.));
#2423 = ( GEOMETRIC_REPRESENTATION_CONTEXT(2) 
PARAMETRIC_REPRESENTATION_CONTEXT() REPRESENTATION_CONTEXT('2D SPACE',''
  ) );
#2424 = PCURVE('',#1854,#2425);
#2425 = DEFINITIONAL_REPRESENTATION('',(#2426),#2430);
#2426 = LINE('',#2427,#2428);
#2427 = CARTESIAN_POINT('',(-0.,0.));
#2428 = VECTOR('',#2429,1.);
#2429 = DIRECTION('',(-0.,-1.));
#2430 = ( GEOMETRIC_REPRESENTATION_CONTEXT(2) 
PARAMETRIC_REPRESENTATION_CONTEXT() REPRESENTATION_CONTEXT('2D SPACE',''
  ) );
#2431 = ORIENTED_EDGE('',*,*,#2432,.F.);
#2432 = EDGE_CURVE('',#2410,#2410,#2433,.T.);
#2433 = SURFACE_CURVE('',#2434,(#2439,#2446),.PCURVE_S1.);
#2434 = CIRCLE('',#2435,1.1);
#2435 = AXIS2_PLACEMENT_3D('',#2436,#2437,#2438);
#2436 = CARTESIAN_POINT('',(-16.69249141355,2.943336611454,188.));
#2437 = DIRECTION('',(0.,0.,-1.));
#2438 = DIRECTION('',(1.,0.,0.));
#2439 = PCURVE('',#1854,#2440);
#2440 = DEFINITIONAL_REPRESENTATION('',(#2441),#2445);
#2441 = LINE('',#2442,#2443);
#2442 = CARTESIAN_POINT('',(-6.28318530718,-4.));
#2443 = VECTOR('',#2444,1.);
#2444 = DIRECTION('',(1.,-0.));
#2445 = ( GEOMETRIC_REPRESENTATION_CONTEXT(2) 
PARAMETRIC_REPRESENTATION_CONTEXT() REPRESENTATION_CONTEXT('2D SPACE',''
  ) );
#2446 = PCURVE('',#2447,#2452);
#2447 = PLANE('',#2448);
#2448 = AXIS2_PLACEMENT_3D('',#2449,#2450,#2451);
#2449 = CARTESIAN_POINT('',(-16.69249141355,2.943336611454,188.));
#2450 = DIRECTION('',(0.,0.,1.));
#2451 = DIRECTION('',(1.,0.,-0.));
#2452 = DEFINITIONAL_REPRESENTATION('',(#2453),#2461);
#2453 = ( BOUNDED_CURVE() B_SPLINE_CURVE(2,(#2454,#2455,#2456,#2457,
#2458,#2459,#2460),.UNSPECIFIED.,.T.,.F.) B_SPLINE_CURVE_WITH_KNOTS((1,2
    ,2,2,2,1),(-2.094395102393,0.,2.094395102393,4.188790204786,
6.28318530718,8.377580409573),.UNSPECIFIED.) CURVE() 
GEOMETRIC_REPRESENTATION_ITEM() RATIONAL_B_SPLINE_CURVE((1.,0.5,1.,0.5,
1.,0.5,1.)) REPRESENTATION_ITEM('') );
#2454 = CARTESIAN_POINT('',(1.1,0.));
#2455 = CARTESIAN_POINT('',(1.1,-1.905255888326));
#2456 = CARTESIAN_POINT('',(-0.55,-0.952627944163));
#2457 = CARTESIAN_POINT('',(-2.2,-2.694222958124E-16));
#2458 = CARTESIAN_POINT('',(-0.55,0.952627944163));
#2459 = CARTESIAN_POINT('',(1.1,1.905255888326));
#2460 = CARTESIAN_POINT('',(1.1,0.));
#2461 = ( GEOMETRIC_REPRESENTATION_CONTEXT(2) 
PARAMETRIC_REPRESENTATION_CONTEXT() REPRESENTATION_CONTEXT('2D SPACE',''
  ) );
#2462 = ORIENTED_EDGE('',*,*,#2409,.F.);
#2463 = ADVANCED_FACE('',(#2464),#1892,.T.);
#2464 = FACE_BOUND('',#2465,.T.);
#2465 = EDGE_LOOP('',(#2466,#2547,#2548,#2673,#2696));
#2466 = ORIENTED_EDGE('',*,*,#2467,.T.);
#2467 = EDGE_CURVE('',#2468,#1870,#2470,.T.);
#2468 = VERTEX_POINT('',#2469);
#2469 = CARTESIAN_POINT('',(19.745395495758,3.481645690773,191.7));
#2470 = SURFACE_CURVE('',#2471,(#2489,#2518),.PCURVE_S1.);
#2471 = B_SPLINE_CURVE_WITH_KNOTS('',6,(#2472,#2473,#2474,#2475,#2476,
    #2477,#2478,#2479,#2480,#2481,#2482,#2483,#2484,#2485,#2486,#2487,
    #2488),.UNSPECIFIED.,.F.,.F.,(7,5,5,7),(0.,0.252037373588,
    0.4862962499,0.747881602161),.UNSPECIFIED.);
#2472 = CARTESIAN_POINT('',(19.745395495758,3.481645690773,191.7));
#2473 = CARTESIAN_POINT('',(19.761255493052,3.391699129697,
    191.70000000686));
#2474 = CARTESIAN_POINT('',(19.773938158499,3.301175545814,
    191.7027300087));
#2475 = CARTESIAN_POINT('',(19.783345581633,3.210621219571,
    191.70819121422));
#2476 = CARTESIAN_POINT('',(19.789495585701,3.120523237695,
    191.71630031599));
#2477 = CARTESIAN_POINT('',(19.792491413557,3.031307480876,
    191.72691407488));
#2478 = CARTESIAN_POINT('',(19.792491413557,2.861571130702,
    191.75188096974));
#2479 = CARTESIAN_POINT('',(19.789903199114,2.780876478781,
    191.76591828151));
#2480 = CARTESIAN_POINT('',(19.784855052816,2.701519611847,
    191.78182504069));
#2481 = CARTESIAN_POINT('',(19.777509024362,2.623688600973,191.799444598
    ));
#2482 = CARTESIAN_POINT('',(19.768039102299,2.547505250205,
    191.8186201966));
#2483 = CARTESIAN_POINT('',(19.743846384118,2.389883484401,
    191.86220313258));
#2484 = CARTESIAN_POINT('',(19.728640623419,2.308873731655,
    191.8869583086));
#2485 = CARTESIAN_POINT('',(19.711221244989,2.230089014492,
    191.91328146067));
#2486 = CARTESIAN_POINT('',(19.691806207288,2.153555292088,
    191.94099441523));
#2487 = CARTESIAN_POINT('',(19.670592374584,2.079254550027,
    191.96994226056));
#2488 = CARTESIAN_POINT('',(19.647745605619,2.00713542565,192.));
#2489 = PCURVE('',#1892,#2490);
#2490 = DEFINITIONAL_REPRESENTATION('',(#2491),#2517);
#2491 = B_SPLINE_CURVE_WITH_KNOTS('',3,(#2492,#2493,#2494,#2495,#2496,
    #2497,#2498,#2499,#2500,#2501,#2502,#2503,#2504,#2505,#2506,#2507,
    #2508,#2509,#2510,#2511,#2512,#2513,#2514,#2515,#2516),
  .UNSPECIFIED.,.F.,.F.,(4,1,1,1,1,1,1,1,1,1,1,1,1,1,1,1,1,1,1,1,1,1,4),
  (0.,3.399461828005E-02,6.798923656011E-02,0.10198385484,0.13597847312,
    0.1699730914,0.20396770968,0.23796232796,0.27195694624,0.30595156452
    ,0.339946182801,0.373940801081,0.407935419361,0.441930037641,
    0.475924655921,0.509919274201,0.543913892481,0.577908510761,
    0.611903129041,0.645897747321,0.679892365601,0.713886983881,
    0.747881602161),.QUASI_UNIFORM_KNOTS.);
#2492 = CARTESIAN_POINT('',(-6.457718218632,-1.314504061156E-13));
#2493 = CARTESIAN_POINT('',(-6.456489345719,7.583465515794E-07));
#2494 = CARTESIAN_POINT('',(-6.454031590555,-4.972850247474E-04));
#2495 = CARTESIAN_POINT('',(-6.450351491552,-2.728419901439E-03));
#2496 = CARTESIAN_POINT('',(-6.446684657204,-6.432410486836E-03));
#2497 = CARTESIAN_POINT('',(-6.443037226397,-1.158615574865E-02));
#2498 = CARTESIAN_POINT('',(-6.439414970276,-1.815976943808E-02));
#2499 = CARTESIAN_POINT('',(-6.435823258251,-2.611619823345E-02));
#2500 = CARTESIAN_POINT('',(-6.432267061666,-3.541238661089E-02));
#2501 = CARTESIAN_POINT('',(-6.428751055026,-4.599973958413E-02));
#2502 = CARTESIAN_POINT('',(-6.425279034848,-5.782659464795E-02));
#2503 = CARTESIAN_POINT('',(-6.421854204168,-7.083895681956E-02));
#2504 = CARTESIAN_POINT('',(-6.418479243494,-8.498148285487E-02));
#2505 = CARTESIAN_POINT('',(-6.415156324708,-0.100198178101));
#2506 = CARTESIAN_POINT('',(-6.411887154071,-0.116433117798));
#2507 = CARTESIAN_POINT('',(-6.408672992469,-0.133631219454));
#2508 = CARTESIAN_POINT('',(-6.405514730551,-0.151738849884));
#2509 = CARTESIAN_POINT('',(-6.402412884725,-0.170704058873));
#2510 = CARTESIAN_POINT('',(-6.399367536119,-0.190477897245));
#2511 = CARTESIAN_POINT('',(-6.396378615354,-0.211013184083));
#2512 = CARTESIAN_POINT('',(-6.393445853031,-0.2322649668));
#2513 = CARTESIAN_POINT('',(-6.390568803078,-0.254190708969));
#2514 = CARTESIAN_POINT('',(-6.387746868046,-0.276750129008));
#2515 = CARTESIAN_POINT('',(-6.385901784852,-0.292187864498));
#2516 = CARTESIAN_POINT('',(-6.384988170717,-0.3));
#2517 = ( GEOMETRIC_REPRESENTATION_CONTEXT(2) 
PARAMETRIC_REPRESENTATION_CONTEXT() REPRESENTATION_CONTEXT('2D SPACE',''
  ) );
#2518 = PCURVE('',#1921,#2519);
#2519 = DEFINITIONAL_REPRESENTATION('',(#2520),#2546);
#2520 = B_SPLINE_CURVE_WITH_KNOTS('',3,(#2521,#2522,#2523,#2524,#2525,
    #2526,#2527,#2528,#2529,#2530,#2531,#2532,#2533,#2534,#2535,#2536,
    #2537,#2538,#2539,#2540,#2541,#2542,#2543,#2544,#2545),
  .UNSPECIFIED.,.F.,.F.,(4,1,1,1,1,1,1,1,1,1,1,1,1,1,1,1,1,1,1,1,1,1,4),
  (0.,3.399461828005E-02,6.798923656011E-02,0.10198385484,0.13597847312,
    0.1699730914,0.20396770968,0.23796232796,0.27195694624,0.30595156452
    ,0.339946182801,0.373940801081,0.407935419361,0.441930037641,
    0.475924655921,0.509919274201,0.543913892481,0.577908510761,
    0.611903129041,0.645897747321,0.679892365601,0.713886983881,
    0.747881602161),.QUASI_UNIFORM_KNOTS.);
#2521 = CARTESIAN_POINT('',(-6.457718143464,-7.7));
#2522 = CARTESIAN_POINT('',(-6.449770121831,-7.699999241715));
#2523 = CARTESIAN_POINT('',(-6.433873978475,-7.700497285115));
#2524 = CARTESIAN_POINT('',(-6.410064146307,-7.702728419903));
#2525 = CARTESIAN_POINT('',(-6.386324396952,-7.706432410428));
#2526 = CARTESIAN_POINT('',(-6.362686871514,-7.711586155766));
#2527 = CARTESIAN_POINT('',(-6.339181630721,-7.718159769507));
#2528 = CARTESIAN_POINT('',(-6.315836532916,-7.726116198057));
#2529 = CARTESIAN_POINT('',(-6.292677318771,-7.73541238694));
#2530 = CARTESIAN_POINT('',(-6.269728322005,-7.745999738287));
#2531 = CARTESIAN_POINT('',(-6.247008721108,-7.75782659109));
#2532 = CARTESIAN_POINT('',(-6.22453438945,-7.770838957974));
#2533 = CARTESIAN_POINT('',(-6.202318338012,-7.784981485913));
#2534 = CARTESIAN_POINT('',(-6.180370800769,-7.80019817773));
#2535 = CARTESIAN_POINT('',(-6.158699490899,-7.81643311356));
#2536 = CARTESIAN_POINT('',(-6.13730969567,-7.833631220033));
#2537 = CARTESIAN_POINT('',(-6.11620470572,-7.85173884866));
#2538 = CARTESIAN_POINT('',(-6.095385781032,-7.870704056321));
#2539 = CARTESIAN_POINT('',(-6.074851659941,-7.89047789748));
#2540 = CARTESIAN_POINT('',(-6.054600414621,-7.911013186254));
#2541 = CARTESIAN_POINT('',(-6.034629088337,-7.932264967741));
#2542 = CARTESIAN_POINT('',(-6.014933817062,-7.954190706857));
#2543 = CARTESIAN_POINT('',(-5.995509938871,-7.976750127028));
#2544 = CARTESIAN_POINT('',(-5.982737739602,-7.992187863636));
#2545 = CARTESIAN_POINT('',(-5.976394989067,-8.));
#2546 = ( GEOMETRIC_REPRESENTATION_CONTEXT(2) 
PARAMETRIC_REPRESENTATION_CONTEXT() REPRESENTATION_CONTEXT('2D SPACE',''
  ) );
#2547 = ORIENTED_EDGE('',*,*,#1869,.T.);
#2548 = ORIENTED_EDGE('',*,*,#2549,.F.);
#2549 = EDGE_CURVE('',#2550,#1872,#2552,.T.);
#2550 = VERTEX_POINT('',#2551);
#2551 = CARTESIAN_POINT('',(4.225221454074E-07,-20.05,191.7));
#2552 = SURFACE_CURVE('',#2553,(#2591,#2632),.PCURVE_S1.);
#2553 = B_SPLINE_CURVE_WITH_KNOTS('',6,(#2554,#2555,#2556,#2557,#2558,
    #2559,#2560,#2561,#2562,#2563,#2564,#2565,#2566,#2567,#2568,#2569,
    #2570,#2571,#2572,#2573,#2574,#2575,#2576,#2577,#2578,#2579,#2580,
    #2581,#2582,#2583,#2584,#2585,#2586,#2587,#2588,#2589,#2590),
  .UNSPECIFIED.,.F.,.F.,(7,5,5,5,5,5,5,7),(0.,0.218839907142,
    0.317700703539,0.50024728305,0.6249791261,0.682822473521,
    0.781704333106,1.),.UNSPECIFIED.);
#2554 = CARTESIAN_POINT('',(-1.435152691154,-19.69778761061,192.));
#2555 = CARTESIAN_POINT('',(-1.351248036899,-19.74161049921,
    191.96238997662));
#2556 = CARTESIAN_POINT('',(-1.26354001535,-19.78350677373,
    191.92651937402));
#2557 = CARTESIAN_POINT('',(-1.17186433613,-19.82317744059,
    191.89262987851));
#2558 = CARTESIAN_POINT('',(-1.076134886829,-19.86023305044,
    191.86103833375));
#2559 = CARTESIAN_POINT('',(-0.976369778788,-19.89420826471,
    191.83212291073));
#2560 = CARTESIAN_POINT('',(-0.825946932549,-19.93834256063,
    191.79461353314));
#2561 = CARTESIAN_POINT('',(-0.778357511001,-19.95134539073,
    191.7835707306));
#2562 = CARTESIAN_POINT('',(-0.730007932147,-19.96357119797,
    191.77319485622));
#2563 = CARTESIAN_POINT('',(-0.680929219522,-19.97497207778,
    191.76352493201));
#2564 = CARTESIAN_POINT('',(-0.631163854696,-19.98550067756,
    191.75459954636));
#2565 = CARTESIAN_POINT('',(-0.487710611063,-20.01286025406,
    191.73141641435));
#2566 = CARTESIAN_POINT('',(-0.392472239363,-20.02748728114,
    191.71903579986));
#2567 = CARTESIAN_POINT('',(-0.295455297526,-20.03869985845,
    191.70955290054));
#2568 = CARTESIAN_POINT('',(-0.197155123735,-20.04625918629,
    191.70316246857));
#2569 = CARTESIAN_POINT('',(-9.816986521107E-02,-20.05002509109,
    191.69997878832));
#2570 = CARTESIAN_POINT('',(6.840663798106E-02,-20.04998268648,
    191.70001463661));
#2571 = CARTESIAN_POINT('',(0.136027041479,-20.04819559591,
    191.70152542361));
#2572 = CARTESIAN_POINT('',(0.203432138693,-20.04463845866,
    191.70453257087));
#2573 = CARTESIAN_POINT('',(0.270421967339,-20.039341288,191.70901159528
    ));
#2574 = CARTESIAN_POINT('',(0.336814112632,-20.03235903773,
    191.71491766266));
#2575 = CARTESIAN_POINT('',(0.43287783608,-20.01978157809,
    191.72556225831));
#2576 = CARTESIAN_POINT('',(0.463149656957,-20.01545028143,
    191.72922861532));
#2577 = CARTESIAN_POINT('',(0.4932429159,-20.01077986673,191.73318288235
    ));
#2578 = CARTESIAN_POINT('',(0.523143531639,-20.00577828833,
    191.7374185721));
#2579 = CARTESIAN_POINT('',(0.552838881041,-20.00045405851,
    191.74192874348));
#2580 = CARTESIAN_POINT('',(0.632711325223,-19.98517854035,
    191.75487261327));
#2581 = CARTESIAN_POINT('',(0.682472397482,-19.97462431351,
    191.76381984792));
#2582 = CARTESIAN_POINT('',(0.731545498318,-19.96319831616,
    191.77351122372));
#2583 = CARTESIAN_POINT('',(0.779888302394,-19.95094795639,
    191.78390810731));
#2584 = CARTESIAN_POINT('',(0.827469937573,-19.93792117184,
    191.79497145002));
#2585 = CARTESIAN_POINT('',(0.977585326938,-19.89379406419,
    191.83247542914));
#2586 = CARTESIAN_POINT('',(1.077068316029,-19.85987159982,
    191.86134648852));
#2587 = CARTESIAN_POINT('',(1.172535126892,-19.8228871337,
    191.89287788029));
#2588 = CARTESIAN_POINT('',(1.263968352161,-19.78330218904,
    191.92669453426));
#2589 = CARTESIAN_POINT('',(1.351453654042,-19.74150315853,
    191.96248209824));
#2590 = CARTESIAN_POINT('',(1.435154029699,-19.6977869115,192.0000006));
#2591 = PCURVE('',#1892,#2592);
#2592 = DEFINITIONAL_REPRESENTATION('',(#2593),#2631);
#2593 = B_SPLINE_CURVE_WITH_KNOTS('',6,(#2594,#2595,#2596,#2597,#2598,
    #2599,#2600,#2601,#2602,#2603,#2604,#2605,#2606,#2607,#2608,#2609,
    #2610,#2611,#2612,#2613,#2614,#2615,#2616,#2617,#2618,#2619,#2620,
    #2621,#2622,#2623,#2624,#2625,#2626,#2627,#2628,#2629,#2630),
  .UNSPECIFIED.,.F.,.F.,(7,5,5,5,5,5,5,7),(0.,0.218839907142,
    0.317700703539,0.50024728305,0.6249791261,0.682822473521,
    0.781704333106,1.),.UNSPECIFIED.);
#2594 = CARTESIAN_POINT('',(-4.639658918723,-0.3));
#2595 = CARTESIAN_POINT('',(-4.644057261541,-0.26238997662));
#2596 = CARTESIAN_POINT('',(-4.648620479809,-0.226519374026));
#2597 = CARTESIAN_POINT('',(-4.653356257065,-0.192629878511));
#2598 = CARTESIAN_POINT('',(-4.658268571424,-0.161038333758));
#2599 = CARTESIAN_POINT('',(-4.663357006759,-0.13212291073));
#2600 = CARTESIAN_POINT('',(-4.670988990409,-9.461353314854E-02));
#2601 = CARTESIAN_POINT('',(-4.673398086495,-8.357073059994E-02));
#2602 = CARTESIAN_POINT('',(-4.675840490964,-7.319485622135E-02));
#2603 = CARTESIAN_POINT('',(-4.67831487744,-6.352493201055E-02));
#2604 = CARTESIAN_POINT('',(-4.680819411453,-5.45995463667E-02));
#2605 = CARTESIAN_POINT('',(-4.68802748923,-3.141641435574E-02));
#2606 = CARTESIAN_POINT('',(-4.692799359233,-1.903579986503E-02));
#2607 = CARTESIAN_POINT('',(-4.697649331981,-9.552900548983E-03));
#2608 = CARTESIAN_POINT('',(-4.702555836184,-3.162468573761E-03));
#2609 = CARTESIAN_POINT('',(-4.707492727689,2.121167139406E-05));
#2610 = CARTESIAN_POINT('',(-4.715800782823,-1.463661237696E-05));
#2611 = CARTESIAN_POINT('',(-4.719173380165,-1.525423614216E-03));
#2612 = CARTESIAN_POINT('',(-4.722536452796,-4.532570873398E-03));
#2613 = CARTESIAN_POINT('',(-4.725881222377,-9.011595279928E-03));
#2614 = CARTESIAN_POINT('',(-4.729199694379,-1.491766265992E-02));
#2615 = CARTESIAN_POINT('',(-4.734007861656,-2.556225831559E-02));
#2616 = CARTESIAN_POINT('',(-4.735524006917,-2.92286153261E-02));
#2617 = CARTESIAN_POINT('',(-4.737032295951,-3.318288235061E-02));
#2618 = CARTESIAN_POINT('',(-4.738532112577,-3.741857210582E-02));
#2619 = CARTESIAN_POINT('',(-4.740022905647,-4.192874348018E-02));
#2620 = CARTESIAN_POINT('',(-4.744036408618,-5.487261327316E-02));
#2621 = CARTESIAN_POINT('',(-4.746540838888,-6.381984791957E-02));
#2622 = CARTESIAN_POINT('',(-4.749015064296,-7.351122372654E-02));
#2623 = CARTESIAN_POINT('',(-4.751457257345,-8.390810731339E-02));
#2624 = CARTESIAN_POINT('',(-4.753866098389,-9.497145002602E-02));
#2625 = CARTESIAN_POINT('',(-4.761482953673,-0.132475429142));
#2626 = CARTESIAN_POINT('',(-4.766557288828,-0.161346488529));
#2627 = CARTESIAN_POINT('',(-4.77145635574,-0.192877880299));
#2628 = CARTESIAN_POINT('',(-4.776179766013,-0.226694534268));
#2629 = CARTESIAN_POINT('',(-4.78073147737,-0.262482098243));
#2630 = CARTESIAN_POINT('',(-4.785119112214,-0.3000006));
#2631 = ( GEOMETRIC_REPRESENTATION_CONTEXT(2) 
PARAMETRIC_REPRESENTATION_CONTEXT() REPRESENTATION_CONTEXT('2D SPACE',''
  ) );
#2632 = PCURVE('',#2047,#2633);
#2633 = DEFINITIONAL_REPRESENTATION('',(#2634),#2672);
#2634 = B_SPLINE_CURVE_WITH_KNOTS('',6,(#2635,#2636,#2637,#2638,#2639,
    #2640,#2641,#2642,#2643,#2644,#2645,#2646,#2647,#2648,#2649,#2650,
    #2651,#2652,#2653,#2654,#2655,#2656,#2657,#2658,#2659,#2660,#2661,
    #2662,#2663,#2664,#2665,#2666,#2667,#2668,#2669,#2670,#2671),
  .UNSPECIFIED.,.F.,.F.,(7,5,5,5,5,5,5,7),(0.,0.218839907142,
    0.317700703539,0.50024728305,0.6249791261,0.682822473521,
    0.781704333106,1.),.UNSPECIFIED.);
#2635 = CARTESIAN_POINT('',(-4.231065737072,-8.));
#2636 = CARTESIAN_POINT('',(-4.261601086286,-7.96238997662));
#2637 = CARTESIAN_POINT('',(-4.292936200366,-7.926519374026));
#2638 = CARTESIAN_POINT('',(-4.325124734919,-7.892629878511));
#2639 = CARTESIAN_POINT('',(-4.358197550937,-7.861038333758));
#2640 = CARTESIAN_POINT('',(-4.392163641009,-7.832122910731));
#2641 = CARTESIAN_POINT('',(-4.442732587923,-7.794613533149));
#2642 = CARTESIAN_POINT('',(-4.45864395555,-7.7835707306));
#2643 = CARTESIAN_POINT('',(-4.474727049198,-7.773194856221));
#2644 = CARTESIAN_POINT('',(-4.490975744602,-7.763524932011));
#2645 = CARTESIAN_POINT('',(-4.50738113077,-7.754599546367));
#2646 = CARTESIAN_POINT('',(-4.55449047458,-7.731416414356));
#2647 = CARTESIAN_POINT('',(-4.585552680022,-7.719035799865));
#2648 = CARTESIAN_POINT('',(-4.617022956636,-7.709552900549));
#2649 = CARTESIAN_POINT('',(-4.648790991797,-7.703162468574));
#2650 = CARTESIAN_POINT('',(-4.680721280898,-7.699978788329));
#2651 = CARTESIAN_POINT('',(-4.734455638507,-7.700014636612));
#2652 = CARTESIAN_POINT('',(-4.756268807267,-7.701525423614));
#2653 = CARTESIAN_POINT('',(-4.778031388059,-7.704532570874));
#2654 = CARTESIAN_POINT('',(-4.799697460978,-7.70901159528));
#2655 = CARTESIAN_POINT('',(-4.821225453638,-7.71491766266));
#2656 = CARTESIAN_POINT('',(-4.852478227007,-7.725562258316));
#2657 = CARTESIAN_POINT('',(-4.862342074639,-7.729228615326));
#2658 = CARTESIAN_POINT('',(-4.872164764187,-7.733182882351));
#2659 = CARTESIAN_POINT('',(-4.881943132171,-7.737418572106));
#2660 = CARTESIAN_POINT('',(-4.891674374988,-7.74192874348));
#2661 = CARTESIAN_POINT('',(-4.917906645736,-7.754872613273));
#2662 = CARTESIAN_POINT('',(-4.934312389947,-7.76381984792));
#2663 = CARTESIAN_POINT('',(-4.95056115741,-7.773511223727));
#2664 = CARTESIAN_POINT('',(-4.966644076317,-7.783908107314));
#2665 = CARTESIAN_POINT('',(-4.982555060072,-7.794971450026));
#2666 = CARTESIAN_POINT('',(-5.033028192759,-7.832475429142));
#2667 = CARTESIAN_POINT('',(-5.066902909049,-7.861346488529));
#2668 = CARTESIAN_POINT('',(-5.099888755326,-7.892877880299));
#2669 = CARTESIAN_POINT('',(-5.13199478763,-7.926694534268));
#2670 = CARTESIAN_POINT('',(-5.163251696805,-7.962482098244));
#2671 = CARTESIAN_POINT('',(-5.193712710833,-8.0000006));
#2672 = ( GEOMETRIC_REPRESENTATION_CONTEXT(2) 
PARAMETRIC_REPRESENTATION_CONTEXT() REPRESENTATION_CONTEXT('2D SPACE',''
  ) );
#2673 = ORIENTED_EDGE('',*,*,#2674,.T.);
#2674 = EDGE_CURVE('',#2550,#2675,#2677,.T.);
#2675 = VERTEX_POINT('',#2676);
#2676 = CARTESIAN_POINT('',(20.05,0.,191.7));
#2677 = SURFACE_CURVE('',#2678,(#2683,#2689),.PCURVE_S1.);
#2678 = CIRCLE('',#2679,20.05);
#2679 = AXIS2_PLACEMENT_3D('',#2680,#2681,#2682);
#2680 = CARTESIAN_POINT('',(0.,0.,191.7));
#2681 = DIRECTION('',(0.,0.,1.));
#2682 = DIRECTION('',(1.,0.,-0.));
#2683 = PCURVE('',#1892,#2684);
#2684 = DEFINITIONAL_REPRESENTATION('',(#2685),#2688);
#2685 = B_SPLINE_CURVE_WITH_KNOTS('',1,(#2686,#2687),.UNSPECIFIED.,.F.,
  .F.,(2,2),(2.967059715333,6.28318530718),.PIECEWISE_BEZIER_KNOTS.);
#2686 = CARTESIAN_POINT('',(-2.967059715333,0.));
#2687 = CARTESIAN_POINT('',(-6.28318530718,0.));
#2688 = ( GEOMETRIC_REPRESENTATION_CONTEXT(2) 
PARAMETRIC_REPRESENTATION_CONTEXT() REPRESENTATION_CONTEXT('2D SPACE',''
  ) );
#2689 = PCURVE('',#2390,#2690);
#2690 = DEFINITIONAL_REPRESENTATION('',(#2691),#2695);
#2691 = LINE('',#2692,#2693);
#2692 = CARTESIAN_POINT('',(0.,141.7));
#2693 = VECTOR('',#2694,1.);
#2694 = DIRECTION('',(1.,0.));
#2695 = ( GEOMETRIC_REPRESENTATION_CONTEXT(2) 
PARAMETRIC_REPRESENTATION_CONTEXT() REPRESENTATION_CONTEXT('2D SPACE',''
  ) );
#2696 = ORIENTED_EDGE('',*,*,#2697,.T.);
#2697 = EDGE_CURVE('',#2675,#2468,#2698,.T.);
#2698 = SURFACE_CURVE('',#2699,(#2704,#2710),.PCURVE_S1.);
#2699 = CIRCLE('',#2700,20.05);
#2700 = AXIS2_PLACEMENT_3D('',#2701,#2702,#2703);
#2701 = CARTESIAN_POINT('',(0.,0.,191.7));
#2702 = DIRECTION('',(0.,0.,1.));
#2703 = DIRECTION('',(1.,0.,-0.));
#2704 = PCURVE('',#1892,#2705);
#2705 = DEFINITIONAL_REPRESENTATION('',(#2706),#2709);
#2706 = B_SPLINE_CURVE_WITH_KNOTS('',1,(#2707,#2708),.UNSPECIFIED.,.F.,
  .F.,(2,2),(0.,0.174532911452),.PIECEWISE_BEZIER_KNOTS.);
#2707 = CARTESIAN_POINT('',(-6.28318530718,0.));
#2708 = CARTESIAN_POINT('',(-6.457718218632,0.));
#2709 = ( GEOMETRIC_REPRESENTATION_CONTEXT(2) 
PARAMETRIC_REPRESENTATION_CONTEXT() REPRESENTATION_CONTEXT('2D SPACE',''
  ) );
#2710 = PCURVE('',#2390,#2711);
#2711 = DEFINITIONAL_REPRESENTATION('',(#2712),#2716);
#2712 = LINE('',#2713,#2714);
#2713 = CARTESIAN_POINT('',(0.,141.7));
#2714 = VECTOR('',#2715,1.);
#2715 = DIRECTION('',(1.,0.));
#2716 = ( GEOMETRIC_REPRESENTATION_CONTEXT(2) 
PARAMETRIC_REPRESENTATION_CONTEXT() REPRESENTATION_CONTEXT('2D SPACE',''
  ) );
#2717 = ADVANCED_FACE('',(#2718),#1921,.T.);
#2718 = FACE_BOUND('',#2719,.F.);
#2719 = EDGE_LOOP('',(#2720,#2721,#2814));
#2720 = ORIENTED_EDGE('',*,*,#1904,.T.);
#2721 = ORIENTED_EDGE('',*,*,#2722,.F.);
#2722 = EDGE_CURVE('',#2468,#1905,#2723,.T.);
#2723 = SURFACE_CURVE('',#2724,(#2752,#2783),.PCURVE_S1.);
#2724 = B_SPLINE_CURVE_WITH_KNOTS('',6,(#2725,#2726,#2727,#2728,#2729,
    #2730,#2731,#2732,#2733,#2734,#2735,#2736,#2737,#2738,#2739,#2740,
    #2741,#2742,#2743,#2744,#2745,#2746,#2747,#2748,#2749,#2750,#2751),
  .UNSPECIFIED.,.F.,.F.,(7,5,5,5,5,7),(0.,0.252037444261,0.44162575061,
    0.527537021958,0.672782112947,1.),.UNSPECIFIED.);
#2725 = CARTESIAN_POINT('',(19.792491413557,2.943336611454,
    191.73985390448));
#2726 = CARTESIAN_POINT('',(19.792491413557,3.031307505544,
    191.72691407125));
#2727 = CARTESIAN_POINT('',(19.789495584021,3.120523287729,
    191.71630031004));
#2728 = CARTESIAN_POINT('',(19.78334557646,3.210621295364,
    191.70819120739));
#2729 = CARTESIAN_POINT('',(19.773938147947,3.301175647382,
    191.70273000257));
#2730 = CARTESIAN_POINT('',(19.76125547527,3.391699256614,
    191.70000000303));
#2731 = CARTESIAN_POINT('',(19.733465211164,3.549305712464,
    191.69999999771));
#2732 = CARTESIAN_POINT('',(19.719734671306,3.616653095556,
    191.70154468614));
#2733 = CARTESIAN_POINT('',(19.704243292491,3.683462177407,
    191.70463435161));
#2734 = CARTESIAN_POINT('',(19.687058830125,3.749532102898,
    191.70924301483));
#2735 = CARTESIAN_POINT('',(19.66827185415,3.81468519724,191.71532307852
    ));
#2736 = CARTESIAN_POINT('',(19.638799714434,3.907802808683,
    191.72620263596));
#2737 = CARTESIAN_POINT('',(19.629301883739,3.936621182598,
    191.72988433425));
#2738 = CARTESIAN_POINT('',(19.619506571842,3.965206725647,
    191.73384911134));
#2739 = CARTESIAN_POINT('',(19.609423868024,3.993547344833,
    191.7380905765));
#2740 = CARTESIAN_POINT('',(19.599064138097,4.021632437726,
    191.74260190699));
#2741 = CARTESIAN_POINT('',(19.570473084237,4.09648728522,
    191.75544686703));
#2742 = CARTESIAN_POINT('',(19.551746616936,4.142765272552,
    191.7642686025));
#2743 = CARTESIAN_POINT('',(19.532309490148,4.188242960822,
    191.77380642912));
#2744 = CARTESIAN_POINT('',(19.512212822418,4.23288891785,191.7840237709
    ));
#2745 = CARTESIAN_POINT('',(19.491506348489,4.276682270821,
    191.79488368333));
#2746 = CARTESIAN_POINT('',(19.422319283864,4.416323084775,
    191.83218350449));
#2747 = CARTESIAN_POINT('',(19.371553405354,4.508626835759,
    191.86109139176));
#2748 = CARTESIAN_POINT('',(19.31845724377,4.596425154998,
    191.89267269304));
#2749 = CARTESIAN_POINT('',(19.263491547126,4.679781020485,
    191.92654976914));
#2750 = CARTESIAN_POINT('',(19.207024392842,4.758846697118,
    191.96240620293));
#2751 = CARTESIAN_POINT('',(19.149321385704,4.833835616469,192.0000006)
  );
#2752 = PCURVE('',#1921,#2753);
#2753 = DEFINITIONAL_REPRESENTATION('',(#2754),#2782);
#2754 = B_SPLINE_CURVE_WITH_KNOTS('',6,(#2755,#2756,#2757,#2758,#2759,
    #2760,#2761,#2762,#2763,#2764,#2765,#2766,#2767,#2768,#2769,#2770,
    #2771,#2772,#2773,#2774,#2775,#2776,#2777,#2778,#2779,#2780,#2781),
  .UNSPECIFIED.,.F.,.F.,(7,5,5,5,5,7),(0.252037373588,0.252037444261,
    0.44162575061,0.527537021958,0.672782112947,0.99999912961),
  .UNSPECIFIED.);
#2755 = CARTESIAN_POINT('',(-6.457718143464,-7.7));
#2756 = CARTESIAN_POINT('',(-6.457718151726,-7.7));
#2757 = CARTESIAN_POINT('',(-6.457718159987,-7.7));
#2758 = CARTESIAN_POINT('',(-6.457718168249,-7.7));
#2759 = CARTESIAN_POINT('',(-6.45771817651,-7.7));
#2760 = CARTESIAN_POINT('',(-6.457718184772,-7.7));
#2761 = CARTESIAN_POINT('',(-6.479880655112,-7.699999997715));
#2762 = CARTESIAN_POINT('',(-6.50204467817,-7.70154468614));
#2763 = CARTESIAN_POINT('',(-6.524155967521,-7.704634351614));
#2764 = CARTESIAN_POINT('',(-6.546166414766,-7.70924301483));
#2765 = CARTESIAN_POINT('',(-6.568032584352,-7.715323078526));
#2766 = CARTESIAN_POINT('',(-6.599539147731,-7.726202635965));
#2767 = CARTESIAN_POINT('',(-6.609326575967,-7.729884334254));
#2768 = CARTESIAN_POINT('',(-6.619073068147,-7.733849111344));
#2769 = CARTESIAN_POINT('',(-6.628775557964,-7.738090576507));
#2770 = CARTESIAN_POINT('',(-6.638431329499,-7.742601906997));
#2771 = CARTESIAN_POINT('',(-6.664279474355,-7.755446867034));
#2772 = CARTESIAN_POINT('',(-6.680380639899,-7.764268602505));
#2773 = CARTESIAN_POINT('',(-6.696330158684,-7.773806429128));
#2774 = CARTESIAN_POINT('',(-6.712119689116,-7.784023770903));
#2775 = CARTESIAN_POINT('',(-6.727743476988,-7.79488368333));
#2776 = CARTESIAN_POINT('',(-6.778014663885,-7.832183435775));
#2777 = CARTESIAN_POINT('',(-6.811965042626,-7.861091237973));
#2778 = CARTESIAN_POINT('',(-6.845022903014,-7.892672441032));
#2779 = CARTESIAN_POINT('',(-6.877197249425,-7.926549408699));
#2780 = CARTESIAN_POINT('',(-6.908518913347,-7.962405726053));
#2781 = CARTESIAN_POINT('',(-6.939041475691,-8.));
#2782 = ( GEOMETRIC_REPRESENTATION_CONTEXT(2) 
PARAMETRIC_REPRESENTATION_CONTEXT() REPRESENTATION_CONTEXT('2D SPACE',''
  ) );
#2783 = PCURVE('',#1950,#2784);
#2784 = DEFINITIONAL_REPRESENTATION('',(#2785),#2813);
#2785 = B_SPLINE_CURVE_WITH_KNOTS('',6,(#2786,#2787,#2788,#2789,#2790,
    #2791,#2792,#2793,#2794,#2795,#2796,#2797,#2798,#2799,#2800,#2801,
    #2802,#2803,#2804,#2805,#2806,#2807,#2808,#2809,#2810,#2811,#2812),
  .UNSPECIFIED.,.F.,.F.,(7,5,5,5,5,7),(0.,0.252037444261,0.44162575061,
    0.527537021958,0.672782112947,1.),.UNSPECIFIED.);
#2786 = CARTESIAN_POINT('',(-0.147627859182,-3.985390448017E-02));
#2787 = CARTESIAN_POINT('',(-0.151976353954,-2.691407125361E-02));
#2788 = CARTESIAN_POINT('',(-0.156401664188,-1.63003100415E-02));
#2789 = CARTESIAN_POINT('',(-0.160889197312,-8.191207398626E-03));
#2790 = CARTESIAN_POINT('',(-0.16542146177,-2.730002574653E-03));
#2791 = CARTESIAN_POINT('',(-0.169977599619,-3.038044239093E-09));
#2792 = CARTESIAN_POINT('',(-0.177959534201,2.285183360714E-09));
#2793 = CARTESIAN_POINT('',(-0.181386391628,-1.544686139985E-03));
#2794 = CARTESIAN_POINT('',(-0.184803322746,-4.634351614219E-03));
#2795 = CARTESIAN_POINT('',(-0.188201128609,-9.243014829474E-03));
#2796 = CARTESIAN_POINT('',(-0.19157145289,-1.532307852618E-02));
#2797 = CARTESIAN_POINT('',(-0.196417989765,-2.620263596529E-02));
#2798 = CARTESIAN_POINT('',(-0.19792217058,-2.988433425394E-02));
#2799 = CARTESIAN_POINT('',(-0.199418536237,-3.384911134411E-02));
#2800 = CARTESIAN_POINT('',(-0.200906489047,-3.80905765073E-02));
#2801 = CARTESIAN_POINT('',(-0.202385494642,-4.260190699669E-02));
#2802 = CARTESIAN_POINT('',(-0.206339626116,-5.544686703431E-02));
#2803 = CARTESIAN_POINT('',(-0.208797251217,-6.426860250485E-02));
#2804 = CARTESIAN_POINT('',(-0.211225692687,-7.380642912778E-02));
#2805 = CARTESIAN_POINT('',(-0.213623230952,-8.402377090251E-02));
#2806 = CARTESIAN_POINT('',(-0.215988618209,-9.488368332996E-02));
#2807 = CARTESIAN_POINT('',(-0.223575563006,-0.13218350449));
#2808 = CARTESIAN_POINT('',(-0.228661586898,-0.161091391761));
#2809 = CARTESIAN_POINT('',(-0.233571635275,-0.192672693047));
#2810 = CARTESIAN_POINT('',(-0.238305296945,-0.226549769148));
#2811 = CARTESIAN_POINT('',(-0.24286654654,-0.262406202938));
#2812 = CARTESIAN_POINT('',(-0.247263057029,-0.3000006));
#2813 = ( GEOMETRIC_REPRESENTATION_CONTEXT(2) 
PARAMETRIC_REPRESENTATION_CONTEXT() REPRESENTATION_CONTEXT('2D SPACE',''
  ) );
#2814 = ORIENTED_EDGE('',*,*,#2467,.T.);
#2815 = ADVANCED_FACE('',(#2816),#2047,.T.);
#2816 = FACE_BOUND('',#2817,.F.);
#2817 = EDGE_LOOP('',(#2818,#2819,#2942));
#2818 = ORIENTED_EDGE('',*,*,#2549,.F.);
#2819 = ORIENTED_EDGE('',*,*,#2820,.F.);
#2820 = EDGE_CURVE('',#1996,#2550,#2821,.T.);
#2821 = SURFACE_CURVE('',#2822,(#2860,#2901),.PCURVE_S1.);
#2822 = B_SPLINE_CURVE_WITH_KNOTS('',6,(#2823,#2824,#2825,#2826,#2827,
    #2828,#2829,#2830,#2831,#2832,#2833,#2834,#2835,#2836,#2837,#2838,
    #2839,#2840,#2841,#2842,#2843,#2844,#2845,#2846,#2847,#2848,#2849,
    #2850,#2851,#2852,#2853,#2854,#2855,#2856,#2857,#2858,#2859),
  .UNSPECIFIED.,.F.,.F.,(7,5,5,5,5,5,5,7),(0.,0.218839907142,
    0.317700703539,0.50024728305,0.6249791261,0.682822473521,
    0.781704333106,1.),.UNSPECIFIED.);
#2823 = CARTESIAN_POINT('',(-1.435152691154,-19.69778761061,192.));
#2824 = CARTESIAN_POINT('',(-1.351248036899,-19.74161049921,
    191.96238997662));
#2825 = CARTESIAN_POINT('',(-1.26354001535,-19.78350677373,
    191.92651937402));
#2826 = CARTESIAN_POINT('',(-1.17186433613,-19.82317744059,
    191.89262987851));
#2827 = CARTESIAN_POINT('',(-1.076134886829,-19.86023305044,
    191.86103833375));
#2828 = CARTESIAN_POINT('',(-0.976369778788,-19.89420826471,
    191.83212291073));
#2829 = CARTESIAN_POINT('',(-0.825946932549,-19.93834256063,
    191.79461353314));
#2830 = CARTESIAN_POINT('',(-0.778357511001,-19.95134539073,
    191.7835707306));
#2831 = CARTESIAN_POINT('',(-0.730007932147,-19.96357119797,
    191.77319485622));
#2832 = CARTESIAN_POINT('',(-0.680929219522,-19.97497207778,
    191.76352493201));
#2833 = CARTESIAN_POINT('',(-0.631163854696,-19.98550067756,
    191.75459954636));
#2834 = CARTESIAN_POINT('',(-0.487710611063,-20.01286025406,
    191.73141641435));
#2835 = CARTESIAN_POINT('',(-0.392472239363,-20.02748728114,
    191.71903579986));
#2836 = CARTESIAN_POINT('',(-0.295455297526,-20.03869985845,
    191.70955290054));
#2837 = CARTESIAN_POINT('',(-0.197155123735,-20.04625918629,
    191.70316246857));
#2838 = CARTESIAN_POINT('',(-9.816986521107E-02,-20.05002509109,
    191.69997878832));
#2839 = CARTESIAN_POINT('',(6.840663798106E-02,-20.04998268648,
    191.70001463661));
#2840 = CARTESIAN_POINT('',(0.136027041479,-20.04819559591,
    191.70152542361));
#2841 = CARTESIAN_POINT('',(0.203432138693,-20.04463845866,
    191.70453257087));
#2842 = CARTESIAN_POINT('',(0.270421967339,-20.039341288,191.70901159528
    ));
#2843 = CARTESIAN_POINT('',(0.336814112632,-20.03235903773,
    191.71491766266));
#2844 = CARTESIAN_POINT('',(0.43287783608,-20.01978157809,
    191.72556225831));
#2845 = CARTESIAN_POINT('',(0.463149656957,-20.01545028143,
    191.72922861532));
#2846 = CARTESIAN_POINT('',(0.4932429159,-20.01077986673,191.73318288235
    ));
#2847 = CARTESIAN_POINT('',(0.523143531639,-20.00577828833,
    191.7374185721));
#2848 = CARTESIAN_POINT('',(0.552838881041,-20.00045405851,
    191.74192874348));
#2849 = CARTESIAN_POINT('',(0.632711325223,-19.98517854035,
    191.75487261327));
#2850 = CARTESIAN_POINT('',(0.682472397482,-19.97462431351,
    191.76381984792));
#2851 = CARTESIAN_POINT('',(0.731545498318,-19.96319831616,
    191.77351122372));
#2852 = CARTESIAN_POINT('',(0.779888302394,-19.95094795639,
    191.78390810731));
#2853 = CARTESIAN_POINT('',(0.827469937573,-19.93792117184,
    191.79497145002));
#2854 = CARTESIAN_POINT('',(0.977585326938,-19.89379406419,
    191.83247542914));
#2855 = CARTESIAN_POINT('',(1.077068316029,-19.85987159982,
    191.86134648852));
#2856 = CARTESIAN_POINT('',(1.172535126892,-19.8228871337,
    191.89287788029));
#2857 = CARTESIAN_POINT('',(1.263968352161,-19.78330218904,
    191.92669453426));
#2858 = CARTESIAN_POINT('',(1.351453654042,-19.74150315853,
    191.96248209824));
#2859 = CARTESIAN_POINT('',(1.435154029699,-19.6977869115,192.0000006));
#2860 = PCURVE('',#2047,#2861);
#2861 = DEFINITIONAL_REPRESENTATION('',(#2862),#2900);
#2862 = B_SPLINE_CURVE_WITH_KNOTS('',6,(#2863,#2864,#2865,#2866,#2867,
    #2868,#2869,#2870,#2871,#2872,#2873,#2874,#2875,#2876,#2877,#2878,
    #2879,#2880,#2881,#2882,#2883,#2884,#2885,#2886,#2887,#2888,#2889,
    #2890,#2891,#2892,#2893,#2894,#2895,#2896,#2897,#2898,#2899),
  .UNSPECIFIED.,.F.,.F.,(7,5,5,5,5,5,5,7),(0.,0.218839907142,
    0.317700703539,0.50024728305,0.6249791261,0.682822473521,
    0.781704333106,1.),.UNSPECIFIED.);
#2863 = CARTESIAN_POINT('',(-4.231065737072,-8.));
#2864 = CARTESIAN_POINT('',(-4.261601086286,-7.96238997662));
#2865 = CARTESIAN_POINT('',(-4.292936200366,-7.926519374026));
#2866 = CARTESIAN_POINT('',(-4.325124734919,-7.892629878511));
#2867 = CARTESIAN_POINT('',(-4.358197550937,-7.861038333758));
#2868 = CARTESIAN_POINT('',(-4.392163641009,-7.832122910731));
#2869 = CARTESIAN_POINT('',(-4.442732587923,-7.794613533149));
#2870 = CARTESIAN_POINT('',(-4.45864395555,-7.7835707306));
#2871 = CARTESIAN_POINT('',(-4.474727049198,-7.773194856221));
#2872 = CARTESIAN_POINT('',(-4.490975744602,-7.763524932011));
#2873 = CARTESIAN_POINT('',(-4.50738113077,-7.754599546367));
#2874 = CARTESIAN_POINT('',(-4.55449047458,-7.731416414356));
#2875 = CARTESIAN_POINT('',(-4.585552680022,-7.719035799865));
#2876 = CARTESIAN_POINT('',(-4.617022956636,-7.709552900549));
#2877 = CARTESIAN_POINT('',(-4.648790991797,-7.703162468574));
#2878 = CARTESIAN_POINT('',(-4.680721280898,-7.699978788329));
#2879 = CARTESIAN_POINT('',(-4.734455638507,-7.700014636612));
#2880 = CARTESIAN_POINT('',(-4.756268807267,-7.701525423614));
#2881 = CARTESIAN_POINT('',(-4.778031388059,-7.704532570874));
#2882 = CARTESIAN_POINT('',(-4.799697460978,-7.70901159528));
#2883 = CARTESIAN_POINT('',(-4.821225453638,-7.71491766266));
#2884 = CARTESIAN_POINT('',(-4.852478227007,-7.725562258316));
#2885 = CARTESIAN_POINT('',(-4.862342074639,-7.729228615326));
#2886 = CARTESIAN_POINT('',(-4.872164764187,-7.733182882351));
#2887 = CARTESIAN_POINT('',(-4.881943132171,-7.737418572106));
#2888 = CARTESIAN_POINT('',(-4.891674374988,-7.74192874348));
#2889 = CARTESIAN_POINT('',(-4.917906645736,-7.754872613273));
#2890 = CARTESIAN_POINT('',(-4.934312389947,-7.76381984792));
#2891 = CARTESIAN_POINT('',(-4.95056115741,-7.773511223727));
#2892 = CARTESIAN_POINT('',(-4.966644076317,-7.783908107314));
#2893 = CARTESIAN_POINT('',(-4.982555060072,-7.794971450026));
#2894 = CARTESIAN_POINT('',(-5.033028192759,-7.832475429142));
#2895 = CARTESIAN_POINT('',(-5.066902909049,-7.861346488529));
#2896 = CARTESIAN_POINT('',(-5.099888755326,-7.892877880299));
#2897 = CARTESIAN_POINT('',(-5.13199478763,-7.926694534268));
#2898 = CARTESIAN_POINT('',(-5.163251696805,-7.962482098244));
#2899 = CARTESIAN_POINT('',(-5.193712710833,-8.0000006));
#2900 = ( GEOMETRIC_REPRESENTATION_CONTEXT(2) 
PARAMETRIC_REPRESENTATION_CONTEXT() REPRESENTATION_CONTEXT('2D SPACE',''
  ) );
#2901 = PCURVE('',#2016,#2902);
#2902 = DEFINITIONAL_REPRESENTATION('',(#2903),#2941);
#2903 = B_SPLINE_CURVE_WITH_KNOTS('',6,(#2904,#2905,#2906,#2907,#2908,
    #2909,#2910,#2911,#2912,#2913,#2914,#2915,#2916,#2917,#2918,#2919,
    #2920,#2921,#2922,#2923,#2924,#2925,#2926,#2927,#2928,#2929,#2930,
    #2931,#2932,#2933,#2934,#2935,#2936,#2937,#2938,#2939,#2940),
  .UNSPECIFIED.,.F.,.F.,(7,5,5,5,5,5,5,7),(0.,0.218839907142,
    0.317700703539,0.50024728305,0.6249791261,0.682822473521,
    0.781704333106,1.),.UNSPECIFIED.);
#2904 = CARTESIAN_POINT('',(-4.639658918723,-0.3));
#2905 = CARTESIAN_POINT('',(-4.644057261541,-0.26238997662));
#2906 = CARTESIAN_POINT('',(-4.648620479809,-0.226519374026));
#2907 = CARTESIAN_POINT('',(-4.653356257065,-0.192629878511));
#2908 = CARTESIAN_POINT('',(-4.658268571424,-0.161038333758));
#2909 = CARTESIAN_POINT('',(-4.663357006759,-0.13212291073));
#2910 = CARTESIAN_POINT('',(-4.670988990409,-9.461353314854E-02));
#2911 = CARTESIAN_POINT('',(-4.673398086495,-8.357073059994E-02));
#2912 = CARTESIAN_POINT('',(-4.675840490964,-7.319485622135E-02));
#2913 = CARTESIAN_POINT('',(-4.67831487744,-6.352493201055E-02));
#2914 = CARTESIAN_POINT('',(-4.680819411453,-5.45995463667E-02));
#2915 = CARTESIAN_POINT('',(-4.68802748923,-3.141641435574E-02));
#2916 = CARTESIAN_POINT('',(-4.692799359233,-1.903579986503E-02));
#2917 = CARTESIAN_POINT('',(-4.697649331981,-9.552900548983E-03));
#2918 = CARTESIAN_POINT('',(-4.702555836184,-3.162468573761E-03));
#2919 = CARTESIAN_POINT('',(-4.707492727689,2.121167139406E-05));
#2920 = CARTESIAN_POINT('',(-4.715800782823,-1.463661237696E-05));
#2921 = CARTESIAN_POINT('',(-4.719173380165,-1.525423614216E-03));
#2922 = CARTESIAN_POINT('',(-4.722536452796,-4.532570873398E-03));
#2923 = CARTESIAN_POINT('',(-4.725881222377,-9.011595279928E-03));
#2924 = CARTESIAN_POINT('',(-4.729199694379,-1.491766265992E-02));
#2925 = CARTESIAN_POINT('',(-4.734007861656,-2.556225831559E-02));
#2926 = CARTESIAN_POINT('',(-4.735524006917,-2.92286153261E-02));
#2927 = CARTESIAN_POINT('',(-4.737032295951,-3.318288235061E-02));
#2928 = CARTESIAN_POINT('',(-4.738532112577,-3.741857210582E-02));
#2929 = CARTESIAN_POINT('',(-4.740022905647,-4.192874348018E-02));
#2930 = CARTESIAN_POINT('',(-4.744036408618,-5.487261327316E-02));
#2931 = CARTESIAN_POINT('',(-4.746540838888,-6.381984791957E-02));
#2932 = CARTESIAN_POINT('',(-4.749015064296,-7.351122372654E-02));
#2933 = CARTESIAN_POINT('',(-4.751457257345,-8.390810731339E-02));
#2934 = CARTESIAN_POINT('',(-4.753866098389,-9.497145002602E-02));
#2935 = CARTESIAN_POINT('',(-4.761482953673,-0.132475429142));
#2936 = CARTESIAN_POINT('',(-4.766557288828,-0.161346488529));
#2937 = CARTESIAN_POINT('',(-4.77145635574,-0.192877880299));
#2938 = CARTESIAN_POINT('',(-4.776179766013,-0.226694534268));
#2939 = CARTESIAN_POINT('',(-4.78073147737,-0.262482098243));
#2940 = CARTESIAN_POINT('',(-4.785119112214,-0.3000006));
#2941 = ( GEOMETRIC_REPRESENTATION_CONTEXT(2) 
PARAMETRIC_REPRESENTATION_CONTEXT() REPRESENTATION_CONTEXT('2D SPACE',''
  ) );
#2942 = ORIENTED_EDGE('',*,*,#2028,.F.);
#2943 = ADVANCED_FACE('',(#2944),#1950,.T.);
#2944 = FACE_BOUND('',#2945,.T.);
#2945 = EDGE_LOOP('',(#2946,#2947,#2971,#3019));
#2946 = ORIENTED_EDGE('',*,*,#2722,.F.);
#2947 = ORIENTED_EDGE('',*,*,#2948,.T.);
#2948 = EDGE_CURVE('',#2468,#2949,#2951,.T.);
#2949 = VERTEX_POINT('',#2950);
#2950 = CARTESIAN_POINT('',(-19.74539540243,3.481646220041,191.7));
#2951 = SURFACE_CURVE('',#2952,(#2957,#2964),.PCURVE_S1.);
#2952 = CIRCLE('',#2953,20.05);
#2953 = AXIS2_PLACEMENT_3D('',#2954,#2955,#2956);
#2954 = CARTESIAN_POINT('',(0.,0.,191.7));
#2955 = DIRECTION('',(0.,0.,1.));
#2956 = DIRECTION('',(1.,0.,-0.));
#2957 = PCURVE('',#1950,#2958);
#2958 = DEFINITIONAL_REPRESENTATION('',(#2959),#2963);
#2959 = LINE('',#2960,#2961);
#2960 = CARTESIAN_POINT('',(-0.,-0.));
#2961 = VECTOR('',#2962,1.);
#2962 = DIRECTION('',(-1.,-0.));
#2963 = ( GEOMETRIC_REPRESENTATION_CONTEXT(2) 
PARAMETRIC_REPRESENTATION_CONTEXT() REPRESENTATION_CONTEXT('2D SPACE',''
  ) );
#2964 = PCURVE('',#2390,#2965);
#2965 = DEFINITIONAL_REPRESENTATION('',(#2966),#2970);
#2966 = LINE('',#2967,#2968);
#2967 = CARTESIAN_POINT('',(0.,141.7));
#2968 = VECTOR('',#2969,1.);
#2969 = DIRECTION('',(1.,0.));
#2970 = ( GEOMETRIC_REPRESENTATION_CONTEXT(2) 
PARAMETRIC_REPRESENTATION_CONTEXT() REPRESENTATION_CONTEXT('2D SPACE',''
  ) );
#2971 = ORIENTED_EDGE('',*,*,#2972,.F.);
#2972 = EDGE_CURVE('',#1934,#2949,#2973,.T.);
#2973 = SURFACE_CURVE('',#2974,(#2987,#3003),.PCURVE_S1.);
#2974 = B_SPLINE_CURVE_WITH_KNOTS('',6,(#2975,#2976,#2977,#2978,#2979,
    #2980,#2981,#2982,#2983,#2984,#2985,#2986),.UNSPECIFIED.,.F.,.F.,(7,
    5,7),(0.,0.43908926456,1.),.UNSPECIFIED.);
#2975 = CARTESIAN_POINT('',(-19.14932230663,4.833834419659,192.));
#2976 = CARTESIAN_POINT('',(-19.2072206511,4.758591570528,191.9622783501
    ));
#2977 = CARTESIAN_POINT('',(-19.26387470305,4.679244384428,
    191.92630648911));
#2978 = CARTESIAN_POINT('',(-19.31901625217,4.595577131898,
    191.89232820372));
#2979 = CARTESIAN_POINT('',(-19.37227312155,4.507436188505,
    191.86066339426));
#2980 = CARTESIAN_POINT('',(-19.42317913414,4.414758628778,
    191.83169403769));
#2981 = CARTESIAN_POINT('',(-19.53256717758,4.193586456977,
    191.77278085238));
#2982 = CARTESIAN_POINT('',(-19.58930390131,4.06214554251,
    191.74475796427));
#2983 = CARTESIAN_POINT('',(-19.64013760724,3.923838607519,
    191.72271757808));
#2984 = CARTESIAN_POINT('',(-19.68375155522,3.779694586047,
    191.70756779554));
#2985 = CARTESIAN_POINT('',(-19.71898922262,3.631403120982,
    191.69999999767));
#2986 = CARTESIAN_POINT('',(-19.74539545032,3.481645961591,
    191.69999999771));
#2987 = PCURVE('',#1950,#2988);
#2988 = DEFINITIONAL_REPRESENTATION('',(#2989),#3002);
#2989 = B_SPLINE_CURVE_WITH_KNOTS('',6,(#2990,#2991,#2992,#2993,#2994,
    #2995,#2996,#2997,#2998,#2999,#3000,#3001),.UNSPECIFIED.,.F.,.F.,(7,
    5,7),(0.,0.43908926456,1.),.UNSPECIFIED.);
#2990 = CARTESIAN_POINT('',(-2.894329666729,-0.3));
#2991 = CARTESIAN_POINT('',(-2.898741063824,-0.262278350105));
#2992 = CARTESIAN_POINT('',(-2.903318313169,-0.226306489116));
#2993 = CARTESIAN_POINT('',(-2.908069173357,-0.19232820372));
#2994 = CARTESIAN_POINT('',(-2.912997647405,-0.160663394261));
#2995 = CARTESIAN_POINT('',(-2.918103284904,-0.131694037695));
#2996 = CARTESIAN_POINT('',(-2.930117231529,-7.278085238453E-02));
#2997 = CARTESIAN_POINT('',(-2.937140435575,-4.475796427468E-02));
#2998 = CARTESIAN_POINT('',(-2.944414980995,-2.271757808221E-02));
#2999 = CARTESIAN_POINT('',(-2.951886421953,-7.56779554741E-03));
#3000 = CARTESIAN_POINT('',(-2.959475319218,2.32847881237E-09));
#3001 = CARTESIAN_POINT('',(-2.967059728442,2.285183360714E-09));
#3002 = ( GEOMETRIC_REPRESENTATION_CONTEXT(2) 
PARAMETRIC_REPRESENTATION_CONTEXT() REPRESENTATION_CONTEXT('2D SPACE',''
  ) );
#3003 = PCURVE('',#1983,#3004);
#3004 = DEFINITIONAL_REPRESENTATION('',(#3005),#3018);
#3005 = B_SPLINE_CURVE_WITH_KNOTS('',6,(#3006,#3007,#3008,#3009,#3010,
    #3011,#3012,#3013,#3014,#3015,#3016,#3017),.UNSPECIFIED.,.F.,.F.,(7,
    5,7),(0.,0.43908926456,1.),.UNSPECIFIED.);
#3006 = CARTESIAN_POINT('',(-2.485736485078,-8.));
#3007 = CARTESIAN_POINT('',(-2.51636246318,-7.962278350106));
#3008 = CARTESIAN_POINT('',(-2.547792937307,-7.926306489116));
#3009 = CARTESIAN_POINT('',(-2.580082087966,-7.89232820372));
#3010 = CARTESIAN_POINT('',(-2.61326098408,-7.860663394261));
#3011 = CARTESIAN_POINT('',(-2.647338538984,-7.831694037695));
#3012 = CARTESIAN_POINT('',(-2.726933555553,-7.772780852385));
#3013 = CARTESIAN_POINT('',(-2.7730531845,-7.744757964275));
#3014 = CARTESIAN_POINT('',(-2.820474974166,-7.722717578082));
#3015 = CARTESIAN_POINT('',(-2.868922771217,-7.707567795548));
#3016 = CARTESIAN_POINT('',(-2.918005727128,-7.699999997672));
#3017 = CARTESIAN_POINT('',(-2.967059728727,-7.699999997715));
#3018 = ( GEOMETRIC_REPRESENTATION_CONTEXT(2) 
PARAMETRIC_REPRESENTATION_CONTEXT() REPRESENTATION_CONTEXT('2D SPACE',''
  ) );
#3019 = ORIENTED_EDGE('',*,*,#1933,.F.);
#3020 = ADVANCED_FACE('',(#3021),#2016,.T.);
#3021 = FACE_BOUND('',#3022,.T.);
#3022 = EDGE_LOOP('',(#3023,#3024,#3025,#3073));
#3023 = ORIENTED_EDGE('',*,*,#2820,.F.);
#3024 = ORIENTED_EDGE('',*,*,#1995,.T.);
#3025 = ORIENTED_EDGE('',*,*,#3026,.F.);
#3026 = EDGE_CURVE('',#2949,#1963,#3027,.T.);
#3027 = SURFACE_CURVE('',#3028,(#3041,#3057),.PCURVE_S1.);
#3028 = B_SPLINE_CURVE_WITH_KNOTS('',6,(#3029,#3030,#3031,#3032,#3033,
    #3034,#3035,#3036,#3037,#3038,#3039,#3040),.UNSPECIFIED.,.F.,.F.,(7,
    5,7),(0.,0.561290107617,1.),.UNSPECIFIED.);
#3029 = CARTESIAN_POINT('',(-19.74539544807,3.481645961194,191.7));
#3030 = CARTESIAN_POINT('',(-19.77181958295,3.331787245152,
    191.70000000004));
#3031 = CARTESIAN_POINT('',(-19.78943164761,3.180283108003,
    191.70757805451));
#3032 = CARTESIAN_POINT('',(-19.79774109347,3.029814773328,
    191.72274841317));
#3033 = CARTESIAN_POINT('',(-19.79725863796,2.882369091139,
    191.74481770478));
#3034 = CARTESIAN_POINT('',(-19.78887195336,2.739365074562,
    191.7728757837));
#3035 = CARTESIAN_POINT('',(-19.76168452025,2.494149489088,
    191.83181960983));
#3036 = CARTESIAN_POINT('',(-19.74554701336,2.389752440139,
    191.86077328607));
#3037 = CARTESIAN_POINT('',(-19.72565650673,2.288808669295,
    191.89241675973));
#3038 = CARTESIAN_POINT('',(-19.70247127958,2.191417997055,
    191.92636916814));
#3039 = CARTESIAN_POINT('',(-19.67639249768,2.097563322885,
    191.96231150566));
#3040 = CARTESIAN_POINT('',(-19.64774514956,2.00713398604,192.0000006));
#3041 = PCURVE('',#2016,#3042);
#3042 = DEFINITIONAL_REPRESENTATION('',(#3043),#3056);
#3043 = B_SPLINE_CURVE_WITH_KNOTS('',6,(#3044,#3045,#3046,#3047,#3048,
    #3049,#3050,#3051,#3052,#3053,#3054,#3055),.UNSPECIFIED.,.F.,.F.,(7,
    5,7),(0.,0.561290107617,0.999998835977),.UNSPECIFIED.);
#3044 = CARTESIAN_POINT('',(-2.967059728442,-1.296740492762E-13));
#3045 = CARTESIAN_POINT('',(-2.974649280975,-4.345448786596E-11));
#3046 = CARTESIAN_POINT('',(-2.982243325855,-7.578054511805E-03));
#3047 = CARTESIAN_POINT('',(-2.989719666179,-2.27484131745E-02));
#3048 = CARTESIAN_POINT('',(-2.996998731183,-4.481770477999E-02));
#3049 = CARTESIAN_POINT('',(-3.004026014543,-7.28757837078E-02));
#3050 = CARTESIAN_POINT('',(-3.016038286507,-0.131819541222));
#3051 = CARTESIAN_POINT('',(-3.021138886783,-0.160773132432));
#3052 = CARTESIAN_POINT('',(-3.026062629089,-0.192416507858));
#3053 = CARTESIAN_POINT('',(-3.030809073127,-0.226368807799));
#3054 = CARTESIAN_POINT('',(-3.035382214605,-0.26231102884));
#3055 = CARTESIAN_POINT('',(-3.039789790052,-0.3));
#3056 = ( GEOMETRIC_REPRESENTATION_CONTEXT(2) 
PARAMETRIC_REPRESENTATION_CONTEXT() REPRESENTATION_CONTEXT('2D SPACE',''
  ) );
#3057 = PCURVE('',#1983,#3058);
#3058 = DEFINITIONAL_REPRESENTATION('',(#3059),#3072);
#3059 = B_SPLINE_CURVE_WITH_KNOTS('',6,(#3060,#3061,#3062,#3063,#3064,
    #3065,#3066,#3067,#3068,#3069,#3070,#3071),.UNSPECIFIED.,.F.,.F.,(7,
    5,7),(0.,0.561290107617,1.),.UNSPECIFIED.);
#3060 = CARTESIAN_POINT('',(-2.967059728727,-7.7));
#3061 = CARTESIAN_POINT('',(-3.016146995915,-7.700000000044));
#3062 = CARTESIAN_POINT('',(-3.065263244908,-7.707578054512));
#3063 = CARTESIAN_POINT('',(-3.113742984259,-7.722748413175));
#3064 = CARTESIAN_POINT('',(-3.161194759648,-7.74481770478));
#3065 = CARTESIAN_POINT('',(-3.207342120135,-7.772875783708));
#3066 = CARTESIAN_POINT('',(-3.286928616434,-7.831819609834));
#3067 = CARTESIAN_POINT('',(-3.320973621345,-7.860773286077));
#3068 = CARTESIAN_POINT('',(-3.354121540663,-7.892416759737));
#3069 = CARTESIAN_POINT('',(-3.386381311412,-7.926369168141));
#3070 = CARTESIAN_POINT('',(-3.417783941869,-7.962311505667));
#3071 = CARTESIAN_POINT('',(-3.448383458839,-8.0000006));
#3072 = ( GEOMETRIC_REPRESENTATION_CONTEXT(2) 
PARAMETRIC_REPRESENTATION_CONTEXT() REPRESENTATION_CONTEXT('2D SPACE',''
  ) );
#3073 = ORIENTED_EDGE('',*,*,#3074,.T.);
#3074 = EDGE_CURVE('',#2949,#2550,#3075,.T.);
#3075 = SURFACE_CURVE('',#3076,(#3081,#3087),.PCURVE_S1.);
#3076 = CIRCLE('',#3077,20.05);
#3077 = AXIS2_PLACEMENT_3D('',#3078,#3079,#3080);
#3078 = CARTESIAN_POINT('',(0.,0.,191.7));
#3079 = DIRECTION('',(0.,0.,1.));
#3080 = DIRECTION('',(1.,0.,-0.));
#3081 = PCURVE('',#2016,#3082);
#3082 = DEFINITIONAL_REPRESENTATION('',(#3083),#3086);
#3083 = B_SPLINE_CURVE_WITH_KNOTS('',1,(#3084,#3085),.UNSPECIFIED.,.F.,
  .F.,(2,2),(2.967059715333,6.28318530718),.PIECEWISE_BEZIER_KNOTS.);
#3084 = CARTESIAN_POINT('',(-2.967059715333,0.));
#3085 = CARTESIAN_POINT('',(-6.28318530718,0.));
#3086 = ( GEOMETRIC_REPRESENTATION_CONTEXT(2) 
PARAMETRIC_REPRESENTATION_CONTEXT() REPRESENTATION_CONTEXT('2D SPACE',''
  ) );
#3087 = PCURVE('',#2390,#3088);
#3088 = DEFINITIONAL_REPRESENTATION('',(#3089),#3093);
#3089 = LINE('',#3090,#3091);
#3090 = CARTESIAN_POINT('',(0.,141.7));
#3091 = VECTOR('',#3092,1.);
#3092 = DIRECTION('',(1.,0.));
#3093 = ( GEOMETRIC_REPRESENTATION_CONTEXT(2) 
PARAMETRIC_REPRESENTATION_CONTEXT() REPRESENTATION_CONTEXT('2D SPACE',''
  ) );
#3094 = ADVANCED_FACE('',(#3095),#1983,.T.);
#3095 = FACE_BOUND('',#3096,.F.);
#3096 = EDGE_LOOP('',(#3097,#3098,#3099));
#3097 = ORIENTED_EDGE('',*,*,#3026,.F.);
#3098 = ORIENTED_EDGE('',*,*,#2972,.F.);
#3099 = ORIENTED_EDGE('',*,*,#1962,.F.);
#3100 = ADVANCED_FACE('',(#3101),#2078,.F.);
#3101 = FACE_BOUND('',#3102,.T.);
#3102 = EDGE_LOOP('',(#3103,#3126,#3127,#3128));
#3103 = ORIENTED_EDGE('',*,*,#3104,.T.);
#3104 = EDGE_CURVE('',#3105,#2062,#3107,.T.);
#3105 = VERTEX_POINT('',#3106);
#3106 = CARTESIAN_POINT('',(1.6,-16.95,188.));
#3107 = SEAM_CURVE('',#3108,(#3112,#3119),.PCURVE_S1.);
#3108 = LINE('',#3109,#3110);
#3109 = CARTESIAN_POINT('',(1.6,-16.95,188.));
#3110 = VECTOR('',#3111,1.);
#3111 = DIRECTION('',(0.,0.,1.));
#3112 = PCURVE('',#2078,#3113);
#3113 = DEFINITIONAL_REPRESENTATION('',(#3114),#3118);
#3114 = LINE('',#3115,#3116);
#3115 = CARTESIAN_POINT('',(-0.,0.));
#3116 = VECTOR('',#3117,1.);
#3117 = DIRECTION('',(-0.,-1.));
#3118 = ( GEOMETRIC_REPRESENTATION_CONTEXT(2) 
PARAMETRIC_REPRESENTATION_CONTEXT() REPRESENTATION_CONTEXT('2D SPACE',''
  ) );
#3119 = PCURVE('',#2078,#3120);
#3120 = DEFINITIONAL_REPRESENTATION('',(#3121),#3125);
#3121 = LINE('',#3122,#3123);
#3122 = CARTESIAN_POINT('',(-6.28318530718,0.));
#3123 = VECTOR('',#3124,1.);
#3124 = DIRECTION('',(-0.,-1.));
#3125 = ( GEOMETRIC_REPRESENTATION_CONTEXT(2) 
PARAMETRIC_REPRESENTATION_CONTEXT() REPRESENTATION_CONTEXT('2D SPACE',''
  ) );
#3126 = ORIENTED_EDGE('',*,*,#2061,.T.);
#3127 = ORIENTED_EDGE('',*,*,#3104,.F.);
#3128 = ORIENTED_EDGE('',*,*,#3129,.F.);
#3129 = EDGE_CURVE('',#3105,#3105,#3130,.T.);
#3130 = SURFACE_CURVE('',#3131,(#3136,#3143),.PCURVE_S1.);
#3131 = CIRCLE('',#3132,1.6);
#3132 = AXIS2_PLACEMENT_3D('',#3133,#3134,#3135);
#3133 = CARTESIAN_POINT('',(-3.113664486832E-15,-16.95,188.));
#3134 = DIRECTION('',(0.,0.,1.));
#3135 = DIRECTION('',(1.,0.,0.));
#3136 = PCURVE('',#2078,#3137);
#3137 = DEFINITIONAL_REPRESENTATION('',(#3138),#3142);
#3138 = LINE('',#3139,#3140);
#3139 = CARTESIAN_POINT('',(-0.,0.));
#3140 = VECTOR('',#3141,1.);
#3141 = DIRECTION('',(-1.,0.));
#3142 = ( GEOMETRIC_REPRESENTATION_CONTEXT(2) 
PARAMETRIC_REPRESENTATION_CONTEXT() REPRESENTATION_CONTEXT('2D SPACE',''
  ) );
#3143 = PCURVE('',#3144,#3149);
#3144 = PLANE('',#3145);
#3145 = AXIS2_PLACEMENT_3D('',#3146,#3147,#3148);
#3146 = CARTESIAN_POINT('',(-3.151522180462E-15,-16.95,188.));
#3147 = DIRECTION('',(0.,0.,1.));
#3148 = DIRECTION('',(1.,0.,-0.));
#3149 = DEFINITIONAL_REPRESENTATION('',(#3150),#3154);
#3150 = CIRCLE('',#3151,1.6);
#3151 = AXIS2_PLACEMENT_2D('',#3152,#3153);
#3152 = CARTESIAN_POINT('',(3.785769362981E-17,-3.552713678801E-15));
#3153 = DIRECTION('',(1.,0.));
#3154 = ( GEOMETRIC_REPRESENTATION_CONTEXT(2) 
PARAMETRIC_REPRESENTATION_CONTEXT() REPRESENTATION_CONTEXT('2D SPACE',''
  ) );
#3155 = ADVANCED_FACE('',(#3156),#2109,.F.);
#3156 = FACE_BOUND('',#3157,.T.);
#3157 = EDGE_LOOP('',(#3158,#3181,#3182,#3183));
#3158 = ORIENTED_EDGE('',*,*,#3159,.T.);
#3159 = EDGE_CURVE('',#3160,#2093,#3162,.T.);
#3160 = VERTEX_POINT('',#3161);
#3161 = CARTESIAN_POINT('',(-15.09249141355,2.943336611454,188.));
#3162 = SEAM_CURVE('',#3163,(#3167,#3174),.PCURVE_S1.);
#3163 = LINE('',#3164,#3165);
#3164 = CARTESIAN_POINT('',(-15.09249141355,2.943336611454,188.));
#3165 = VECTOR('',#3166,1.);
#3166 = DIRECTION('',(0.,0.,1.));
#3167 = PCURVE('',#2109,#3168);
#3168 = DEFINITIONAL_REPRESENTATION('',(#3169),#3173);
#3169 = LINE('',#3170,#3171);
#3170 = CARTESIAN_POINT('',(-0.,0.));
#3171 = VECTOR('',#3172,1.);
#3172 = DIRECTION('',(-0.,-1.));
#3173 = ( GEOMETRIC_REPRESENTATION_CONTEXT(2) 
PARAMETRIC_REPRESENTATION_CONTEXT() REPRESENTATION_CONTEXT('2D SPACE',''
  ) );
#3174 = PCURVE('',#2109,#3175);
#3175 = DEFINITIONAL_REPRESENTATION('',(#3176),#3180);
#3176 = LINE('',#3177,#3178);
#3177 = CARTESIAN_POINT('',(-6.28318530718,0.));
#3178 = VECTOR('',#3179,1.);
#3179 = DIRECTION('',(-0.,-1.));
#3180 = ( GEOMETRIC_REPRESENTATION_CONTEXT(2) 
PARAMETRIC_REPRESENTATION_CONTEXT() REPRESENTATION_CONTEXT('2D SPACE',''
  ) );
#3181 = ORIENTED_EDGE('',*,*,#2092,.T.);
#3182 = ORIENTED_EDGE('',*,*,#3159,.F.);
#3183 = ORIENTED_EDGE('',*,*,#3184,.F.);
#3184 = EDGE_CURVE('',#3160,#3160,#3185,.T.);
#3185 = SURFACE_CURVE('',#3186,(#3191,#3198),.PCURVE_S1.);
#3186 = CIRCLE('',#3187,1.6);
#3187 = AXIS2_PLACEMENT_3D('',#3188,#3189,#3190);
#3188 = CARTESIAN_POINT('',(-16.69249141355,2.943336611454,188.));
#3189 = DIRECTION('',(0.,0.,1.));
#3190 = DIRECTION('',(1.,0.,0.));
#3191 = PCURVE('',#2109,#3192);
#3192 = DEFINITIONAL_REPRESENTATION('',(#3193),#3197);
#3193 = LINE('',#3194,#3195);
#3194 = CARTESIAN_POINT('',(-0.,0.));
#3195 = VECTOR('',#3196,1.);
#3196 = DIRECTION('',(-1.,0.));
#3197 = ( GEOMETRIC_REPRESENTATION_CONTEXT(2) 
PARAMETRIC_REPRESENTATION_CONTEXT() REPRESENTATION_CONTEXT('2D SPACE',''
  ) );
#3198 = PCURVE('',#2447,#3199);
#3199 = DEFINITIONAL_REPRESENTATION('',(#3200),#3204);
#3200 = CIRCLE('',#3201,1.6);
#3201 = AXIS2_PLACEMENT_2D('',#3202,#3203);
#3202 = CARTESIAN_POINT('',(0.,0.));
#3203 = DIRECTION('',(1.,0.));
#3204 = ( GEOMETRIC_REPRESENTATION_CONTEXT(2) 
PARAMETRIC_REPRESENTATION_CONTEXT() REPRESENTATION_CONTEXT('2D SPACE',''
  ) );
#3205 = ADVANCED_FACE('',(#3206),#2195,.F.);
#3206 = FACE_BOUND('',#3207,.T.);
#3207 = EDGE_LOOP('',(#3208,#3231,#3232,#3233));
#3208 = ORIENTED_EDGE('',*,*,#3209,.T.);
#3209 = EDGE_CURVE('',#3210,#2179,#3212,.T.);
#3210 = VERTEX_POINT('',#3211);
#3211 = CARTESIAN_POINT('',(18.292491413557,2.943336611454,188.));
#3212 = SEAM_CURVE('',#3213,(#3217,#3224),.PCURVE_S1.);
#3213 = LINE('',#3214,#3215);
#3214 = CARTESIAN_POINT('',(18.292491413557,2.943336611454,188.));
#3215 = VECTOR('',#3216,1.);
#3216 = DIRECTION('',(0.,0.,1.));
#3217 = PCURVE('',#2195,#3218);
#3218 = DEFINITIONAL_REPRESENTATION('',(#3219),#3223);
#3219 = LINE('',#3220,#3221);
#3220 = CARTESIAN_POINT('',(-0.,0.));
#3221 = VECTOR('',#3222,1.);
#3222 = DIRECTION('',(-0.,-1.));
#3223 = ( GEOMETRIC_REPRESENTATION_CONTEXT(2) 
PARAMETRIC_REPRESENTATION_CONTEXT() REPRESENTATION_CONTEXT('2D SPACE',''
  ) );
#3224 = PCURVE('',#2195,#3225);
#3225 = DEFINITIONAL_REPRESENTATION('',(#3226),#3230);
#3226 = LINE('',#3227,#3228);
#3227 = CARTESIAN_POINT('',(-6.28318530718,0.));
#3228 = VECTOR('',#3229,1.);
#3229 = DIRECTION('',(-0.,-1.));
#3230 = ( GEOMETRIC_REPRESENTATION_CONTEXT(2) 
PARAMETRIC_REPRESENTATION_CONTEXT() REPRESENTATION_CONTEXT('2D SPACE',''
  ) );
#3231 = ORIENTED_EDGE('',*,*,#2178,.T.);
#3232 = ORIENTED_EDGE('',*,*,#3209,.F.);
#3233 = ORIENTED_EDGE('',*,*,#3234,.F.);
#3234 = EDGE_CURVE('',#3210,#3210,#3235,.T.);
#3235 = SURFACE_CURVE('',#3236,(#3241,#3248),.PCURVE_S1.);
#3236 = CIRCLE('',#3237,1.6);
#3237 = AXIS2_PLACEMENT_3D('',#3238,#3239,#3240);
#3238 = CARTESIAN_POINT('',(16.692491413557,2.943336611454,188.));
#3239 = DIRECTION('',(0.,0.,1.));
#3240 = DIRECTION('',(1.,0.,0.));
#3241 = PCURVE('',#2195,#3242);
#3242 = DEFINITIONAL_REPRESENTATION('',(#3243),#3247);
#3243 = LINE('',#3244,#3245);
#3244 = CARTESIAN_POINT('',(-0.,0.));
#3245 = VECTOR('',#3246,1.);
#3246 = DIRECTION('',(-1.,0.));
#3247 = ( GEOMETRIC_REPRESENTATION_CONTEXT(2) 
PARAMETRIC_REPRESENTATION_CONTEXT() REPRESENTATION_CONTEXT('2D SPACE',''
  ) );
#3248 = PCURVE('',#3249,#3254);
#3249 = PLANE('',#3250);
#3250 = AXIS2_PLACEMENT_3D('',#3251,#3252,#3253);
#3251 = CARTESIAN_POINT('',(16.692491413557,2.943336611454,188.));
#3252 = DIRECTION('',(0.,0.,1.));
#3253 = DIRECTION('',(1.,0.,-0.));
#3254 = DEFINITIONAL_REPRESENTATION('',(#3255),#3259);
#3255 = CIRCLE('',#3256,1.6);
#3256 = AXIS2_PLACEMENT_2D('',#3257,#3258);
#3257 = CARTESIAN_POINT('',(0.,0.));
#3258 = DIRECTION('',(1.,0.));
#3259 = ( GEOMETRIC_REPRESENTATION_CONTEXT(2) 
PARAMETRIC_REPRESENTATION_CONTEXT() REPRESENTATION_CONTEXT('2D SPACE',''
  ) );
#3260 = ADVANCED_FACE('',(#3261),#2259,.F.);
#3261 = FACE_BOUND('',#3262,.T.);
#3262 = EDGE_LOOP('',(#3263,#3264,#3287,#3313));
#3263 = ORIENTED_EDGE('',*,*,#2242,.F.);
#3264 = ORIENTED_EDGE('',*,*,#3265,.T.);
#3265 = EDGE_CURVE('',#2243,#3266,#3268,.T.);
#3266 = VERTEX_POINT('',#3267);
#3267 = CARTESIAN_POINT('',(17.792491413557,2.943336611454,188.));
#3268 = SEAM_CURVE('',#3269,(#3273,#3280),.PCURVE_S1.);
#3269 = LINE('',#3270,#3271);
#3270 = CARTESIAN_POINT('',(17.792491413557,2.943336611454,184.));
#3271 = VECTOR('',#3272,1.);
#3272 = DIRECTION('',(0.,0.,1.));
#3273 = PCURVE('',#2259,#3274);
#3274 = DEFINITIONAL_REPRESENTATION('',(#3275),#3279);
#3275 = LINE('',#3276,#3277);
#3276 = CARTESIAN_POINT('',(-6.28318530718,0.));
#3277 = VECTOR('',#3278,1.);
#3278 = DIRECTION('',(-0.,-1.));
#3279 = ( GEOMETRIC_REPRESENTATION_CONTEXT(2) 
PARAMETRIC_REPRESENTATION_CONTEXT() REPRESENTATION_CONTEXT('2D SPACE',''
  ) );
#3280 = PCURVE('',#2259,#3281);
#3281 = DEFINITIONAL_REPRESENTATION('',(#3282),#3286);
#3282 = LINE('',#3283,#3284);
#3283 = CARTESIAN_POINT('',(-0.,0.));
#3284 = VECTOR('',#3285,1.);
#3285 = DIRECTION('',(-0.,-1.));
#3286 = ( GEOMETRIC_REPRESENTATION_CONTEXT(2) 
PARAMETRIC_REPRESENTATION_CONTEXT() REPRESENTATION_CONTEXT('2D SPACE',''
  ) );
#3287 = ORIENTED_EDGE('',*,*,#3288,.F.);
#3288 = EDGE_CURVE('',#3266,#3266,#3289,.T.);
#3289 = SURFACE_CURVE('',#3290,(#3295,#3302),.PCURVE_S1.);
#3290 = CIRCLE('',#3291,1.1);
#3291 = AXIS2_PLACEMENT_3D('',#3292,#3293,#3294);
#3292 = CARTESIAN_POINT('',(16.692491413557,2.943336611454,188.));
#3293 = DIRECTION('',(0.,0.,-1.));
#3294 = DIRECTION('',(1.,0.,0.));
#3295 = PCURVE('',#2259,#3296);
#3296 = DEFINITIONAL_REPRESENTATION('',(#3297),#3301);
#3297 = LINE('',#3298,#3299);
#3298 = CARTESIAN_POINT('',(-6.28318530718,-4.));
#3299 = VECTOR('',#3300,1.);
#3300 = DIRECTION('',(1.,-0.));
#3301 = ( GEOMETRIC_REPRESENTATION_CONTEXT(2) 
PARAMETRIC_REPRESENTATION_CONTEXT() REPRESENTATION_CONTEXT('2D SPACE',''
  ) );
#3302 = PCURVE('',#3249,#3303);
#3303 = DEFINITIONAL_REPRESENTATION('',(#3304),#3312);
#3304 = ( BOUNDED_CURVE() B_SPLINE_CURVE(2,(#3305,#3306,#3307,#3308,
#3309,#3310,#3311),.UNSPECIFIED.,.T.,.F.) B_SPLINE_CURVE_WITH_KNOTS((1,2
    ,2,2,2,1),(-2.094395102393,0.,2.094395102393,4.188790204786,
6.28318530718,8.377580409573),.UNSPECIFIED.) CURVE() 
GEOMETRIC_REPRESENTATION_ITEM() RATIONAL_B_SPLINE_CURVE((1.,0.5,1.,0.5,
1.,0.5,1.)) REPRESENTATION_ITEM('') );
#3305 = CARTESIAN_POINT('',(1.1,0.));
#3306 = CARTESIAN_POINT('',(1.1,-1.905255888326));
#3307 = CARTESIAN_POINT('',(-0.55,-0.952627944163));
#3308 = CARTESIAN_POINT('',(-2.2,-2.694222958124E-16));
#3309 = CARTESIAN_POINT('',(-0.55,0.952627944163));
#3310 = CARTESIAN_POINT('',(1.1,1.905255888326));
#3311 = CARTESIAN_POINT('',(1.1,0.));
#3312 = ( GEOMETRIC_REPRESENTATION_CONTEXT(2) 
PARAMETRIC_REPRESENTATION_CONTEXT() REPRESENTATION_CONTEXT('2D SPACE',''
  ) );
#3313 = ORIENTED_EDGE('',*,*,#3265,.F.);
#3314 = ADVANCED_FACE('',(#3315),#2291,.F.);
#3315 = FACE_BOUND('',#3316,.F.);
#3316 = EDGE_LOOP('',(#3317,#3318,#3341,#3368));
#3317 = ORIENTED_EDGE('',*,*,#2274,.F.);
#3318 = ORIENTED_EDGE('',*,*,#3319,.F.);
#3319 = EDGE_CURVE('',#3320,#2275,#3322,.T.);
#3320 = VERTEX_POINT('',#3321);
#3321 = CARTESIAN_POINT('',(1.E-02,-2.449293598295E-18,2.4));
#3322 = SEAM_CURVE('',#3323,(#3327,#3334),.PCURVE_S1.);
#3323 = LINE('',#3324,#3325);
#3324 = CARTESIAN_POINT('',(1.E-02,-2.449293598295E-18,2.4));
#3325 = VECTOR('',#3326,1.);
#3326 = DIRECTION('',(0.38058368869,-9.321611923244E-17,0.924746481963)
  );
#3327 = PCURVE('',#2291,#3328);
#3328 = DEFINITIONAL_REPRESENTATION('',(#3329),#3333);
#3329 = LINE('',#3330,#3331);
#3330 = CARTESIAN_POINT('',(6.28318530718,-0.));
#3331 = VECTOR('',#3332,1.);
#3332 = DIRECTION('',(0.,1.));
#3333 = ( GEOMETRIC_REPRESENTATION_CONTEXT(2) 
PARAMETRIC_REPRESENTATION_CONTEXT() REPRESENTATION_CONTEXT('2D SPACE',''
  ) );
#3334 = PCURVE('',#2291,#3335);
#3335 = DEFINITIONAL_REPRESENTATION('',(#3336),#3340);
#3336 = LINE('',#3337,#3338);
#3337 = CARTESIAN_POINT('',(0.,-0.));
#3338 = VECTOR('',#3339,1.);
#3339 = DIRECTION('',(0.,1.));
#3340 = ( GEOMETRIC_REPRESENTATION_CONTEXT(2) 
PARAMETRIC_REPRESENTATION_CONTEXT() REPRESENTATION_CONTEXT('2D SPACE',''
  ) );
#3341 = ORIENTED_EDGE('',*,*,#3342,.T.);
#3342 = EDGE_CURVE('',#3320,#3320,#3343,.T.);
#3343 = SURFACE_CURVE('',#3344,(#3349,#3356),.PCURVE_S1.);
#3344 = CIRCLE('',#3345,1.E-02);
#3345 = AXIS2_PLACEMENT_3D('',#3346,#3347,#3348);
#3346 = CARTESIAN_POINT('',(0.,0.,2.4));
#3347 = DIRECTION('',(0.,0.,1.));
#3348 = DIRECTION('',(1.,0.,-0.));
#3349 = PCURVE('',#2291,#3350);
#3350 = DEFINITIONAL_REPRESENTATION('',(#3351),#3355);
#3351 = LINE('',#3352,#3353);
#3352 = CARTESIAN_POINT('',(0.,0.));
#3353 = VECTOR('',#3354,1.);
#3354 = DIRECTION('',(1.,0.));
#3355 = ( GEOMETRIC_REPRESENTATION_CONTEXT(2) 
PARAMETRIC_REPRESENTATION_CONTEXT() REPRESENTATION_CONTEXT('2D SPACE',''
  ) );
#3356 = PCURVE('',#3357,#3362);
#3357 = PLANE('',#3358);
#3358 = AXIS2_PLACEMENT_3D('',#3359,#3360,#3361);
#3359 = CARTESIAN_POINT('',(0.,0.,2.4));
#3360 = DIRECTION('',(0.,0.,1.));
#3361 = DIRECTION('',(1.,0.,-0.));
#3362 = DEFINITIONAL_REPRESENTATION('',(#3363),#3367);
#3363 = CIRCLE('',#3364,1.E-02);
#3364 = AXIS2_PLACEMENT_2D('',#3365,#3366);
#3365 = CARTESIAN_POINT('',(0.,0.));
#3366 = DIRECTION('',(1.,0.));
#3367 = ( GEOMETRIC_REPRESENTATION_CONTEXT(2) 
PARAMETRIC_REPRESENTATION_CONTEXT() REPRESENTATION_CONTEXT('2D SPACE',''
  ) );
#3368 = ORIENTED_EDGE('',*,*,#3319,.T.);
#3369 = ADVANCED_FACE('',(#3370),#2358,.F.);
#3370 = FACE_BOUND('',#3371,.T.);
#3371 = EDGE_LOOP('',(#3372,#3373,#3396,#3422));
#3372 = ORIENTED_EDGE('',*,*,#2341,.F.);
#3373 = ORIENTED_EDGE('',*,*,#3374,.T.);
#3374 = EDGE_CURVE('',#2342,#3375,#3377,.T.);
#3375 = VERTEX_POINT('',#3376);
#3376 = CARTESIAN_POINT('',(1.1,-16.95,188.));
#3377 = SEAM_CURVE('',#3378,(#3382,#3389),.PCURVE_S1.);
#3378 = LINE('',#3379,#3380);
#3379 = CARTESIAN_POINT('',(1.1,-16.95,184.));
#3380 = VECTOR('',#3381,1.);
#3381 = DIRECTION('',(0.,0.,1.));
#3382 = PCURVE('',#2358,#3383);
#3383 = DEFINITIONAL_REPRESENTATION('',(#3384),#3388);
#3384 = LINE('',#3385,#3386);
#3385 = CARTESIAN_POINT('',(-6.28318530718,0.));
#3386 = VECTOR('',#3387,1.);
#3387 = DIRECTION('',(-0.,-1.));
#3388 = ( GEOMETRIC_REPRESENTATION_CONTEXT(2) 
PARAMETRIC_REPRESENTATION_CONTEXT() REPRESENTATION_CONTEXT('2D SPACE',''
  ) );
#3389 = PCURVE('',#2358,#3390);
#3390 = DEFINITIONAL_REPRESENTATION('',(#3391),#3395);
#3391 = LINE('',#3392,#3393);
#3392 = CARTESIAN_POINT('',(-0.,0.));
#3393 = VECTOR('',#3394,1.);
#3394 = DIRECTION('',(-0.,-1.));
#3395 = ( GEOMETRIC_REPRESENTATION_CONTEXT(2) 
PARAMETRIC_REPRESENTATION_CONTEXT() REPRESENTATION_CONTEXT('2D SPACE',''
  ) );
#3396 = ORIENTED_EDGE('',*,*,#3397,.F.);
#3397 = EDGE_CURVE('',#3375,#3375,#3398,.T.);
#3398 = SURFACE_CURVE('',#3399,(#3404,#3411),.PCURVE_S1.);
#3399 = CIRCLE('',#3400,1.1);
#3400 = AXIS2_PLACEMENT_3D('',#3401,#3402,#3403);
#3401 = CARTESIAN_POINT('',(-3.113664486832E-15,-16.95,188.));
#3402 = DIRECTION('',(0.,0.,-1.));
#3403 = DIRECTION('',(1.,0.,0.));
#3404 = PCURVE('',#2358,#3405);
#3405 = DEFINITIONAL_REPRESENTATION('',(#3406),#3410);
#3406 = LINE('',#3407,#3408);
#3407 = CARTESIAN_POINT('',(-6.28318530718,-4.));
#3408 = VECTOR('',#3409,1.);
#3409 = DIRECTION('',(1.,-0.));
#3410 = ( GEOMETRIC_REPRESENTATION_CONTEXT(2) 
PARAMETRIC_REPRESENTATION_CONTEXT() REPRESENTATION_CONTEXT('2D SPACE',''
  ) );
#3411 = PCURVE('',#3144,#3412);
#3412 = DEFINITIONAL_REPRESENTATION('',(#3413),#3421);
#3413 = ( BOUNDED_CURVE() B_SPLINE_CURVE(2,(#3414,#3415,#3416,#3417,
#3418,#3419,#3420),.UNSPECIFIED.,.T.,.F.) B_SPLINE_CURVE_WITH_KNOTS((1,2
    ,2,2,2,1),(-2.094395102393,0.,2.094395102393,4.188790204786,
6.28318530718,8.377580409573),.UNSPECIFIED.) CURVE() 
GEOMETRIC_REPRESENTATION_ITEM() RATIONAL_B_SPLINE_CURVE((1.,0.5,1.,0.5,
1.,0.5,1.)) REPRESENTATION_ITEM('') );
#3414 = CARTESIAN_POINT('',(1.1,-3.552713678801E-15));
#3415 = CARTESIAN_POINT('',(1.1,-1.905255888326));
#3416 = CARTESIAN_POINT('',(-0.55,-0.952627944163));
#3417 = CARTESIAN_POINT('',(-2.2,-3.822135974613E-15));
#3418 = CARTESIAN_POINT('',(-0.55,0.952627944163));
#3419 = CARTESIAN_POINT('',(1.1,1.905255888326));
#3420 = CARTESIAN_POINT('',(1.1,-3.552713678801E-15));
#3421 = ( GEOMETRIC_REPRESENTATION_CONTEXT(2) 
PARAMETRIC_REPRESENTATION_CONTEXT() REPRESENTATION_CONTEXT('2D SPACE',''
  ) );
#3422 = ORIENTED_EDGE('',*,*,#3374,.F.);
#3423 = ADVANCED_FACE('',(#3424),#2390,.T.);
#3424 = FACE_BOUND('',#3425,.T.);
#3425 = EDGE_LOOP('',(#3426,#3427,#3448,#3449,#3450,#3451,#3452));
#3426 = ORIENTED_EDGE('',*,*,#2373,.T.);
#3427 = ORIENTED_EDGE('',*,*,#3428,.T.);
#3428 = EDGE_CURVE('',#2374,#2675,#3429,.T.);
#3429 = SEAM_CURVE('',#3430,(#3434,#3441),.PCURVE_S1.);
#3430 = LINE('',#3431,#3432);
#3431 = CARTESIAN_POINT('',(20.05,0.,50.));
#3432 = VECTOR('',#3433,1.);
#3433 = DIRECTION('',(0.,0.,1.));
#3434 = PCURVE('',#2390,#3435);
#3435 = DEFINITIONAL_REPRESENTATION('',(#3436),#3440);
#3436 = LINE('',#3437,#3438);
#3437 = CARTESIAN_POINT('',(0.,0.));
#3438 = VECTOR('',#3439,1.);
#3439 = DIRECTION('',(0.,1.));
#3440 = ( GEOMETRIC_REPRESENTATION_CONTEXT(2) 
PARAMETRIC_REPRESENTATION_CONTEXT() REPRESENTATION_CONTEXT('2D SPACE',''
  ) );
#3441 = PCURVE('',#2390,#3442);
#3442 = DEFINITIONAL_REPRESENTATION('',(#3443),#3447);
#3443 = LINE('',#3444,#3445);
#3444 = CARTESIAN_POINT('',(6.28318530718,0.));
#3445 = VECTOR('',#3446,1.);
#3446 = DIRECTION('',(0.,1.));
#3447 = ( GEOMETRIC_REPRESENTATION_CONTEXT(2) 
PARAMETRIC_REPRESENTATION_CONTEXT() REPRESENTATION_CONTEXT('2D SPACE',''
  ) );
#3448 = ORIENTED_EDGE('',*,*,#2674,.F.);
#3449 = ORIENTED_EDGE('',*,*,#3074,.F.);
#3450 = ORIENTED_EDGE('',*,*,#2948,.F.);
#3451 = ORIENTED_EDGE('',*,*,#2697,.F.);
#3452 = ORIENTED_EDGE('',*,*,#3428,.F.);
#3453 = ADVANCED_FACE('',(#3454,#3457),#2447,.T.);
#3454 = FACE_BOUND('',#3455,.T.);
#3455 = EDGE_LOOP('',(#3456));
#3456 = ORIENTED_EDGE('',*,*,#3184,.T.);
#3457 = FACE_BOUND('',#3458,.T.);
#3458 = EDGE_LOOP('',(#3459));
#3459 = ORIENTED_EDGE('',*,*,#2432,.T.);
#3460 = ADVANCED_FACE('',(#3461,#3464),#3144,.T.);
#3461 = FACE_BOUND('',#3462,.T.);
#3462 = EDGE_LOOP('',(#3463));
#3463 = ORIENTED_EDGE('',*,*,#3129,.T.);
#3464 = FACE_BOUND('',#3465,.T.);
#3465 = EDGE_LOOP('',(#3466));
#3466 = ORIENTED_EDGE('',*,*,#3397,.T.);
#3467 = ADVANCED_FACE('',(#3468,#3471),#3249,.T.);
#3468 = FACE_BOUND('',#3469,.T.);
#3469 = EDGE_LOOP('',(#3470));
#3470 = ORIENTED_EDGE('',*,*,#3234,.T.);
#3471 = FACE_BOUND('',#3472,.T.);
#3472 = EDGE_LOOP('',(#3473));
#3473 = ORIENTED_EDGE('',*,*,#3288,.T.);
#3474 = ADVANCED_FACE('',(#3475),#3357,.T.);
#3475 = FACE_BOUND('',#3476,.F.);
#3476 = EDGE_LOOP('',(#3477));
#3477 = ORIENTED_EDGE('',*,*,#3342,.F.);
#3478 = ( GEOMETRIC_REPRESENTATION_CONTEXT(3) 
GLOBAL_UNCERTAINTY_ASSIGNED_CONTEXT((#3482)) 
GLOBAL_UNIT_ASSIGNED_CONTEXT((#3479,#3480,#3481)) REPRESENTATION_CONTEXT
('Context #1','3D Context with UNIT and UNCERTAINTY') );
#3479 = ( LENGTH_UNIT() NAMED_UNIT(*) SI_UNIT(.MILLI.,.METRE.) );
#3480 = ( NAMED_UNIT(*) PLANE_ANGLE_UNIT() SI_UNIT($,.RADIAN.) );
#3481 = ( NAMED_UNIT(*) SI_UNIT($,.STERADIAN.) SOLID_ANGLE_UNIT() );
#3482 = UNCERTAINTY_MEASURE_WITH_UNIT(LENGTH_MEASURE(2.E-06),#3479,
  'distance_accuracy_value','confusion accuracy');
#3483 = PRODUCT_RELATED_PRODUCT_CATEGORY('part',$,(#7));
ENDSEC;
END-ISO-10303-21;
