ISO-10303-21;
HEADER;
FILE_DESCRIPTION(('Open CASCADE Model'),'2;1');
FILE_NAME('Open CASCADE Shape Model','2026-09-12T22:12:41',('Author'),(
    'Open CASCADE'),'Open CASCADE STEP processor 7.9','Open CASCADE 7.9'
  ,'Unknown');
FILE_SCHEMA(('AUTOMOTIVE_DESIGN { 1 0 10303 214 1 1 1 1 }'));
ENDSEC;
DATA;
#1 = APPLICATION_PROTOCOL_DEFINITION('international standard',
  'automotive_design',2000,#2);
#2 = APPLICATION_CONTEXT(
  'core data for automotive mechanical design processes');
#3 = SHAPE_DEFINITION_REPRESENTATION(#4,#10);
#4 = PRODUCT_DEFINITION_SHAPE('','',#5);
#5 = PRODUCT_DEFINITION('design','',#6,#9);
#6 = PRODUCT_DEFINITION_FORMATION('','',#7);
#7 = PRODUCT('Open CASCADE STEP translator 7.9 1',
  'Open CASCADE STEP translator 7.9 1','',(#8));
#8 = PRODUCT_CONTEXT('',#2,'mechanical');
#9 = PRODUCT_DEFINITION_CONTEXT('part definition',#2,'design');
#10 = ADVANCED_BREP_SHAPE_REPRESENTATION('',(#11,#15),#2719);
#11 = AXIS2_PLACEMENT_3D('',#12,#13,#14);
#12 = CARTESIAN_POINT('',(0.,0.,0.));
#13 = DIRECTION('',(0.,0.,1.));
#14 = DIRECTION('',(1.,0.,-0.));
#15 = MANIFOLD_SOLID_BREP('',#16);
#16 = CLOSED_SHELL('',(#17,#105,#140,#144,#203,#238,#293,#332,#800,#992,
    #1027,#1157,#1287,#1895,#1950,#1985,#2194,#2222,#2274,#2300,#2328,
    #2380,#2406,#2434,#2462,#2512,#2546,#2601,#2628,#2657,#2686,#2715));
#17 = ADVANCED_FACE('',(#18),#31,.T.);
#18 = FACE_BOUND('',#19,.T.);
#19 = EDGE_LOOP('',(#20,#54,#77,#104));
#20 = ORIENTED_EDGE('',*,*,#21,.F.);
#21 = EDGE_CURVE('',#22,#22,#24,.T.);
#22 = VERTEX_POINT('',#23);
#23 = CARTESIAN_POINT('',(20.8,-5.094530684453E-15,50.));
#24 = SURFACE_CURVE('',#25,(#30,#42),.PCURVE_S1.);
#25 = CIRCLE('',#26,20.8);
#26 = AXIS2_PLACEMENT_3D('',#27,#28,#29);
#27 = CARTESIAN_POINT('',(0.,0.,50.));
#28 = DIRECTION('',(0.,0.,1.));
#29 = DIRECTION('',(1.,0.,-0.));
#30 = PCURVE('',#31,#36);
#31 = CONICAL_SURFACE('',#32,1.E-02,0.394052431007);
#32 = AXIS2_PLACEMENT_3D('',#33,#34,#35);
#33 = CARTESIAN_POINT('',(0.,0.,0.));
#34 = DIRECTION('',(0.,0.,1.));
#35 = DIRECTION('',(1.,0.,-0.));
#36 = DEFINITIONAL_REPRESENTATION('',(#37),#41);
#37 = LINE('',#38,#39);
#38 = CARTESIAN_POINT('',(0.,50.));
#39 = VECTOR('',#40,1.);
#40 = DIRECTION('',(1.,0.));
#41 = ( GEOMETRIC_REPRESENTATION_CONTEXT(2) 
PARAMETRIC_REPRESENTATION_CONTEXT() REPRESENTATION_CONTEXT('2D SPACE',''
  ) );
#42 = PCURVE('',#43,#48);
#43 = PLANE('',#44);
#44 = AXIS2_PLACEMENT_3D('',#45,#46,#47);
#45 = CARTESIAN_POINT('',(0.,0.,50.));
#46 = DIRECTION('',(0.,0.,1.));
#47 = DIRECTION('',(1.,0.,-0.));
#48 = DEFINITIONAL_REPRESENTATION('',(#49),#53);
#49 = CIRCLE('',#50,20.8);
#50 = AXIS2_PLACEMENT_2D('',#51,#52);
#51 = CARTESIAN_POINT('',(0.,0.));
#52 = DIRECTION('',(1.,0.));
#53 = ( GEOMETRIC_REPRESENTATION_CONTEXT(2) 
PARAMETRIC_REPRESENTATION_CONTEXT() REPRESENTATION_CONTEXT('2D SPACE',''
  ) );
#54 = ORIENTED_EDGE('',*,*,#55,.F.);
#55 = EDGE_CURVE('',#56,#22,#58,.T.);
#56 = VERTEX_POINT('',#57);
#57 = CARTESIAN_POINT('',(1.E-02,-2.449293598295E-18,0.));
#58 = SEAM_CURVE('',#59,(#63,#70),.PCURVE_S1.);
#59 = LINE('',#60,#61);
#60 = CARTESIAN_POINT('',(1.E-02,-2.449293598295E-18,0.));
#61 = VECTOR('',#62,1.);
#62 = DIRECTION('',(0.383933413257,-9.403656512613E-17,0.923360782243));
#63 = PCURVE('',#31,#64);
#64 = DEFINITIONAL_REPRESENTATION('',(#65),#69);
#65 = LINE('',#66,#67);
#66 = CARTESIAN_POINT('',(6.28318530718,-0.));
#67 = VECTOR('',#68,1.);
#68 = DIRECTION('',(0.,1.));
#69 = ( GEOMETRIC_REPRESENTATION_CONTEXT(2) 
PARAMETRIC_REPRESENTATION_CONTEXT() REPRESENTATION_CONTEXT('2D SPACE',''
  ) );
#70 = PCURVE('',#31,#71);
#71 = DEFINITIONAL_REPRESENTATION('',(#72),#76);
#72 = LINE('',#73,#74);
#73 = CARTESIAN_POINT('',(0.,-0.));
#74 = VECTOR('',#75,1.);
#75 = DIRECTION('',(0.,1.));
#76 = ( GEOMETRIC_REPRESENTATION_CONTEXT(2) 
PARAMETRIC_REPRESENTATION_CONTEXT() REPRESENTATION_CONTEXT('2D SPACE',''
  ) );
#77 = ORIENTED_EDGE('',*,*,#78,.T.);
#78 = EDGE_CURVE('',#56,#56,#79,.T.);
#79 = SURFACE_CURVE('',#80,(#85,#92),.PCURVE_S1.);
#80 = CIRCLE('',#81,1.E-02);
#81 = AXIS2_PLACEMENT_3D('',#82,#83,#84);
#82 = CARTESIAN_POINT('',(0.,0.,0.));
#83 = DIRECTION('',(0.,0.,1.));
#84 = DIRECTION('',(1.,0.,-0.));
#85 = PCURVE('',#31,#86);
#86 = DEFINITIONAL_REPRESENTATION('',(#87),#91);
#87 = LINE('',#88,#89);
#88 = CARTESIAN_POINT('',(0.,0.));
#89 = VECTOR('',#90,1.);
#90 = DIRECTION('',(1.,0.));
#91 = ( GEOMETRIC_REPRESENTATION_CONTEXT(2) 
PARAMETRIC_REPRESENTATION_CONTEXT() REPRESENTATION_CONTEXT('2D SPACE',''
  ) );
#92 = PCURVE('',#93,#98);
#93 = PLANE('',#94);
#94 = AXIS2_PLACEMENT_3D('',#95,#96,#97);
#95 = CARTESIAN_POINT('',(0.,0.,0.));
#96 = DIRECTION('',(0.,0.,1.));
#97 = DIRECTION('',(1.,0.,-0.));
#98 = DEFINITIONAL_REPRESENTATION('',(#99),#103);
#99 = CIRCLE('',#100,1.E-02);
#100 = AXIS2_PLACEMENT_2D('',#101,#102);
#101 = CARTESIAN_POINT('',(0.,0.));
#102 = DIRECTION('',(1.,0.));
#103 = ( GEOMETRIC_REPRESENTATION_CONTEXT(2) 
PARAMETRIC_REPRESENTATION_CONTEXT() REPRESENTATION_CONTEXT('2D SPACE',''
  ) );
#104 = ORIENTED_EDGE('',*,*,#55,.T.);
#105 = ADVANCED_FACE('',(#106,#109),#43,.T.);
#106 = FACE_BOUND('',#107,.T.);
#107 = EDGE_LOOP('',(#108));
#108 = ORIENTED_EDGE('',*,*,#21,.T.);
#109 = FACE_BOUND('',#110,.T.);
#110 = EDGE_LOOP('',(#111));
#111 = ORIENTED_EDGE('',*,*,#112,.F.);
#112 = EDGE_CURVE('',#113,#113,#115,.T.);
#113 = VERTEX_POINT('',#114);
#114 = CARTESIAN_POINT('',(20.05,0.,50.));
#115 = SURFACE_CURVE('',#116,(#121,#128),.PCURVE_S1.);
#116 = CIRCLE('',#117,20.05);
#117 = AXIS2_PLACEMENT_3D('',#118,#119,#120);
#118 = CARTESIAN_POINT('',(0.,0.,50.));
#119 = DIRECTION('',(0.,0.,1.));
#120 = DIRECTION('',(1.,0.,0.));
#121 = PCURVE('',#43,#122);
#122 = DEFINITIONAL_REPRESENTATION('',(#123),#127);
#123 = CIRCLE('',#124,20.05);
#124 = AXIS2_PLACEMENT_2D('',#125,#126);
#125 = CARTESIAN_POINT('',(0.,0.));
#126 = DIRECTION('',(1.,0.));
#127 = ( GEOMETRIC_REPRESENTATION_CONTEXT(2) 
PARAMETRIC_REPRESENTATION_CONTEXT() REPRESENTATION_CONTEXT('2D SPACE',''
  ) );
#128 = PCURVE('',#129,#134);
#129 = CYLINDRICAL_SURFACE('',#130,20.05);
#130 = AXIS2_PLACEMENT_3D('',#131,#132,#133);
#131 = CARTESIAN_POINT('',(0.,0.,50.));
#132 = DIRECTION('',(-0.,-0.,-1.));
#133 = DIRECTION('',(1.,0.,0.));
#134 = DEFINITIONAL_REPRESENTATION('',(#135),#139);
#135 = LINE('',#136,#137);
#136 = CARTESIAN_POINT('',(-0.,0.));
#137 = VECTOR('',#138,1.);
#138 = DIRECTION('',(-1.,0.));
#139 = ( GEOMETRIC_REPRESENTATION_CONTEXT(2) 
PARAMETRIC_REPRESENTATION_CONTEXT() REPRESENTATION_CONTEXT('2D SPACE',''
  ) );
#140 = ADVANCED_FACE('',(#141),#93,.F.);
#141 = FACE_BOUND('',#142,.T.);
#142 = EDGE_LOOP('',(#143));
#143 = ORIENTED_EDGE('',*,*,#78,.F.);
#144 = ADVANCED_FACE('',(#145),#129,.T.);
#145 = FACE_BOUND('',#146,.F.);
#146 = EDGE_LOOP('',(#147,#148,#171,#202));
#147 = ORIENTED_EDGE('',*,*,#112,.F.);
#148 = ORIENTED_EDGE('',*,*,#149,.T.);
#149 = EDGE_CURVE('',#113,#150,#152,.T.);
#150 = VERTEX_POINT('',#151);
#151 = CARTESIAN_POINT('',(20.05,0.,55.35));
#152 = SEAM_CURVE('',#153,(#157,#164),.PCURVE_S1.);
#153 = LINE('',#154,#155);
#154 = CARTESIAN_POINT('',(20.05,0.,50.));
#155 = VECTOR('',#156,1.);
#156 = DIRECTION('',(0.,0.,1.));
#157 = PCURVE('',#129,#158);
#158 = DEFINITIONAL_REPRESENTATION('',(#159),#163);
#159 = LINE('',#160,#161);
#160 = CARTESIAN_POINT('',(-6.28318530718,0.));
#161 = VECTOR('',#162,1.);
#162 = DIRECTION('',(-0.,-1.));
#163 = ( GEOMETRIC_REPRESENTATION_CONTEXT(2) 
PARAMETRIC_REPRESENTATION_CONTEXT() REPRESENTATION_CONTEXT('2D SPACE',''
  ) );
#164 = PCURVE('',#129,#165);
#165 = DEFINITIONAL_REPRESENTATION('',(#166),#170);
#166 = LINE('',#167,#168);
#167 = CARTESIAN_POINT('',(-0.,0.));
#168 = VECTOR('',#169,1.);
#169 = DIRECTION('',(-0.,-1.));
#170 = ( GEOMETRIC_REPRESENTATION_CONTEXT(2) 
PARAMETRIC_REPRESENTATION_CONTEXT() REPRESENTATION_CONTEXT('2D SPACE',''
  ) );
#171 = ORIENTED_EDGE('',*,*,#172,.F.);
#172 = EDGE_CURVE('',#150,#150,#173,.T.);
#173 = SURFACE_CURVE('',#174,(#179,#186),.PCURVE_S1.);
#174 = CIRCLE('',#175,20.05);
#175 = AXIS2_PLACEMENT_3D('',#176,#177,#178);
#176 = CARTESIAN_POINT('',(0.,0.,55.35));
#177 = DIRECTION('',(0.,0.,-1.));
#178 = DIRECTION('',(1.,0.,0.));
#179 = PCURVE('',#129,#180);
#180 = DEFINITIONAL_REPRESENTATION('',(#181),#185);
#181 = LINE('',#182,#183);
#182 = CARTESIAN_POINT('',(-6.28318530718,-5.35));
#183 = VECTOR('',#184,1.);
#184 = DIRECTION('',(1.,-0.));
#185 = ( GEOMETRIC_REPRESENTATION_CONTEXT(2) 
PARAMETRIC_REPRESENTATION_CONTEXT() REPRESENTATION_CONTEXT('2D SPACE',''
  ) );
#186 = PCURVE('',#187,#192);
#187 = PLANE('',#188);
#188 = AXIS2_PLACEMENT_3D('',#189,#190,#191);
#189 = CARTESIAN_POINT('',(-1.085808541967E-15,1.349062650506E-15,55.35)
  );
#190 = DIRECTION('',(0.,0.,1.));
#191 = DIRECTION('',(1.,0.,-0.));
#192 = DEFINITIONAL_REPRESENTATION('',(#193),#201);
#193 = ( BOUNDED_CURVE() B_SPLINE_CURVE(2,(#194,#195,#196,#197,#198,#199
,#200),.UNSPECIFIED.,.T.,.F.) B_SPLINE_CURVE_WITH_KNOTS((1,2,2,2,2,1),(
    -2.094395102393,0.,2.094395102393,4.188790204786,6.28318530718,
8.377580409573),.UNSPECIFIED.) CURVE() GEOMETRIC_REPRESENTATION_ITEM() 
RATIONAL_B_SPLINE_CURVE((1.,0.5,1.,0.5,1.,0.5,1.)) REPRESENTATION_ITEM(
  '') );
#194 = CARTESIAN_POINT('',(20.05,-1.349062650506E-15));
#195 = CARTESIAN_POINT('',(20.05,-34.72761869175));
#196 = CARTESIAN_POINT('',(-10.025,-17.36380934587));
#197 = CARTESIAN_POINT('',(-40.1,-6.259896315087E-15));
#198 = CARTESIAN_POINT('',(-10.025,17.363809345878));
#199 = CARTESIAN_POINT('',(20.05,34.727618691756));
#200 = CARTESIAN_POINT('',(20.05,-1.349062650506E-15));
#201 = ( GEOMETRIC_REPRESENTATION_CONTEXT(2) 
PARAMETRIC_REPRESENTATION_CONTEXT() REPRESENTATION_CONTEXT('2D SPACE',''
  ) );
#202 = ORIENTED_EDGE('',*,*,#149,.F.);
#203 = ADVANCED_FACE('',(#204,#207),#187,.T.);
#204 = FACE_BOUND('',#205,.T.);
#205 = EDGE_LOOP('',(#206));
#206 = ORIENTED_EDGE('',*,*,#172,.F.);
#207 = FACE_BOUND('',#208,.T.);
#208 = EDGE_LOOP('',(#209));
#209 = ORIENTED_EDGE('',*,*,#210,.F.);
#210 = EDGE_CURVE('',#211,#211,#213,.T.);
#211 = VERTEX_POINT('',#212);
#212 = CARTESIAN_POINT('',(19.55,1.901497333744E-16,55.35));
#213 = SURFACE_CURVE('',#214,(#219,#226),.PCURVE_S1.);
#214 = CIRCLE('',#215,19.55);
#215 = AXIS2_PLACEMENT_3D('',#216,#217,#218);
#216 = CARTESIAN_POINT('',(9.600789232062E-14,1.901497333744E-16,55.35)
  );
#217 = DIRECTION('',(0.,0.,1.));
#218 = DIRECTION('',(1.,0.,0.));
#219 = PCURVE('',#187,#220);
#220 = DEFINITIONAL_REPRESENTATION('',(#221),#225);
#221 = CIRCLE('',#222,19.55);
#222 = AXIS2_PLACEMENT_2D('',#223,#224);
#223 = CARTESIAN_POINT('',(9.709370086259E-14,-1.158912917132E-15));
#224 = DIRECTION('',(1.,0.));
#225 = ( GEOMETRIC_REPRESENTATION_CONTEXT(2) 
PARAMETRIC_REPRESENTATION_CONTEXT() REPRESENTATION_CONTEXT('2D SPACE',''
  ) );
#226 = PCURVE('',#227,#232);
#227 = CYLINDRICAL_SURFACE('',#228,19.55);
#228 = AXIS2_PLACEMENT_3D('',#229,#230,#231);
#229 = CARTESIAN_POINT('',(9.600789232062E-14,1.901497333744E-16,55.35)
  );
#230 = DIRECTION('',(-0.,-0.,-1.));
#231 = DIRECTION('',(1.,0.,0.));
#232 = DEFINITIONAL_REPRESENTATION('',(#233),#237);
#233 = LINE('',#234,#235);
#234 = CARTESIAN_POINT('',(-0.,0.));
#235 = VECTOR('',#236,1.);
#236 = DIRECTION('',(-1.,0.));
#237 = ( GEOMETRIC_REPRESENTATION_CONTEXT(2) 
PARAMETRIC_REPRESENTATION_CONTEXT() REPRESENTATION_CONTEXT('2D SPACE',''
  ) );
#238 = ADVANCED_FACE('',(#239),#227,.T.);
#239 = FACE_BOUND('',#240,.F.);
#240 = EDGE_LOOP('',(#241,#264,#291,#292));
#241 = ORIENTED_EDGE('',*,*,#242,.T.);
#242 = EDGE_CURVE('',#211,#243,#245,.T.);
#243 = VERTEX_POINT('',#244);
#244 = CARTESIAN_POINT('',(19.55,1.901497333744E-16,56.65));
#245 = SEAM_CURVE('',#246,(#250,#257),.PCURVE_S1.);
#246 = LINE('',#247,#248);
#247 = CARTESIAN_POINT('',(19.55,1.901497333744E-16,55.35));
#248 = VECTOR('',#249,1.);
#249 = DIRECTION('',(0.,0.,1.));
#250 = PCURVE('',#227,#251);
#251 = DEFINITIONAL_REPRESENTATION('',(#252),#256);
#252 = LINE('',#253,#254);
#253 = CARTESIAN_POINT('',(-0.,0.));
#254 = VECTOR('',#255,1.);
#255 = DIRECTION('',(-0.,-1.));
#256 = ( GEOMETRIC_REPRESENTATION_CONTEXT(2) 
PARAMETRIC_REPRESENTATION_CONTEXT() REPRESENTATION_CONTEXT('2D SPACE',''
  ) );
#257 = PCURVE('',#227,#258);
#258 = DEFINITIONAL_REPRESENTATION('',(#259),#263);
#259 = LINE('',#260,#261);
#260 = CARTESIAN_POINT('',(-6.28318530718,0.));
#261 = VECTOR('',#262,1.);
#262 = DIRECTION('',(-0.,-1.));
#263 = ( GEOMETRIC_REPRESENTATION_CONTEXT(2) 
PARAMETRIC_REPRESENTATION_CONTEXT() REPRESENTATION_CONTEXT('2D SPACE',''
  ) );
#264 = ORIENTED_EDGE('',*,*,#265,.T.);
#265 = EDGE_CURVE('',#243,#243,#266,.T.);
#266 = SURFACE_CURVE('',#267,(#272,#279),.PCURVE_S1.);
#267 = CIRCLE('',#268,19.55);
#268 = AXIS2_PLACEMENT_3D('',#269,#270,#271);
#269 = CARTESIAN_POINT('',(9.600789232062E-14,1.901497333744E-16,56.65)
  );
#270 = DIRECTION('',(0.,0.,1.));
#271 = DIRECTION('',(1.,0.,0.));
#272 = PCURVE('',#227,#273);
#273 = DEFINITIONAL_REPRESENTATION('',(#274),#278);
#274 = LINE('',#275,#276);
#275 = CARTESIAN_POINT('',(-0.,-1.3));
#276 = VECTOR('',#277,1.);
#277 = DIRECTION('',(-1.,0.));
#278 = ( GEOMETRIC_REPRESENTATION_CONTEXT(2) 
PARAMETRIC_REPRESENTATION_CONTEXT() REPRESENTATION_CONTEXT('2D SPACE',''
  ) );
#279 = PCURVE('',#280,#285);
#280 = PLANE('',#281);
#281 = AXIS2_PLACEMENT_3D('',#282,#283,#284);
#282 = CARTESIAN_POINT('',(-1.085808541967E-15,1.349062650506E-15,56.65)
  );
#283 = DIRECTION('',(0.,0.,1.));
#284 = DIRECTION('',(1.,0.,-0.));
#285 = DEFINITIONAL_REPRESENTATION('',(#286),#290);
#286 = CIRCLE('',#287,19.55);
#287 = AXIS2_PLACEMENT_2D('',#288,#289);
#288 = CARTESIAN_POINT('',(9.709370086259E-14,-1.158912917132E-15));
#289 = DIRECTION('',(1.,0.));
#290 = ( GEOMETRIC_REPRESENTATION_CONTEXT(2) 
PARAMETRIC_REPRESENTATION_CONTEXT() REPRESENTATION_CONTEXT('2D SPACE',''
  ) );
#291 = ORIENTED_EDGE('',*,*,#242,.F.);
#292 = ORIENTED_EDGE('',*,*,#210,.F.);
#293 = ADVANCED_FACE('',(#294,#329),#280,.F.);
#294 = FACE_BOUND('',#295,.F.);
#295 = EDGE_LOOP('',(#296));
#296 = ORIENTED_EDGE('',*,*,#297,.F.);
#297 = EDGE_CURVE('',#298,#298,#300,.T.);
#298 = VERTEX_POINT('',#299);
#299 = CARTESIAN_POINT('',(20.05,0.,56.65));
#300 = SURFACE_CURVE('',#301,(#306,#317),.PCURVE_S1.);
#301 = CIRCLE('',#302,20.05);
#302 = AXIS2_PLACEMENT_3D('',#303,#304,#305);
#303 = CARTESIAN_POINT('',(0.,0.,56.65));
#304 = DIRECTION('',(0.,0.,-1.));
#305 = DIRECTION('',(1.,0.,0.));
#306 = PCURVE('',#280,#307);
#307 = DEFINITIONAL_REPRESENTATION('',(#308),#316);
#308 = ( BOUNDED_CURVE() B_SPLINE_CURVE(2,(#309,#310,#311,#312,#313,#314
,#315),.UNSPECIFIED.,.T.,.F.) B_SPLINE_CURVE_WITH_KNOTS((1,2,2,2,2,1),(
    -2.094395102393,0.,2.094395102393,4.188790204786,6.28318530718,
8.377580409573),.UNSPECIFIED.) CURVE() GEOMETRIC_REPRESENTATION_ITEM() 
RATIONAL_B_SPLINE_CURVE((1.,0.5,1.,0.5,1.,0.5,1.)) REPRESENTATION_ITEM(
  '') );
#309 = CARTESIAN_POINT('',(20.05,-1.349062650506E-15));
#310 = CARTESIAN_POINT('',(20.05,-34.72761869175));
#311 = CARTESIAN_POINT('',(-10.025,-17.36380934587));
#312 = CARTESIAN_POINT('',(-40.1,-6.259896315087E-15));
#313 = CARTESIAN_POINT('',(-10.025,17.363809345878));
#314 = CARTESIAN_POINT('',(20.05,34.727618691756));
#315 = CARTESIAN_POINT('',(20.05,-1.349062650506E-15));
#316 = ( GEOMETRIC_REPRESENTATION_CONTEXT(2) 
PARAMETRIC_REPRESENTATION_CONTEXT() REPRESENTATION_CONTEXT('2D SPACE',''
  ) );
#317 = PCURVE('',#318,#323);
#318 = CYLINDRICAL_SURFACE('',#319,20.05);
#319 = AXIS2_PLACEMENT_3D('',#320,#321,#322);
#320 = CARTESIAN_POINT('',(0.,0.,50.));
#321 = DIRECTION('',(-0.,-0.,-1.));
#322 = DIRECTION('',(1.,0.,0.));
#323 = DEFINITIONAL_REPRESENTATION('',(#324),#328);
#324 = LINE('',#325,#326);
#325 = CARTESIAN_POINT('',(-6.28318530718,-6.65));
#326 = VECTOR('',#327,1.);
#327 = DIRECTION('',(1.,-0.));
#328 = ( GEOMETRIC_REPRESENTATION_CONTEXT(2) 
PARAMETRIC_REPRESENTATION_CONTEXT() REPRESENTATION_CONTEXT('2D SPACE',''
  ) );
#329 = FACE_BOUND('',#330,.F.);
#330 = EDGE_LOOP('',(#331));
#331 = ORIENTED_EDGE('',*,*,#265,.F.);
#332 = ADVANCED_FACE('',(#333,#578,#689),#318,.T.);
#333 = FACE_BOUND('',#334,.F.);
#334 = EDGE_LOOP('',(#335,#358,#359,#360,#445,#468,#499,#500));
#335 = ORIENTED_EDGE('',*,*,#336,.F.);
#336 = EDGE_CURVE('',#298,#337,#339,.T.);
#337 = VERTEX_POINT('',#338);
#338 = CARTESIAN_POINT('',(20.05,0.,174.5));
#339 = SEAM_CURVE('',#340,(#344,#351),.PCURVE_S1.);
#340 = LINE('',#341,#342);
#341 = CARTESIAN_POINT('',(20.05,0.,50.));
#342 = VECTOR('',#343,1.);
#343 = DIRECTION('',(0.,0.,1.));
#344 = PCURVE('',#318,#345);
#345 = DEFINITIONAL_REPRESENTATION('',(#346),#350);
#346 = LINE('',#347,#348);
#347 = CARTESIAN_POINT('',(-6.28318530718,0.));
#348 = VECTOR('',#349,1.);
#349 = DIRECTION('',(-0.,-1.));
#350 = ( GEOMETRIC_REPRESENTATION_CONTEXT(2) 
PARAMETRIC_REPRESENTATION_CONTEXT() REPRESENTATION_CONTEXT('2D SPACE',''
  ) );
#351 = PCURVE('',#318,#352);
#352 = DEFINITIONAL_REPRESENTATION('',(#353),#357);
#353 = LINE('',#354,#355);
#354 = CARTESIAN_POINT('',(-0.,0.));
#355 = VECTOR('',#356,1.);
#356 = DIRECTION('',(-0.,-1.));
#357 = ( GEOMETRIC_REPRESENTATION_CONTEXT(2) 
PARAMETRIC_REPRESENTATION_CONTEXT() REPRESENTATION_CONTEXT('2D SPACE',''
  ) );
#358 = ORIENTED_EDGE('',*,*,#297,.T.);
#359 = ORIENTED_EDGE('',*,*,#336,.T.);
#360 = ORIENTED_EDGE('',*,*,#361,.T.);
#361 = EDGE_CURVE('',#337,#362,#364,.T.);
#362 = VERTEX_POINT('',#363);
#363 = CARTESIAN_POINT('',(20.05,6.123233995737E-17,175.5));
#364 = SURFACE_CURVE('',#365,(#388,#414),.PCURVE_S1.);
#365 = B_SPLINE_CURVE_WITH_KNOTS('',6,(#366,#367,#368,#369,#370,#371,
    #372,#373,#374,#375,#376,#377,#378,#379,#380,#381,#382,#383,#384,
    #385,#386,#387),.UNSPECIFIED.,.F.,.F.,(7,5,5,5,7),(0.,0.222375583069
    ,0.500003735162,0.777631887393,1.),.UNSPECIFIED.);
#366 = CARTESIAN_POINT('',(20.05,1.079606854646E-15,174.5));
#367 = CARTESIAN_POINT('',(20.05,6.124552782441E-02,174.5));
#368 = CARTESIAN_POINT('',(20.049775540956,0.122285046146,
    174.50900270488));
#369 = CARTESIAN_POINT('',(20.049329185173,0.18132680253,174.52689262175
    ));
#370 = CARTESIAN_POINT('',(20.048708380052,0.236650965951,
    174.55302418374));
#371 = CARTESIAN_POINT('',(20.047997295645,0.286760776196,
    174.58624567913));
#372 = CARTESIAN_POINT('',(20.046369410505,0.385457503083,
    174.67325854855));
#373 = CARTESIAN_POINT('',(20.045443401832,0.43069845738,174.73022125757
    ));
#374 = CARTESIAN_POINT('',(20.044631434739,0.465251911274,
    174.79356588594));
#375 = CARTESIAN_POINT('',(20.044052701173,0.488451270614,
    174.86110139614));
#376 = CARTESIAN_POINT('',(20.043764616459,0.5,174.93063085534));
#377 = CARTESIAN_POINT('',(20.043764616459,0.5,175.06936914469));
#378 = CARTESIAN_POINT('',(20.044052701173,0.488451270603,
    175.13889860384));
#379 = CARTESIAN_POINT('',(20.044631434738,0.46525191129,175.20643411402
    ));
#380 = CARTESIAN_POINT('',(20.045443401832,0.430698457394,
    175.26977874243));
#381 = CARTESIAN_POINT('',(20.046369410506,0.385457503059,
    175.32674145146));
#382 = CARTESIAN_POINT('',(20.047997271322,0.286762250846,
    175.41375302079));
#383 = CARTESIAN_POINT('',(20.048708371762,0.236651906554,
    175.44697572604));
#384 = CARTESIAN_POINT('',(20.049329212823,0.181325562087,
    175.47310847364));
#385 = CARTESIAN_POINT('',(20.049775566267,0.122281632411,
    175.49099833806));
#386 = CARTESIAN_POINT('',(20.05,6.124199116437E-02,175.5));
#387 = CARTESIAN_POINT('',(20.05,9.494107596575E-16,175.5));
#388 = PCURVE('',#318,#389);
#389 = DEFINITIONAL_REPRESENTATION('',(#390),#413);
#390 = B_SPLINE_CURVE_WITH_KNOTS('',6,(#391,#392,#393,#394,#395,#396,
    #397,#398,#399,#400,#401,#402,#403,#404,#405,#406,#407,#408,#409,
    #410,#411,#412),.UNSPECIFIED.,.F.,.F.,(7,5,5,5,7),(0.,0.222375583069
    ,0.500003735162,0.777631887393,1.),.UNSPECIFIED.);
#391 = CARTESIAN_POINT('',(0.,-124.5));
#392 = CARTESIAN_POINT('',(-3.054639791741E-03,-124.5));
#393 = CARTESIAN_POINT('',(-6.099004891062E-03,-124.5090027048));
#394 = CARTESIAN_POINT('',(-9.043781675633E-03,-124.5268926217));
#395 = CARTESIAN_POINT('',(-1.180324546972E-02,-124.5530241837));
#396 = CARTESIAN_POINT('',(-1.43027329612E-02,-124.5862456791));
#397 = CARTESIAN_POINT('',(-1.922593251176E-02,-124.6732585485));
#398 = CARTESIAN_POINT('',(-2.148279375183E-02,-124.7302212575));
#399 = CARTESIAN_POINT('',(-2.320662962442E-02,-124.7935658859));
#400 = CARTESIAN_POINT('',(-2.436406587241E-02,-124.8611013961));
#401 = CARTESIAN_POINT('',(-2.494024131662E-02,-124.9306308553));
#402 = CARTESIAN_POINT('',(-2.494024131662E-02,-125.0693691446));
#403 = CARTESIAN_POINT('',(-2.436406587184E-02,-125.1388986038));
#404 = CARTESIAN_POINT('',(-2.320662962523E-02,-125.206434114));
#405 = CARTESIAN_POINT('',(-2.148279375251E-02,-125.2697787424));
#406 = CARTESIAN_POINT('',(-1.922593251055E-02,-125.3267414514));
#407 = CARTESIAN_POINT('',(-1.430280651986E-02,-125.4137530207));
#408 = CARTESIAN_POINT('',(-1.180329238205E-02,-125.446975726));
#409 = CARTESIAN_POINT('',(-9.043719798591E-03,-125.4731084736));
#410 = CARTESIAN_POINT('',(-6.098834629487E-03,-125.490998338));
#411 = CARTESIAN_POINT('',(-3.054463399719E-03,-125.5));
#412 = CARTESIAN_POINT('',(0.,-125.5));
#413 = ( GEOMETRIC_REPRESENTATION_CONTEXT(2) 
PARAMETRIC_REPRESENTATION_CONTEXT() REPRESENTATION_CONTEXT('2D SPACE',''
  ) );
#414 = PCURVE('',#415,#420);
#415 = CYLINDRICAL_SURFACE('',#416,0.5);
#416 = AXIS2_PLACEMENT_3D('',#417,#418,#419);
#417 = CARTESIAN_POINT('',(0.,0.,175.));
#418 = DIRECTION('',(1.,0.,0.));
#419 = DIRECTION('',(-0.,0.,1.));
#420 = DEFINITIONAL_REPRESENTATION('',(#421),#444);
#421 = B_SPLINE_CURVE_WITH_KNOTS('',6,(#422,#423,#424,#425,#426,#427,
    #428,#429,#430,#431,#432,#433,#434,#435,#436,#437,#438,#439,#440,
    #441,#442,#443),.UNSPECIFIED.,.F.,.F.,(7,5,5,5,7),(0.,0.222375583069
    ,0.500003735162,0.777631887393,1.),.UNSPECIFIED.);
#422 = CARTESIAN_POINT('',(3.14159265359,20.05));
#423 = CARTESIAN_POINT('',(3.264083709239,20.05));
#424 = CARTESIAN_POINT('',(3.386162029164,20.049775540956));
#425 = CARTESIAN_POINT('',(3.507557349096,20.049329185173));
#426 = CARTESIAN_POINT('',(3.628008071658,20.048708380052));
#427 = CARTESIAN_POINT('',(3.747122545595,20.047997295645));
#428 = CARTESIAN_POINT('',(4.010274846322,20.046369410505));
#429 = CARTESIAN_POINT('',(4.15348763081,20.045443401832));
#430 = CARTESIAN_POINT('',(4.294716234288,20.044631434739));
#431 = CARTESIAN_POINT('',(4.4345911472,20.044052701173));
#432 = CARTESIAN_POINT('',(4.57365069107,20.043764616459));
#433 = CARTESIAN_POINT('',(4.851127269768,20.043764616459));
#434 = CARTESIAN_POINT('',(4.990186813544,20.044052701173));
#435 = CARTESIAN_POINT('',(5.13006172642,20.044631434738));
#436 = CARTESIAN_POINT('',(5.271290329943,20.045443401832));
#437 = CARTESIAN_POINT('',(5.414503114512,20.046369410506));
#438 = CARTESIAN_POINT('',(5.677651483355,20.047997271322));
#439 = CARTESIAN_POINT('',(5.796768348112,20.048708371762));
#440 = CARTESIAN_POINT('',(5.91722366198,20.049329212823));
#441 = CARTESIAN_POINT('',(6.038622752775,20.049775566267));
#442 = CARTESIAN_POINT('',(6.160701324851,20.05));
#443 = CARTESIAN_POINT('',(6.28318530718,20.05));
#444 = ( GEOMETRIC_REPRESENTATION_CONTEXT(2) 
PARAMETRIC_REPRESENTATION_CONTEXT() REPRESENTATION_CONTEXT('2D SPACE',''
  ) );
#445 = ORIENTED_EDGE('',*,*,#446,.T.);
#446 = EDGE_CURVE('',#362,#447,#449,.T.);
#447 = VERTEX_POINT('',#448);
#448 = CARTESIAN_POINT('',(20.05,0.,181.35));
#449 = SEAM_CURVE('',#450,(#454,#461),.PCURVE_S1.);
#450 = LINE('',#451,#452);
#451 = CARTESIAN_POINT('',(20.05,0.,50.));
#452 = VECTOR('',#453,1.);
#453 = DIRECTION('',(0.,0.,1.));
#454 = PCURVE('',#318,#455);
#455 = DEFINITIONAL_REPRESENTATION('',(#456),#460);
#456 = LINE('',#457,#458);
#457 = CARTESIAN_POINT('',(-6.28318530718,0.));
#458 = VECTOR('',#459,1.);
#459 = DIRECTION('',(-0.,-1.));
#460 = ( GEOMETRIC_REPRESENTATION_CONTEXT(2) 
PARAMETRIC_REPRESENTATION_CONTEXT() REPRESENTATION_CONTEXT('2D SPACE',''
  ) );
#461 = PCURVE('',#318,#462);
#462 = DEFINITIONAL_REPRESENTATION('',(#463),#467);
#463 = LINE('',#464,#465);
#464 = CARTESIAN_POINT('',(-0.,0.));
#465 = VECTOR('',#466,1.);
#466 = DIRECTION('',(-0.,-1.));
#467 = ( GEOMETRIC_REPRESENTATION_CONTEXT(2) 
PARAMETRIC_REPRESENTATION_CONTEXT() REPRESENTATION_CONTEXT('2D SPACE',''
  ) );
#468 = ORIENTED_EDGE('',*,*,#469,.F.);
#469 = EDGE_CURVE('',#447,#447,#470,.T.);
#470 = SURFACE_CURVE('',#471,(#476,#483),.PCURVE_S1.);
#471 = CIRCLE('',#472,20.05);
#472 = AXIS2_PLACEMENT_3D('',#473,#474,#475);
#473 = CARTESIAN_POINT('',(0.,0.,181.35));
#474 = DIRECTION('',(0.,0.,-1.));
#475 = DIRECTION('',(1.,0.,0.));
#476 = PCURVE('',#318,#477);
#477 = DEFINITIONAL_REPRESENTATION('',(#478),#482);
#478 = LINE('',#479,#480);
#479 = CARTESIAN_POINT('',(-6.28318530718,-131.35));
#480 = VECTOR('',#481,1.);
#481 = DIRECTION('',(1.,-0.));
#482 = ( GEOMETRIC_REPRESENTATION_CONTEXT(2) 
PARAMETRIC_REPRESENTATION_CONTEXT() REPRESENTATION_CONTEXT('2D SPACE',''
  ) );
#483 = PCURVE('',#484,#489);
#484 = PLANE('',#485);
#485 = AXIS2_PLACEMENT_3D('',#486,#487,#488);
#486 = CARTESIAN_POINT('',(-1.085808541967E-15,1.349062650506E-15,181.35
    ));
#487 = DIRECTION('',(0.,0.,1.));
#488 = DIRECTION('',(1.,0.,-0.));
#489 = DEFINITIONAL_REPRESENTATION('',(#490),#498);
#490 = ( BOUNDED_CURVE() B_SPLINE_CURVE(2,(#491,#492,#493,#494,#495,#496
,#497),.UNSPECIFIED.,.T.,.F.) B_SPLINE_CURVE_WITH_KNOTS((1,2,2,2,2,1),(
    -2.094395102393,0.,2.094395102393,4.188790204786,6.28318530718,
8.377580409573),.UNSPECIFIED.) CURVE() GEOMETRIC_REPRESENTATION_ITEM() 
RATIONAL_B_SPLINE_CURVE((1.,0.5,1.,0.5,1.,0.5,1.)) REPRESENTATION_ITEM(
  '') );
#491 = CARTESIAN_POINT('',(20.05,-1.349062650506E-15));
#492 = CARTESIAN_POINT('',(20.05,-34.72761869175));
#493 = CARTESIAN_POINT('',(-10.025,-17.36380934587));
#494 = CARTESIAN_POINT('',(-40.1,-6.259896315087E-15));
#495 = CARTESIAN_POINT('',(-10.025,17.363809345878));
#496 = CARTESIAN_POINT('',(20.05,34.727618691756));
#497 = CARTESIAN_POINT('',(20.05,-1.349062650506E-15));
#498 = ( GEOMETRIC_REPRESENTATION_CONTEXT(2) 
PARAMETRIC_REPRESENTATION_CONTEXT() REPRESENTATION_CONTEXT('2D SPACE',''
  ) );
#499 = ORIENTED_EDGE('',*,*,#446,.F.);
#500 = ORIENTED_EDGE('',*,*,#501,.T.);
#501 = EDGE_CURVE('',#362,#337,#502,.T.);
#502 = SURFACE_CURVE('',#503,(#526,#552),.PCURVE_S1.);
#503 = B_SPLINE_CURVE_WITH_KNOTS('',6,(#504,#505,#506,#507,#508,#509,
    #510,#511,#512,#513,#514,#515,#516,#517,#518,#519,#520,#521,#522,
    #523,#524,#525),.UNSPECIFIED.,.F.,.F.,(7,5,5,5,7),(0.,0.222375293908
    ,0.500007448912,0.77763353218,1.),.UNSPECIFIED.);
#504 = CARTESIAN_POINT('',(20.05,-1.498801083244E-15,175.5));
#505 = CARTESIAN_POINT('',(20.05,-6.12455278244E-02,175.5));
#506 = CARTESIAN_POINT('',(20.049775540956,-0.122285046146,
    175.49099729511));
#507 = CARTESIAN_POINT('',(20.049329185173,-0.18132680253,
    175.47310737824));
#508 = CARTESIAN_POINT('',(20.048708380052,-0.236650965951,
    175.44697581625));
#509 = CARTESIAN_POINT('',(20.047997295645,-0.286760776196,
    175.41375432087));
#510 = CARTESIAN_POINT('',(20.046369396298,-0.385458364487,
    175.32674069201));
#511 = CARTESIAN_POINT('',(20.045443390019,-0.430698814192,
    175.26977788736));
#512 = CARTESIAN_POINT('',(20.044631444885,-0.465251471309,
    175.20643420758));
#513 = CARTESIAN_POINT('',(20.044052714039,-0.488450764932,
    175.13889991034));
#514 = CARTESIAN_POINT('',(20.043764616459,-0.5,175.06937066178));
#515 = CARTESIAN_POINT('',(20.043764616459,-0.5,174.93063085533));
#516 = CARTESIAN_POINT('',(20.044052701173,-0.488451270611,
    174.86110139615));
#517 = CARTESIAN_POINT('',(20.044631434739,-0.46525191128,
    174.79356588595));
#518 = CARTESIAN_POINT('',(20.045443401832,-0.430698457385,
    174.73022125757));
#519 = CARTESIAN_POINT('',(20.046369410506,-0.385457503074,
    174.67325854855));
#520 = CARTESIAN_POINT('',(20.047997271362,-0.286762248393,
    174.58624697704));
#521 = CARTESIAN_POINT('',(20.048708368778,-0.236652087048,
    174.55302443113));
#522 = CARTESIAN_POINT('',(20.049329207662,-0.181325969398,
    174.52689172877));
#523 = CARTESIAN_POINT('',(20.049775562501,-0.122282231953,
    174.50900182424));
#524 = CARTESIAN_POINT('',(20.05,-6.124253103491E-02,174.5));
#525 = CARTESIAN_POINT('',(20.05,-1.387778780781E-15,174.5));
#526 = PCURVE('',#318,#527);
#527 = DEFINITIONAL_REPRESENTATION('',(#528),#551);
#528 = B_SPLINE_CURVE_WITH_KNOTS('',6,(#529,#530,#531,#532,#533,#534,
    #535,#536,#537,#538,#539,#540,#541,#542,#543,#544,#545,#546,#547,
    #548,#549,#550),.UNSPECIFIED.,.F.,.F.,(7,5,5,5,7),(0.,0.222375293908
    ,0.500007448912,0.77763353218,1.),.UNSPECIFIED.);
#529 = CARTESIAN_POINT('',(-6.28318530718,-125.5));
#530 = CARTESIAN_POINT('',(-6.280130667388,-125.5));
#531 = CARTESIAN_POINT('',(-6.277086302289,-125.4909972951));
#532 = CARTESIAN_POINT('',(-6.274141525504,-125.4731073782));
#533 = CARTESIAN_POINT('',(-6.27138206171,-125.4469758162));
#534 = CARTESIAN_POINT('',(-6.268882574218,-125.4137543208));
#535 = CARTESIAN_POINT('',(-6.263959331699,-125.326740692));
#536 = CARTESIAN_POINT('',(-6.261702495625,-125.2697778873));
#537 = CARTESIAN_POINT('',(-6.259978699501,-125.2064342075));
#538 = CARTESIAN_POINT('',(-6.258821266538,-125.1388999103));
#539 = CARTESIAN_POINT('',(-6.258245065863,-125.0693706617));
#540 = CARTESIAN_POINT('',(-6.258245065863,-124.9306308553));
#541 = CARTESIAN_POINT('',(-6.258821241307,-124.8611013961));
#542 = CARTESIAN_POINT('',(-6.259978677555,-124.7935658859));
#543 = CARTESIAN_POINT('',(-6.261702513428,-124.7302212575));
#544 = CARTESIAN_POINT('',(-6.263959374668,-124.6732585485));
#545 = CARTESIAN_POINT('',(-6.268882500782,-124.586246977));
#546 = CARTESIAN_POINT('',(-6.271382005795,-124.5530244311));
#547 = CARTESIAN_POINT('',(-6.274141567064,-124.5268917287));
#548 = CARTESIAN_POINT('',(-6.277086442648,-124.5090018242));
#549 = CARTESIAN_POINT('',(-6.280130816854,-124.5));
#550 = CARTESIAN_POINT('',(-6.28318530718,-124.5));
#551 = ( GEOMETRIC_REPRESENTATION_CONTEXT(2) 
PARAMETRIC_REPRESENTATION_CONTEXT() REPRESENTATION_CONTEXT('2D SPACE',''
  ) );
#552 = PCURVE('',#415,#553);
#553 = DEFINITIONAL_REPRESENTATION('',(#554),#577);
#554 = B_SPLINE_CURVE_WITH_KNOTS('',6,(#555,#556,#557,#558,#559,#560,
    #561,#562,#563,#564,#565,#566,#567,#568,#569,#570,#571,#572,#573,
    #574,#575,#576),.UNSPECIFIED.,.F.,.F.,(7,5,5,5,7),(0.,0.222375293908
    ,0.500007448912,0.77763353218,1.),.UNSPECIFIED.);
#555 = CARTESIAN_POINT('',(-3.552713678801E-15,20.05));
#556 = CARTESIAN_POINT('',(0.122491055649,20.05));
#557 = CARTESIAN_POINT('',(0.244569375574,20.049775540956));
#558 = CARTESIAN_POINT('',(0.365964695507,20.049329185173));
#559 = CARTESIAN_POINT('',(0.486415418068,20.048708380052));
#560 = CARTESIAN_POINT('',(0.605529892006,20.047997295645));
#561 = CARTESIAN_POINT('',(0.868684489469,20.046369396298));
#562 = CARTESIAN_POINT('',(1.011896646622,20.045443390019));
#563 = CARTESIAN_POINT('',(1.153123058817,20.044631444885));
#564 = CARTESIAN_POINT('',(1.292995888971,20.044052714039));
#565 = CARTESIAN_POINT('',(1.432055003223,20.043764616459));
#566 = CARTESIAN_POINT('',(1.709534616133,20.043764616459));
#567 = CARTESIAN_POINT('',(1.848594159971,20.044052701173));
#568 = CARTESIAN_POINT('',(1.98846907287,20.044631434739));
#569 = CARTESIAN_POINT('',(2.129697676364,20.045443401832));
#570 = CARTESIAN_POINT('',(2.27291046088,20.046369410506));
#571 = CARTESIAN_POINT('',(2.536058836306,20.047997271362));
#572 = CARTESIAN_POINT('',(2.655175215909,20.048708368778));
#573 = CARTESIAN_POINT('',(2.775630122225,20.049329207662));
#574 = CARTESIAN_POINT('',(2.897028896975,20.049775562501));
#575 = CARTESIAN_POINT('',(3.01910759152,20.05));
#576 = CARTESIAN_POINT('',(3.14159265359,20.05));
#577 = ( GEOMETRIC_REPRESENTATION_CONTEXT(2) 
PARAMETRIC_REPRESENTATION_CONTEXT() REPRESENTATION_CONTEXT('2D SPACE',''
  ) );
#578 = FACE_BOUND('',#579,.F.);
#579 = EDGE_LOOP('',(#580));
#580 = ORIENTED_EDGE('',*,*,#581,.T.);
#581 = EDGE_CURVE('',#582,#582,#584,.T.);
#582 = VERTEX_POINT('',#583);
#583 = CARTESIAN_POINT('',(-9.588869606337,17.608409345329,175.));
#584 = SURFACE_CURVE('',#585,(#616,#650),.PCURVE_S1.);
#585 = B_SPLINE_CURVE_WITH_KNOTS('',8,(#586,#587,#588,#589,#590,#591,
    #592,#593,#594,#595,#596,#597,#598,#599,#600,#601,#602,#603,#604,
    #605,#606,#607,#608,#609,#610,#611,#612,#613,#614,#615),
  .UNSPECIFIED.,.T.,.F.,(9,7,7,7,9),(0.,0.250000000002,0.500000000004,
    0.750000000004,1.),.UNSPECIFIED.);
#586 = CARTESIAN_POINT('',(-9.588869606337,17.608409345329,175.));
#587 = CARTESIAN_POINT('',(-9.588869606337,17.608409345329,
    174.90708291061));
#588 = CARTESIAN_POINT('',(-9.606205556541,17.598968940058,
    174.8125573485));
#589 = CARTESIAN_POINT('',(-9.641929760078,17.579514353304,
    174.72158850974));
#590 = CARTESIAN_POINT('',(-9.695491254396,17.5502244858,174.63983720883
    ));
#591 = CARTESIAN_POINT('',(-9.764696938572,17.512001077739,
    174.57274647637));
#592 = CARTESIAN_POINT('',(-9.845888675463,17.466499857949,
    174.52498196154));
#593 = CARTESIAN_POINT('',(-9.934461797413,17.416081601513,174.5));
#594 = CARTESIAN_POINT('',(-10.11553820258,17.311537090243,174.5));
#595 = CARTESIAN_POINT('',(-10.20348825444,17.260039644759,
    174.52498196154));
#596 = CARTESIAN_POINT('',(-10.28348933513,17.212476147928,
    174.57274647637));
#597 = CARTESIAN_POINT('',(-10.35119461962,17.171653971376,
    174.63983720883));
#598 = CARTESIAN_POINT('',(-10.40334113611,17.139913290385,
    174.72158850974));
#599 = CARTESIAN_POINT('',(-10.43805140423,17.118702515969,
    174.8125573485));
#600 = CARTESIAN_POINT('',(-10.45489501012,17.108409345329,
    174.90708291061));
#601 = CARTESIAN_POINT('',(-10.45489501012,17.108409345329,
    175.09291708938));
#602 = CARTESIAN_POINT('',(-10.43805140423,17.118702515968,
    175.18744265149));
#603 = CARTESIAN_POINT('',(-10.40334113611,17.139913290385,
    175.27841149025));
#604 = CARTESIAN_POINT('',(-10.35119461962,17.171653971377,
    175.36016279116));
#605 = CARTESIAN_POINT('',(-10.28348933513,17.212476147929,
    175.42725352362));
#606 = CARTESIAN_POINT('',(-10.20348825445,17.260039644759,
    175.47501803845));
#607 = CARTESIAN_POINT('',(-10.11553820258,17.311537090242,175.5));
#608 = CARTESIAN_POINT('',(-9.934461797414,17.416081601513,175.5));
#609 = CARTESIAN_POINT('',(-9.845888675462,17.466499857949,
    175.47501803845));
#610 = CARTESIAN_POINT('',(-9.764696938573,17.512001077738,
    175.42725352362));
#611 = CARTESIAN_POINT('',(-9.695491254393,17.550224485801,
    175.36016279115));
#612 = CARTESIAN_POINT('',(-9.64192976008,17.579514353303,
    175.27841149025));
#613 = CARTESIAN_POINT('',(-9.606205556541,17.598968940058,
    175.18744265149));
#614 = CARTESIAN_POINT('',(-9.588869606337,17.608409345329,
    175.09291708938));
#615 = CARTESIAN_POINT('',(-9.588869606337,17.608409345329,175.));
#616 = PCURVE('',#318,#617);
#617 = DEFINITIONAL_REPRESENTATION('',(#618),#649);
#618 = B_SPLINE_CURVE_WITH_KNOTS('',8,(#619,#620,#621,#622,#623,#624,
    #625,#626,#627,#628,#629,#630,#631,#632,#633,#634,#635,#636,#637,
    #638,#639,#640,#641,#642,#643,#644,#645,#646,#647,#648),
  .UNSPECIFIED.,.T.,.F.,(9,7,7,7,9),(0.,0.250000000002,0.500000000004,
    0.750000000004,1.),.UNSPECIFIED.);
#619 = CARTESIAN_POINT('',(-2.069454861077,-125.));
#620 = CARTESIAN_POINT('',(-2.069454861077,-124.9070829106));
#621 = CARTESIAN_POINT('',(-2.070439386262,-124.8125573485));
#622 = CARTESIAN_POINT('',(-2.072468210278,-124.7215885097));
#623 = CARTESIAN_POINT('',(-2.075512953081,-124.6398372088));
#624 = CARTESIAN_POINT('',(-2.079455990458,-124.5727464763));
#625 = CARTESIAN_POINT('',(-2.084097834218,-124.5249819615));
#626 = CARTESIAN_POINT('',(-2.089180912305,-124.5));
#627 = CARTESIAN_POINT('',(-2.099609292482,-124.5));
#628 = CARTESIAN_POINT('',(-2.104692370568,-124.5249819615));
#629 = CARTESIAN_POINT('',(-2.109334214328,-124.5727464763));
#630 = CARTESIAN_POINT('',(-2.113277251705,-124.6398372088));
#631 = CARTESIAN_POINT('',(-2.116321994509,-124.7215885097));
#632 = CARTESIAN_POINT('',(-2.118350818524,-124.8125573485));
#633 = CARTESIAN_POINT('',(-2.11933534371,-124.9070829106));
#634 = CARTESIAN_POINT('',(-2.11933534371,-125.0929170893));
#635 = CARTESIAN_POINT('',(-2.118350818524,-125.1874426514));
#636 = CARTESIAN_POINT('',(-2.116321994509,-125.2784114902));
#637 = CARTESIAN_POINT('',(-2.113277251705,-125.3601627911));
#638 = CARTESIAN_POINT('',(-2.109334214328,-125.4272535236));
#639 = CARTESIAN_POINT('',(-2.104692370568,-125.4750180384));
#640 = CARTESIAN_POINT('',(-2.099609292482,-125.5));
#641 = CARTESIAN_POINT('',(-2.089180912305,-125.5));
#642 = CARTESIAN_POINT('',(-2.084097834218,-125.4750180384));
#643 = CARTESIAN_POINT('',(-2.079455990458,-125.4272535236));
#644 = CARTESIAN_POINT('',(-2.075512953081,-125.3601627911));
#645 = CARTESIAN_POINT('',(-2.072468210278,-125.2784114902));
#646 = CARTESIAN_POINT('',(-2.070439386262,-125.1874426514));
#647 = CARTESIAN_POINT('',(-2.069454861077,-125.0929170893));
#648 = CARTESIAN_POINT('',(-2.069454861077,-125.));
#649 = ( GEOMETRIC_REPRESENTATION_CONTEXT(2) 
PARAMETRIC_REPRESENTATION_CONTEXT() REPRESENTATION_CONTEXT('2D SPACE',''
  ) );
#650 = PCURVE('',#651,#656);
#651 = CYLINDRICAL_SURFACE('',#652,0.5);
#652 = AXIS2_PLACEMENT_3D('',#653,#654,#655);
#653 = CARTESIAN_POINT('',(0.,0.,175.));
#654 = DIRECTION('',(-0.5,0.866025403784,0.));
#655 = DIRECTION('',(0.866025403784,0.5,0.));
#656 = DEFINITIONAL_REPRESENTATION('',(#657),#688);
#657 = B_SPLINE_CURVE_WITH_KNOTS('',8,(#658,#659,#660,#661,#662,#663,
    #664,#665,#666,#667,#668,#669,#670,#671,#672,#673,#674,#675,#676,
    #677,#678,#679,#680,#681,#682,#683,#684,#685,#686,#687),
  .UNSPECIFIED.,.F.,.F.,(9,7,7,7,9),(0.,0.250000000002,0.500000000004,
    0.750000000004,1.),.UNSPECIFIED.);
#658 = CARTESIAN_POINT('',(0.,20.043764616459));
#659 = CARTESIAN_POINT('',(0.185834178762,20.043764616459));
#660 = CARTESIAN_POINT('',(0.374885357278,20.044256960774));
#661 = CARTESIAN_POINT('',(0.566601860718,20.045270896194));
#662 = CARTESIAN_POINT('',(0.760866525567,20.04668587402));
#663 = CARTESIAN_POINT('',(0.957822048289,20.048186273708));
#664 = CARTESIAN_POINT('',(1.157875000375,20.049376929912));
#665 = CARTESIAN_POINT('',(1.361707304253,20.05));
#666 = CARTESIAN_POINT('',(1.779885349336,20.05));
#667 = CARTESIAN_POINT('',(1.983717653215,20.049376929912));
#668 = CARTESIAN_POINT('',(2.183770605302,20.048186273708));
#669 = CARTESIAN_POINT('',(2.380726128021,20.04668587402));
#670 = CARTESIAN_POINT('',(2.574990792873,20.045270896194));
#671 = CARTESIAN_POINT('',(2.766707296311,20.044256960774));
#672 = CARTESIAN_POINT('',(2.955758474828,20.043764616459));
#673 = CARTESIAN_POINT('',(3.32742683235,20.043764616459));
#674 = CARTESIAN_POINT('',(3.516478010867,20.044256960774));
#675 = CARTESIAN_POINT('',(3.708194514308,20.045270896194));
#676 = CARTESIAN_POINT('',(3.902459179159,20.04668587402));
#677 = CARTESIAN_POINT('',(4.099414701879,20.048186273708));
#678 = CARTESIAN_POINT('',(4.299467653964,20.049376929912));
#679 = CARTESIAN_POINT('',(4.503299957841,20.05));
#680 = CARTESIAN_POINT('',(4.921478002925,20.05));
#681 = CARTESIAN_POINT('',(5.125310306809,20.049376929912));
#682 = CARTESIAN_POINT('',(5.325363258882,20.048186273708));
#683 = CARTESIAN_POINT('',(5.522318781625,20.04668587402));
#684 = CARTESIAN_POINT('',(5.716583446453,20.045270896194));
#685 = CARTESIAN_POINT('',(5.908299949905,20.044256960774));
#686 = CARTESIAN_POINT('',(6.097351128417,20.043764616459));
#687 = CARTESIAN_POINT('',(6.28318530718,20.043764616459));
#688 = ( GEOMETRIC_REPRESENTATION_CONTEXT(2) 
PARAMETRIC_REPRESENTATION_CONTEXT() REPRESENTATION_CONTEXT('2D SPACE',''
  ) );
#689 = FACE_BOUND('',#690,.F.);
#690 = EDGE_LOOP('',(#691));
#691 = ORIENTED_EDGE('',*,*,#692,.T.);
#692 = EDGE_CURVE('',#693,#693,#695,.T.);
#693 = VERTEX_POINT('',#694);
#694 = CARTESIAN_POINT('',(-10.45489501012,-17.10840934532,175.));
#695 = SURFACE_CURVE('',#696,(#727,#761),.PCURVE_S1.);
#696 = B_SPLINE_CURVE_WITH_KNOTS('',8,(#697,#698,#699,#700,#701,#702,
    #703,#704,#705,#706,#707,#708,#709,#710,#711,#712,#713,#714,#715,
    #716,#717,#718,#719,#720,#721,#722,#723,#724,#725,#726),
  .UNSPECIFIED.,.T.,.F.,(9,7,7,7,9),(0.,0.250000000001,0.500000000002,
    0.750000000004,1.),.UNSPECIFIED.);
#697 = CARTESIAN_POINT('',(-10.45489501012,-17.10840934532,175.));
#698 = CARTESIAN_POINT('',(-10.45489501012,-17.10840934532,
    174.90708291061));
#699 = CARTESIAN_POINT('',(-10.43805140423,-17.11870251596,
    174.8125573485));
#700 = CARTESIAN_POINT('',(-10.40334113611,-17.13991329038,
    174.72158850974));
#701 = CARTESIAN_POINT('',(-10.35119461962,-17.17165397137,
    174.63983720884));
#702 = CARTESIAN_POINT('',(-10.28348933513,-17.21247614792,
    174.57274647637));
#703 = CARTESIAN_POINT('',(-10.20348825444,-17.26003964475,
    174.52498196154));
#704 = CARTESIAN_POINT('',(-10.11553820258,-17.31153709024,174.5));
#705 = CARTESIAN_POINT('',(-9.934461797413,-17.41608160151,174.5));
#706 = CARTESIAN_POINT('',(-9.845888675464,-17.46649985794,
    174.52498196154));
#707 = CARTESIAN_POINT('',(-9.764696938571,-17.51200107773,
    174.57274647637));
#708 = CARTESIAN_POINT('',(-9.695491254395,-17.5502244858,
    174.63983720884));
#709 = CARTESIAN_POINT('',(-9.641929760079,-17.5795143533,
    174.72158850974));
#710 = CARTESIAN_POINT('',(-9.606205556541,-17.59896894005,
    174.8125573485));
#711 = CARTESIAN_POINT('',(-9.588869606337,-17.60840934532,
    174.90708291061));
#712 = CARTESIAN_POINT('',(-9.588869606337,-17.60840934532,
    175.09291708938));
#713 = CARTESIAN_POINT('',(-9.606205556541,-17.59896894005,
    175.18744265149));
#714 = CARTESIAN_POINT('',(-9.641929760079,-17.5795143533,
    175.27841149025));
#715 = CARTESIAN_POINT('',(-9.695491254395,-17.5502244858,
    175.36016279116));
#716 = CARTESIAN_POINT('',(-9.76469693857,-17.51200107774,
    175.42725352362));
#717 = CARTESIAN_POINT('',(-9.845888675464,-17.46649985794,
    175.47501803845));
#718 = CARTESIAN_POINT('',(-9.934461797413,-17.41608160151,175.5));
#719 = CARTESIAN_POINT('',(-10.11553820258,-17.31153709024,175.5));
#720 = CARTESIAN_POINT('',(-10.20348825444,-17.26003964476,
    175.47501803845));
#721 = CARTESIAN_POINT('',(-10.28348933514,-17.21247614792,
    175.42725352362));
#722 = CARTESIAN_POINT('',(-10.35119461962,-17.17165397137,
    175.36016279116));
#723 = CARTESIAN_POINT('',(-10.40334113611,-17.13991329038,
    175.27841149024));
#724 = CARTESIAN_POINT('',(-10.43805140423,-17.11870251596,
    175.18744265149));
#725 = CARTESIAN_POINT('',(-10.45489501012,-17.10840934532,
    175.09291708938));
#726 = CARTESIAN_POINT('',(-10.45489501012,-17.10840934532,175.));
#727 = PCURVE('',#318,#728);
#728 = DEFINITIONAL_REPRESENTATION('',(#729),#760);
#729 = B_SPLINE_CURVE_WITH_KNOTS('',8,(#730,#731,#732,#733,#734,#735,
    #736,#737,#738,#739,#740,#741,#742,#743,#744,#745,#746,#747,#748,
    #749,#750,#751,#752,#753,#754,#755,#756,#757,#758,#759),
  .UNSPECIFIED.,.T.,.F.,(9,7,7,7,9),(0.,0.250000000001,0.500000000002,
    0.750000000004,1.),.UNSPECIFIED.);
#730 = CARTESIAN_POINT('',(-4.16384996347,-125.));
#731 = CARTESIAN_POINT('',(-4.16384996347,-124.9070829106));
#732 = CARTESIAN_POINT('',(-4.164834488655,-124.8125573485));
#733 = CARTESIAN_POINT('',(-4.166863312671,-124.7215885097));
#734 = CARTESIAN_POINT('',(-4.169908055474,-124.6398372088));
#735 = CARTESIAN_POINT('',(-4.173851092851,-124.5727464763));
#736 = CARTESIAN_POINT('',(-4.178492936612,-124.5249819615));
#737 = CARTESIAN_POINT('',(-4.183576014698,-124.5));
#738 = CARTESIAN_POINT('',(-4.194004394875,-124.5));
#739 = CARTESIAN_POINT('',(-4.199087472961,-124.5249819615));
#740 = CARTESIAN_POINT('',(-4.203729316722,-124.5727464763));
#741 = CARTESIAN_POINT('',(-4.207672354099,-124.6398372088));
#742 = CARTESIAN_POINT('',(-4.210717096902,-124.7215885097));
#743 = CARTESIAN_POINT('',(-4.212745920917,-124.8125573485));
#744 = CARTESIAN_POINT('',(-4.213730446103,-124.9070829106));
#745 = CARTESIAN_POINT('',(-4.213730446103,-125.0929170893));
#746 = CARTESIAN_POINT('',(-4.212745920917,-125.1874426514));
#747 = CARTESIAN_POINT('',(-4.210717096902,-125.2784114902));
#748 = CARTESIAN_POINT('',(-4.207672354099,-125.3601627911));
#749 = CARTESIAN_POINT('',(-4.203729316722,-125.4272535236));
#750 = CARTESIAN_POINT('',(-4.199087472961,-125.4750180384));
#751 = CARTESIAN_POINT('',(-4.194004394875,-125.5));
#752 = CARTESIAN_POINT('',(-4.183576014698,-125.5));
#753 = CARTESIAN_POINT('',(-4.178492936612,-125.4750180384));
#754 = CARTESIAN_POINT('',(-4.173851092851,-125.4272535236));
#755 = CARTESIAN_POINT('',(-4.169908055474,-125.3601627911));
#756 = CARTESIAN_POINT('',(-4.166863312671,-125.2784114902));
#757 = CARTESIAN_POINT('',(-4.164834488655,-125.1874426514));
#758 = CARTESIAN_POINT('',(-4.16384996347,-125.0929170893));
#759 = CARTESIAN_POINT('',(-4.16384996347,-125.));
#760 = ( GEOMETRIC_REPRESENTATION_CONTEXT(2) 
PARAMETRIC_REPRESENTATION_CONTEXT() REPRESENTATION_CONTEXT('2D SPACE',''
  ) );
#761 = PCURVE('',#762,#767);
#762 = CYLINDRICAL_SURFACE('',#763,0.5);
#763 = AXIS2_PLACEMENT_3D('',#764,#765,#766);
#764 = CARTESIAN_POINT('',(0.,0.,175.));
#765 = DIRECTION('',(-0.5,-0.866025403784,0.));
#766 = DIRECTION('',(-0.866025403784,0.5,0.));
#767 = DEFINITIONAL_REPRESENTATION('',(#768),#799);
#768 = B_SPLINE_CURVE_WITH_KNOTS('',8,(#769,#770,#771,#772,#773,#774,
    #775,#776,#777,#778,#779,#780,#781,#782,#783,#784,#785,#786,#787,
    #788,#789,#790,#791,#792,#793,#794,#795,#796,#797,#798),
  .UNSPECIFIED.,.F.,.F.,(9,7,7,7,9),(0.,0.250000000001,0.500000000002,
    0.750000000004,1.),.UNSPECIFIED.);
#769 = CARTESIAN_POINT('',(0.,20.043764616459));
#770 = CARTESIAN_POINT('',(0.185834178761,20.043764616459));
#771 = CARTESIAN_POINT('',(0.374885357278,20.044256960774));
#772 = CARTESIAN_POINT('',(0.566601860719,20.045270896194));
#773 = CARTESIAN_POINT('',(0.760866525566,20.04668587402));
#774 = CARTESIAN_POINT('',(0.957822048289,20.048186273708));
#775 = CARTESIAN_POINT('',(1.157875000375,20.049376929912));
#776 = CARTESIAN_POINT('',(1.361707304253,20.05));
#777 = CARTESIAN_POINT('',(1.779885349338,20.05));
#778 = CARTESIAN_POINT('',(1.983717653215,20.049376929912));
#779 = CARTESIAN_POINT('',(2.1837706053,20.048186273708));
#780 = CARTESIAN_POINT('',(2.380726128025,20.04668587402));
#781 = CARTESIAN_POINT('',(2.574990792869,20.045270896194));
#782 = CARTESIAN_POINT('',(2.766707296313,20.044256960774));
#783 = CARTESIAN_POINT('',(2.955758474829,20.043764616459));
#784 = CARTESIAN_POINT('',(3.327426832351,20.043764616459));
#785 = CARTESIAN_POINT('',(3.516478010868,20.044256960774));
#786 = CARTESIAN_POINT('',(3.708194514308,20.045270896194));
#787 = CARTESIAN_POINT('',(3.902459179157,20.04668587402));
#788 = CARTESIAN_POINT('',(4.099414701877,20.048186273708));
#789 = CARTESIAN_POINT('',(4.299467653967,20.049376929912));
#790 = CARTESIAN_POINT('',(4.503299957843,20.05));
#791 = CARTESIAN_POINT('',(4.921478002921,20.05));
#792 = CARTESIAN_POINT('',(5.1253103068,20.049376929913));
#793 = CARTESIAN_POINT('',(5.3253632589,20.048186273708));
#794 = CARTESIAN_POINT('',(5.52231878161,20.04668587402));
#795 = CARTESIAN_POINT('',(5.71658344647,20.045270896194));
#796 = CARTESIAN_POINT('',(5.908299949897,20.044256960774));
#797 = CARTESIAN_POINT('',(6.097351128414,20.043764616459));
#798 = CARTESIAN_POINT('',(6.28318530718,20.043764616459));
#799 = ( GEOMETRIC_REPRESENTATION_CONTEXT(2) 
PARAMETRIC_REPRESENTATION_CONTEXT() REPRESENTATION_CONTEXT('2D SPACE',''
  ) );
#800 = ADVANCED_FACE('',(#801),#415,.F.);
#801 = FACE_BOUND('',#802,.F.);
#802 = EDGE_LOOP('',(#803,#804,#827,#912,#990,#991));
#803 = ORIENTED_EDGE('',*,*,#501,.F.);
#804 = ORIENTED_EDGE('',*,*,#805,.F.);
#805 = EDGE_CURVE('',#806,#362,#808,.T.);
#806 = VERTEX_POINT('',#807);
#807 = CARTESIAN_POINT('',(18.85,4.681407205464E-16,175.5));
#808 = SEAM_CURVE('',#809,(#813,#820),.PCURVE_S1.);
#809 = LINE('',#810,#811);
#810 = CARTESIAN_POINT('',(0.,1.224646799147E-16,175.5));
#811 = VECTOR('',#812,1.);
#812 = DIRECTION('',(1.,0.,0.));
#813 = PCURVE('',#415,#814);
#814 = DEFINITIONAL_REPRESENTATION('',(#815),#819);
#815 = LINE('',#816,#817);
#816 = CARTESIAN_POINT('',(6.28318530718,-0.));
#817 = VECTOR('',#818,1.);
#818 = DIRECTION('',(0.,1.));
#819 = ( GEOMETRIC_REPRESENTATION_CONTEXT(2) 
PARAMETRIC_REPRESENTATION_CONTEXT() REPRESENTATION_CONTEXT('2D SPACE',''
  ) );
#820 = PCURVE('',#415,#821);
#821 = DEFINITIONAL_REPRESENTATION('',(#822),#826);
#822 = LINE('',#823,#824);
#823 = CARTESIAN_POINT('',(0.,-0.));
#824 = VECTOR('',#825,1.);
#825 = DIRECTION('',(0.,1.));
#826 = ( GEOMETRIC_REPRESENTATION_CONTEXT(2) 
PARAMETRIC_REPRESENTATION_CONTEXT() REPRESENTATION_CONTEXT('2D SPACE',''
  ) );
#827 = ORIENTED_EDGE('',*,*,#828,.T.);
#828 = EDGE_CURVE('',#806,#829,#831,.T.);
#829 = VERTEX_POINT('',#830);
#830 = CARTESIAN_POINT('',(18.85,8.13816761178E-16,174.5));
#831 = SURFACE_CURVE('',#832,(#855,#881),.PCURVE_S1.);
#832 = B_SPLINE_CURVE_WITH_KNOTS('',6,(#833,#834,#835,#836,#837,#838,
    #839,#840,#841,#842,#843,#844,#845,#846,#847,#848,#849,#850,#851,
    #852,#853,#854),.UNSPECIFIED.,.F.,.F.,(7,5,5,5,7),(0.,0.222377996255
    ,0.500007443304,0.777630824714,1.),.UNSPECIFIED.);
#833 = CARTESIAN_POINT('',(18.85,-7.771561172376E-16,175.5));
#834 = CARTESIAN_POINT('',(18.85,-6.124527372029E-02,175.5));
#835 = CARTESIAN_POINT('',(18.849761253704,-0.122284545175,
    175.49099736982));
#836 = CARTESIAN_POINT('',(18.849286486848,-0.181326157791,
    175.47310759789));
#837 = CARTESIAN_POINT('',(18.848626160455,-0.236650367109,
    175.44697616528));
#838 = CARTESIAN_POINT('',(18.847869796662,-0.286760418035,
    175.41375463663));
#839 = CARTESIAN_POINT('',(18.846138240455,-0.385457611151,
    175.32674135616));
#840 = CARTESIAN_POINT('',(18.845153266082,-0.430698004488,
    175.26977907034));
#841 = CARTESIAN_POINT('',(18.844289596736,-0.465250938475,
    175.20643552786));
#842 = CARTESIAN_POINT('',(18.843673989174,-0.488450565354,
    175.13890100321));
#843 = CARTESIAN_POINT('',(18.843367533432,-0.5,175.06937126074));
#844 = CARTESIAN_POINT('',(18.843367533432,-0.5,174.93063025487));
#845 = CARTESIAN_POINT('',(18.843673975501,-0.488451070538,
    174.86110030227));
#846 = CARTESIAN_POINT('',(18.844289585949,-0.465251378203,
    174.79356456586));
#847 = CARTESIAN_POINT('',(18.845153278639,-0.430697648062,
    174.73022007508));
#848 = CARTESIAN_POINT('',(18.846138255564,-0.385456749979,
    174.6732578846));
#849 = CARTESIAN_POINT('',(18.847869770838,-0.286761889985,
    174.58624666106));
#850 = CARTESIAN_POINT('',(18.848626148464,-0.236651488125,
    174.55302408215));
#851 = CARTESIAN_POINT('',(18.849286510765,-0.181325324839,
    174.5268915092));
#852 = CARTESIAN_POINT('',(18.849761276622,-0.122281731111,
    174.50900174953));
#853 = CARTESIAN_POINT('',(18.85,-6.124227694691E-02,174.5));
#854 = CARTESIAN_POINT('',(18.85,-3.330669073875E-16,174.5));
#855 = PCURVE('',#415,#856);
#856 = DEFINITIONAL_REPRESENTATION('',(#857),#880);
#857 = B_SPLINE_CURVE_WITH_KNOTS('',6,(#858,#859,#860,#861,#862,#863,
    #864,#865,#866,#867,#868,#869,#870,#871,#872,#873,#874,#875,#876,
    #877,#878,#879),.UNSPECIFIED.,.F.,.F.,(7,5,5,5,7),(0.,0.222377996255
    ,0.500007443304,0.777630824714,1.),.UNSPECIFIED.);
#858 = CARTESIAN_POINT('',(-4.440892098501E-15,18.85));
#859 = CARTESIAN_POINT('',(0.122490547441,18.85));
#860 = CARTESIAN_POINT('',(0.244568373348,18.849761253704));
#861 = CARTESIAN_POINT('',(0.365963365885,18.849286486848));
#862 = CARTESIAN_POINT('',(0.486414058321,18.848626160455));
#863 = CARTESIAN_POINT('',(0.60552893705,18.847869796662));
#864 = CARTESIAN_POINT('',(0.868682480872,18.846138240455));
#865 = CARTESIAN_POINT('',(1.011893865645,18.845153266082));
#866 = CARTESIAN_POINT('',(1.153120288433,18.844289596736));
#867 = CARTESIAN_POINT('',(1.29299370465,18.843673989174));
#868 = CARTESIAN_POINT('',(1.432053805304,18.843367533432));
#869 = CARTESIAN_POINT('',(1.709535817044,18.843367533432));
#870 = CARTESIAN_POINT('',(1.848596346277,18.843673975501));
#871 = CARTESIAN_POINT('',(1.988471843251,18.844289585949));
#872 = CARTESIAN_POINT('',(2.12970045612,18.845153278639));
#873 = CARTESIAN_POINT('',(2.272912468837,18.846138255564));
#874 = CARTESIAN_POINT('',(2.536059791921,18.847869770838));
#875 = CARTESIAN_POINT('',(2.655176575715,18.848626148464));
#876 = CARTESIAN_POINT('',(2.775631451498,18.849286510765));
#877 = CARTESIAN_POINT('',(2.897029898936,18.849761276622));
#878 = CARTESIAN_POINT('',(3.019108099696,18.85));
#879 = CARTESIAN_POINT('',(3.14159265359,18.85));
#880 = ( GEOMETRIC_REPRESENTATION_CONTEXT(2) 
PARAMETRIC_REPRESENTATION_CONTEXT() REPRESENTATION_CONTEXT('2D SPACE',''
  ) );
#881 = PCURVE('',#882,#887);
#882 = CYLINDRICAL_SURFACE('',#883,18.85);
#883 = AXIS2_PLACEMENT_3D('',#884,#885,#886);
#884 = CARTESIAN_POINT('',(9.508167454068E-14,8.13816761178E-16,50.));
#885 = DIRECTION('',(-0.,-0.,-1.));
#886 = DIRECTION('',(1.,0.,0.));
#887 = DEFINITIONAL_REPRESENTATION('',(#888),#911);
#888 = B_SPLINE_CURVE_WITH_KNOTS('',6,(#889,#890,#891,#892,#893,#894,
    #895,#896,#897,#898,#899,#900,#901,#902,#903,#904,#905,#906,#907,
    #908,#909,#910),.UNSPECIFIED.,.F.,.F.,(7,5,5,5,7),(0.,0.222377996255
    ,0.500007443304,0.777630824714,1.),.UNSPECIFIED.);
#889 = CARTESIAN_POINT('',(-6.28318530718,-125.5));
#890 = CARTESIAN_POINT('',(-6.279936221041,-125.5));
#891 = CARTESIAN_POINT('',(-6.276698063288,-125.4909973698));
#892 = CARTESIAN_POINT('',(-6.27356582114,-125.4731075978));
#893 = CARTESIAN_POINT('',(-6.270630664625,-125.4469761652));
#894 = CARTESIAN_POINT('',(-6.267972011546,-125.4137546366));
#895 = CARTESIAN_POINT('',(-6.262735280444,-125.3267413561));
#896 = CARTESIAN_POINT('',(-6.260334712568,-125.2697790703));
#897 = CARTESIAN_POINT('',(-6.258501098145,-125.2064355278));
#898 = CARTESIAN_POINT('',(-6.257269914294,-125.1389010032));
#899 = CARTESIAN_POINT('',(-6.256656996795,-125.0693712607));
#900 = CARTESIAN_POINT('',(-6.256656996795,-124.9306302548));
#901 = CARTESIAN_POINT('',(-6.257269887482,-124.8611003022));
#902 = CARTESIAN_POINT('',(-6.258501074814,-124.7935645658));
#903 = CARTESIAN_POINT('',(-6.260334731485,-124.730220075));
#904 = CARTESIAN_POINT('',(-6.262735326137,-124.6732578846));
#905 = CARTESIAN_POINT('',(-6.267971933446,-124.586246661));
#906 = CARTESIAN_POINT('',(-6.270630605154,-124.5530240821));
#907 = CARTESIAN_POINT('',(-6.273565865337,-124.5268915092));
#908 = CARTESIAN_POINT('',(-6.276698212577,-124.5090017495));
#909 = CARTESIAN_POINT('',(-6.279936380021,-124.5));
#910 = CARTESIAN_POINT('',(-6.28318530718,-124.5));
#911 = ( GEOMETRIC_REPRESENTATION_CONTEXT(2) 
PARAMETRIC_REPRESENTATION_CONTEXT() REPRESENTATION_CONTEXT('2D SPACE',''
  ) );
#912 = ORIENTED_EDGE('',*,*,#913,.T.);
#913 = EDGE_CURVE('',#829,#806,#914,.T.);
#914 = SURFACE_CURVE('',#915,(#938,#964),.PCURVE_S1.);
#915 = B_SPLINE_CURVE_WITH_KNOTS('',6,(#916,#917,#918,#919,#920,#921,
    #922,#923,#924,#925,#926,#927,#928,#929,#930,#931,#932,#933,#934,
    #935,#936,#937),.UNSPECIFIED.,.F.,.F.,(7,5,5,5,7),(0.,0.222378287119
    ,0.500003734612,0.777629182663,1.),.UNSPECIFIED.);
#916 = CARTESIAN_POINT('',(18.85,1.930604445086E-15,174.5));
#917 = CARTESIAN_POINT('',(18.85,6.124527372031E-02,174.5));
#918 = CARTESIAN_POINT('',(18.849761253704,0.122284545175,
    174.50900263017));
#919 = CARTESIAN_POINT('',(18.849286486848,0.181326157791,174.5268924021
    ));
#920 = CARTESIAN_POINT('',(18.848626160455,0.236650367109,
    174.55302383471));
#921 = CARTESIAN_POINT('',(18.847869796662,0.286760418035,
    174.58624536336));
#922 = CARTESIAN_POINT('',(18.846138255564,0.385456749995,
    174.67325788462));
#923 = CARTESIAN_POINT('',(18.845153278639,0.430697648053,
    174.73022007509));
#924 = CARTESIAN_POINT('',(18.844289585949,0.465251378192,
    174.79356456584));
#925 = CARTESIAN_POINT('',(18.843673975501,0.488451070545,
    174.86110030226));
#926 = CARTESIAN_POINT('',(18.843367533432,0.5,174.93063025489));
#927 = CARTESIAN_POINT('',(18.843367533432,0.5,175.06936974524));
#928 = CARTESIAN_POINT('',(18.843673975502,0.488451070499,
    175.13889969768));
#929 = CARTESIAN_POINT('',(18.844289585947,0.465251378257,
    175.20643543402));
#930 = CARTESIAN_POINT('',(18.845153278639,0.430697648107,
    175.26977992492));
#931 = CARTESIAN_POINT('',(18.846138255565,0.385456749898,
    175.32674211546));
#932 = CARTESIAN_POINT('',(18.847869770791,0.28676189267,175.41375333656
    ));
#933 = CARTESIAN_POINT('',(18.84862615164,0.236651307612,175.44697607515
    ));
#934 = CARTESIAN_POINT('',(18.849286516256,0.181324917291,
    175.47310869327));
#935 = CARTESIAN_POINT('',(18.849761280626,0.122281131583,175.4909984127
    ));
#936 = CARTESIAN_POINT('',(18.85,6.124173728297E-02,175.5));
#937 = CARTESIAN_POINT('',(18.85,1.578363745172E-15,175.5));
#938 = PCURVE('',#415,#939);
#939 = DEFINITIONAL_REPRESENTATION('',(#940),#963);
#940 = B_SPLINE_CURVE_WITH_KNOTS('',6,(#941,#942,#943,#944,#945,#946,
    #947,#948,#949,#950,#951,#952,#953,#954,#955,#956,#957,#958,#959,
    #960,#961,#962),.UNSPECIFIED.,.F.,.F.,(7,5,5,5,7),(0.,0.222378287119
    ,0.500003734612,0.777629182663,1.),.UNSPECIFIED.);
#941 = CARTESIAN_POINT('',(3.14159265359,18.85));
#942 = CARTESIAN_POINT('',(3.26408320103,18.85));
#943 = CARTESIAN_POINT('',(3.386161026937,18.849761253704));
#944 = CARTESIAN_POINT('',(3.507556019474,18.849286486848));
#945 = CARTESIAN_POINT('',(3.628006711911,18.848626160455));
#946 = CARTESIAN_POINT('',(3.74712159064,18.847869796662));
#947 = CARTESIAN_POINT('',(4.010272838386,18.846138255564));
#948 = CARTESIAN_POINT('',(4.153484851049,18.845153278639));
#949 = CARTESIAN_POINT('',(4.294713463887,18.844289585949));
#950 = CARTESIAN_POINT('',(4.434588960886,18.843673975501));
#951 = CARTESIAN_POINT('',(4.573649490182,18.843367533432));
#952 = CARTESIAN_POINT('',(4.851128470866,18.843367533432));
#953 = CARTESIAN_POINT('',(4.990188999781,18.843673975502));
#954 = CARTESIAN_POINT('',(5.130064496636,18.844289585947));
#955 = CARTESIAN_POINT('',(5.271293109655,18.845153278639));
#956 = CARTESIAN_POINT('',(5.414505122643,18.846138255565));
#957 = CARTESIAN_POINT('',(5.677652438351,18.847869770791));
#958 = CARTESIAN_POINT('',(5.796769708113,18.84862615164));
#959 = CARTESIAN_POINT('',(5.917224991663,18.849286516256));
#960 = CARTESIAN_POINT('',(6.038623754713,18.849761280626));
#961 = CARTESIAN_POINT('',(6.160701832614,18.85));
#962 = CARTESIAN_POINT('',(6.28318530718,18.85));
#963 = ( GEOMETRIC_REPRESENTATION_CONTEXT(2) 
PARAMETRIC_REPRESENTATION_CONTEXT() REPRESENTATION_CONTEXT('2D SPACE',''
  ) );
#964 = PCURVE('',#882,#965);
#965 = DEFINITIONAL_REPRESENTATION('',(#966),#989);
#966 = B_SPLINE_CURVE_WITH_KNOTS('',6,(#967,#968,#969,#970,#971,#972,
    #973,#974,#975,#976,#977,#978,#979,#980,#981,#982,#983,#984,#985,
    #986,#987,#988),.UNSPECIFIED.,.F.,.F.,(7,5,5,5,7),(0.,0.222378287119
    ,0.500003734612,0.777629182663,1.),.UNSPECIFIED.);
#967 = CARTESIAN_POINT('',(0.,-124.5));
#968 = CARTESIAN_POINT('',(-3.249086139008E-03,-124.5));
#969 = CARTESIAN_POINT('',(-6.48724389109E-03,-124.5090026301));
#970 = CARTESIAN_POINT('',(-9.61948603986E-03,-124.5268924021));
#971 = CARTESIAN_POINT('',(-1.255464255444E-02,-124.5530238347));
#972 = CARTESIAN_POINT('',(-1.521329563367E-02,-124.5862453633));
#973 = CARTESIAN_POINT('',(-2.044998104384E-02,-124.6732578846));
#974 = CARTESIAN_POINT('',(-2.285057569456E-02,-124.730220075));
#975 = CARTESIAN_POINT('',(-2.468423236461E-02,-124.7935645658));
#976 = CARTESIAN_POINT('',(-2.59154196981E-02,-124.8611003022));
#977 = CARTESIAN_POINT('',(-2.652831038478E-02,-124.9306302548));
#978 = CARTESIAN_POINT('',(-2.652831038478E-02,-125.0693697452));
#979 = CARTESIAN_POINT('',(-2.591541969565E-02,-125.1388996976));
#980 = CARTESIAN_POINT('',(-2.468423236811E-02,-125.206435434));
#981 = CARTESIAN_POINT('',(-2.285057569747E-02,-125.2697799249));
#982 = CARTESIAN_POINT('',(-2.044998103866E-02,-125.3267421154));
#983 = CARTESIAN_POINT('',(-1.52133738757E-02,-125.4137533365));
#984 = CARTESIAN_POINT('',(-1.255469244787E-02,-125.4469760751));
#985 = CARTESIAN_POINT('',(-9.619420219351E-03,-125.4731086932));
#986 = CARTESIAN_POINT('',(-6.487062798147E-03,-125.4909984127));
#987 = CARTESIAN_POINT('',(-3.248898529601E-03,-125.5));
#988 = CARTESIAN_POINT('',(0.,-125.5));
#989 = ( GEOMETRIC_REPRESENTATION_CONTEXT(2) 
PARAMETRIC_REPRESENTATION_CONTEXT() REPRESENTATION_CONTEXT('2D SPACE',''
  ) );
#990 = ORIENTED_EDGE('',*,*,#805,.T.);
#991 = ORIENTED_EDGE('',*,*,#361,.F.);
#992 = ADVANCED_FACE('',(#993,#996),#484,.T.);
#993 = FACE_BOUND('',#994,.T.);
#994 = EDGE_LOOP('',(#995));
#995 = ORIENTED_EDGE('',*,*,#469,.F.);
#996 = FACE_BOUND('',#997,.T.);
#997 = EDGE_LOOP('',(#998));
#998 = ORIENTED_EDGE('',*,*,#999,.F.);
#999 = EDGE_CURVE('',#1000,#1000,#1002,.T.);
#1000 = VERTEX_POINT('',#1001);
#1001 = CARTESIAN_POINT('',(19.55,1.901497333744E-16,181.35));
#1002 = SURFACE_CURVE('',#1003,(#1008,#1015),.PCURVE_S1.);
#1003 = CIRCLE('',#1004,19.55);
#1004 = AXIS2_PLACEMENT_3D('',#1005,#1006,#1007);
#1005 = CARTESIAN_POINT('',(9.600789232062E-14,1.901497333744E-16,181.35
    ));
#1006 = DIRECTION('',(0.,0.,1.));
#1007 = DIRECTION('',(1.,0.,0.));
#1008 = PCURVE('',#484,#1009);
#1009 = DEFINITIONAL_REPRESENTATION('',(#1010),#1014);
#1010 = CIRCLE('',#1011,19.55);
#1011 = AXIS2_PLACEMENT_2D('',#1012,#1013);
#1012 = CARTESIAN_POINT('',(9.709370086259E-14,-1.158912917132E-15));
#1013 = DIRECTION('',(1.,0.));
#1014 = ( GEOMETRIC_REPRESENTATION_CONTEXT(2) 
PARAMETRIC_REPRESENTATION_CONTEXT() REPRESENTATION_CONTEXT('2D SPACE',''
  ) );
#1015 = PCURVE('',#1016,#1021);
#1016 = CYLINDRICAL_SURFACE('',#1017,19.55);
#1017 = AXIS2_PLACEMENT_3D('',#1018,#1019,#1020);
#1018 = CARTESIAN_POINT('',(9.600789232062E-14,1.901497333744E-16,181.35
    ));
#1019 = DIRECTION('',(-0.,-0.,-1.));
#1020 = DIRECTION('',(1.,0.,0.));
#1021 = DEFINITIONAL_REPRESENTATION('',(#1022),#1026);
#1022 = LINE('',#1023,#1024);
#1023 = CARTESIAN_POINT('',(-0.,0.));
#1024 = VECTOR('',#1025,1.);
#1025 = DIRECTION('',(-1.,0.));
#1026 = ( GEOMETRIC_REPRESENTATION_CONTEXT(2) 
PARAMETRIC_REPRESENTATION_CONTEXT() REPRESENTATION_CONTEXT('2D SPACE',''
  ) );
#1027 = ADVANCED_FACE('',(#1028),#651,.F.);
#1028 = FACE_BOUND('',#1029,.F.);
#1029 = EDGE_LOOP('',(#1030,#1031,#1054,#1156));
#1030 = ORIENTED_EDGE('',*,*,#581,.F.);
#1031 = ORIENTED_EDGE('',*,*,#1032,.F.);
#1032 = EDGE_CURVE('',#1033,#582,#1035,.T.);
#1033 = VERTEX_POINT('',#1034);
#1034 = CARTESIAN_POINT('',(-8.988671064824,16.568834976799,175.));
#1035 = SEAM_CURVE('',#1036,(#1040,#1047),.PCURVE_S1.);
#1036 = LINE('',#1037,#1038);
#1037 = CARTESIAN_POINT('',(0.433012701892,0.25,175.));
#1038 = VECTOR('',#1039,1.);
#1039 = DIRECTION('',(-0.5,0.866025403784,-1.653603450844E-33));
#1040 = PCURVE('',#651,#1041);
#1041 = DEFINITIONAL_REPRESENTATION('',(#1042),#1046);
#1042 = LINE('',#1043,#1044);
#1043 = CARTESIAN_POINT('',(6.28318530718,-0.));
#1044 = VECTOR('',#1045,1.);
#1045 = DIRECTION('',(0.,1.));
#1046 = ( GEOMETRIC_REPRESENTATION_CONTEXT(2) 
PARAMETRIC_REPRESENTATION_CONTEXT() REPRESENTATION_CONTEXT('2D SPACE',''
  ) );
#1047 = PCURVE('',#651,#1048);
#1048 = DEFINITIONAL_REPRESENTATION('',(#1049),#1053);
#1049 = LINE('',#1050,#1051);
#1050 = CARTESIAN_POINT('',(0.,-0.));
#1051 = VECTOR('',#1052,1.);
#1052 = DIRECTION('',(0.,1.));
#1053 = ( GEOMETRIC_REPRESENTATION_CONTEXT(2) 
PARAMETRIC_REPRESENTATION_CONTEXT() REPRESENTATION_CONTEXT('2D SPACE',''
  ) );
#1054 = ORIENTED_EDGE('',*,*,#1055,.T.);
#1055 = EDGE_CURVE('',#1033,#1033,#1056,.T.);
#1056 = SURFACE_CURVE('',#1057,(#1088,#1122),.PCURVE_S1.);
#1057 = B_SPLINE_CURVE_WITH_KNOTS('',8,(#1058,#1059,#1060,#1061,#1062,
    #1063,#1064,#1065,#1066,#1067,#1068,#1069,#1070,#1071,#1072,#1073,
    #1074,#1075,#1076,#1077,#1078,#1079,#1080,#1081,#1082,#1083,#1084,
    #1085,#1086,#1087),.UNSPECIFIED.,.T.,.F.,(9,7,7,7,9),(0.,
    0.249999999999,0.499999999999,0.749999999999,1.),.UNSPECIFIED.);
#1058 = CARTESIAN_POINT('',(-8.988671064824,16.568834976799,175.));
#1059 = CARTESIAN_POINT('',(-8.988671064824,16.568834976799,
    174.90708513108));
#1060 = CARTESIAN_POINT('',(-9.006021862845,16.559422188088,
    174.81255521395));
#1061 = CARTESIAN_POINT('',(-9.041781003455,16.540022096556,
    174.72158171986));
#1062 = CARTESIAN_POINT('',(-9.095391237255,16.510808333823,
    174.63983029554));
#1063 = CARTESIAN_POINT('',(-9.164645574693,16.472667009402,
    174.57274387364));
#1064 = CARTESIAN_POINT('',(-9.245870613541,16.427233950466,
    174.52498354727));
#1065 = CARTESIAN_POINT('',(-9.334458929682,16.376852772658,174.5));
#1066 = CARTESIAN_POINT('',(-9.515541070318,16.272304950016,174.5));
#1067 = CARTESIAN_POINT('',(-9.603466608244,16.220775806663,
    174.52498354727));
#1068 = CARTESIAN_POINT('',(-9.683425310877,16.173149389067,
    174.57274387364));
#1069 = CARTESIAN_POINT('',(-9.75108383548,16.132244035732,
    174.63983029554));
#1070 = CARTESIAN_POINT('',(-9.803188813045,16.100423092726,
    174.72158171986));
#1071 = CARTESIAN_POINT('',(-9.837869355454,16.079154814306,
    174.81255521395));
#1072 = CARTESIAN_POINT('',(-9.854696468608,16.068834976799,
    174.90708513108));
#1073 = CARTESIAN_POINT('',(-9.854696468608,16.068834976799,
    175.09291486891));
#1074 = CARTESIAN_POINT('',(-9.837869355453,16.079154814306,
    175.18744478605));
#1075 = CARTESIAN_POINT('',(-9.803188813046,16.100423092725,
    175.27841828013));
#1076 = CARTESIAN_POINT('',(-9.751083835479,16.132244035733,
    175.36016970445));
#1077 = CARTESIAN_POINT('',(-9.683425310877,16.173149389066,
    175.42725612635));
#1078 = CARTESIAN_POINT('',(-9.603466608244,16.220775806663,
    175.47501645272));
#1079 = CARTESIAN_POINT('',(-9.515541070318,16.272304950016,175.5));
#1080 = CARTESIAN_POINT('',(-9.334458929681,16.376852772658,175.5));
#1081 = CARTESIAN_POINT('',(-9.245870613541,16.427233950466,
    175.47501645272));
#1082 = CARTESIAN_POINT('',(-9.164645574693,16.472667009403,
    175.42725612635));
#1083 = CARTESIAN_POINT('',(-9.095391237255,16.510808333823,
    175.36016970445));
#1084 = CARTESIAN_POINT('',(-9.041781003455,16.540022096556,
    175.27841828013));
#1085 = CARTESIAN_POINT('',(-9.006021862845,16.559422188088,
    175.18744478605));
#1086 = CARTESIAN_POINT('',(-8.988671064824,16.568834976799,
    175.09291486891));
#1087 = CARTESIAN_POINT('',(-8.988671064824,16.568834976799,175.));
#1088 = PCURVE('',#651,#1089);
#1089 = DEFINITIONAL_REPRESENTATION('',(#1090),#1121);
#1090 = B_SPLINE_CURVE_WITH_KNOTS('',8,(#1091,#1092,#1093,#1094,#1095,
    #1096,#1097,#1098,#1099,#1100,#1101,#1102,#1103,#1104,#1105,#1106,
    #1107,#1108,#1109,#1110,#1111,#1112,#1113,#1114,#1115,#1116,#1117,
    #1118,#1119,#1120),.UNSPECIFIED.,.F.,.F.,(9,7,7,7,9),(0.,
    0.249999999999,0.499999999999,0.749999999999,1.),.UNSPECIFIED.);
#1091 = CARTESIAN_POINT('',(0.,18.843367533432));
#1092 = CARTESIAN_POINT('',(0.185829737834,18.843367533432));
#1093 = CARTESIAN_POINT('',(0.374889623578,18.843891218298));
#1094 = CARTESIAN_POINT('',(0.566614752639,18.844969816501));
#1095 = CARTESIAN_POINT('',(0.760883258594,18.846475072734));
#1096 = CARTESIAN_POINT('',(0.95783544388,18.848070885571));
#1097 = CARTESIAN_POINT('',(1.157879120596,18.849337221784));
#1098 = CARTESIAN_POINT('',(1.361700681511,18.85));
#1099 = CARTESIAN_POINT('',(1.779891972079,18.85));
#1100 = CARTESIAN_POINT('',(1.983713532996,18.849337221784));
#1101 = CARTESIAN_POINT('',(2.183757209707,18.848070885571));
#1102 = CARTESIAN_POINT('',(2.380709395,18.846475072734));
#1103 = CARTESIAN_POINT('',(2.574977900948,18.844969816501));
#1104 = CARTESIAN_POINT('',(2.766703030013,18.843891218298));
#1105 = CARTESIAN_POINT('',(2.955762915756,18.843367533432));
#1106 = CARTESIAN_POINT('',(3.327422391424,18.843367533432));
#1107 = CARTESIAN_POINT('',(3.516482277168,18.843891218298));
#1108 = CARTESIAN_POINT('',(3.708207406225,18.844969816501));
#1109 = CARTESIAN_POINT('',(3.902475912187,18.846475072734));
#1110 = CARTESIAN_POINT('',(4.099428097468,18.848070885571));
#1111 = CARTESIAN_POINT('',(4.299471774185,18.849337221784));
#1112 = CARTESIAN_POINT('',(4.503293335101,18.85));
#1113 = CARTESIAN_POINT('',(4.921484625669,18.85));
#1114 = CARTESIAN_POINT('',(5.125306186582,18.849337221784));
#1115 = CARTESIAN_POINT('',(5.325349863303,18.848070885571));
#1116 = CARTESIAN_POINT('',(5.522302048583,18.846475072734));
#1117 = CARTESIAN_POINT('',(5.716570554543,18.844969816501));
#1118 = CARTESIAN_POINT('',(5.908295683601,18.843891218298));
#1119 = CARTESIAN_POINT('',(6.097355569346,18.843367533432));
#1120 = CARTESIAN_POINT('',(6.28318530718,18.843367533432));
#1121 = ( GEOMETRIC_REPRESENTATION_CONTEXT(2) 
PARAMETRIC_REPRESENTATION_CONTEXT() REPRESENTATION_CONTEXT('2D SPACE',''
  ) );
#1122 = PCURVE('',#882,#1123);
#1123 = DEFINITIONAL_REPRESENTATION('',(#1124),#1155);
#1124 = B_SPLINE_CURVE_WITH_KNOTS('',8,(#1125,#1126,#1127,#1128,#1129,
    #1130,#1131,#1132,#1133,#1134,#1135,#1136,#1137,#1138,#1139,#1140,
    #1141,#1142,#1143,#1144,#1145,#1146,#1147,#1148,#1149,#1150,#1151,
    #1152,#1153,#1154),.UNSPECIFIED.,.T.,.F.,(9,7,7,7,9),(0.,
    0.249999999999,0.499999999999,0.749999999999,1.),.UNSPECIFIED.);
#1125 = CARTESIAN_POINT('',(-2.067866792008,-125.));
#1126 = CARTESIAN_POINT('',(-2.067866792008,-124.907085131));
#1127 = CARTESIAN_POINT('',(-2.068913985051,-124.8125552139));
#1128 = CARTESIAN_POINT('',(-2.071072212229,-124.7215817198));
#1129 = CARTESIAN_POINT('',(-2.074311120822,-124.6398302955));
#1130 = CARTESIAN_POINT('',(-2.078505317465,-124.5727438736));
#1131 = CARTESIAN_POINT('',(-2.083442414899,-124.5249835472));
#1132 = CARTESIAN_POINT('',(-2.088848798805,-124.5));
#1133 = CARTESIAN_POINT('',(-2.099941405982,-124.5));
#1134 = CARTESIAN_POINT('',(-2.105347789887,-124.5249835472));
#1135 = CARTESIAN_POINT('',(-2.110284887321,-124.5727438736));
#1136 = CARTESIAN_POINT('',(-2.114479083965,-124.6398302955));
#1137 = CARTESIAN_POINT('',(-2.117717992557,-124.7215817198));
#1138 = CARTESIAN_POINT('',(-2.119876219736,-124.8125552139));
#1139 = CARTESIAN_POINT('',(-2.120923412778,-124.907085131));
#1140 = CARTESIAN_POINT('',(-2.120923412778,-125.0929148689));
#1141 = CARTESIAN_POINT('',(-2.119876219736,-125.187444786));
#1142 = CARTESIAN_POINT('',(-2.117717992557,-125.2784182801));
#1143 = CARTESIAN_POINT('',(-2.114479083965,-125.3601697044));
#1144 = CARTESIAN_POINT('',(-2.110284887321,-125.4272561263));
#1145 = CARTESIAN_POINT('',(-2.105347789887,-125.4750164527));
#1146 = CARTESIAN_POINT('',(-2.099941405982,-125.5));
#1147 = CARTESIAN_POINT('',(-2.088848798805,-125.5));
#1148 = CARTESIAN_POINT('',(-2.0834424149,-125.4750164527));
#1149 = CARTESIAN_POINT('',(-2.078505317465,-125.4272561263));
#1150 = CARTESIAN_POINT('',(-2.074311120822,-125.3601697044));
#1151 = CARTESIAN_POINT('',(-2.071072212229,-125.2784182801));
#1152 = CARTESIAN_POINT('',(-2.068913985051,-125.187444786));
#1153 = CARTESIAN_POINT('',(-2.067866792008,-125.0929148689));
#1154 = CARTESIAN_POINT('',(-2.067866792008,-125.));
#1155 = ( GEOMETRIC_REPRESENTATION_CONTEXT(2) 
PARAMETRIC_REPRESENTATION_CONTEXT() REPRESENTATION_CONTEXT('2D SPACE',''
  ) );
#1156 = ORIENTED_EDGE('',*,*,#1032,.T.);
#1157 = ADVANCED_FACE('',(#1158),#762,.F.);
#1158 = FACE_BOUND('',#1159,.F.);
#1159 = EDGE_LOOP('',(#1160,#1161,#1184,#1286));
#1160 = ORIENTED_EDGE('',*,*,#692,.F.);
#1161 = ORIENTED_EDGE('',*,*,#1162,.F.);
#1162 = EDGE_CURVE('',#1163,#693,#1165,.T.);
#1163 = VERTEX_POINT('',#1164);
#1164 = CARTESIAN_POINT('',(-9.854696468608,-16.06883497679,175.));
#1165 = SEAM_CURVE('',#1166,(#1170,#1177),.PCURVE_S1.);
#1166 = LINE('',#1167,#1168);
#1167 = CARTESIAN_POINT('',(-0.433012701892,0.25,175.));
#1168 = VECTOR('',#1169,1.);
#1169 = DIRECTION('',(-0.5,-0.866025403784,7.916342441829E-33));
#1170 = PCURVE('',#762,#1171);
#1171 = DEFINITIONAL_REPRESENTATION('',(#1172),#1176);
#1172 = LINE('',#1173,#1174);
#1173 = CARTESIAN_POINT('',(6.28318530718,-0.));
#1174 = VECTOR('',#1175,1.);
#1175 = DIRECTION('',(0.,1.));
#1176 = ( GEOMETRIC_REPRESENTATION_CONTEXT(2) 
PARAMETRIC_REPRESENTATION_CONTEXT() REPRESENTATION_CONTEXT('2D SPACE',''
  ) );
#1177 = PCURVE('',#762,#1178);
#1178 = DEFINITIONAL_REPRESENTATION('',(#1179),#1183);
#1179 = LINE('',#1180,#1181);
#1180 = CARTESIAN_POINT('',(0.,-0.));
#1181 = VECTOR('',#1182,1.);
#1182 = DIRECTION('',(0.,1.));
#1183 = ( GEOMETRIC_REPRESENTATION_CONTEXT(2) 
PARAMETRIC_REPRESENTATION_CONTEXT() REPRESENTATION_CONTEXT('2D SPACE',''
  ) );
#1184 = ORIENTED_EDGE('',*,*,#1185,.T.);
#1185 = EDGE_CURVE('',#1163,#1163,#1186,.T.);
#1186 = SURFACE_CURVE('',#1187,(#1218,#1252),.PCURVE_S1.);
#1187 = B_SPLINE_CURVE_WITH_KNOTS('',8,(#1188,#1189,#1190,#1191,#1192,
    #1193,#1194,#1195,#1196,#1197,#1198,#1199,#1200,#1201,#1202,#1203,
    #1204,#1205,#1206,#1207,#1208,#1209,#1210,#1211,#1212,#1213,#1214,
    #1215,#1216,#1217),.UNSPECIFIED.,.T.,.F.,(9,7,7,7,9),(0.,
    0.249999999998,0.499999999998,0.75,1.),.UNSPECIFIED.);
#1188 = CARTESIAN_POINT('',(-9.854696468608,-16.06883497679,175.));
#1189 = CARTESIAN_POINT('',(-9.854696468608,-16.06883497679,
    174.90708513108));
#1190 = CARTESIAN_POINT('',(-9.837869355453,-16.0791548143,
    174.81255521394));
#1191 = CARTESIAN_POINT('',(-9.803188813046,-16.10042309272,
    174.72158171987));
#1192 = CARTESIAN_POINT('',(-9.751083835479,-16.13224403573,
    174.63983029554));
#1193 = CARTESIAN_POINT('',(-9.683425310878,-16.17314938906,
    174.57274387364));
#1194 = CARTESIAN_POINT('',(-9.603466608243,-16.22077580666,
    174.52498354727));
#1195 = CARTESIAN_POINT('',(-9.515541070319,-16.27230495001,174.5));
#1196 = CARTESIAN_POINT('',(-9.33445892968,-16.37685277265,174.5));
#1197 = CARTESIAN_POINT('',(-9.24587061354,-16.42723395046,
    174.52498354727));
#1198 = CARTESIAN_POINT('',(-9.164645574694,-16.4726670094,
    174.57274387364));
#1199 = CARTESIAN_POINT('',(-9.095391237255,-16.51080833382,
    174.63983029554));
#1200 = CARTESIAN_POINT('',(-9.041781003455,-16.54002209655,
    174.72158171986));
#1201 = CARTESIAN_POINT('',(-9.006021862844,-16.55942218808,
    174.81255521395));
#1202 = CARTESIAN_POINT('',(-8.988671064824,-16.56883497679,
    174.90708513108));
#1203 = CARTESIAN_POINT('',(-8.988671064824,-16.56883497679,
    175.09291486891));
#1204 = CARTESIAN_POINT('',(-9.006021862845,-16.55942218808,
    175.18744478605));
#1205 = CARTESIAN_POINT('',(-9.041781003455,-16.54002209655,
    175.27841828013));
#1206 = CARTESIAN_POINT('',(-9.095391237256,-16.51080833382,
    175.36016970445));
#1207 = CARTESIAN_POINT('',(-9.164645574693,-16.4726670094,
    175.42725612635));
#1208 = CARTESIAN_POINT('',(-9.245870613542,-16.42723395046,
    175.47501645272));
#1209 = CARTESIAN_POINT('',(-9.334458929681,-16.37685277265,175.5));
#1210 = CARTESIAN_POINT('',(-9.515541070319,-16.27230495001,175.5));
#1211 = CARTESIAN_POINT('',(-9.603466608243,-16.22077580666,
    175.47501645272));
#1212 = CARTESIAN_POINT('',(-9.683425310878,-16.17314938906,
    175.42725612635));
#1213 = CARTESIAN_POINT('',(-9.751083835478,-16.13224403573,
    175.36016970445));
#1214 = CARTESIAN_POINT('',(-9.803188813046,-16.10042309272,
    175.27841828013));
#1215 = CARTESIAN_POINT('',(-9.837869355453,-16.0791548143,
    175.18744478605));
#1216 = CARTESIAN_POINT('',(-9.854696468608,-16.06883497679,
    175.09291486891));
#1217 = CARTESIAN_POINT('',(-9.854696468608,-16.06883497679,175.));
#1218 = PCURVE('',#762,#1219);
#1219 = DEFINITIONAL_REPRESENTATION('',(#1220),#1251);
#1220 = B_SPLINE_CURVE_WITH_KNOTS('',8,(#1221,#1222,#1223,#1224,#1225,
    #1226,#1227,#1228,#1229,#1230,#1231,#1232,#1233,#1234,#1235,#1236,
    #1237,#1238,#1239,#1240,#1241,#1242,#1243,#1244,#1245,#1246,#1247,
    #1248,#1249,#1250),.UNSPECIFIED.,.F.,.F.,(9,7,7,7,9),(0.,
    0.249999999998,0.499999999998,0.75,1.),.UNSPECIFIED.);
#1221 = CARTESIAN_POINT('',(0.,18.843367533432));
#1222 = CARTESIAN_POINT('',(0.185829737834,18.843367533432));
#1223 = CARTESIAN_POINT('',(0.374889623579,18.843891218298));
#1224 = CARTESIAN_POINT('',(0.566614752638,18.844969816501));
#1225 = CARTESIAN_POINT('',(0.760883258595,18.846475072734));
#1226 = CARTESIAN_POINT('',(0.957835443878,18.848070885571));
#1227 = CARTESIAN_POINT('',(1.157879120596,18.849337221784));
#1228 = CARTESIAN_POINT('',(1.36170068151,18.85));
#1229 = CARTESIAN_POINT('',(1.779891972082,18.85));
#1230 = CARTESIAN_POINT('',(1.983713532995,18.849337221784));
#1231 = CARTESIAN_POINT('',(2.183757209709,18.848070885571));
#1232 = CARTESIAN_POINT('',(2.380709394995,18.846475072734));
#1233 = CARTESIAN_POINT('',(2.574977900949,18.844969816501));
#1234 = CARTESIAN_POINT('',(2.766703030013,18.843891218298));
#1235 = CARTESIAN_POINT('',(2.955762915758,18.843367533432));
#1236 = CARTESIAN_POINT('',(3.327422391422,18.843367533432));
#1237 = CARTESIAN_POINT('',(3.51648227717,18.843891218298));
#1238 = CARTESIAN_POINT('',(3.708207406224,18.844969816501));
#1239 = CARTESIAN_POINT('',(3.902475912191,18.846475072734));
#1240 = CARTESIAN_POINT('',(4.099428097464,18.848070885571));
#1241 = CARTESIAN_POINT('',(4.299471774189,18.849337221784));
#1242 = CARTESIAN_POINT('',(4.503293335098,18.85));
#1243 = CARTESIAN_POINT('',(4.92148462567,18.85));
#1244 = CARTESIAN_POINT('',(5.125306186582,18.849337221784));
#1245 = CARTESIAN_POINT('',(5.325349863303,18.848070885571));
#1246 = CARTESIAN_POINT('',(5.522302048582,18.846475072734));
#1247 = CARTESIAN_POINT('',(5.716570554543,18.844969816501));
#1248 = CARTESIAN_POINT('',(5.9082956836,18.843891218298));
#1249 = CARTESIAN_POINT('',(6.097355569347,18.843367533432));
#1250 = CARTESIAN_POINT('',(6.28318530718,18.843367533432));
#1251 = ( GEOMETRIC_REPRESENTATION_CONTEXT(2) 
PARAMETRIC_REPRESENTATION_CONTEXT() REPRESENTATION_CONTEXT('2D SPACE',''
  ) );
#1252 = PCURVE('',#882,#1253);
#1253 = DEFINITIONAL_REPRESENTATION('',(#1254),#1285);
#1254 = B_SPLINE_CURVE_WITH_KNOTS('',8,(#1255,#1256,#1257,#1258,#1259,
    #1260,#1261,#1262,#1263,#1264,#1265,#1266,#1267,#1268,#1269,#1270,
    #1271,#1272,#1273,#1274,#1275,#1276,#1277,#1278,#1279,#1280,#1281,
    #1282,#1283,#1284),.UNSPECIFIED.,.T.,.F.,(9,7,7,7,9),(0.,
    0.249999999998,0.499999999998,0.75,1.),.UNSPECIFIED.);
#1255 = CARTESIAN_POINT('',(-4.162261894402,-125.));
#1256 = CARTESIAN_POINT('',(-4.162261894402,-124.907085131));
#1257 = CARTESIAN_POINT('',(-4.163309087444,-124.8125552139));
#1258 = CARTESIAN_POINT('',(-4.165467314622,-124.7215817198));
#1259 = CARTESIAN_POINT('',(-4.168706223215,-124.6398302955));
#1260 = CARTESIAN_POINT('',(-4.172900419858,-124.5727438736));
#1261 = CARTESIAN_POINT('',(-4.177837517293,-124.5249835472));
#1262 = CARTESIAN_POINT('',(-4.183243901198,-124.5));
#1263 = CARTESIAN_POINT('',(-4.194336508375,-124.5));
#1264 = CARTESIAN_POINT('',(-4.19974289228,-124.5249835472));
#1265 = CARTESIAN_POINT('',(-4.204679989714,-124.5727438736));
#1266 = CARTESIAN_POINT('',(-4.208874186358,-124.6398302955));
#1267 = CARTESIAN_POINT('',(-4.21211309495,-124.7215817198));
#1268 = CARTESIAN_POINT('',(-4.214271322129,-124.8125552139));
#1269 = CARTESIAN_POINT('',(-4.215318515171,-124.907085131));
#1270 = CARTESIAN_POINT('',(-4.215318515171,-125.0929148689));
#1271 = CARTESIAN_POINT('',(-4.214271322129,-125.187444786));
#1272 = CARTESIAN_POINT('',(-4.21211309495,-125.2784182801));
#1273 = CARTESIAN_POINT('',(-4.208874186358,-125.3601697044));
#1274 = CARTESIAN_POINT('',(-4.204679989714,-125.4272561263));
#1275 = CARTESIAN_POINT('',(-4.19974289228,-125.4750164527));
#1276 = CARTESIAN_POINT('',(-4.194336508375,-125.5));
#1277 = CARTESIAN_POINT('',(-4.183243901198,-125.5));
#1278 = CARTESIAN_POINT('',(-4.177837517293,-125.4750164527));
#1279 = CARTESIAN_POINT('',(-4.172900419858,-125.4272561263));
#1280 = CARTESIAN_POINT('',(-4.168706223215,-125.3601697044));
#1281 = CARTESIAN_POINT('',(-4.165467314622,-125.2784182801));
#1282 = CARTESIAN_POINT('',(-4.163309087444,-125.187444786));
#1283 = CARTESIAN_POINT('',(-4.162261894402,-125.0929148689));
#1284 = CARTESIAN_POINT('',(-4.162261894402,-125.));
#1285 = ( GEOMETRIC_REPRESENTATION_CONTEXT(2) 
PARAMETRIC_REPRESENTATION_CONTEXT() REPRESENTATION_CONTEXT('2D SPACE',''
  ) );
#1286 = ORIENTED_EDGE('',*,*,#1162,.T.);
#1287 = ADVANCED_FACE('',(#1288,#1889,#1892),#882,.F.);
#1288 = FACE_BOUND('',#1289,.T.);
#1289 = EDGE_LOOP('',(#1290,#1319,#1340,#1341,#1364,#1393,#1419,#1452,
    #1485,#1513,#1534,#1558,#1584,#1617,#1650,#1678,#1699,#1723,#1749,
    #1782,#1815,#1843,#1864,#1886,#1887,#1888));
#1290 = ORIENTED_EDGE('',*,*,#1291,.F.);
#1291 = EDGE_CURVE('',#1292,#1292,#1294,.T.);
#1292 = VERTEX_POINT('',#1293);
#1293 = CARTESIAN_POINT('',(18.85,8.13816761178E-16,50.));
#1294 = SURFACE_CURVE('',#1295,(#1300,#1307),.PCURVE_S1.);
#1295 = CIRCLE('',#1296,18.85);
#1296 = AXIS2_PLACEMENT_3D('',#1297,#1298,#1299);
#1297 = CARTESIAN_POINT('',(9.508167454068E-14,8.13816761178E-16,50.));
#1298 = DIRECTION('',(0.,0.,1.));
#1299 = DIRECTION('',(1.,0.,0.));
#1300 = PCURVE('',#882,#1301);
#1301 = DEFINITIONAL_REPRESENTATION('',(#1302),#1306);
#1302 = LINE('',#1303,#1304);
#1303 = CARTESIAN_POINT('',(-0.,0.));
#1304 = VECTOR('',#1305,1.);
#1305 = DIRECTION('',(-1.,0.));
#1306 = ( GEOMETRIC_REPRESENTATION_CONTEXT(2) 
PARAMETRIC_REPRESENTATION_CONTEXT() REPRESENTATION_CONTEXT('2D SPACE',''
  ) );
#1307 = PCURVE('',#1308,#1313);
#1308 = PLANE('',#1309);
#1309 = AXIS2_PLACEMENT_3D('',#1310,#1311,#1312);
#1310 = CARTESIAN_POINT('',(-1.636836068875E-15,2.727517684866E-16,50.)
  );
#1311 = DIRECTION('',(0.,0.,1.));
#1312 = DIRECTION('',(1.,0.,-0.));
#1313 = DEFINITIONAL_REPRESENTATION('',(#1314),#1318);
#1314 = CIRCLE('',#1315,18.85);
#1315 = AXIS2_PLACEMENT_2D('',#1316,#1317);
#1316 = CARTESIAN_POINT('',(9.671851060956E-14,5.410649926914E-16));
#1317 = DIRECTION('',(1.,0.));
#1318 = ( GEOMETRIC_REPRESENTATION_CONTEXT(2) 
PARAMETRIC_REPRESENTATION_CONTEXT() REPRESENTATION_CONTEXT('2D SPACE',''
  ) );
#1319 = ORIENTED_EDGE('',*,*,#1320,.T.);
#1320 = EDGE_CURVE('',#1292,#829,#1321,.T.);
#1321 = SEAM_CURVE('',#1322,(#1326,#1333),.PCURVE_S1.);
#1322 = LINE('',#1323,#1324);
#1323 = CARTESIAN_POINT('',(18.85,8.13816761178E-16,50.));
#1324 = VECTOR('',#1325,1.);
#1325 = DIRECTION('',(0.,0.,1.));
#1326 = PCURVE('',#882,#1327);
#1327 = DEFINITIONAL_REPRESENTATION('',(#1328),#1332);
#1328 = LINE('',#1329,#1330);
#1329 = CARTESIAN_POINT('',(-6.28318530718,0.));
#1330 = VECTOR('',#1331,1.);
#1331 = DIRECTION('',(-0.,-1.));
#1332 = ( GEOMETRIC_REPRESENTATION_CONTEXT(2) 
PARAMETRIC_REPRESENTATION_CONTEXT() REPRESENTATION_CONTEXT('2D SPACE',''
  ) );
#1333 = PCURVE('',#882,#1334);
#1334 = DEFINITIONAL_REPRESENTATION('',(#1335),#1339);
#1335 = LINE('',#1336,#1337);
#1336 = CARTESIAN_POINT('',(-0.,0.));
#1337 = VECTOR('',#1338,1.);
#1338 = DIRECTION('',(-0.,-1.));
#1339 = ( GEOMETRIC_REPRESENTATION_CONTEXT(2) 
PARAMETRIC_REPRESENTATION_CONTEXT() REPRESENTATION_CONTEXT('2D SPACE',''
  ) );
#1340 = ORIENTED_EDGE('',*,*,#913,.T.);
#1341 = ORIENTED_EDGE('',*,*,#1342,.T.);
#1342 = EDGE_CURVE('',#806,#1343,#1345,.T.);
#1343 = VERTEX_POINT('',#1344);
#1344 = CARTESIAN_POINT('',(18.85,8.13816761178E-16,192.));
#1345 = SEAM_CURVE('',#1346,(#1350,#1357),.PCURVE_S1.);
#1346 = LINE('',#1347,#1348);
#1347 = CARTESIAN_POINT('',(18.85,8.13816761178E-16,50.));
#1348 = VECTOR('',#1349,1.);
#1349 = DIRECTION('',(0.,0.,1.));
#1350 = PCURVE('',#882,#1351);
#1351 = DEFINITIONAL_REPRESENTATION('',(#1352),#1356);
#1352 = LINE('',#1353,#1354);
#1353 = CARTESIAN_POINT('',(-6.28318530718,0.));
#1354 = VECTOR('',#1355,1.);
#1355 = DIRECTION('',(-0.,-1.));
#1356 = ( GEOMETRIC_REPRESENTATION_CONTEXT(2) 
PARAMETRIC_REPRESENTATION_CONTEXT() REPRESENTATION_CONTEXT('2D SPACE',''
  ) );
#1357 = PCURVE('',#882,#1358);
#1358 = DEFINITIONAL_REPRESENTATION('',(#1359),#1363);
#1359 = LINE('',#1360,#1361);
#1360 = CARTESIAN_POINT('',(-0.,0.));
#1361 = VECTOR('',#1362,1.);
#1362 = DIRECTION('',(-0.,-1.));
#1363 = ( GEOMETRIC_REPRESENTATION_CONTEXT(2) 
PARAMETRIC_REPRESENTATION_CONTEXT() REPRESENTATION_CONTEXT('2D SPACE',''
  ) );
#1364 = ORIENTED_EDGE('',*,*,#1365,.T.);
#1365 = EDGE_CURVE('',#1343,#1366,#1368,.T.);
#1366 = VERTEX_POINT('',#1367);
#1367 = CARTESIAN_POINT('',(17.300174677941,7.485082238208,192.));
#1368 = SURFACE_CURVE('',#1369,(#1374,#1381),.PCURVE_S1.);
#1369 = CIRCLE('',#1370,18.85);
#1370 = AXIS2_PLACEMENT_3D('',#1371,#1372,#1373);
#1371 = CARTESIAN_POINT('',(9.508167454068E-14,8.13816761178E-16,192.));
#1372 = DIRECTION('',(0.,0.,1.));
#1373 = DIRECTION('',(1.,0.,0.));
#1374 = PCURVE('',#882,#1375);
#1375 = DEFINITIONAL_REPRESENTATION('',(#1376),#1380);
#1376 = LINE('',#1377,#1378);
#1377 = CARTESIAN_POINT('',(-0.,-142.));
#1378 = VECTOR('',#1379,1.);
#1379 = DIRECTION('',(-1.,0.));
#1380 = ( GEOMETRIC_REPRESENTATION_CONTEXT(2) 
PARAMETRIC_REPRESENTATION_CONTEXT() REPRESENTATION_CONTEXT('2D SPACE',''
  ) );
#1381 = PCURVE('',#1382,#1387);
#1382 = PLANE('',#1383);
#1383 = AXIS2_PLACEMENT_3D('',#1384,#1385,#1386);
#1384 = CARTESIAN_POINT('',(-1.636836068875E-15,2.727517684866E-16,192.)
  );
#1385 = DIRECTION('',(0.,0.,1.));
#1386 = DIRECTION('',(1.,0.,-0.));
#1387 = DEFINITIONAL_REPRESENTATION('',(#1388),#1392);
#1388 = CIRCLE('',#1389,18.85);
#1389 = AXIS2_PLACEMENT_2D('',#1390,#1391);
#1390 = CARTESIAN_POINT('',(9.671851060956E-14,5.410649926914E-16));
#1391 = DIRECTION('',(1.,0.));
#1392 = ( GEOMETRIC_REPRESENTATION_CONTEXT(2) 
PARAMETRIC_REPRESENTATION_CONTEXT() REPRESENTATION_CONTEXT('2D SPACE',''
  ) );
#1393 = ORIENTED_EDGE('',*,*,#1394,.T.);
#1394 = EDGE_CURVE('',#1366,#1395,#1397,.T.);
#1395 = VERTEX_POINT('',#1396);
#1396 = CARTESIAN_POINT('',(17.300174677941,7.485082238208,184.));
#1397 = SURFACE_CURVE('',#1398,(#1402,#1408),.PCURVE_S1.);
#1398 = LINE('',#1399,#1400);
#1399 = CARTESIAN_POINT('',(17.300174677941,7.485082238208,50.));
#1400 = VECTOR('',#1401,1.);
#1401 = DIRECTION('',(-0.,-0.,-1.));
#1402 = PCURVE('',#882,#1403);
#1403 = DEFINITIONAL_REPRESENTATION('',(#1404),#1407);
#1404 = B_SPLINE_CURVE_WITH_KNOTS('',1,(#1405,#1406),.UNSPECIFIED.,.F.,
  .F.,(2,2),(-142.0000006,-133.9999994),.PIECEWISE_BEZIER_KNOTS.);
#1405 = CARTESIAN_POINT('',(-0.408340252754,-142.0000006));
#1406 = CARTESIAN_POINT('',(-0.408340252754,-133.9999994));
#1407 = ( GEOMETRIC_REPRESENTATION_CONTEXT(2) 
PARAMETRIC_REPRESENTATION_CONTEXT() REPRESENTATION_CONTEXT('2D SPACE',''
  ) );
#1408 = PCURVE('',#1409,#1414);
#1409 = CYLINDRICAL_SURFACE('',#1410,2.2);
#1410 = AXIS2_PLACEMENT_3D('',#1411,#1412,#1413);
#1411 = CARTESIAN_POINT('',(15.891566159444,9.175,184.));
#1412 = DIRECTION('',(-0.,-0.,-1.));
#1413 = DIRECTION('',(1.,0.,0.));
#1414 = DEFINITIONAL_REPRESENTATION('',(#1415),#1418);
#1415 = B_SPLINE_CURVE_WITH_KNOTS('',1,(#1416,#1417),.UNSPECIFIED.,.F.,
  .F.,(2,2),(-142.0000006,-133.9999994),.PIECEWISE_BEZIER_KNOTS.);
#1416 = CARTESIAN_POINT('',(-5.407247279634,-8.0000006));
#1417 = CARTESIAN_POINT('',(-5.407247279634,5.999999928008E-07));
#1418 = ( GEOMETRIC_REPRESENTATION_CONTEXT(2) 
PARAMETRIC_REPRESENTATION_CONTEXT() REPRESENTATION_CONTEXT('2D SPACE',''
  ) );
#1419 = ORIENTED_EDGE('',*,*,#1420,.F.);
#1420 = EDGE_CURVE('',#1421,#1395,#1423,.T.);
#1421 = VERTEX_POINT('',#1422);
#1422 = CARTESIAN_POINT('',(16.631806655295,8.871612445372,184.));
#1423 = SURFACE_CURVE('',#1424,(#1429,#1436),.PCURVE_S1.);
#1424 = CIRCLE('',#1425,18.85);
#1425 = AXIS2_PLACEMENT_3D('',#1426,#1427,#1428);
#1426 = CARTESIAN_POINT('',(9.508167454068E-14,8.13816761178E-16,184.));
#1427 = DIRECTION('',(0.,0.,-1.));
#1428 = DIRECTION('',(1.,0.,0.));
#1429 = PCURVE('',#882,#1430);
#1430 = DEFINITIONAL_REPRESENTATION('',(#1431),#1435);
#1431 = LINE('',#1432,#1433);
#1432 = CARTESIAN_POINT('',(-6.28318530718,-134.));
#1433 = VECTOR('',#1434,1.);
#1434 = DIRECTION('',(1.,-0.));
#1435 = ( GEOMETRIC_REPRESENTATION_CONTEXT(2) 
PARAMETRIC_REPRESENTATION_CONTEXT() REPRESENTATION_CONTEXT('2D SPACE',''
  ) );
#1436 = PCURVE('',#1437,#1442);
#1437 = PLANE('',#1438);
#1438 = AXIS2_PLACEMENT_3D('',#1439,#1440,#1441);
#1439 = CARTESIAN_POINT('',(15.891566159444,9.175,184.));
#1440 = DIRECTION('',(0.,0.,1.));
#1441 = DIRECTION('',(1.,0.,-0.));
#1442 = DEFINITIONAL_REPRESENTATION('',(#1443),#1451);
#1443 = ( BOUNDED_CURVE() B_SPLINE_CURVE(2,(#1444,#1445,#1446,#1447,
#1448,#1449,#1450),.UNSPECIFIED.,.T.,.F.) B_SPLINE_CURVE_WITH_KNOTS((1,2
    ,2,2,2,1),(-2.094395102393,0.,2.094395102393,4.188790204786,
6.28318530718,8.377580409573),.UNSPECIFIED.) CURVE() 
GEOMETRIC_REPRESENTATION_ITEM() RATIONAL_B_SPLINE_CURVE((1.,0.5,1.,0.5,
1.,0.5,1.)) REPRESENTATION_ITEM('') );
#1444 = CARTESIAN_POINT('',(2.958433840556,-9.175));
#1445 = CARTESIAN_POINT('',(2.958433840556,-41.82415772267));
#1446 = CARTESIAN_POINT('',(-25.31656615944,-25.49957886133));
#1447 = CARTESIAN_POINT('',(-53.59156615944,-9.175));
#1448 = CARTESIAN_POINT('',(-25.31656615944,7.149578861337));
#1449 = CARTESIAN_POINT('',(2.958433840556,23.474157722673));
#1450 = CARTESIAN_POINT('',(2.958433840556,-9.175));
#1451 = ( GEOMETRIC_REPRESENTATION_CONTEXT(2) 
PARAMETRIC_REPRESENTATION_CONTEXT() REPRESENTATION_CONTEXT('2D SPACE',''
  ) );
#1452 = ORIENTED_EDGE('',*,*,#1453,.F.);
#1453 = EDGE_CURVE('',#1454,#1421,#1456,.T.);
#1454 = VERTEX_POINT('',#1455);
#1455 = CARTESIAN_POINT('',(15.99894507787,9.96776085163,184.));
#1456 = SURFACE_CURVE('',#1457,(#1462,#1469),.PCURVE_S1.);
#1457 = CIRCLE('',#1458,18.85);
#1458 = AXIS2_PLACEMENT_3D('',#1459,#1460,#1461);
#1459 = CARTESIAN_POINT('',(9.508167454068E-14,8.13816761178E-16,184.));
#1460 = DIRECTION('',(0.,0.,-1.));
#1461 = DIRECTION('',(1.,0.,0.));
#1462 = PCURVE('',#882,#1463);
#1463 = DEFINITIONAL_REPRESENTATION('',(#1464),#1468);
#1464 = LINE('',#1465,#1466);
#1465 = CARTESIAN_POINT('',(-6.28318530718,-134.));
#1466 = VECTOR('',#1467,1.);
#1467 = DIRECTION('',(1.,-0.));
#1468 = ( GEOMETRIC_REPRESENTATION_CONTEXT(2) 
PARAMETRIC_REPRESENTATION_CONTEXT() REPRESENTATION_CONTEXT('2D SPACE',''
  ) );
#1469 = PCURVE('',#1470,#1475);
#1470 = PLANE('',#1471);
#1471 = AXIS2_PLACEMENT_3D('',#1472,#1473,#1474);
#1472 = CARTESIAN_POINT('',(15.891566159444,9.175,184.));
#1473 = DIRECTION('',(0.,0.,1.));
#1474 = DIRECTION('',(1.,0.,-0.));
#1475 = DEFINITIONAL_REPRESENTATION('',(#1476),#1484);
#1476 = ( BOUNDED_CURVE() B_SPLINE_CURVE(2,(#1477,#1478,#1479,#1480,
#1481,#1482,#1483),.UNSPECIFIED.,.T.,.F.) B_SPLINE_CURVE_WITH_KNOTS((1,2
    ,2,2,2,1),(-2.094395102393,0.,2.094395102393,4.188790204786,
6.28318530718,8.377580409573),.UNSPECIFIED.) CURVE() 
GEOMETRIC_REPRESENTATION_ITEM() RATIONAL_B_SPLINE_CURVE((1.,0.5,1.,0.5,
1.,0.5,1.)) REPRESENTATION_ITEM('') );
#1477 = CARTESIAN_POINT('',(2.958433840556,-9.175));
#1478 = CARTESIAN_POINT('',(2.958433840556,-41.82415772267));
#1479 = CARTESIAN_POINT('',(-25.31656615944,-25.49957886133));
#1480 = CARTESIAN_POINT('',(-53.59156615944,-9.175));
#1481 = CARTESIAN_POINT('',(-25.31656615944,7.149578861337));
#1482 = CARTESIAN_POINT('',(2.958433840556,23.474157722673));
#1483 = CARTESIAN_POINT('',(2.958433840556,-9.175));
#1484 = ( GEOMETRIC_REPRESENTATION_CONTEXT(2) 
PARAMETRIC_REPRESENTATION_CONTEXT() REPRESENTATION_CONTEXT('2D SPACE',''
  ) );
#1485 = ORIENTED_EDGE('',*,*,#1486,.F.);
#1486 = EDGE_CURVE('',#1487,#1454,#1489,.T.);
#1487 = VERTEX_POINT('',#1488);
#1488 = CARTESIAN_POINT('',(15.132358706674,11.239849641901,184.));
#1489 = SURFACE_CURVE('',#1490,(#1495,#1502),.PCURVE_S1.);
#1490 = CIRCLE('',#1491,18.85);
#1491 = AXIS2_PLACEMENT_3D('',#1492,#1493,#1494);
#1492 = CARTESIAN_POINT('',(9.508167454068E-14,8.13816761178E-16,184.));
#1493 = DIRECTION('',(0.,0.,-1.));
#1494 = DIRECTION('',(1.,0.,0.));
#1495 = PCURVE('',#882,#1496);
#1496 = DEFINITIONAL_REPRESENTATION('',(#1497),#1501);
#1497 = LINE('',#1498,#1499);
#1498 = CARTESIAN_POINT('',(-6.28318530718,-134.));
#1499 = VECTOR('',#1500,1.);
#1500 = DIRECTION('',(1.,-0.));
#1501 = ( GEOMETRIC_REPRESENTATION_CONTEXT(2) 
PARAMETRIC_REPRESENTATION_CONTEXT() REPRESENTATION_CONTEXT('2D SPACE',''
  ) );
#1502 = PCURVE('',#1437,#1503);
#1503 = DEFINITIONAL_REPRESENTATION('',(#1504),#1512);
#1504 = ( BOUNDED_CURVE() B_SPLINE_CURVE(2,(#1505,#1506,#1507,#1508,
#1509,#1510,#1511),.UNSPECIFIED.,.T.,.F.) B_SPLINE_CURVE_WITH_KNOTS((1,2
    ,2,2,2,1),(-2.094395102393,0.,2.094395102393,4.188790204786,
6.28318530718,8.377580409573),.UNSPECIFIED.) CURVE() 
GEOMETRIC_REPRESENTATION_ITEM() RATIONAL_B_SPLINE_CURVE((1.,0.5,1.,0.5,
1.,0.5,1.)) REPRESENTATION_ITEM('') );
#1505 = CARTESIAN_POINT('',(2.958433840556,-9.175));
#1506 = CARTESIAN_POINT('',(2.958433840556,-41.82415772267));
#1507 = CARTESIAN_POINT('',(-25.31656615944,-25.49957886133));
#1508 = CARTESIAN_POINT('',(-53.59156615944,-9.175));
#1509 = CARTESIAN_POINT('',(-25.31656615944,7.149578861337));
#1510 = CARTESIAN_POINT('',(2.958433840556,23.474157722673));
#1511 = CARTESIAN_POINT('',(2.958433840556,-9.175));
#1512 = ( GEOMETRIC_REPRESENTATION_CONTEXT(2) 
PARAMETRIC_REPRESENTATION_CONTEXT() REPRESENTATION_CONTEXT('2D SPACE',''
  ) );
#1513 = ORIENTED_EDGE('',*,*,#1514,.F.);
#1514 = EDGE_CURVE('',#1515,#1487,#1517,.T.);
#1515 = VERTEX_POINT('',#1516);
#1516 = CARTESIAN_POINT('',(15.132358706674,11.239849641901,192.));
#1517 = SURFACE_CURVE('',#1518,(#1522,#1528),.PCURVE_S1.);
#1518 = LINE('',#1519,#1520);
#1519 = CARTESIAN_POINT('',(15.132358706674,11.239849641901,50.));
#1520 = VECTOR('',#1521,1.);
#1521 = DIRECTION('',(-0.,-0.,-1.));
#1522 = PCURVE('',#882,#1523);
#1523 = DEFINITIONAL_REPRESENTATION('',(#1524),#1527);
#1524 = B_SPLINE_CURVE_WITH_KNOTS('',1,(#1525,#1526),.UNSPECIFIED.,.F.,
  .F.,(2,2),(-142.0000006,-133.9999994),.PIECEWISE_BEZIER_KNOTS.);
#1525 = CARTESIAN_POINT('',(-0.638857298443,-142.0000006));
#1526 = CARTESIAN_POINT('',(-0.638857298443,-133.9999994));
#1527 = ( GEOMETRIC_REPRESENTATION_CONTEXT(2) 
PARAMETRIC_REPRESENTATION_CONTEXT() REPRESENTATION_CONTEXT('2D SPACE',''
  ) );
#1528 = PCURVE('',#1409,#1529);
#1529 = DEFINITIONAL_REPRESENTATION('',(#1530),#1533);
#1530 = B_SPLINE_CURVE_WITH_KNOTS('',1,(#1531,#1532),.UNSPECIFIED.,.F.,
  .F.,(2,2),(-142.0000006,-133.9999994),.PIECEWISE_BEZIER_KNOTS.);
#1531 = CARTESIAN_POINT('',(-1.923135578742,-8.0000006));
#1532 = CARTESIAN_POINT('',(-1.923135578742,5.999999928008E-07));
#1533 = ( GEOMETRIC_REPRESENTATION_CONTEXT(2) 
PARAMETRIC_REPRESENTATION_CONTEXT() REPRESENTATION_CONTEXT('2D SPACE',''
  ) );
#1534 = ORIENTED_EDGE('',*,*,#1535,.T.);
#1535 = EDGE_CURVE('',#1515,#1536,#1538,.T.);
#1536 = VERTEX_POINT('',#1537);
#1537 = CARTESIAN_POINT('',(-15.13235870667,11.239849641901,192.));
#1538 = SURFACE_CURVE('',#1539,(#1544,#1551),.PCURVE_S1.);
#1539 = CIRCLE('',#1540,18.85);
#1540 = AXIS2_PLACEMENT_3D('',#1541,#1542,#1543);
#1541 = CARTESIAN_POINT('',(9.508167454068E-14,8.13816761178E-16,192.));
#1542 = DIRECTION('',(0.,0.,1.));
#1543 = DIRECTION('',(1.,0.,0.));
#1544 = PCURVE('',#882,#1545);
#1545 = DEFINITIONAL_REPRESENTATION('',(#1546),#1550);
#1546 = LINE('',#1547,#1548);
#1547 = CARTESIAN_POINT('',(-0.,-142.));
#1548 = VECTOR('',#1549,1.);
#1549 = DIRECTION('',(-1.,0.));
#1550 = ( GEOMETRIC_REPRESENTATION_CONTEXT(2) 
PARAMETRIC_REPRESENTATION_CONTEXT() REPRESENTATION_CONTEXT('2D SPACE',''
  ) );
#1551 = PCURVE('',#1382,#1552);
#1552 = DEFINITIONAL_REPRESENTATION('',(#1553),#1557);
#1553 = CIRCLE('',#1554,18.85);
#1554 = AXIS2_PLACEMENT_2D('',#1555,#1556);
#1555 = CARTESIAN_POINT('',(9.671851060956E-14,5.410649926914E-16));
#1556 = DIRECTION('',(1.,0.));
#1557 = ( GEOMETRIC_REPRESENTATION_CONTEXT(2) 
PARAMETRIC_REPRESENTATION_CONTEXT() REPRESENTATION_CONTEXT('2D SPACE',''
  ) );
#1558 = ORIENTED_EDGE('',*,*,#1559,.T.);
#1559 = EDGE_CURVE('',#1536,#1560,#1562,.T.);
#1560 = VERTEX_POINT('',#1561);
#1561 = CARTESIAN_POINT('',(-15.13235870667,11.239849641901,184.));
#1562 = SURFACE_CURVE('',#1563,(#1567,#1573),.PCURVE_S1.);
#1563 = LINE('',#1564,#1565);
#1564 = CARTESIAN_POINT('',(-15.13235870667,11.239849641901,50.));
#1565 = VECTOR('',#1566,1.);
#1566 = DIRECTION('',(-0.,-0.,-1.));
#1567 = PCURVE('',#882,#1568);
#1568 = DEFINITIONAL_REPRESENTATION('',(#1569),#1572);
#1569 = B_SPLINE_CURVE_WITH_KNOTS('',1,(#1570,#1571),.UNSPECIFIED.,.F.,
  .F.,(2,2),(-142.0000006,-133.9999994),.PIECEWISE_BEZIER_KNOTS.);
#1570 = CARTESIAN_POINT('',(-2.502735355147,-142.0000006));
#1571 = CARTESIAN_POINT('',(-2.502735355147,-133.9999994));
#1572 = ( GEOMETRIC_REPRESENTATION_CONTEXT(2) 
PARAMETRIC_REPRESENTATION_CONTEXT() REPRESENTATION_CONTEXT('2D SPACE',''
  ) );
#1573 = PCURVE('',#1574,#1579);
#1574 = CYLINDRICAL_SURFACE('',#1575,2.2);
#1575 = AXIS2_PLACEMENT_3D('',#1576,#1577,#1578);
#1576 = CARTESIAN_POINT('',(-15.89156615944,9.175,184.));
#1577 = DIRECTION('',(-0.,-0.,-1.));
#1578 = DIRECTION('',(1.,0.,0.));
#1579 = DEFINITIONAL_REPRESENTATION('',(#1580),#1583);
#1580 = B_SPLINE_CURVE_WITH_KNOTS('',1,(#1581,#1582),.UNSPECIFIED.,.F.,
  .F.,(2,2),(-142.0000006,-133.9999994),.PIECEWISE_BEZIER_KNOTS.);
#1581 = CARTESIAN_POINT('',(-7.501642382028,-8.0000006));
#1582 = CARTESIAN_POINT('',(-7.501642382028,5.999999928008E-07));
#1583 = ( GEOMETRIC_REPRESENTATION_CONTEXT(2) 
PARAMETRIC_REPRESENTATION_CONTEXT() REPRESENTATION_CONTEXT('2D SPACE',''
  ) );
#1584 = ORIENTED_EDGE('',*,*,#1585,.F.);
#1585 = EDGE_CURVE('',#1586,#1560,#1588,.T.);
#1586 = VERTEX_POINT('',#1587);
#1587 = CARTESIAN_POINT('',(-15.99894507787,9.96776085163,184.));
#1588 = SURFACE_CURVE('',#1589,(#1594,#1601),.PCURVE_S1.);
#1589 = CIRCLE('',#1590,18.85);
#1590 = AXIS2_PLACEMENT_3D('',#1591,#1592,#1593);
#1591 = CARTESIAN_POINT('',(9.508167454068E-14,8.13816761178E-16,184.));
#1592 = DIRECTION('',(0.,0.,-1.));
#1593 = DIRECTION('',(1.,0.,0.));
#1594 = PCURVE('',#882,#1595);
#1595 = DEFINITIONAL_REPRESENTATION('',(#1596),#1600);
#1596 = LINE('',#1597,#1598);
#1597 = CARTESIAN_POINT('',(-6.28318530718,-134.));
#1598 = VECTOR('',#1599,1.);
#1599 = DIRECTION('',(1.,-0.));
#1600 = ( GEOMETRIC_REPRESENTATION_CONTEXT(2) 
PARAMETRIC_REPRESENTATION_CONTEXT() REPRESENTATION_CONTEXT('2D SPACE',''
  ) );
#1601 = PCURVE('',#1602,#1607);
#1602 = PLANE('',#1603);
#1603 = AXIS2_PLACEMENT_3D('',#1604,#1605,#1606);
#1604 = CARTESIAN_POINT('',(-15.89156615944,9.175,184.));
#1605 = DIRECTION('',(0.,0.,1.));
#1606 = DIRECTION('',(1.,0.,-0.));
#1607 = DEFINITIONAL_REPRESENTATION('',(#1608),#1616);
#1608 = ( BOUNDED_CURVE() B_SPLINE_CURVE(2,(#1609,#1610,#1611,#1612,
#1613,#1614,#1615),.UNSPECIFIED.,.T.,.F.) B_SPLINE_CURVE_WITH_KNOTS((1,2
    ,2,2,2,1),(-2.094395102393,0.,2.094395102393,4.188790204786,
6.28318530718,8.377580409573),.UNSPECIFIED.) CURVE() 
GEOMETRIC_REPRESENTATION_ITEM() RATIONAL_B_SPLINE_CURVE((1.,0.5,1.,0.5,
1.,0.5,1.)) REPRESENTATION_ITEM('') );
#1609 = CARTESIAN_POINT('',(34.741566159445,-9.175));
#1610 = CARTESIAN_POINT('',(34.741566159445,-41.82415772267));
#1611 = CARTESIAN_POINT('',(6.466566159445,-25.49957886133));
#1612 = CARTESIAN_POINT('',(-21.80843384055,-9.175));
#1613 = CARTESIAN_POINT('',(6.466566159445,7.149578861337));
#1614 = CARTESIAN_POINT('',(34.741566159445,23.474157722673));
#1615 = CARTESIAN_POINT('',(34.741566159445,-9.175));
#1616 = ( GEOMETRIC_REPRESENTATION_CONTEXT(2) 
PARAMETRIC_REPRESENTATION_CONTEXT() REPRESENTATION_CONTEXT('2D SPACE',''
  ) );
#1617 = ORIENTED_EDGE('',*,*,#1618,.F.);
#1618 = EDGE_CURVE('',#1619,#1586,#1621,.T.);
#1619 = VERTEX_POINT('',#1620);
#1620 = CARTESIAN_POINT('',(-16.63180665529,8.871612445372,184.));
#1621 = SURFACE_CURVE('',#1622,(#1627,#1634),.PCURVE_S1.);
#1622 = CIRCLE('',#1623,18.85);
#1623 = AXIS2_PLACEMENT_3D('',#1624,#1625,#1626);
#1624 = CARTESIAN_POINT('',(9.508167454068E-14,8.13816761178E-16,184.));
#1625 = DIRECTION('',(0.,0.,-1.));
#1626 = DIRECTION('',(1.,0.,0.));
#1627 = PCURVE('',#882,#1628);
#1628 = DEFINITIONAL_REPRESENTATION('',(#1629),#1633);
#1629 = LINE('',#1630,#1631);
#1630 = CARTESIAN_POINT('',(-6.28318530718,-134.));
#1631 = VECTOR('',#1632,1.);
#1632 = DIRECTION('',(1.,-0.));
#1633 = ( GEOMETRIC_REPRESENTATION_CONTEXT(2) 
PARAMETRIC_REPRESENTATION_CONTEXT() REPRESENTATION_CONTEXT('2D SPACE',''
  ) );
#1634 = PCURVE('',#1635,#1640);
#1635 = PLANE('',#1636);
#1636 = AXIS2_PLACEMENT_3D('',#1637,#1638,#1639);
#1637 = CARTESIAN_POINT('',(-15.89156615944,9.175,184.));
#1638 = DIRECTION('',(0.,0.,1.));
#1639 = DIRECTION('',(1.,0.,-0.));
#1640 = DEFINITIONAL_REPRESENTATION('',(#1641),#1649);
#1641 = ( BOUNDED_CURVE() B_SPLINE_CURVE(2,(#1642,#1643,#1644,#1645,
#1646,#1647,#1648),.UNSPECIFIED.,.T.,.F.) B_SPLINE_CURVE_WITH_KNOTS((1,2
    ,2,2,2,1),(-2.094395102393,0.,2.094395102393,4.188790204786,
6.28318530718,8.377580409573),.UNSPECIFIED.) CURVE() 
GEOMETRIC_REPRESENTATION_ITEM() RATIONAL_B_SPLINE_CURVE((1.,0.5,1.,0.5,
1.,0.5,1.)) REPRESENTATION_ITEM('') );
#1642 = CARTESIAN_POINT('',(34.741566159445,-9.175));
#1643 = CARTESIAN_POINT('',(34.741566159445,-41.82415772267));
#1644 = CARTESIAN_POINT('',(6.466566159445,-25.49957886133));
#1645 = CARTESIAN_POINT('',(-21.80843384055,-9.175));
#1646 = CARTESIAN_POINT('',(6.466566159445,7.149578861337));
#1647 = CARTESIAN_POINT('',(34.741566159445,23.474157722673));
#1648 = CARTESIAN_POINT('',(34.741566159445,-9.175));
#1649 = ( GEOMETRIC_REPRESENTATION_CONTEXT(2) 
PARAMETRIC_REPRESENTATION_CONTEXT() REPRESENTATION_CONTEXT('2D SPACE',''
  ) );
#1650 = ORIENTED_EDGE('',*,*,#1651,.F.);
#1651 = EDGE_CURVE('',#1652,#1619,#1654,.T.);
#1652 = VERTEX_POINT('',#1653);
#1653 = CARTESIAN_POINT('',(-17.30017467794,7.485082238208,184.));
#1654 = SURFACE_CURVE('',#1655,(#1660,#1667),.PCURVE_S1.);
#1655 = CIRCLE('',#1656,18.85);
#1656 = AXIS2_PLACEMENT_3D('',#1657,#1658,#1659);
#1657 = CARTESIAN_POINT('',(9.508167454068E-14,8.13816761178E-16,184.));
#1658 = DIRECTION('',(0.,0.,-1.));
#1659 = DIRECTION('',(1.,0.,0.));
#1660 = PCURVE('',#882,#1661);
#1661 = DEFINITIONAL_REPRESENTATION('',(#1662),#1666);
#1662 = LINE('',#1663,#1664);
#1663 = CARTESIAN_POINT('',(-6.28318530718,-134.));
#1664 = VECTOR('',#1665,1.);
#1665 = DIRECTION('',(1.,-0.));
#1666 = ( GEOMETRIC_REPRESENTATION_CONTEXT(2) 
PARAMETRIC_REPRESENTATION_CONTEXT() REPRESENTATION_CONTEXT('2D SPACE',''
  ) );
#1667 = PCURVE('',#1602,#1668);
#1668 = DEFINITIONAL_REPRESENTATION('',(#1669),#1677);
#1669 = ( BOUNDED_CURVE() B_SPLINE_CURVE(2,(#1670,#1671,#1672,#1673,
#1674,#1675,#1676),.UNSPECIFIED.,.T.,.F.) B_SPLINE_CURVE_WITH_KNOTS((1,2
    ,2,2,2,1),(-2.094395102393,0.,2.094395102393,4.188790204786,
6.28318530718,8.377580409573),.UNSPECIFIED.) CURVE() 
GEOMETRIC_REPRESENTATION_ITEM() RATIONAL_B_SPLINE_CURVE((1.,0.5,1.,0.5,
1.,0.5,1.)) REPRESENTATION_ITEM('') );
#1670 = CARTESIAN_POINT('',(34.741566159445,-9.175));
#1671 = CARTESIAN_POINT('',(34.741566159445,-41.82415772267));
#1672 = CARTESIAN_POINT('',(6.466566159445,-25.49957886133));
#1673 = CARTESIAN_POINT('',(-21.80843384055,-9.175));
#1674 = CARTESIAN_POINT('',(6.466566159445,7.149578861337));
#1675 = CARTESIAN_POINT('',(34.741566159445,23.474157722673));
#1676 = CARTESIAN_POINT('',(34.741566159445,-9.175));
#1677 = ( GEOMETRIC_REPRESENTATION_CONTEXT(2) 
PARAMETRIC_REPRESENTATION_CONTEXT() REPRESENTATION_CONTEXT('2D SPACE',''
  ) );
#1678 = ORIENTED_EDGE('',*,*,#1679,.F.);
#1679 = EDGE_CURVE('',#1680,#1652,#1682,.T.);
#1680 = VERTEX_POINT('',#1681);
#1681 = CARTESIAN_POINT('',(-17.30017467794,7.485082238208,192.));
#1682 = SURFACE_CURVE('',#1683,(#1687,#1693),.PCURVE_S1.);
#1683 = LINE('',#1684,#1685);
#1684 = CARTESIAN_POINT('',(-17.30017467794,7.485082238208,50.));
#1685 = VECTOR('',#1686,1.);
#1686 = DIRECTION('',(-0.,-0.,-1.));
#1687 = PCURVE('',#882,#1688);
#1688 = DEFINITIONAL_REPRESENTATION('',(#1689),#1692);
#1689 = B_SPLINE_CURVE_WITH_KNOTS('',1,(#1690,#1691),.UNSPECIFIED.,.F.,
  .F.,(2,2),(-142.0000006,-133.9999994),.PIECEWISE_BEZIER_KNOTS.);
#1690 = CARTESIAN_POINT('',(-2.733252400836,-142.0000006));
#1691 = CARTESIAN_POINT('',(-2.733252400836,-133.9999994));
#1692 = ( GEOMETRIC_REPRESENTATION_CONTEXT(2) 
PARAMETRIC_REPRESENTATION_CONTEXT() REPRESENTATION_CONTEXT('2D SPACE',''
  ) );
#1693 = PCURVE('',#1574,#1694);
#1694 = DEFINITIONAL_REPRESENTATION('',(#1695),#1698);
#1695 = B_SPLINE_CURVE_WITH_KNOTS('',1,(#1696,#1697),.UNSPECIFIED.,.F.,
  .F.,(2,2),(-142.0000006,-133.9999994),.PIECEWISE_BEZIER_KNOTS.);
#1696 = CARTESIAN_POINT('',(-4.017530681135,-8.0000006));
#1697 = CARTESIAN_POINT('',(-4.017530681135,5.999999928008E-07));
#1698 = ( GEOMETRIC_REPRESENTATION_CONTEXT(2) 
PARAMETRIC_REPRESENTATION_CONTEXT() REPRESENTATION_CONTEXT('2D SPACE',''
  ) );
#1699 = ORIENTED_EDGE('',*,*,#1700,.T.);
#1700 = EDGE_CURVE('',#1680,#1701,#1703,.T.);
#1701 = VERTEX_POINT('',#1702);
#1702 = CARTESIAN_POINT('',(-2.167815971266,-18.7249318801,192.));
#1703 = SURFACE_CURVE('',#1704,(#1709,#1716),.PCURVE_S1.);
#1704 = CIRCLE('',#1705,18.85);
#1705 = AXIS2_PLACEMENT_3D('',#1706,#1707,#1708);
#1706 = CARTESIAN_POINT('',(9.508167454068E-14,8.13816761178E-16,192.));
#1707 = DIRECTION('',(0.,0.,1.));
#1708 = DIRECTION('',(1.,0.,0.));
#1709 = PCURVE('',#882,#1710);
#1710 = DEFINITIONAL_REPRESENTATION('',(#1711),#1715);
#1711 = LINE('',#1712,#1713);
#1712 = CARTESIAN_POINT('',(-0.,-142.));
#1713 = VECTOR('',#1714,1.);
#1714 = DIRECTION('',(-1.,0.));
#1715 = ( GEOMETRIC_REPRESENTATION_CONTEXT(2) 
PARAMETRIC_REPRESENTATION_CONTEXT() REPRESENTATION_CONTEXT('2D SPACE',''
  ) );
#1716 = PCURVE('',#1382,#1717);
#1717 = DEFINITIONAL_REPRESENTATION('',(#1718),#1722);
#1718 = CIRCLE('',#1719,18.85);
#1719 = AXIS2_PLACEMENT_2D('',#1720,#1721);
#1720 = CARTESIAN_POINT('',(9.671851060956E-14,5.410649926914E-16));
#1721 = DIRECTION('',(1.,0.));
#1722 = ( GEOMETRIC_REPRESENTATION_CONTEXT(2) 
PARAMETRIC_REPRESENTATION_CONTEXT() REPRESENTATION_CONTEXT('2D SPACE',''
  ) );
#1723 = ORIENTED_EDGE('',*,*,#1724,.T.);
#1724 = EDGE_CURVE('',#1701,#1725,#1727,.T.);
#1725 = VERTEX_POINT('',#1726);
#1726 = CARTESIAN_POINT('',(-2.167815971266,-18.7249318801,184.));
#1727 = SURFACE_CURVE('',#1728,(#1732,#1738),.PCURVE_S1.);
#1728 = LINE('',#1729,#1730);
#1729 = CARTESIAN_POINT('',(-2.167815971266,-18.7249318801,50.));
#1730 = VECTOR('',#1731,1.);
#1731 = DIRECTION('',(-0.,-0.,-1.));
#1732 = PCURVE('',#882,#1733);
#1733 = DEFINITIONAL_REPRESENTATION('',(#1734),#1737);
#1734 = B_SPLINE_CURVE_WITH_KNOTS('',1,(#1735,#1736),.UNSPECIFIED.,.F.,
  .F.,(2,2),(-142.0000006,-133.9999994),.PIECEWISE_BEZIER_KNOTS.);
#1735 = CARTESIAN_POINT('',(-4.59713045754,-142.0000006));
#1736 = CARTESIAN_POINT('',(-4.59713045754,-133.9999994));
#1737 = ( GEOMETRIC_REPRESENTATION_CONTEXT(2) 
PARAMETRIC_REPRESENTATION_CONTEXT() REPRESENTATION_CONTEXT('2D SPACE',''
  ) );
#1738 = PCURVE('',#1739,#1744);
#1739 = CYLINDRICAL_SURFACE('',#1740,2.2);
#1740 = AXIS2_PLACEMENT_3D('',#1741,#1742,#1743);
#1741 = CARTESIAN_POINT('',(-3.370840314653E-15,-18.35,184.));
#1742 = DIRECTION('',(-0.,-0.,-1.));
#1743 = DIRECTION('',(1.,0.,0.));
#1744 = DEFINITIONAL_REPRESENTATION('',(#1745),#1748);
#1745 = B_SPLINE_CURVE_WITH_KNOTS('',1,(#1746,#1747),.UNSPECIFIED.,.F.,
  .F.,(2,2),(-142.0000006,-133.9999994),.PIECEWISE_BEZIER_KNOTS.);
#1746 = CARTESIAN_POINT('',(-9.596037484421,-8.0000006));
#1747 = CARTESIAN_POINT('',(-9.596037484421,5.999999928008E-07));
#1748 = ( GEOMETRIC_REPRESENTATION_CONTEXT(2) 
PARAMETRIC_REPRESENTATION_CONTEXT() REPRESENTATION_CONTEXT('2D SPACE',''
  ) );
#1749 = ORIENTED_EDGE('',*,*,#1750,.F.);
#1750 = EDGE_CURVE('',#1751,#1725,#1753,.T.);
#1751 = VERTEX_POINT('',#1752);
#1752 = CARTESIAN_POINT('',(-0.632861577425,-18.839373297,184.));
#1753 = SURFACE_CURVE('',#1754,(#1759,#1766),.PCURVE_S1.);
#1754 = CIRCLE('',#1755,18.85);
#1755 = AXIS2_PLACEMENT_3D('',#1756,#1757,#1758);
#1756 = CARTESIAN_POINT('',(9.508167454068E-14,8.13816761178E-16,184.));
#1757 = DIRECTION('',(0.,0.,-1.));
#1758 = DIRECTION('',(1.,0.,0.));
#1759 = PCURVE('',#882,#1760);
#1760 = DEFINITIONAL_REPRESENTATION('',(#1761),#1765);
#1761 = LINE('',#1762,#1763);
#1762 = CARTESIAN_POINT('',(-6.28318530718,-134.));
#1763 = VECTOR('',#1764,1.);
#1764 = DIRECTION('',(1.,-0.));
#1765 = ( GEOMETRIC_REPRESENTATION_CONTEXT(2) 
PARAMETRIC_REPRESENTATION_CONTEXT() REPRESENTATION_CONTEXT('2D SPACE',''
  ) );
#1766 = PCURVE('',#1767,#1772);
#1767 = PLANE('',#1768);
#1768 = AXIS2_PLACEMENT_3D('',#1769,#1770,#1771);
#1769 = CARTESIAN_POINT('',(-3.573991255501E-15,-18.35,184.));
#1770 = DIRECTION('',(0.,0.,1.));
#1771 = DIRECTION('',(1.,0.,-0.));
#1772 = DEFINITIONAL_REPRESENTATION('',(#1773),#1781);
#1773 = ( BOUNDED_CURVE() B_SPLINE_CURVE(2,(#1774,#1775,#1776,#1777,
#1778,#1779,#1780),.UNSPECIFIED.,.T.,.F.) B_SPLINE_CURVE_WITH_KNOTS((1,2
    ,2,2,2,1),(-2.094395102393,0.,2.094395102393,4.188790204786,
6.28318530718,8.377580409573),.UNSPECIFIED.) CURVE() 
GEOMETRIC_REPRESENTATION_ITEM() RATIONAL_B_SPLINE_CURVE((1.,0.5,1.,0.5,
1.,0.5,1.)) REPRESENTATION_ITEM('') );
#1774 = CARTESIAN_POINT('',(18.85,18.35));
#1775 = CARTESIAN_POINT('',(18.85,-14.29915772267));
#1776 = CARTESIAN_POINT('',(-9.425,2.025421138663));
#1777 = CARTESIAN_POINT('',(-37.7,18.35));
#1778 = CARTESIAN_POINT('',(-9.425,34.674578861337));
#1779 = CARTESIAN_POINT('',(18.85,50.999157722673));
#1780 = CARTESIAN_POINT('',(18.85,18.35));
#1781 = ( GEOMETRIC_REPRESENTATION_CONTEXT(2) 
PARAMETRIC_REPRESENTATION_CONTEXT() REPRESENTATION_CONTEXT('2D SPACE',''
  ) );
#1782 = ORIENTED_EDGE('',*,*,#1783,.F.);
#1783 = EDGE_CURVE('',#1784,#1751,#1786,.T.);
#1784 = VERTEX_POINT('',#1785);
#1785 = CARTESIAN_POINT('',(0.632861577425,-18.839373297,184.));
#1786 = SURFACE_CURVE('',#1787,(#1792,#1799),.PCURVE_S1.);
#1787 = CIRCLE('',#1788,18.85);
#1788 = AXIS2_PLACEMENT_3D('',#1789,#1790,#1791);
#1789 = CARTESIAN_POINT('',(9.508167454068E-14,8.13816761178E-16,184.));
#1790 = DIRECTION('',(0.,0.,-1.));
#1791 = DIRECTION('',(1.,0.,0.));
#1792 = PCURVE('',#882,#1793);
#1793 = DEFINITIONAL_REPRESENTATION('',(#1794),#1798);
#1794 = LINE('',#1795,#1796);
#1795 = CARTESIAN_POINT('',(-6.28318530718,-134.));
#1796 = VECTOR('',#1797,1.);
#1797 = DIRECTION('',(1.,-0.));
#1798 = ( GEOMETRIC_REPRESENTATION_CONTEXT(2) 
PARAMETRIC_REPRESENTATION_CONTEXT() REPRESENTATION_CONTEXT('2D SPACE',''
  ) );
#1799 = PCURVE('',#1800,#1805);
#1800 = PLANE('',#1801);
#1801 = AXIS2_PLACEMENT_3D('',#1802,#1803,#1804);
#1802 = CARTESIAN_POINT('',(-3.418600331349E-15,-18.35,184.));
#1803 = DIRECTION('',(0.,0.,1.));
#1804 = DIRECTION('',(1.,0.,-0.));
#1805 = DEFINITIONAL_REPRESENTATION('',(#1806),#1814);
#1806 = ( BOUNDED_CURVE() B_SPLINE_CURVE(2,(#1807,#1808,#1809,#1810,
#1811,#1812,#1813),.UNSPECIFIED.,.T.,.F.) B_SPLINE_CURVE_WITH_KNOTS((1,2
    ,2,2,2,1),(-2.094395102393,0.,2.094395102393,4.188790204786,
6.28318530718,8.377580409573),.UNSPECIFIED.) CURVE() 
GEOMETRIC_REPRESENTATION_ITEM() RATIONAL_B_SPLINE_CURVE((1.,0.5,1.,0.5,
1.,0.5,1.)) REPRESENTATION_ITEM('') );
#1807 = CARTESIAN_POINT('',(18.85,18.35));
#1808 = CARTESIAN_POINT('',(18.85,-14.29915772267));
#1809 = CARTESIAN_POINT('',(-9.425,2.025421138663));
#1810 = CARTESIAN_POINT('',(-37.7,18.35));
#1811 = CARTESIAN_POINT('',(-9.425,34.674578861337));
#1812 = CARTESIAN_POINT('',(18.85,50.999157722673));
#1813 = CARTESIAN_POINT('',(18.85,18.35));
#1814 = ( GEOMETRIC_REPRESENTATION_CONTEXT(2) 
PARAMETRIC_REPRESENTATION_CONTEXT() REPRESENTATION_CONTEXT('2D SPACE',''
  ) );
#1815 = ORIENTED_EDGE('',*,*,#1816,.F.);
#1816 = EDGE_CURVE('',#1817,#1784,#1819,.T.);
#1817 = VERTEX_POINT('',#1818);
#1818 = CARTESIAN_POINT('',(2.167815971266,-18.7249318801,184.));
#1819 = SURFACE_CURVE('',#1820,(#1825,#1832),.PCURVE_S1.);
#1820 = CIRCLE('',#1821,18.85);
#1821 = AXIS2_PLACEMENT_3D('',#1822,#1823,#1824);
#1822 = CARTESIAN_POINT('',(9.508167454068E-14,8.13816761178E-16,184.));
#1823 = DIRECTION('',(0.,0.,-1.));
#1824 = DIRECTION('',(1.,0.,0.));
#1825 = PCURVE('',#882,#1826);
#1826 = DEFINITIONAL_REPRESENTATION('',(#1827),#1831);
#1827 = LINE('',#1828,#1829);
#1828 = CARTESIAN_POINT('',(-6.28318530718,-134.));
#1829 = VECTOR('',#1830,1.);
#1830 = DIRECTION('',(1.,-0.));
#1831 = ( GEOMETRIC_REPRESENTATION_CONTEXT(2) 
PARAMETRIC_REPRESENTATION_CONTEXT() REPRESENTATION_CONTEXT('2D SPACE',''
  ) );
#1832 = PCURVE('',#1767,#1833);
#1833 = DEFINITIONAL_REPRESENTATION('',(#1834),#1842);
#1834 = ( BOUNDED_CURVE() B_SPLINE_CURVE(2,(#1835,#1836,#1837,#1838,
#1839,#1840,#1841),.UNSPECIFIED.,.T.,.F.) B_SPLINE_CURVE_WITH_KNOTS((1,2
    ,2,2,2,1),(-2.094395102393,0.,2.094395102393,4.188790204786,
6.28318530718,8.377580409573),.UNSPECIFIED.) CURVE() 
GEOMETRIC_REPRESENTATION_ITEM() RATIONAL_B_SPLINE_CURVE((1.,0.5,1.,0.5,
1.,0.5,1.)) REPRESENTATION_ITEM('') );
#1835 = CARTESIAN_POINT('',(18.85,18.35));
#1836 = CARTESIAN_POINT('',(18.85,-14.29915772267));
#1837 = CARTESIAN_POINT('',(-9.425,2.025421138663));
#1838 = CARTESIAN_POINT('',(-37.7,18.35));
#1839 = CARTESIAN_POINT('',(-9.425,34.674578861337));
#1840 = CARTESIAN_POINT('',(18.85,50.999157722673));
#1841 = CARTESIAN_POINT('',(18.85,18.35));
#1842 = ( GEOMETRIC_REPRESENTATION_CONTEXT(2) 
PARAMETRIC_REPRESENTATION_CONTEXT() REPRESENTATION_CONTEXT('2D SPACE',''
  ) );
#1843 = ORIENTED_EDGE('',*,*,#1844,.F.);
#1844 = EDGE_CURVE('',#1845,#1817,#1847,.T.);
#1845 = VERTEX_POINT('',#1846);
#1846 = CARTESIAN_POINT('',(2.167815971266,-18.7249318801,192.));
#1847 = SURFACE_CURVE('',#1848,(#1852,#1858),.PCURVE_S1.);
#1848 = LINE('',#1849,#1850);
#1849 = CARTESIAN_POINT('',(2.167815971266,-18.7249318801,50.));
#1850 = VECTOR('',#1851,1.);
#1851 = DIRECTION('',(-0.,-0.,-1.));
#1852 = PCURVE('',#882,#1853);
#1853 = DEFINITIONAL_REPRESENTATION('',(#1854),#1857);
#1854 = B_SPLINE_CURVE_WITH_KNOTS('',1,(#1855,#1856),.UNSPECIFIED.,.F.,
  .F.,(2,2),(-142.0000006,-133.9999994),.PIECEWISE_BEZIER_KNOTS.);
#1855 = CARTESIAN_POINT('',(-4.827647503229,-142.0000006));
#1856 = CARTESIAN_POINT('',(-4.827647503229,-133.9999994));
#1857 = ( GEOMETRIC_REPRESENTATION_CONTEXT(2) 
PARAMETRIC_REPRESENTATION_CONTEXT() REPRESENTATION_CONTEXT('2D SPACE',''
  ) );
#1858 = PCURVE('',#1739,#1859);
#1859 = DEFINITIONAL_REPRESENTATION('',(#1860),#1863);
#1860 = B_SPLINE_CURVE_WITH_KNOTS('',1,(#1861,#1862),.UNSPECIFIED.,.F.,
  .F.,(2,2),(-142.0000006,-133.9999994),.PIECEWISE_BEZIER_KNOTS.);
#1861 = CARTESIAN_POINT('',(-6.111925783528,-8.0000006));
#1862 = CARTESIAN_POINT('',(-6.111925783528,5.999999928008E-07));
#1863 = ( GEOMETRIC_REPRESENTATION_CONTEXT(2) 
PARAMETRIC_REPRESENTATION_CONTEXT() REPRESENTATION_CONTEXT('2D SPACE',''
  ) );
#1864 = ORIENTED_EDGE('',*,*,#1865,.T.);
#1865 = EDGE_CURVE('',#1845,#1343,#1866,.T.);
#1866 = SURFACE_CURVE('',#1867,(#1872,#1879),.PCURVE_S1.);
#1867 = CIRCLE('',#1868,18.85);
#1868 = AXIS2_PLACEMENT_3D('',#1869,#1870,#1871);
#1869 = CARTESIAN_POINT('',(9.508167454068E-14,8.13816761178E-16,192.));
#1870 = DIRECTION('',(0.,0.,1.));
#1871 = DIRECTION('',(1.,0.,0.));
#1872 = PCURVE('',#882,#1873);
#1873 = DEFINITIONAL_REPRESENTATION('',(#1874),#1878);
#1874 = LINE('',#1875,#1876);
#1875 = CARTESIAN_POINT('',(-0.,-142.));
#1876 = VECTOR('',#1877,1.);
#1877 = DIRECTION('',(-1.,0.));
#1878 = ( GEOMETRIC_REPRESENTATION_CONTEXT(2) 
PARAMETRIC_REPRESENTATION_CONTEXT() REPRESENTATION_CONTEXT('2D SPACE',''
  ) );
#1879 = PCURVE('',#1382,#1880);
#1880 = DEFINITIONAL_REPRESENTATION('',(#1881),#1885);
#1881 = CIRCLE('',#1882,18.85);
#1882 = AXIS2_PLACEMENT_2D('',#1883,#1884);
#1883 = CARTESIAN_POINT('',(9.671851060956E-14,5.410649926914E-16));
#1884 = DIRECTION('',(1.,0.));
#1885 = ( GEOMETRIC_REPRESENTATION_CONTEXT(2) 
PARAMETRIC_REPRESENTATION_CONTEXT() REPRESENTATION_CONTEXT('2D SPACE',''
  ) );
#1886 = ORIENTED_EDGE('',*,*,#1342,.F.);
#1887 = ORIENTED_EDGE('',*,*,#828,.T.);
#1888 = ORIENTED_EDGE('',*,*,#1320,.F.);
#1889 = FACE_BOUND('',#1890,.T.);
#1890 = EDGE_LOOP('',(#1891));
#1891 = ORIENTED_EDGE('',*,*,#1055,.T.);
#1892 = FACE_BOUND('',#1893,.T.);
#1893 = EDGE_LOOP('',(#1894));
#1894 = ORIENTED_EDGE('',*,*,#1185,.T.);
#1895 = ADVANCED_FACE('',(#1896),#1016,.T.);
#1896 = FACE_BOUND('',#1897,.F.);
#1897 = EDGE_LOOP('',(#1898,#1921,#1948,#1949));
#1898 = ORIENTED_EDGE('',*,*,#1899,.T.);
#1899 = EDGE_CURVE('',#1000,#1900,#1902,.T.);
#1900 = VERTEX_POINT('',#1901);
#1901 = CARTESIAN_POINT('',(19.55,1.901497333744E-16,182.65));
#1902 = SEAM_CURVE('',#1903,(#1907,#1914),.PCURVE_S1.);
#1903 = LINE('',#1904,#1905);
#1904 = CARTESIAN_POINT('',(19.55,1.901497333744E-16,181.35));
#1905 = VECTOR('',#1906,1.);
#1906 = DIRECTION('',(0.,0.,1.));
#1907 = PCURVE('',#1016,#1908);
#1908 = DEFINITIONAL_REPRESENTATION('',(#1909),#1913);
#1909 = LINE('',#1910,#1911);
#1910 = CARTESIAN_POINT('',(-0.,0.));
#1911 = VECTOR('',#1912,1.);
#1912 = DIRECTION('',(-0.,-1.));
#1913 = ( GEOMETRIC_REPRESENTATION_CONTEXT(2) 
PARAMETRIC_REPRESENTATION_CONTEXT() REPRESENTATION_CONTEXT('2D SPACE',''
  ) );
#1914 = PCURVE('',#1016,#1915);
#1915 = DEFINITIONAL_REPRESENTATION('',(#1916),#1920);
#1916 = LINE('',#1917,#1918);
#1917 = CARTESIAN_POINT('',(-6.28318530718,0.));
#1918 = VECTOR('',#1919,1.);
#1919 = DIRECTION('',(-0.,-1.));
#1920 = ( GEOMETRIC_REPRESENTATION_CONTEXT(2) 
PARAMETRIC_REPRESENTATION_CONTEXT() REPRESENTATION_CONTEXT('2D SPACE',''
  ) );
#1921 = ORIENTED_EDGE('',*,*,#1922,.T.);
#1922 = EDGE_CURVE('',#1900,#1900,#1923,.T.);
#1923 = SURFACE_CURVE('',#1924,(#1929,#1936),.PCURVE_S1.);
#1924 = CIRCLE('',#1925,19.55);
#1925 = AXIS2_PLACEMENT_3D('',#1926,#1927,#1928);
#1926 = CARTESIAN_POINT('',(9.600789232062E-14,1.901497333744E-16,182.65
    ));
#1927 = DIRECTION('',(0.,0.,1.));
#1928 = DIRECTION('',(1.,0.,0.));
#1929 = PCURVE('',#1016,#1930);
#1930 = DEFINITIONAL_REPRESENTATION('',(#1931),#1935);
#1931 = LINE('',#1932,#1933);
#1932 = CARTESIAN_POINT('',(-0.,-1.3));
#1933 = VECTOR('',#1934,1.);
#1934 = DIRECTION('',(-1.,0.));
#1935 = ( GEOMETRIC_REPRESENTATION_CONTEXT(2) 
PARAMETRIC_REPRESENTATION_CONTEXT() REPRESENTATION_CONTEXT('2D SPACE',''
  ) );
#1936 = PCURVE('',#1937,#1942);
#1937 = PLANE('',#1938);
#1938 = AXIS2_PLACEMENT_3D('',#1939,#1940,#1941);
#1939 = CARTESIAN_POINT('',(-1.085808541967E-15,1.349062650506E-15,
    182.65));
#1940 = DIRECTION('',(0.,0.,1.));
#1941 = DIRECTION('',(1.,0.,-0.));
#1942 = DEFINITIONAL_REPRESENTATION('',(#1943),#1947);
#1943 = CIRCLE('',#1944,19.55);
#1944 = AXIS2_PLACEMENT_2D('',#1945,#1946);
#1945 = CARTESIAN_POINT('',(9.709370086259E-14,-1.158912917132E-15));
#1946 = DIRECTION('',(1.,0.));
#1947 = ( GEOMETRIC_REPRESENTATION_CONTEXT(2) 
PARAMETRIC_REPRESENTATION_CONTEXT() REPRESENTATION_CONTEXT('2D SPACE',''
  ) );
#1948 = ORIENTED_EDGE('',*,*,#1899,.F.);
#1949 = ORIENTED_EDGE('',*,*,#999,.F.);
#1950 = ADVANCED_FACE('',(#1951,#1982),#1308,.F.);
#1951 = FACE_BOUND('',#1952,.F.);
#1952 = EDGE_LOOP('',(#1953));
#1953 = ORIENTED_EDGE('',*,*,#1954,.T.);
#1954 = EDGE_CURVE('',#1955,#1955,#1957,.T.);
#1955 = VERTEX_POINT('',#1956);
#1956 = CARTESIAN_POINT('',(19.6,-4.800615452658E-15,50.));
#1957 = SURFACE_CURVE('',#1958,(#1963,#1970),.PCURVE_S1.);
#1958 = CIRCLE('',#1959,19.6);
#1959 = AXIS2_PLACEMENT_3D('',#1960,#1961,#1962);
#1960 = CARTESIAN_POINT('',(0.,0.,50.));
#1961 = DIRECTION('',(0.,0.,1.));
#1962 = DIRECTION('',(1.,0.,-0.));
#1963 = PCURVE('',#1308,#1964);
#1964 = DEFINITIONAL_REPRESENTATION('',(#1965),#1969);
#1965 = CIRCLE('',#1966,19.6);
#1966 = AXIS2_PLACEMENT_2D('',#1967,#1968);
#1967 = CARTESIAN_POINT('',(1.636836068875E-15,-2.727517684866E-16));
#1968 = DIRECTION('',(1.,0.));
#1969 = ( GEOMETRIC_REPRESENTATION_CONTEXT(2) 
PARAMETRIC_REPRESENTATION_CONTEXT() REPRESENTATION_CONTEXT('2D SPACE',''
  ) );
#1970 = PCURVE('',#1971,#1976);
#1971 = CONICAL_SURFACE('',#1972,1.E-02,0.390427402348);
#1972 = AXIS2_PLACEMENT_3D('',#1973,#1974,#1975);
#1973 = CARTESIAN_POINT('',(0.,0.,2.4));
#1974 = DIRECTION('',(0.,0.,1.));
#1975 = DIRECTION('',(1.,0.,-0.));
#1976 = DEFINITIONAL_REPRESENTATION('',(#1977),#1981);
#1977 = LINE('',#1978,#1979);
#1978 = CARTESIAN_POINT('',(0.,47.6));
#1979 = VECTOR('',#1980,1.);
#1980 = DIRECTION('',(1.,0.));
#1981 = ( GEOMETRIC_REPRESENTATION_CONTEXT(2) 
PARAMETRIC_REPRESENTATION_CONTEXT() REPRESENTATION_CONTEXT('2D SPACE',''
  ) );
#1982 = FACE_BOUND('',#1983,.F.);
#1983 = EDGE_LOOP('',(#1984));
#1984 = ORIENTED_EDGE('',*,*,#1291,.F.);
#1985 = ADVANCED_FACE('',(#1986,#2021,#2052,#2083,#2163),#1382,.T.);
#1986 = FACE_BOUND('',#1987,.T.);
#1987 = EDGE_LOOP('',(#1988));
#1988 = ORIENTED_EDGE('',*,*,#1989,.F.);
#1989 = EDGE_CURVE('',#1990,#1990,#1992,.T.);
#1990 = VERTEX_POINT('',#1991);
#1991 = CARTESIAN_POINT('',(20.05,0.,192.));
#1992 = SURFACE_CURVE('',#1993,(#1998,#2009),.PCURVE_S1.);
#1993 = CIRCLE('',#1994,20.05);
#1994 = AXIS2_PLACEMENT_3D('',#1995,#1996,#1997);
#1995 = CARTESIAN_POINT('',(-6.051644040665E-16,-9.909657793579E-16,192.
    ));
#1996 = DIRECTION('',(-0.,0.,-1.));
#1997 = DIRECTION('',(1.,-1.955046326794E-16,-0.));
#1998 = PCURVE('',#1382,#1999);
#1999 = DEFINITIONAL_REPRESENTATION('',(#2000),#2008);
#2000 = ( BOUNDED_CURVE() B_SPLINE_CURVE(2,(#2001,#2002,#2003,#2004,
#2005,#2006,#2007),.UNSPECIFIED.,.T.,.F.) B_SPLINE_CURVE_WITH_KNOTS((1,2
    ,2,2,2,1),(-2.094395102393,0.,2.094395102393,4.188790204786,
6.28318530718,8.377580409573),.UNSPECIFIED.) CURVE() 
GEOMETRIC_REPRESENTATION_ITEM() RATIONAL_B_SPLINE_CURVE((1.,0.5,1.,0.5,
1.,0.5,1.)) REPRESENTATION_ITEM('') );
#2001 = CARTESIAN_POINT('',(20.05,-5.183585433067E-15));
#2002 = CARTESIAN_POINT('',(20.05,-34.72761869175));
#2003 = CARTESIAN_POINT('',(-10.025,-17.36380934587));
#2004 = CARTESIAN_POINT('',(-40.1,1.66518455802E-15));
#2005 = CARTESIAN_POINT('',(-10.025,17.363809345878));
#2006 = CARTESIAN_POINT('',(20.05,34.727618691756));
#2007 = CARTESIAN_POINT('',(20.05,-5.183585433067E-15));
#2008 = ( GEOMETRIC_REPRESENTATION_CONTEXT(2) 
PARAMETRIC_REPRESENTATION_CONTEXT() REPRESENTATION_CONTEXT('2D SPACE',''
  ) );
#2009 = PCURVE('',#2010,#2015);
#2010 = CYLINDRICAL_SURFACE('',#2011,20.05);
#2011 = AXIS2_PLACEMENT_3D('',#2012,#2013,#2014);
#2012 = CARTESIAN_POINT('',(0.,0.,50.));
#2013 = DIRECTION('',(-0.,-0.,-1.));
#2014 = DIRECTION('',(1.,0.,0.));
#2015 = DEFINITIONAL_REPRESENTATION('',(#2016),#2020);
#2016 = LINE('',#2017,#2018);
#2017 = CARTESIAN_POINT('',(-6.28318530718,-142.));
#2018 = VECTOR('',#2019,1.);
#2019 = DIRECTION('',(1.,-0.));
#2020 = ( GEOMETRIC_REPRESENTATION_CONTEXT(2) 
PARAMETRIC_REPRESENTATION_CONTEXT() REPRESENTATION_CONTEXT('2D SPACE',''
  ) );
#2021 = FACE_BOUND('',#2022,.T.);
#2022 = EDGE_LOOP('',(#2023));
#2023 = ORIENTED_EDGE('',*,*,#2024,.F.);
#2024 = EDGE_CURVE('',#2025,#2025,#2027,.T.);
#2025 = VERTEX_POINT('',#2026);
#2026 = CARTESIAN_POINT('',(0.8,-18.35,192.));
#2027 = SURFACE_CURVE('',#2028,(#2033,#2040),.PCURVE_S1.);
#2028 = CIRCLE('',#2029,0.8);
#2029 = AXIS2_PLACEMENT_3D('',#2030,#2031,#2032);
#2030 = CARTESIAN_POINT('',(-3.370840314653E-15,-18.35,192.));
#2031 = DIRECTION('',(0.,0.,1.));
#2032 = DIRECTION('',(1.,0.,0.));
#2033 = PCURVE('',#1382,#2034);
#2034 = DEFINITIONAL_REPRESENTATION('',(#2035),#2039);
#2035 = CIRCLE('',#2036,0.8);
#2036 = AXIS2_PLACEMENT_2D('',#2037,#2038);
#2037 = CARTESIAN_POINT('',(-1.734004245778E-15,-18.35));
#2038 = DIRECTION('',(1.,0.));
#2039 = ( GEOMETRIC_REPRESENTATION_CONTEXT(2) 
PARAMETRIC_REPRESENTATION_CONTEXT() REPRESENTATION_CONTEXT('2D SPACE',''
  ) );
#2040 = PCURVE('',#2041,#2046);
#2041 = CYLINDRICAL_SURFACE('',#2042,0.8);
#2042 = AXIS2_PLACEMENT_3D('',#2043,#2044,#2045);
#2043 = CARTESIAN_POINT('',(-3.370840314653E-15,-18.35,184.));
#2044 = DIRECTION('',(-0.,-0.,-1.));
#2045 = DIRECTION('',(1.,0.,0.));
#2046 = DEFINITIONAL_REPRESENTATION('',(#2047),#2051);
#2047 = LINE('',#2048,#2049);
#2048 = CARTESIAN_POINT('',(-0.,-8.));
#2049 = VECTOR('',#2050,1.);
#2050 = DIRECTION('',(-1.,0.));
#2051 = ( GEOMETRIC_REPRESENTATION_CONTEXT(2) 
PARAMETRIC_REPRESENTATION_CONTEXT() REPRESENTATION_CONTEXT('2D SPACE',''
  ) );
#2052 = FACE_BOUND('',#2053,.T.);
#2053 = EDGE_LOOP('',(#2054));
#2054 = ORIENTED_EDGE('',*,*,#2055,.F.);
#2055 = EDGE_CURVE('',#2056,#2056,#2058,.T.);
#2056 = VERTEX_POINT('',#2057);
#2057 = CARTESIAN_POINT('',(-15.09156615944,9.175,192.));
#2058 = SURFACE_CURVE('',#2059,(#2064,#2071),.PCURVE_S1.);
#2059 = CIRCLE('',#2060,0.8);
#2060 = AXIS2_PLACEMENT_3D('',#2061,#2062,#2063);
#2061 = CARTESIAN_POINT('',(-15.89156615944,9.175,192.));
#2062 = DIRECTION('',(0.,0.,1.));
#2063 = DIRECTION('',(1.,0.,0.));
#2064 = PCURVE('',#1382,#2065);
#2065 = DEFINITIONAL_REPRESENTATION('',(#2066),#2070);
#2066 = CIRCLE('',#2067,0.8);
#2067 = AXIS2_PLACEMENT_2D('',#2068,#2069);
#2068 = CARTESIAN_POINT('',(-15.89156615944,9.175));
#2069 = DIRECTION('',(1.,0.));
#2070 = ( GEOMETRIC_REPRESENTATION_CONTEXT(2) 
PARAMETRIC_REPRESENTATION_CONTEXT() REPRESENTATION_CONTEXT('2D SPACE',''
  ) );
#2071 = PCURVE('',#2072,#2077);
#2072 = CYLINDRICAL_SURFACE('',#2073,0.8);
#2073 = AXIS2_PLACEMENT_3D('',#2074,#2075,#2076);
#2074 = CARTESIAN_POINT('',(-15.89156615944,9.175,184.));
#2075 = DIRECTION('',(-0.,-0.,-1.));
#2076 = DIRECTION('',(1.,0.,0.));
#2077 = DEFINITIONAL_REPRESENTATION('',(#2078),#2082);
#2078 = LINE('',#2079,#2080);
#2079 = CARTESIAN_POINT('',(-0.,-8.));
#2080 = VECTOR('',#2081,1.);
#2081 = DIRECTION('',(-1.,0.));
#2082 = ( GEOMETRIC_REPRESENTATION_CONTEXT(2) 
PARAMETRIC_REPRESENTATION_CONTEXT() REPRESENTATION_CONTEXT('2D SPACE',''
  ) );
#2083 = FACE_BOUND('',#2084,.T.);
#2084 = EDGE_LOOP('',(#2085,#2086,#2112,#2113,#2139,#2140,#2162));
#2085 = ORIENTED_EDGE('',*,*,#1865,.F.);
#2086 = ORIENTED_EDGE('',*,*,#2087,.F.);
#2087 = EDGE_CURVE('',#1701,#1845,#2088,.T.);
#2088 = SURFACE_CURVE('',#2089,(#2094,#2105),.PCURVE_S1.);
#2089 = CIRCLE('',#2090,2.2);
#2090 = AXIS2_PLACEMENT_3D('',#2091,#2092,#2093);
#2091 = CARTESIAN_POINT('',(-3.370840314653E-15,-18.35,192.));
#2092 = DIRECTION('',(-0.,0.,-1.));
#2093 = DIRECTION('',(-0.663049363765,-0.748575675006,0.));
#2094 = PCURVE('',#1382,#2095);
#2095 = DEFINITIONAL_REPRESENTATION('',(#2096),#2104);
#2096 = ( BOUNDED_CURVE() B_SPLINE_CURVE(2,(#2097,#2098,#2099,#2100,
#2101,#2102,#2103),.UNSPECIFIED.,.T.,.F.) B_SPLINE_CURVE_WITH_KNOTS((1,2
    ,2,2,2,1),(-2.094395102393,0.,2.094395102393,4.188790204786,
6.28318530718,8.377580409573),.UNSPECIFIED.) CURVE() 
GEOMETRIC_REPRESENTATION_ITEM() RATIONAL_B_SPLINE_CURVE((1.,0.5,1.,0.5,
1.,0.5,1.)) REPRESENTATION_ITEM('') );
#2097 = CARTESIAN_POINT('',(-1.458708600283,-19.99686648501));
#2098 = CARTESIAN_POINT('',(-4.311165025609,-17.47030907588));
#2099 = CARTESIAN_POINT('',(-0.696873912522,-16.26328805292));
#2100 = CARTESIAN_POINT('',(2.917417200566,-15.05626702997));
#2101 = CARTESIAN_POINT('',(2.155582512804,-18.78984546205));
#2102 = CARTESIAN_POINT('',(1.393747825043,-22.52342389414));
#2103 = CARTESIAN_POINT('',(-1.458708600283,-19.99686648501));
#2104 = ( GEOMETRIC_REPRESENTATION_CONTEXT(2) 
PARAMETRIC_REPRESENTATION_CONTEXT() REPRESENTATION_CONTEXT('2D SPACE',''
  ) );
#2105 = PCURVE('',#1739,#2106);
#2106 = DEFINITIONAL_REPRESENTATION('',(#2107),#2111);
#2107 = LINE('',#2108,#2109);
#2108 = CARTESIAN_POINT('',(-10.27068928366,-8.));
#2109 = VECTOR('',#2110,1.);
#2110 = DIRECTION('',(1.,-0.));
#2111 = ( GEOMETRIC_REPRESENTATION_CONTEXT(2) 
PARAMETRIC_REPRESENTATION_CONTEXT() REPRESENTATION_CONTEXT('2D SPACE',''
  ) );
#2112 = ORIENTED_EDGE('',*,*,#1700,.F.);
#2113 = ORIENTED_EDGE('',*,*,#2114,.F.);
#2114 = EDGE_CURVE('',#1536,#1680,#2115,.T.);
#2115 = SURFACE_CURVE('',#2116,(#2121,#2132),.PCURVE_S1.);
#2116 = CIRCLE('',#2117,2.2);
#2117 = AXIS2_PLACEMENT_3D('',#2118,#2119,#2120);
#2118 = CARTESIAN_POINT('',(-15.89156615944,9.175,192.));
#2119 = DIRECTION('',(0.,0.,-1.));
#2120 = DIRECTION('',(-0.316760869328,0.948505430487,0.));
#2121 = PCURVE('',#1382,#2122);
#2122 = DEFINITIONAL_REPRESENTATION('',(#2123),#2131);
#2123 = ( BOUNDED_CURVE() B_SPLINE_CURVE(2,(#2124,#2125,#2126,#2127,
#2128,#2129,#2130),.UNSPECIFIED.,.T.,.F.) B_SPLINE_CURVE_WITH_KNOTS((1,2
    ,2,2,2,1),(-2.094395102393,0.,2.094395102393,4.188790204786,
6.28318530718,8.377580409573),.UNSPECIFIED.) CURVE() 
GEOMETRIC_REPRESENTATION_ITEM() RATIONAL_B_SPLINE_CURVE((1.,0.5,1.,0.5,
1.,0.5,1.)) REPRESENTATION_ITEM('') );
#2124 = CARTESIAN_POINT('',(-16.58844007196,11.261711947071));
#2125 = CARTESIAN_POINT('',(-12.97414895887,12.468732970027));
#2126 = CARTESIAN_POINT('',(-13.73598364664,8.735154537943));
#2127 = CARTESIAN_POINT('',(-14.4978183344,5.001576105859));
#2128 = CARTESIAN_POINT('',(-17.35027475972,7.528133514986));
#2129 = CARTESIAN_POINT('',(-20.20273118505,10.054690924114));
#2130 = CARTESIAN_POINT('',(-16.58844007196,11.261711947071));
#2131 = ( GEOMETRIC_REPRESENTATION_CONTEXT(2) 
PARAMETRIC_REPRESENTATION_CONTEXT() REPRESENTATION_CONTEXT('2D SPACE',''
  ) );
#2132 = PCURVE('',#1574,#2133);
#2133 = DEFINITIONAL_REPRESENTATION('',(#2134),#2138);
#2134 = LINE('',#2135,#2136);
#2135 = CARTESIAN_POINT('',(-8.176294181271,-8.));
#2136 = VECTOR('',#2137,1.);
#2137 = DIRECTION('',(1.,-0.));
#2138 = ( GEOMETRIC_REPRESENTATION_CONTEXT(2) 
PARAMETRIC_REPRESENTATION_CONTEXT() REPRESENTATION_CONTEXT('2D SPACE',''
  ) );
#2139 = ORIENTED_EDGE('',*,*,#1535,.F.);
#2140 = ORIENTED_EDGE('',*,*,#2141,.T.);
#2141 = EDGE_CURVE('',#1515,#1366,#2142,.T.);
#2142 = SURFACE_CURVE('',#2143,(#2148,#2155),.PCURVE_S1.);
#2143 = CIRCLE('',#2144,2.2);
#2144 = AXIS2_PLACEMENT_3D('',#2145,#2146,#2147);
#2145 = CARTESIAN_POINT('',(15.891566159444,9.175,192.));
#2146 = DIRECTION('',(0.,0.,1.));
#2147 = DIRECTION('',(1.,0.,0.));
#2148 = PCURVE('',#1382,#2149);
#2149 = DEFINITIONAL_REPRESENTATION('',(#2150),#2154);
#2150 = CIRCLE('',#2151,2.2);
#2151 = AXIS2_PLACEMENT_2D('',#2152,#2153);
#2152 = CARTESIAN_POINT('',(15.891566159444,9.175));
#2153 = DIRECTION('',(1.,0.));
#2154 = ( GEOMETRIC_REPRESENTATION_CONTEXT(2) 
PARAMETRIC_REPRESENTATION_CONTEXT() REPRESENTATION_CONTEXT('2D SPACE',''
  ) );
#2155 = PCURVE('',#1409,#2156);
#2156 = DEFINITIONAL_REPRESENTATION('',(#2157),#2161);
#2157 = LINE('',#2158,#2159);
#2158 = CARTESIAN_POINT('',(-0.,-8.));
#2159 = VECTOR('',#2160,1.);
#2160 = DIRECTION('',(-1.,0.));
#2161 = ( GEOMETRIC_REPRESENTATION_CONTEXT(2) 
PARAMETRIC_REPRESENTATION_CONTEXT() REPRESENTATION_CONTEXT('2D SPACE',''
  ) );
#2162 = ORIENTED_EDGE('',*,*,#1365,.F.);
#2163 = FACE_BOUND('',#2164,.T.);
#2164 = EDGE_LOOP('',(#2165));
#2165 = ORIENTED_EDGE('',*,*,#2166,.F.);
#2166 = EDGE_CURVE('',#2167,#2167,#2169,.T.);
#2167 = VERTEX_POINT('',#2168);
#2168 = CARTESIAN_POINT('',(16.691566159444,9.175,192.));
#2169 = SURFACE_CURVE('',#2170,(#2175,#2182),.PCURVE_S1.);
#2170 = CIRCLE('',#2171,0.8);
#2171 = AXIS2_PLACEMENT_3D('',#2172,#2173,#2174);
#2172 = CARTESIAN_POINT('',(15.891566159444,9.175,192.));
#2173 = DIRECTION('',(0.,0.,1.));
#2174 = DIRECTION('',(1.,0.,0.));
#2175 = PCURVE('',#1382,#2176);
#2176 = DEFINITIONAL_REPRESENTATION('',(#2177),#2181);
#2177 = CIRCLE('',#2178,0.8);
#2178 = AXIS2_PLACEMENT_2D('',#2179,#2180);
#2179 = CARTESIAN_POINT('',(15.891566159444,9.175));
#2180 = DIRECTION('',(1.,0.));
#2181 = ( GEOMETRIC_REPRESENTATION_CONTEXT(2) 
PARAMETRIC_REPRESENTATION_CONTEXT() REPRESENTATION_CONTEXT('2D SPACE',''
  ) );
#2182 = PCURVE('',#2183,#2188);
#2183 = CYLINDRICAL_SURFACE('',#2184,0.8);
#2184 = AXIS2_PLACEMENT_3D('',#2185,#2186,#2187);
#2185 = CARTESIAN_POINT('',(15.891566159444,9.175,184.));
#2186 = DIRECTION('',(-0.,-0.,-1.));
#2187 = DIRECTION('',(1.,0.,0.));
#2188 = DEFINITIONAL_REPRESENTATION('',(#2189),#2193);
#2189 = LINE('',#2190,#2191);
#2190 = CARTESIAN_POINT('',(-0.,-8.));
#2191 = VECTOR('',#2192,1.);
#2192 = DIRECTION('',(-1.,0.));
#2193 = ( GEOMETRIC_REPRESENTATION_CONTEXT(2) 
PARAMETRIC_REPRESENTATION_CONTEXT() REPRESENTATION_CONTEXT('2D SPACE',''
  ) );
#2194 = ADVANCED_FACE('',(#2195),#1739,.T.);
#2195 = FACE_BOUND('',#2196,.F.);
#2196 = EDGE_LOOP('',(#2197,#2219,#2220,#2221));
#2197 = ORIENTED_EDGE('',*,*,#2198,.F.);
#2198 = EDGE_CURVE('',#1817,#1725,#2199,.T.);
#2199 = SURFACE_CURVE('',#2200,(#2205,#2212),.PCURVE_S1.);
#2200 = CIRCLE('',#2201,2.2);
#2201 = AXIS2_PLACEMENT_3D('',#2202,#2203,#2204);
#2202 = CARTESIAN_POINT('',(-3.370840314653E-15,-18.35,184.));
#2203 = DIRECTION('',(-0.,0.,1.));
#2204 = DIRECTION('',(0.663049363765,-0.748575675006,0.));
#2205 = PCURVE('',#1739,#2206);
#2206 = DEFINITIONAL_REPRESENTATION('',(#2207),#2211);
#2207 = LINE('',#2208,#2209);
#2208 = CARTESIAN_POINT('',(-5.437273984285,0.));
#2209 = VECTOR('',#2210,1.);
#2210 = DIRECTION('',(-1.,0.));
#2211 = ( GEOMETRIC_REPRESENTATION_CONTEXT(2) 
PARAMETRIC_REPRESENTATION_CONTEXT() REPRESENTATION_CONTEXT('2D SPACE',''
  ) );
#2212 = PCURVE('',#1767,#2213);
#2213 = DEFINITIONAL_REPRESENTATION('',(#2214),#2218);
#2214 = CIRCLE('',#2215,2.2);
#2215 = AXIS2_PLACEMENT_2D('',#2216,#2217);
#2216 = CARTESIAN_POINT('',(2.031509408477E-16,0.));
#2217 = DIRECTION('',(0.663049363765,-0.748575675006));
#2218 = ( GEOMETRIC_REPRESENTATION_CONTEXT(2) 
PARAMETRIC_REPRESENTATION_CONTEXT() REPRESENTATION_CONTEXT('2D SPACE',''
  ) );
#2219 = ORIENTED_EDGE('',*,*,#1844,.F.);
#2220 = ORIENTED_EDGE('',*,*,#2087,.F.);
#2221 = ORIENTED_EDGE('',*,*,#1724,.T.);
#2222 = ADVANCED_FACE('',(#2223),#1767,.F.);
#2223 = FACE_BOUND('',#2224,.F.);
#2224 = EDGE_LOOP('',(#2225,#2226,#2227,#2228,#2252));
#2225 = ORIENTED_EDGE('',*,*,#1816,.F.);
#2226 = ORIENTED_EDGE('',*,*,#2198,.T.);
#2227 = ORIENTED_EDGE('',*,*,#1750,.F.);
#2228 = ORIENTED_EDGE('',*,*,#2229,.F.);
#2229 = EDGE_CURVE('',#2230,#1751,#2232,.T.);
#2230 = VERTEX_POINT('',#2231);
#2231 = CARTESIAN_POINT('',(0.8,-18.35,184.));
#2232 = SURFACE_CURVE('',#2233,(#2238,#2245),.PCURVE_S1.);
#2233 = CIRCLE('',#2234,0.8);
#2234 = AXIS2_PLACEMENT_3D('',#2235,#2236,#2237);
#2235 = CARTESIAN_POINT('',(-3.370840314653E-15,-18.35,184.));
#2236 = DIRECTION('',(0.,0.,1.));
#2237 = DIRECTION('',(1.,0.,0.));
#2238 = PCURVE('',#1767,#2239);
#2239 = DEFINITIONAL_REPRESENTATION('',(#2240),#2244);
#2240 = CIRCLE('',#2241,0.8);
#2241 = AXIS2_PLACEMENT_2D('',#2242,#2243);
#2242 = CARTESIAN_POINT('',(2.031509408477E-16,0.));
#2243 = DIRECTION('',(1.,0.));
#2244 = ( GEOMETRIC_REPRESENTATION_CONTEXT(2) 
PARAMETRIC_REPRESENTATION_CONTEXT() REPRESENTATION_CONTEXT('2D SPACE',''
  ) );
#2245 = PCURVE('',#2041,#2246);
#2246 = DEFINITIONAL_REPRESENTATION('',(#2247),#2251);
#2247 = LINE('',#2248,#2249);
#2248 = CARTESIAN_POINT('',(-0.,0.));
#2249 = VECTOR('',#2250,1.);
#2250 = DIRECTION('',(-1.,0.));
#2251 = ( GEOMETRIC_REPRESENTATION_CONTEXT(2) 
PARAMETRIC_REPRESENTATION_CONTEXT() REPRESENTATION_CONTEXT('2D SPACE',''
  ) );
#2252 = ORIENTED_EDGE('',*,*,#2253,.F.);
#2253 = EDGE_CURVE('',#1784,#2230,#2254,.T.);
#2254 = SURFACE_CURVE('',#2255,(#2260,#2267),.PCURVE_S1.);
#2255 = CIRCLE('',#2256,0.8);
#2256 = AXIS2_PLACEMENT_3D('',#2257,#2258,#2259);
#2257 = CARTESIAN_POINT('',(-3.370840314653E-15,-18.35,184.));
#2258 = DIRECTION('',(0.,0.,1.));
#2259 = DIRECTION('',(1.,0.,0.));
#2260 = PCURVE('',#1767,#2261);
#2261 = DEFINITIONAL_REPRESENTATION('',(#2262),#2266);
#2262 = CIRCLE('',#2263,0.8);
#2263 = AXIS2_PLACEMENT_2D('',#2264,#2265);
#2264 = CARTESIAN_POINT('',(2.031509408477E-16,0.));
#2265 = DIRECTION('',(1.,0.));
#2266 = ( GEOMETRIC_REPRESENTATION_CONTEXT(2) 
PARAMETRIC_REPRESENTATION_CONTEXT() REPRESENTATION_CONTEXT('2D SPACE',''
  ) );
#2267 = PCURVE('',#2041,#2268);
#2268 = DEFINITIONAL_REPRESENTATION('',(#2269),#2273);
#2269 = LINE('',#2270,#2271);
#2270 = CARTESIAN_POINT('',(-0.,0.));
#2271 = VECTOR('',#2272,1.);
#2272 = DIRECTION('',(-1.,0.));
#2273 = ( GEOMETRIC_REPRESENTATION_CONTEXT(2) 
PARAMETRIC_REPRESENTATION_CONTEXT() REPRESENTATION_CONTEXT('2D SPACE',''
  ) );
#2274 = ADVANCED_FACE('',(#2275),#1800,.T.);
#2275 = FACE_BOUND('',#2276,.T.);
#2276 = EDGE_LOOP('',(#2277,#2278));
#2277 = ORIENTED_EDGE('',*,*,#1783,.T.);
#2278 = ORIENTED_EDGE('',*,*,#2279,.T.);
#2279 = EDGE_CURVE('',#1751,#1784,#2280,.T.);
#2280 = SURFACE_CURVE('',#2281,(#2286,#2293),.PCURVE_S1.);
#2281 = CIRCLE('',#2282,0.8);
#2282 = AXIS2_PLACEMENT_3D('',#2283,#2284,#2285);
#2283 = CARTESIAN_POINT('',(-3.370840314653E-15,-18.35,184.));
#2284 = DIRECTION('',(0.,0.,1.));
#2285 = DIRECTION('',(1.,0.,0.));
#2286 = PCURVE('',#1800,#2287);
#2287 = DEFINITIONAL_REPRESENTATION('',(#2288),#2292);
#2288 = CIRCLE('',#2289,0.8);
#2289 = AXIS2_PLACEMENT_2D('',#2290,#2291);
#2290 = CARTESIAN_POINT('',(4.776001669547E-17,0.));
#2291 = DIRECTION('',(1.,0.));
#2292 = ( GEOMETRIC_REPRESENTATION_CONTEXT(2) 
PARAMETRIC_REPRESENTATION_CONTEXT() REPRESENTATION_CONTEXT('2D SPACE',''
  ) );
#2293 = PCURVE('',#2041,#2294);
#2294 = DEFINITIONAL_REPRESENTATION('',(#2295),#2299);
#2295 = LINE('',#2296,#2297);
#2296 = CARTESIAN_POINT('',(-0.,0.));
#2297 = VECTOR('',#2298,1.);
#2298 = DIRECTION('',(-1.,0.));
#2299 = ( GEOMETRIC_REPRESENTATION_CONTEXT(2) 
PARAMETRIC_REPRESENTATION_CONTEXT() REPRESENTATION_CONTEXT('2D SPACE',''
  ) );
#2300 = ADVANCED_FACE('',(#2301),#1574,.T.);
#2301 = FACE_BOUND('',#2302,.F.);
#2302 = EDGE_LOOP('',(#2303,#2325,#2326,#2327));
#2303 = ORIENTED_EDGE('',*,*,#2304,.F.);
#2304 = EDGE_CURVE('',#1652,#1560,#2305,.T.);
#2305 = SURFACE_CURVE('',#2306,(#2311,#2318),.PCURVE_S1.);
#2306 = CIRCLE('',#2307,2.2);
#2307 = AXIS2_PLACEMENT_3D('',#2308,#2309,#2310);
#2308 = CARTESIAN_POINT('',(-15.89156615944,9.175,184.));
#2309 = DIRECTION('',(0.,0.,1.));
#2310 = DIRECTION('',(-0.979810233093,-0.19992975548,0.));
#2311 = PCURVE('',#1574,#2312);
#2312 = DEFINITIONAL_REPRESENTATION('',(#2313),#2317);
#2313 = LINE('',#2314,#2315);
#2314 = CARTESIAN_POINT('',(-3.342878881892,0.));
#2315 = VECTOR('',#2316,1.);
#2316 = DIRECTION('',(-1.,0.));
#2317 = ( GEOMETRIC_REPRESENTATION_CONTEXT(2) 
PARAMETRIC_REPRESENTATION_CONTEXT() REPRESENTATION_CONTEXT('2D SPACE',''
  ) );
#2318 = PCURVE('',#1602,#2319);
#2319 = DEFINITIONAL_REPRESENTATION('',(#2320),#2324);
#2320 = CIRCLE('',#2321,2.2);
#2321 = AXIS2_PLACEMENT_2D('',#2322,#2323);
#2322 = CARTESIAN_POINT('',(0.,0.));
#2323 = DIRECTION('',(-0.979810233093,-0.19992975548));
#2324 = ( GEOMETRIC_REPRESENTATION_CONTEXT(2) 
PARAMETRIC_REPRESENTATION_CONTEXT() REPRESENTATION_CONTEXT('2D SPACE',''
  ) );
#2325 = ORIENTED_EDGE('',*,*,#1679,.F.);
#2326 = ORIENTED_EDGE('',*,*,#2114,.F.);
#2327 = ORIENTED_EDGE('',*,*,#1559,.T.);
#2328 = ADVANCED_FACE('',(#2329),#1602,.F.);
#2329 = FACE_BOUND('',#2330,.F.);
#2330 = EDGE_LOOP('',(#2331,#2332,#2333,#2334,#2358));
#2331 = ORIENTED_EDGE('',*,*,#1651,.F.);
#2332 = ORIENTED_EDGE('',*,*,#2304,.T.);
#2333 = ORIENTED_EDGE('',*,*,#1585,.F.);
#2334 = ORIENTED_EDGE('',*,*,#2335,.F.);
#2335 = EDGE_CURVE('',#2336,#1586,#2338,.T.);
#2336 = VERTEX_POINT('',#2337);
#2337 = CARTESIAN_POINT('',(-15.09156615944,9.175,184.));
#2338 = SURFACE_CURVE('',#2339,(#2344,#2351),.PCURVE_S1.);
#2339 = CIRCLE('',#2340,0.8);
#2340 = AXIS2_PLACEMENT_3D('',#2341,#2342,#2343);
#2341 = CARTESIAN_POINT('',(-15.89156615944,9.175,184.));
#2342 = DIRECTION('',(0.,0.,1.));
#2343 = DIRECTION('',(1.,0.,0.));
#2344 = PCURVE('',#1602,#2345);
#2345 = DEFINITIONAL_REPRESENTATION('',(#2346),#2350);
#2346 = CIRCLE('',#2347,0.8);
#2347 = AXIS2_PLACEMENT_2D('',#2348,#2349);
#2348 = CARTESIAN_POINT('',(0.,0.));
#2349 = DIRECTION('',(1.,0.));
#2350 = ( GEOMETRIC_REPRESENTATION_CONTEXT(2) 
PARAMETRIC_REPRESENTATION_CONTEXT() REPRESENTATION_CONTEXT('2D SPACE',''
  ) );
#2351 = PCURVE('',#2072,#2352);
#2352 = DEFINITIONAL_REPRESENTATION('',(#2353),#2357);
#2353 = LINE('',#2354,#2355);
#2354 = CARTESIAN_POINT('',(-0.,0.));
#2355 = VECTOR('',#2356,1.);
#2356 = DIRECTION('',(-1.,0.));
#2357 = ( GEOMETRIC_REPRESENTATION_CONTEXT(2) 
PARAMETRIC_REPRESENTATION_CONTEXT() REPRESENTATION_CONTEXT('2D SPACE',''
  ) );
#2358 = ORIENTED_EDGE('',*,*,#2359,.F.);
#2359 = EDGE_CURVE('',#1619,#2336,#2360,.T.);
#2360 = SURFACE_CURVE('',#2361,(#2366,#2373),.PCURVE_S1.);
#2361 = CIRCLE('',#2362,0.8);
#2362 = AXIS2_PLACEMENT_3D('',#2363,#2364,#2365);
#2363 = CARTESIAN_POINT('',(-15.89156615944,9.175,184.));
#2364 = DIRECTION('',(0.,0.,1.));
#2365 = DIRECTION('',(1.,0.,0.));
#2366 = PCURVE('',#1602,#2367);
#2367 = DEFINITIONAL_REPRESENTATION('',(#2368),#2372);
#2368 = CIRCLE('',#2369,0.8);
#2369 = AXIS2_PLACEMENT_2D('',#2370,#2371);
#2370 = CARTESIAN_POINT('',(0.,0.));
#2371 = DIRECTION('',(1.,0.));
#2372 = ( GEOMETRIC_REPRESENTATION_CONTEXT(2) 
PARAMETRIC_REPRESENTATION_CONTEXT() REPRESENTATION_CONTEXT('2D SPACE',''
  ) );
#2373 = PCURVE('',#2072,#2374);
#2374 = DEFINITIONAL_REPRESENTATION('',(#2375),#2379);
#2375 = LINE('',#2376,#2377);
#2376 = CARTESIAN_POINT('',(-0.,0.));
#2377 = VECTOR('',#2378,1.);
#2378 = DIRECTION('',(-1.,0.));
#2379 = ( GEOMETRIC_REPRESENTATION_CONTEXT(2) 
PARAMETRIC_REPRESENTATION_CONTEXT() REPRESENTATION_CONTEXT('2D SPACE',''
  ) );
#2380 = ADVANCED_FACE('',(#2381),#1635,.T.);
#2381 = FACE_BOUND('',#2382,.T.);
#2382 = EDGE_LOOP('',(#2383,#2384));
#2383 = ORIENTED_EDGE('',*,*,#1618,.T.);
#2384 = ORIENTED_EDGE('',*,*,#2385,.T.);
#2385 = EDGE_CURVE('',#1586,#1619,#2386,.T.);
#2386 = SURFACE_CURVE('',#2387,(#2392,#2399),.PCURVE_S1.);
#2387 = CIRCLE('',#2388,0.8);
#2388 = AXIS2_PLACEMENT_3D('',#2389,#2390,#2391);
#2389 = CARTESIAN_POINT('',(-15.89156615944,9.175,184.));
#2390 = DIRECTION('',(0.,0.,1.));
#2391 = DIRECTION('',(1.,0.,0.));
#2392 = PCURVE('',#1635,#2393);
#2393 = DEFINITIONAL_REPRESENTATION('',(#2394),#2398);
#2394 = CIRCLE('',#2395,0.8);
#2395 = AXIS2_PLACEMENT_2D('',#2396,#2397);
#2396 = CARTESIAN_POINT('',(-3.552713678801E-15,0.));
#2397 = DIRECTION('',(1.,0.));
#2398 = ( GEOMETRIC_REPRESENTATION_CONTEXT(2) 
PARAMETRIC_REPRESENTATION_CONTEXT() REPRESENTATION_CONTEXT('2D SPACE',''
  ) );
#2399 = PCURVE('',#2072,#2400);
#2400 = DEFINITIONAL_REPRESENTATION('',(#2401),#2405);
#2401 = LINE('',#2402,#2403);
#2402 = CARTESIAN_POINT('',(-0.,0.));
#2403 = VECTOR('',#2404,1.);
#2404 = DIRECTION('',(-1.,0.));
#2405 = ( GEOMETRIC_REPRESENTATION_CONTEXT(2) 
PARAMETRIC_REPRESENTATION_CONTEXT() REPRESENTATION_CONTEXT('2D SPACE',''
  ) );
#2406 = ADVANCED_FACE('',(#2407),#1409,.T.);
#2407 = FACE_BOUND('',#2408,.F.);
#2408 = EDGE_LOOP('',(#2409,#2431,#2432,#2433));
#2409 = ORIENTED_EDGE('',*,*,#2410,.F.);
#2410 = EDGE_CURVE('',#1487,#1395,#2411,.T.);
#2411 = SURFACE_CURVE('',#2412,(#2417,#2424),.PCURVE_S1.);
#2412 = CIRCLE('',#2413,2.2);
#2413 = AXIS2_PLACEMENT_3D('',#2414,#2415,#2416);
#2414 = CARTESIAN_POINT('',(15.891566159444,9.175,184.));
#2415 = DIRECTION('',(0.,0.,1.));
#2416 = DIRECTION('',(1.,0.,0.));
#2417 = PCURVE('',#1409,#2418);
#2418 = DEFINITIONAL_REPRESENTATION('',(#2419),#2423);
#2419 = LINE('',#2420,#2421);
#2420 = CARTESIAN_POINT('',(-0.,0.));
#2421 = VECTOR('',#2422,1.);
#2422 = DIRECTION('',(-1.,0.));
#2423 = ( GEOMETRIC_REPRESENTATION_CONTEXT(2) 
PARAMETRIC_REPRESENTATION_CONTEXT() REPRESENTATION_CONTEXT('2D SPACE',''
  ) );
#2424 = PCURVE('',#1437,#2425);
#2425 = DEFINITIONAL_REPRESENTATION('',(#2426),#2430);
#2426 = CIRCLE('',#2427,2.2);
#2427 = AXIS2_PLACEMENT_2D('',#2428,#2429);
#2428 = CARTESIAN_POINT('',(0.,-1.7763568394E-15));
#2429 = DIRECTION('',(1.,0.));
#2430 = ( GEOMETRIC_REPRESENTATION_CONTEXT(2) 
PARAMETRIC_REPRESENTATION_CONTEXT() REPRESENTATION_CONTEXT('2D SPACE',''
  ) );
#2431 = ORIENTED_EDGE('',*,*,#1514,.F.);
#2432 = ORIENTED_EDGE('',*,*,#2141,.T.);
#2433 = ORIENTED_EDGE('',*,*,#1394,.T.);
#2434 = ADVANCED_FACE('',(#2435),#1437,.F.);
#2435 = FACE_BOUND('',#2436,.F.);
#2436 = EDGE_LOOP('',(#2437,#2438,#2439,#2440));
#2437 = ORIENTED_EDGE('',*,*,#1486,.F.);
#2438 = ORIENTED_EDGE('',*,*,#2410,.T.);
#2439 = ORIENTED_EDGE('',*,*,#1420,.F.);
#2440 = ORIENTED_EDGE('',*,*,#2441,.F.);
#2441 = EDGE_CURVE('',#1454,#1421,#2442,.T.);
#2442 = SURFACE_CURVE('',#2443,(#2448,#2455),.PCURVE_S1.);
#2443 = CIRCLE('',#2444,0.8);
#2444 = AXIS2_PLACEMENT_3D('',#2445,#2446,#2447);
#2445 = CARTESIAN_POINT('',(15.891566159444,9.175,184.));
#2446 = DIRECTION('',(0.,0.,1.));
#2447 = DIRECTION('',(1.,0.,0.));
#2448 = PCURVE('',#1437,#2449);
#2449 = DEFINITIONAL_REPRESENTATION('',(#2450),#2454);
#2450 = CIRCLE('',#2451,0.8);
#2451 = AXIS2_PLACEMENT_2D('',#2452,#2453);
#2452 = CARTESIAN_POINT('',(0.,-1.7763568394E-15));
#2453 = DIRECTION('',(1.,0.));
#2454 = ( GEOMETRIC_REPRESENTATION_CONTEXT(2) 
PARAMETRIC_REPRESENTATION_CONTEXT() REPRESENTATION_CONTEXT('2D SPACE',''
  ) );
#2455 = PCURVE('',#2183,#2456);
#2456 = DEFINITIONAL_REPRESENTATION('',(#2457),#2461);
#2457 = LINE('',#2458,#2459);
#2458 = CARTESIAN_POINT('',(-0.,0.));
#2459 = VECTOR('',#2460,1.);
#2460 = DIRECTION('',(-1.,0.));
#2461 = ( GEOMETRIC_REPRESENTATION_CONTEXT(2) 
PARAMETRIC_REPRESENTATION_CONTEXT() REPRESENTATION_CONTEXT('2D SPACE',''
  ) );
#2462 = ADVANCED_FACE('',(#2463),#1470,.T.);
#2463 = FACE_BOUND('',#2464,.T.);
#2464 = EDGE_LOOP('',(#2465,#2489,#2511));
#2465 = ORIENTED_EDGE('',*,*,#2466,.T.);
#2466 = EDGE_CURVE('',#1421,#2467,#2469,.T.);
#2467 = VERTEX_POINT('',#2468);
#2468 = CARTESIAN_POINT('',(16.691566159444,9.175,184.));
#2469 = SURFACE_CURVE('',#2470,(#2475,#2482),.PCURVE_S1.);
#2470 = CIRCLE('',#2471,0.8);
#2471 = AXIS2_PLACEMENT_3D('',#2472,#2473,#2474);
#2472 = CARTESIAN_POINT('',(15.891566159444,9.175,184.));
#2473 = DIRECTION('',(0.,0.,1.));
#2474 = DIRECTION('',(1.,0.,0.));
#2475 = PCURVE('',#1470,#2476);
#2476 = DEFINITIONAL_REPRESENTATION('',(#2477),#2481);
#2477 = CIRCLE('',#2478,0.8);
#2478 = AXIS2_PLACEMENT_2D('',#2479,#2480);
#2479 = CARTESIAN_POINT('',(0.,0.));
#2480 = DIRECTION('',(1.,0.));
#2481 = ( GEOMETRIC_REPRESENTATION_CONTEXT(2) 
PARAMETRIC_REPRESENTATION_CONTEXT() REPRESENTATION_CONTEXT('2D SPACE',''
  ) );
#2482 = PCURVE('',#2183,#2483);
#2483 = DEFINITIONAL_REPRESENTATION('',(#2484),#2488);
#2484 = LINE('',#2485,#2486);
#2485 = CARTESIAN_POINT('',(-0.,0.));
#2486 = VECTOR('',#2487,1.);
#2487 = DIRECTION('',(-1.,0.));
#2488 = ( GEOMETRIC_REPRESENTATION_CONTEXT(2) 
PARAMETRIC_REPRESENTATION_CONTEXT() REPRESENTATION_CONTEXT('2D SPACE',''
  ) );
#2489 = ORIENTED_EDGE('',*,*,#2490,.T.);
#2490 = EDGE_CURVE('',#2467,#1454,#2491,.T.);
#2491 = SURFACE_CURVE('',#2492,(#2497,#2504),.PCURVE_S1.);
#2492 = CIRCLE('',#2493,0.8);
#2493 = AXIS2_PLACEMENT_3D('',#2494,#2495,#2496);
#2494 = CARTESIAN_POINT('',(15.891566159444,9.175,184.));
#2495 = DIRECTION('',(0.,0.,1.));
#2496 = DIRECTION('',(1.,0.,0.));
#2497 = PCURVE('',#1470,#2498);
#2498 = DEFINITIONAL_REPRESENTATION('',(#2499),#2503);
#2499 = CIRCLE('',#2500,0.8);
#2500 = AXIS2_PLACEMENT_2D('',#2501,#2502);
#2501 = CARTESIAN_POINT('',(0.,0.));
#2502 = DIRECTION('',(1.,0.));
#2503 = ( GEOMETRIC_REPRESENTATION_CONTEXT(2) 
PARAMETRIC_REPRESENTATION_CONTEXT() REPRESENTATION_CONTEXT('2D SPACE',''
  ) );
#2504 = PCURVE('',#2183,#2505);
#2505 = DEFINITIONAL_REPRESENTATION('',(#2506),#2510);
#2506 = LINE('',#2507,#2508);
#2507 = CARTESIAN_POINT('',(-0.,0.));
#2508 = VECTOR('',#2509,1.);
#2509 = DIRECTION('',(-1.,0.));
#2510 = ( GEOMETRIC_REPRESENTATION_CONTEXT(2) 
PARAMETRIC_REPRESENTATION_CONTEXT() REPRESENTATION_CONTEXT('2D SPACE',''
  ) );
#2511 = ORIENTED_EDGE('',*,*,#1453,.T.);
#2512 = ADVANCED_FACE('',(#2513,#2543),#1937,.F.);
#2513 = FACE_BOUND('',#2514,.F.);
#2514 = EDGE_LOOP('',(#2515));
#2515 = ORIENTED_EDGE('',*,*,#2516,.F.);
#2516 = EDGE_CURVE('',#2517,#2517,#2519,.T.);
#2517 = VERTEX_POINT('',#2518);
#2518 = CARTESIAN_POINT('',(20.05,0.,182.65));
#2519 = SURFACE_CURVE('',#2520,(#2525,#2536),.PCURVE_S1.);
#2520 = CIRCLE('',#2521,20.05);
#2521 = AXIS2_PLACEMENT_3D('',#2522,#2523,#2524);
#2522 = CARTESIAN_POINT('',(0.,0.,182.65));
#2523 = DIRECTION('',(0.,0.,-1.));
#2524 = DIRECTION('',(1.,0.,0.));
#2525 = PCURVE('',#1937,#2526);
#2526 = DEFINITIONAL_REPRESENTATION('',(#2527),#2535);
#2527 = ( BOUNDED_CURVE() B_SPLINE_CURVE(2,(#2528,#2529,#2530,#2531,
#2532,#2533,#2534),.UNSPECIFIED.,.T.,.F.) B_SPLINE_CURVE_WITH_KNOTS((1,2
    ,2,2,2,1),(-2.094395102393,0.,2.094395102393,4.188790204786,
6.28318530718,8.377580409573),.UNSPECIFIED.) CURVE() 
GEOMETRIC_REPRESENTATION_ITEM() RATIONAL_B_SPLINE_CURVE((1.,0.5,1.,0.5,
1.,0.5,1.)) REPRESENTATION_ITEM('') );
#2528 = CARTESIAN_POINT('',(20.05,-1.349062650506E-15));
#2529 = CARTESIAN_POINT('',(20.05,-34.72761869175));
#2530 = CARTESIAN_POINT('',(-10.025,-17.36380934587));
#2531 = CARTESIAN_POINT('',(-40.1,-6.259896315087E-15));
#2532 = CARTESIAN_POINT('',(-10.025,17.363809345878));
#2533 = CARTESIAN_POINT('',(20.05,34.727618691756));
#2534 = CARTESIAN_POINT('',(20.05,-1.349062650506E-15));
#2535 = ( GEOMETRIC_REPRESENTATION_CONTEXT(2) 
PARAMETRIC_REPRESENTATION_CONTEXT() REPRESENTATION_CONTEXT('2D SPACE',''
  ) );
#2536 = PCURVE('',#2010,#2537);
#2537 = DEFINITIONAL_REPRESENTATION('',(#2538),#2542);
#2538 = LINE('',#2539,#2540);
#2539 = CARTESIAN_POINT('',(-6.28318530718,-132.65));
#2540 = VECTOR('',#2541,1.);
#2541 = DIRECTION('',(1.,-0.));
#2542 = ( GEOMETRIC_REPRESENTATION_CONTEXT(2) 
PARAMETRIC_REPRESENTATION_CONTEXT() REPRESENTATION_CONTEXT('2D SPACE',''
  ) );
#2543 = FACE_BOUND('',#2544,.F.);
#2544 = EDGE_LOOP('',(#2545));
#2545 = ORIENTED_EDGE('',*,*,#1922,.F.);
#2546 = ADVANCED_FACE('',(#2547),#1971,.F.);
#2547 = FACE_BOUND('',#2548,.F.);
#2548 = EDGE_LOOP('',(#2549,#2550,#2573,#2600));
#2549 = ORIENTED_EDGE('',*,*,#1954,.F.);
#2550 = ORIENTED_EDGE('',*,*,#2551,.F.);
#2551 = EDGE_CURVE('',#2552,#1955,#2554,.T.);
#2552 = VERTEX_POINT('',#2553);
#2553 = CARTESIAN_POINT('',(1.E-02,-2.449293598295E-18,2.4));
#2554 = SEAM_CURVE('',#2555,(#2559,#2566),.PCURVE_S1.);
#2555 = LINE('',#2556,#2557);
#2556 = CARTESIAN_POINT('',(1.E-02,-2.449293598295E-18,2.4));
#2557 = VECTOR('',#2558,1.);
#2558 = DIRECTION('',(0.38058368869,-9.321611923244E-17,0.924746481963)
  );
#2559 = PCURVE('',#1971,#2560);
#2560 = DEFINITIONAL_REPRESENTATION('',(#2561),#2565);
#2561 = LINE('',#2562,#2563);
#2562 = CARTESIAN_POINT('',(6.28318530718,-0.));
#2563 = VECTOR('',#2564,1.);
#2564 = DIRECTION('',(0.,1.));
#2565 = ( GEOMETRIC_REPRESENTATION_CONTEXT(2) 
PARAMETRIC_REPRESENTATION_CONTEXT() REPRESENTATION_CONTEXT('2D SPACE',''
  ) );
#2566 = PCURVE('',#1971,#2567);
#2567 = DEFINITIONAL_REPRESENTATION('',(#2568),#2572);
#2568 = LINE('',#2569,#2570);
#2569 = CARTESIAN_POINT('',(0.,-0.));
#2570 = VECTOR('',#2571,1.);
#2571 = DIRECTION('',(0.,1.));
#2572 = ( GEOMETRIC_REPRESENTATION_CONTEXT(2) 
PARAMETRIC_REPRESENTATION_CONTEXT() REPRESENTATION_CONTEXT('2D SPACE',''
  ) );
#2573 = ORIENTED_EDGE('',*,*,#2574,.T.);
#2574 = EDGE_CURVE('',#2552,#2552,#2575,.T.);
#2575 = SURFACE_CURVE('',#2576,(#2581,#2588),.PCURVE_S1.);
#2576 = CIRCLE('',#2577,1.E-02);
#2577 = AXIS2_PLACEMENT_3D('',#2578,#2579,#2580);
#2578 = CARTESIAN_POINT('',(0.,0.,2.4));
#2579 = DIRECTION('',(0.,0.,1.));
#2580 = DIRECTION('',(1.,0.,-0.));
#2581 = PCURVE('',#1971,#2582);
#2582 = DEFINITIONAL_REPRESENTATION('',(#2583),#2587);
#2583 = LINE('',#2584,#2585);
#2584 = CARTESIAN_POINT('',(0.,0.));
#2585 = VECTOR('',#2586,1.);
#2586 = DIRECTION('',(1.,0.));
#2587 = ( GEOMETRIC_REPRESENTATION_CONTEXT(2) 
PARAMETRIC_REPRESENTATION_CONTEXT() REPRESENTATION_CONTEXT('2D SPACE',''
  ) );
#2588 = PCURVE('',#2589,#2594);
#2589 = PLANE('',#2590);
#2590 = AXIS2_PLACEMENT_3D('',#2591,#2592,#2593);
#2591 = CARTESIAN_POINT('',(0.,0.,2.4));
#2592 = DIRECTION('',(0.,0.,1.));
#2593 = DIRECTION('',(1.,0.,-0.));
#2594 = DEFINITIONAL_REPRESENTATION('',(#2595),#2599);
#2595 = CIRCLE('',#2596,1.E-02);
#2596 = AXIS2_PLACEMENT_2D('',#2597,#2598);
#2597 = CARTESIAN_POINT('',(0.,0.));
#2598 = DIRECTION('',(1.,0.));
#2599 = ( GEOMETRIC_REPRESENTATION_CONTEXT(2) 
PARAMETRIC_REPRESENTATION_CONTEXT() REPRESENTATION_CONTEXT('2D SPACE',''
  ) );
#2600 = ORIENTED_EDGE('',*,*,#2551,.T.);
#2601 = ADVANCED_FACE('',(#2602),#2010,.T.);
#2602 = FACE_BOUND('',#2603,.F.);
#2603 = EDGE_LOOP('',(#2604,#2605,#2626,#2627));
#2604 = ORIENTED_EDGE('',*,*,#2516,.T.);
#2605 = ORIENTED_EDGE('',*,*,#2606,.T.);
#2606 = EDGE_CURVE('',#2517,#1990,#2607,.T.);
#2607 = SEAM_CURVE('',#2608,(#2612,#2619),.PCURVE_S1.);
#2608 = LINE('',#2609,#2610);
#2609 = CARTESIAN_POINT('',(20.05,0.,50.));
#2610 = VECTOR('',#2611,1.);
#2611 = DIRECTION('',(0.,0.,1.));
#2612 = PCURVE('',#2010,#2613);
#2613 = DEFINITIONAL_REPRESENTATION('',(#2614),#2618);
#2614 = LINE('',#2615,#2616);
#2615 = CARTESIAN_POINT('',(-6.28318530718,0.));
#2616 = VECTOR('',#2617,1.);
#2617 = DIRECTION('',(-0.,-1.));
#2618 = ( GEOMETRIC_REPRESENTATION_CONTEXT(2) 
PARAMETRIC_REPRESENTATION_CONTEXT() REPRESENTATION_CONTEXT('2D SPACE',''
  ) );
#2619 = PCURVE('',#2010,#2620);
#2620 = DEFINITIONAL_REPRESENTATION('',(#2621),#2625);
#2621 = LINE('',#2622,#2623);
#2622 = CARTESIAN_POINT('',(-0.,0.));
#2623 = VECTOR('',#2624,1.);
#2624 = DIRECTION('',(-0.,-1.));
#2625 = ( GEOMETRIC_REPRESENTATION_CONTEXT(2) 
PARAMETRIC_REPRESENTATION_CONTEXT() REPRESENTATION_CONTEXT('2D SPACE',''
  ) );
#2626 = ORIENTED_EDGE('',*,*,#1989,.F.);
#2627 = ORIENTED_EDGE('',*,*,#2606,.F.);
#2628 = ADVANCED_FACE('',(#2629),#2041,.F.);
#2629 = FACE_BOUND('',#2630,.T.);
#2630 = EDGE_LOOP('',(#2631,#2632,#2653,#2654,#2655,#2656));
#2631 = ORIENTED_EDGE('',*,*,#2229,.F.);
#2632 = ORIENTED_EDGE('',*,*,#2633,.T.);
#2633 = EDGE_CURVE('',#2230,#2025,#2634,.T.);
#2634 = SEAM_CURVE('',#2635,(#2639,#2646),.PCURVE_S1.);
#2635 = LINE('',#2636,#2637);
#2636 = CARTESIAN_POINT('',(0.8,-18.35,184.));
#2637 = VECTOR('',#2638,1.);
#2638 = DIRECTION('',(0.,0.,1.));
#2639 = PCURVE('',#2041,#2640);
#2640 = DEFINITIONAL_REPRESENTATION('',(#2641),#2645);
#2641 = LINE('',#2642,#2643);
#2642 = CARTESIAN_POINT('',(-6.28318530718,0.));
#2643 = VECTOR('',#2644,1.);
#2644 = DIRECTION('',(-0.,-1.));
#2645 = ( GEOMETRIC_REPRESENTATION_CONTEXT(2) 
PARAMETRIC_REPRESENTATION_CONTEXT() REPRESENTATION_CONTEXT('2D SPACE',''
  ) );
#2646 = PCURVE('',#2041,#2647);
#2647 = DEFINITIONAL_REPRESENTATION('',(#2648),#2652);
#2648 = LINE('',#2649,#2650);
#2649 = CARTESIAN_POINT('',(-0.,0.));
#2650 = VECTOR('',#2651,1.);
#2651 = DIRECTION('',(-0.,-1.));
#2652 = ( GEOMETRIC_REPRESENTATION_CONTEXT(2) 
PARAMETRIC_REPRESENTATION_CONTEXT() REPRESENTATION_CONTEXT('2D SPACE',''
  ) );
#2653 = ORIENTED_EDGE('',*,*,#2024,.T.);
#2654 = ORIENTED_EDGE('',*,*,#2633,.F.);
#2655 = ORIENTED_EDGE('',*,*,#2253,.F.);
#2656 = ORIENTED_EDGE('',*,*,#2279,.F.);
#2657 = ADVANCED_FACE('',(#2658),#2072,.F.);
#2658 = FACE_BOUND('',#2659,.T.);
#2659 = EDGE_LOOP('',(#2660,#2661,#2682,#2683,#2684,#2685));
#2660 = ORIENTED_EDGE('',*,*,#2335,.F.);
#2661 = ORIENTED_EDGE('',*,*,#2662,.T.);
#2662 = EDGE_CURVE('',#2336,#2056,#2663,.T.);
#2663 = SEAM_CURVE('',#2664,(#2668,#2675),.PCURVE_S1.);
#2664 = LINE('',#2665,#2666);
#2665 = CARTESIAN_POINT('',(-15.09156615944,9.175,184.));
#2666 = VECTOR('',#2667,1.);
#2667 = DIRECTION('',(0.,0.,1.));
#2668 = PCURVE('',#2072,#2669);
#2669 = DEFINITIONAL_REPRESENTATION('',(#2670),#2674);
#2670 = LINE('',#2671,#2672);
#2671 = CARTESIAN_POINT('',(-6.28318530718,0.));
#2672 = VECTOR('',#2673,1.);
#2673 = DIRECTION('',(-0.,-1.));
#2674 = ( GEOMETRIC_REPRESENTATION_CONTEXT(2) 
PARAMETRIC_REPRESENTATION_CONTEXT() REPRESENTATION_CONTEXT('2D SPACE',''
  ) );
#2675 = PCURVE('',#2072,#2676);
#2676 = DEFINITIONAL_REPRESENTATION('',(#2677),#2681);
#2677 = LINE('',#2678,#2679);
#2678 = CARTESIAN_POINT('',(-0.,0.));
#2679 = VECTOR('',#2680,1.);
#2680 = DIRECTION('',(-0.,-1.));
#2681 = ( GEOMETRIC_REPRESENTATION_CONTEXT(2) 
PARAMETRIC_REPRESENTATION_CONTEXT() REPRESENTATION_CONTEXT('2D SPACE',''
  ) );
#2682 = ORIENTED_EDGE('',*,*,#2055,.T.);
#2683 = ORIENTED_EDGE('',*,*,#2662,.F.);
#2684 = ORIENTED_EDGE('',*,*,#2359,.F.);
#2685 = ORIENTED_EDGE('',*,*,#2385,.F.);
#2686 = ADVANCED_FACE('',(#2687),#2183,.F.);
#2687 = FACE_BOUND('',#2688,.T.);
#2688 = EDGE_LOOP('',(#2689,#2690,#2711,#2712,#2713,#2714));
#2689 = ORIENTED_EDGE('',*,*,#2490,.F.);
#2690 = ORIENTED_EDGE('',*,*,#2691,.T.);
#2691 = EDGE_CURVE('',#2467,#2167,#2692,.T.);
#2692 = SEAM_CURVE('',#2693,(#2697,#2704),.PCURVE_S1.);
#2693 = LINE('',#2694,#2695);
#2694 = CARTESIAN_POINT('',(16.691566159444,9.175,184.));
#2695 = VECTOR('',#2696,1.);
#2696 = DIRECTION('',(0.,0.,1.));
#2697 = PCURVE('',#2183,#2698);
#2698 = DEFINITIONAL_REPRESENTATION('',(#2699),#2703);
#2699 = LINE('',#2700,#2701);
#2700 = CARTESIAN_POINT('',(-6.28318530718,0.));
#2701 = VECTOR('',#2702,1.);
#2702 = DIRECTION('',(-0.,-1.));
#2703 = ( GEOMETRIC_REPRESENTATION_CONTEXT(2) 
PARAMETRIC_REPRESENTATION_CONTEXT() REPRESENTATION_CONTEXT('2D SPACE',''
  ) );
#2704 = PCURVE('',#2183,#2705);
#2705 = DEFINITIONAL_REPRESENTATION('',(#2706),#2710);
#2706 = LINE('',#2707,#2708);
#2707 = CARTESIAN_POINT('',(-0.,0.));
#2708 = VECTOR('',#2709,1.);
#2709 = DIRECTION('',(-0.,-1.));
#2710 = ( GEOMETRIC_REPRESENTATION_CONTEXT(2) 
PARAMETRIC_REPRESENTATION_CONTEXT() REPRESENTATION_CONTEXT('2D SPACE',''
  ) );
#2711 = ORIENTED_EDGE('',*,*,#2166,.T.);
#2712 = ORIENTED_EDGE('',*,*,#2691,.F.);
#2713 = ORIENTED_EDGE('',*,*,#2466,.F.);
#2714 = ORIENTED_EDGE('',*,*,#2441,.F.);
#2715 = ADVANCED_FACE('',(#2716),#2589,.T.);
#2716 = FACE_BOUND('',#2717,.F.);
#2717 = EDGE_LOOP('',(#2718));
#2718 = ORIENTED_EDGE('',*,*,#2574,.F.);
#2719 = ( GEOMETRIC_REPRESENTATION_CONTEXT(3) 
GLOBAL_UNCERTAINTY_ASSIGNED_CONTEXT((#2723)) 
GLOBAL_UNIT_ASSIGNED_CONTEXT((#2720,#2721,#2722)) REPRESENTATION_CONTEXT
('Context #1','3D Context with UNIT and UNCERTAINTY') );
#2720 = ( LENGTH_UNIT() NAMED_UNIT(*) SI_UNIT(.MILLI.,.METRE.) );
#2721 = ( NAMED_UNIT(*) PLANE_ANGLE_UNIT() SI_UNIT($,.RADIAN.) );
#2722 = ( NAMED_UNIT(*) SI_UNIT($,.STERADIAN.) SOLID_ANGLE_UNIT() );
#2723 = UNCERTAINTY_MEASURE_WITH_UNIT(LENGTH_MEASURE(1.E-07),#2720,
  'distance_accuracy_value','confusion accuracy');
#2724 = PRODUCT_RELATED_PRODUCT_CATEGORY('part',$,(#7));
ENDSEC;
END-ISO-10303-21;
