ISO-10303-21;
HEADER;
/* Generated by software containing ST-Developer
 * from STEP Tools, Inc. (www.steptools.com) 
 */

FILE_DESCRIPTION(
/* description */ ('Open CASCADE Model'),
/* implementation_level */ '2;1');

FILE_NAME(
/* name */ 'collar-fins.step',
/* time_stamp */ '2026-09-19T09:59:50-06:00',
/* author */ (''),
/* organization */ (''),
/* preprocessor_version */ 'ST-DEVELOPER v20.2',
/* originating_system */ 'Autodesk Translation Framework v15.15.0.0',
/* authorisation */ '');

FILE_SCHEMA (('AUTOMOTIVE_DESIGN { 1 0 10303 214 3 1 1 }'));
ENDSEC;

DATA;
#10=MECHANICAL_DESIGN_GEOMETRIC_PRESENTATION_REPRESENTATION('',(#17),#5137);
#11=SHAPE_REPRESENTATION_RELATIONSHIP('SRR','None',#5147,#12);
#12=ADVANCED_BREP_SHAPE_REPRESENTATION('',(#18),#5135);
#13=ITEM_DEFINED_TRANSFORMATION($,$,#2067,#2272);
#14=(
REPRESENTATION_RELATIONSHIP($,$,#5148,#5147)
REPRESENTATION_RELATIONSHIP_WITH_TRANSFORMATION(#13)
SHAPE_REPRESENTATION_RELATIONSHIP()
);
#15=CONTEXT_DEPENDENT_SHAPE_REPRESENTATION(#14,#5146);
#16=NEXT_ASSEMBLY_USAGE_OCCURRENCE('single-fin v2:1','single-fin v2:1',
'single-fin v2:1',#5150,#5151,'single-fin v2:1');
#17=STYLED_ITEM('',(#5161),#18);
#18=MANIFOLD_SOLID_BREP('Body1',#2053);
#19=FACE_BOUND('',#661,.T.);
#20=SPHERICAL_SURFACE('',#2192,8.);
#21=SPHERICAL_SURFACE('',#2196,8.);
#22=SPHERICAL_SURFACE('',#2232,8.);
#23=SPHERICAL_SURFACE('',#2235,8.);
#24=SPHERICAL_SURFACE('',#2258,8.);
#25=SPHERICAL_SURFACE('',#2261,8.);
#26=PLANE('',#2123);
#27=PLANE('',#2126);
#28=PLANE('',#2127);
#29=PLANE('',#2130);
#30=PLANE('',#2133);
#31=PLANE('',#2144);
#32=PLANE('',#2147);
#33=PLANE('',#2148);
#34=PLANE('',#2151);
#35=PLANE('',#2154);
#36=PLANE('',#2168);
#37=PLANE('',#2171);
#38=PLANE('',#2172);
#39=PLANE('',#2175);
#40=PLANE('',#2178);
#41=PLANE('',#2204);
#42=PLANE('',#2207);
#43=PLANE('',#2208);
#44=PLANE('',#2209);
#45=PLANE('',#2241);
#46=PLANE('',#2243);
#47=PLANE('',#2244);
#48=PLANE('',#2267);
#49=PLANE('',#2269);
#50=PLANE('',#2270);
#51=CONICAL_SURFACE('',#2106,20.8,0.173245666452);
#52=LINE('',#3561,#147);
#53=LINE('',#3565,#148);
#54=LINE('',#3587,#149);
#55=LINE('',#3591,#150);
#56=LINE('',#3613,#151);
#57=LINE('',#3617,#152);
#58=LINE('',#3626,#153);
#59=LINE('',#3633,#154);
#60=LINE('',#3830,#155);
#61=LINE('',#3833,#156);
#62=LINE('',#3835,#157);
#63=LINE('',#3836,#158);
#64=LINE('',#3839,#159);
#65=LINE('',#3843,#160);
#66=LINE('',#3844,#161);
#67=LINE('',#3852,#162);
#68=LINE('',#3872,#163);
#69=LINE('',#3876,#164);
#70=LINE('',#3885,#165);
#71=LINE('',#3905,#166);
#72=LINE('',#3906,#167);
#73=LINE('',#3909,#168);
#74=LINE('',#3913,#169);
#75=LINE('',#3914,#170);
#76=LINE('',#3920,#171);
#77=LINE('',#4020,#172);
#78=LINE('',#4023,#173);
#79=LINE('',#4025,#174);
#80=LINE('',#4026,#175);
#81=LINE('',#4029,#176);
#82=LINE('',#4033,#177);
#83=LINE('',#4034,#178);
#84=LINE('',#4042,#179);
#85=LINE('',#4062,#180);
#86=LINE('',#4066,#181);
#87=LINE('',#4075,#182);
#88=LINE('',#4095,#183);
#89=LINE('',#4096,#184);
#90=LINE('',#4099,#185);
#91=LINE('',#4103,#186);
#92=LINE('',#4104,#187);
#93=LINE('',#4110,#188);
#94=LINE('',#4267,#189);
#95=LINE('',#4270,#190);
#96=LINE('',#4272,#191);
#97=LINE('',#4273,#192);
#98=LINE('',#4276,#193);
#99=LINE('',#4280,#194);
#100=LINE('',#4281,#195);
#101=LINE('',#4289,#196);
#102=LINE('',#4309,#197);
#103=LINE('',#4313,#198);
#104=LINE('',#4322,#199);
#105=LINE('',#4342,#200);
#106=LINE('',#4343,#201);
#107=LINE('',#4346,#202);
#108=LINE('',#4350,#203);
#109=LINE('',#4351,#204);
#110=LINE('',#4464,#205);
#111=LINE('',#4574,#206);
#112=LINE('',#4581,#207);
#113=LINE('',#4589,#208);
#114=LINE('',#4591,#209);
#115=LINE('',#4594,#210);
#116=LINE('',#4597,#211);
#117=LINE('',#4600,#212);
#118=LINE('',#4601,#213);
#119=LINE('',#4605,#214);
#120=LINE('',#4607,#215);
#121=LINE('',#4609,#216);
#122=LINE('',#4614,#217);
#123=LINE('',#4618,#218);
#124=LINE('',#4622,#219);
#125=LINE('',#4627,#220);
#126=LINE('',#4631,#221);
#127=LINE('',#4635,#222);
#128=LINE('',#4751,#223);
#129=LINE('',#4861,#224);
#130=LINE('',#4866,#225);
#131=LINE('',#4872,#226);
#132=LINE('',#4874,#227);
#133=LINE('',#4876,#228);
#134=LINE('',#4877,#229);
#135=LINE('',#4879,#230);
#136=LINE('',#4881,#231);
#137=LINE('',#4996,#232);
#138=LINE('',#5106,#233);
#139=LINE('',#5111,#234);
#140=LINE('',#5117,#235);
#141=LINE('',#5119,#236);
#142=LINE('',#5121,#237);
#143=LINE('',#5122,#238);
#144=LINE('',#5124,#239);
#145=LINE('',#5126,#240);
#146=LINE('',#5130,#241);
#147=VECTOR('',#2333,10.);
#148=VECTOR('',#2336,10.);
#149=VECTOR('',#2343,10.);
#150=VECTOR('',#2346,10.);
#151=VECTOR('',#2353,10.);
#152=VECTOR('',#2356,10.);
#153=VECTOR('',#2361,20.8);
#154=VECTOR('',#2370,10.);
#155=VECTOR('',#2395,10.);
#156=VECTOR('',#2398,10.);
#157=VECTOR('',#2399,10.);
#158=VECTOR('',#2400,1.);
#159=VECTOR('',#2403,10.);
#160=VECTOR('',#2408,10.);
#161=VECTOR('',#2409,10.);
#162=VECTOR('',#2410,10.);
#163=VECTOR('',#2413,10.);
#164=VECTOR('',#2416,10.);
#165=VECTOR('',#2419,10.);
#166=VECTOR('',#2422,10.);
#167=VECTOR('',#2423,10.);
#168=VECTOR('',#2426,10.);
#169=VECTOR('',#2431,1.);
#170=VECTOR('',#2432,10.);
#171=VECTOR('',#2439,10.);
#172=VECTOR('',#2454,10.);
#173=VECTOR('',#2457,10.);
#174=VECTOR('',#2458,10.);
#175=VECTOR('',#2459,1.);
#176=VECTOR('',#2462,10.);
#177=VECTOR('',#2467,10.);
#178=VECTOR('',#2468,10.);
#179=VECTOR('',#2469,10.);
#180=VECTOR('',#2472,10.);
#181=VECTOR('',#2475,10.);
#182=VECTOR('',#2478,10.);
#183=VECTOR('',#2481,10.);
#184=VECTOR('',#2482,10.);
#185=VECTOR('',#2485,10.);
#186=VECTOR('',#2490,1.);
#187=VECTOR('',#2491,10.);
#188=VECTOR('',#2498,10.);
#189=VECTOR('',#2519,10.);
#190=VECTOR('',#2522,10.);
#191=VECTOR('',#2523,10.);
#192=VECTOR('',#2524,1.);
#193=VECTOR('',#2527,10.);
#194=VECTOR('',#2532,10.);
#195=VECTOR('',#2533,10.);
#196=VECTOR('',#2534,10.);
#197=VECTOR('',#2537,10.);
#198=VECTOR('',#2540,10.);
#199=VECTOR('',#2543,10.);
#200=VECTOR('',#2546,10.);
#201=VECTOR('',#2547,10.);
#202=VECTOR('',#2550,10.);
#203=VECTOR('',#2555,1.);
#204=VECTOR('',#2556,10.);
#205=VECTOR('',#2571,10.);
#206=VECTOR('',#2582,10.);
#207=VECTOR('',#2593,10.);
#208=VECTOR('',#2604,10.);
#209=VECTOR('',#2607,10.);
#210=VECTOR('',#2610,10.);
#211=VECTOR('',#2613,10.);
#212=VECTOR('',#2616,1.);
#213=VECTOR('',#2617,10.);
#214=VECTOR('',#2622,10.);
#215=VECTOR('',#2625,10.);
#216=VECTOR('',#2628,10.);
#217=VECTOR('',#2633,10.);
#218=VECTOR('',#2636,1.);
#219=VECTOR('',#2639,10.);
#220=VECTOR('',#2644,10.);
#221=VECTOR('',#2647,1.);
#222=VECTOR('',#2650,10.);
#223=VECTOR('',#2669,10.);
#224=VECTOR('',#2680,10.);
#225=VECTOR('',#2689,10.);
#226=VECTOR('',#2698,10.);
#227=VECTOR('',#2701,10.);
#228=VECTOR('',#2704,10.);
#229=VECTOR('',#2705,10.);
#230=VECTOR('',#2708,10.);
#231=VECTOR('',#2711,10.);
#232=VECTOR('',#2730,10.);
#233=VECTOR('',#2741,10.);
#234=VECTOR('',#2750,10.);
#235=VECTOR('',#2759,10.);
#236=VECTOR('',#2762,10.);
#237=VECTOR('',#2765,10.);
#238=VECTOR('',#2766,10.);
#239=VECTOR('',#2769,10.);
#240=VECTOR('',#2772,10.);
#241=VECTOR('',#2779,21.);
#242=CYLINDRICAL_SURFACE('',#2094,22.2);
#243=CYLINDRICAL_SURFACE('',#2098,22.2);
#244=CYLINDRICAL_SURFACE('',#2102,22.2);
#245=CYLINDRICAL_SURFACE('',#2108,4.);
#246=CYLINDRICAL_SURFACE('',#2121,4.);
#247=CYLINDRICAL_SURFACE('',#2124,8.);
#248=CYLINDRICAL_SURFACE('',#2131,8.);
#249=CYLINDRICAL_SURFACE('',#2134,4.);
#250=CYLINDRICAL_SURFACE('',#2142,4.);
#251=CYLINDRICAL_SURFACE('',#2145,8.);
#252=CYLINDRICAL_SURFACE('',#2152,8.);
#253=CYLINDRICAL_SURFACE('',#2155,4.);
#254=CYLINDRICAL_SURFACE('',#2166,4.);
#255=CYLINDRICAL_SURFACE('',#2169,8.);
#256=CYLINDRICAL_SURFACE('',#2176,8.);
#257=CYLINDRICAL_SURFACE('',#2184,0.05);
#258=CYLINDRICAL_SURFACE('',#2190,8.);
#259=CYLINDRICAL_SURFACE('',#2194,8.);
#260=CYLINDRICAL_SURFACE('',#2199,8.);
#261=CYLINDRICAL_SURFACE('',#2201,8.);
#262=CYLINDRICAL_SURFACE('',#2202,0.25);
#263=CYLINDRICAL_SURFACE('',#2205,0.25);
#264=CYLINDRICAL_SURFACE('',#2224,0.05);
#265=CYLINDRICAL_SURFACE('',#2230,8.);
#266=CYLINDRICAL_SURFACE('',#2234,8.);
#267=CYLINDRICAL_SURFACE('',#2238,8.);
#268=CYLINDRICAL_SURFACE('',#2239,8.);
#269=CYLINDRICAL_SURFACE('',#2240,0.25);
#270=CYLINDRICAL_SURFACE('',#2242,0.25);
#271=CYLINDRICAL_SURFACE('',#2250,0.05);
#272=CYLINDRICAL_SURFACE('',#2256,8.);
#273=CYLINDRICAL_SURFACE('',#2260,8.);
#274=CYLINDRICAL_SURFACE('',#2264,8.);
#275=CYLINDRICAL_SURFACE('',#2265,8.);
#276=CYLINDRICAL_SURFACE('',#2266,0.25);
#277=CYLINDRICAL_SURFACE('',#2268,0.25);
#278=CYLINDRICAL_SURFACE('',#2271,21.);
#279=ELLIPSE('',#2092,35.8129844392696,26.2);
#280=ELLIPSE('',#2095,177.756615344948,22.2);
#281=ELLIPSE('',#2097,177.756615344948,22.2);
#282=ELLIPSE('',#2099,177.756615344948,22.2);
#283=ELLIPSE('',#2101,177.756615344948,22.2);
#284=ELLIPSE('',#2103,177.756615344948,22.2);
#285=ELLIPSE('',#2105,177.756615344948,22.2);
#286=ELLIPSE('',#2113,178.300348566378,26.2);
#287=ELLIPSE('',#2115,35.8129844392696,26.2);
#288=ELLIPSE('',#2119,178.300348566378,26.2);
#289=ELLIPSE('',#2128,0.273381560605112,0.2);
#290=ELLIPSE('',#2129,0.273381560605112,0.2);
#291=ELLIPSE('',#2138,178.300348566378,26.2);
#292=ELLIPSE('',#2140,178.300348566378,26.2);
#293=ELLIPSE('',#2149,0.273381560605112,0.2);
#294=ELLIPSE('',#2150,0.273381560605112,0.2);
#295=ELLIPSE('',#2159,178.300348566378,26.2);
#296=ELLIPSE('',#2160,35.8129844392696,26.2);
#297=ELLIPSE('',#2164,178.300348566378,26.2);
#298=ELLIPSE('',#2173,0.273381560605112,0.2);
#299=ELLIPSE('',#2174,0.273381560605112,0.2);
#300=ELLIPSE('',#2183,0.311829244425365,0.25);
#301=ELLIPSE('',#2187,0.311829244425365,0.25);
#302=ELLIPSE('',#2223,0.311829244425365,0.25);
#303=ELLIPSE('',#2227,0.311829244425365,0.25);
#304=ELLIPSE('',#2249,0.311829244425365,0.25);
#305=ELLIPSE('',#2253,0.311829244425365,0.25);
#306=B_SPLINE_CURVE_WITH_KNOTS('',3,(#2858,#2859,#2860,#2861,#2862,#2863,
#2864,#2865,#2866,#2867,#2868,#2869),.UNSPECIFIED.,.F.,.F.,(4,1,1,1,1,1,
1,1,1,4),(-6.28318530717959,-6.24111040556901,-6.22708543836548,-6.17098556955138,
-6.05878583192317,-5.83438635666676,-5.38558740615393,-4.48798950512828,
-2.69279370307697,1.22464679715991E-16),.UNSPECIFIED.);
#307=B_SPLINE_CURVE_WITH_KNOTS('',3,(#2870,#2871,#2872,#2873,#2874,#2875,
#2876,#2877,#2878,#2879,#2880,#2881),.UNSPECIFIED.,.F.,.F.,(4,1,1,1,1,1,
1,1,1,4),(-1.22464679715991E-16,2.69279370307697,4.48798950512828,5.38558740615393,
5.83438635666676,6.05878583192317,6.17098556955138,6.22708543836548,6.24111040556901,
6.28318530717959),.UNSPECIFIED.);
#308=B_SPLINE_CURVE_WITH_KNOTS('',3,(#2901,#2902,#2903,#2904),
 .UNSPECIFIED.,.F.,.F.,(4,4),(-6.28318530717959,-7.12014717839066E-12),
 .UNSPECIFIED.);
#309=B_SPLINE_CURVE_WITH_KNOTS('',3,(#2905,#2906,#2907,#2908),
 .UNSPECIFIED.,.F.,.F.,(4,4),(7.12014717839066E-12,6.28318530717959),
 .UNSPECIFIED.);
#310=B_SPLINE_CURVE_WITH_KNOTS('',3,(#2960,#2961,#2962,#2963,#2964,#2965,
#2966,#2967,#2968,#2969,#2970,#2971),.UNSPECIFIED.,.F.,.F.,(4,1,1,1,1,1,
1,1,1,4),(-6.28318530717959,-2.69279370307702,-1.34639685153855,-0.897597901025731,
-0.448798950512909,-0.224399475256499,-0.112199737628293,-0.0701248360177162,
-0.0560998688141906,-8.79189356225288E-14),.UNSPECIFIED.);
#311=B_SPLINE_CURVE_WITH_KNOTS('',3,(#2972,#2973,#2974,#2975,#2976,#2977,
#2978,#2979,#2980,#2981,#2982,#2983),.UNSPECIFIED.,.F.,.F.,(4,1,1,1,1,1,
1,1,1,4),(8.79189356225288E-14,0.0560998688141906,0.0701248360177162,0.112199737628293,
0.224399475256499,0.448798950512909,0.897597901025731,1.34639685153855,
2.69279370307702,6.28318530717959),.UNSPECIFIED.);
#312=B_SPLINE_CURVE_WITH_KNOTS('',3,(#3057,#3058,#3059,#3060,#3061,#3062,
#3063,#3064,#3065,#3066,#3067,#3068),.UNSPECIFIED.,.F.,.F.,(4,1,1,1,1,1,
1,1,1,4),(-6.28318530717959,-6.24111040556901,-6.22708543836548,-6.17098556955138,
-6.05878583192317,-5.83438635666676,-5.38558740615393,-4.48798950512828,
-2.69279370307697,1.22464679715991E-16),.UNSPECIFIED.);
#313=B_SPLINE_CURVE_WITH_KNOTS('',3,(#3069,#3070,#3071,#3072,#3073,#3074,
#3075,#3076,#3077,#3078,#3079,#3080),.UNSPECIFIED.,.F.,.F.,(4,1,1,1,1,1,
1,1,1,4),(-1.22464679715991E-16,2.69279370307697,4.48798950512828,5.38558740615393,
5.83438635666676,6.05878583192317,6.17098556955138,6.22708543836548,6.24111040556901,
6.28318530717959),.UNSPECIFIED.);
#314=B_SPLINE_CURVE_WITH_KNOTS('',3,(#3100,#3101,#3102,#3103),
 .UNSPECIFIED.,.F.,.F.,(4,4),(-6.28318530717959,1.22464679715991E-16),
 .UNSPECIFIED.);
#315=B_SPLINE_CURVE_WITH_KNOTS('',3,(#3104,#3105,#3106,#3107),
 .UNSPECIFIED.,.F.,.F.,(4,4),(-1.22464679715991E-16,6.28318530717959),
 .UNSPECIFIED.);
#316=B_SPLINE_CURVE_WITH_KNOTS('',3,(#3163,#3164,#3165,#3166,#3167,#3168,
#3169,#3170,#3171,#3172,#3173,#3174,#3175),.UNSPECIFIED.,.F.,.F.,(4,1,1,
1,1,1,1,1,1,1,4),(-6.28318530717938,-3.59039160410257,-1.79519580205137,
-1.34639685153857,-0.897597901025765,-0.448798950512963,-0.224399475256563,
-0.112199737628362,-0.0701248360177873,-0.0560998688142623,-1.62144065891966E-13),
 .UNSPECIFIED.);
#317=B_SPLINE_CURVE_WITH_KNOTS('',3,(#3176,#3177,#3178,#3179,#3180,#3181,
#3182,#3183,#3184,#3185,#3186,#3187,#3188),.UNSPECIFIED.,.F.,.F.,(4,1,1,
1,1,1,1,1,1,1,4),(1.62144065891966E-13,0.0560998688142623,0.0701248360177873,
0.112199737628362,0.224399475256563,0.448798950512963,0.897597901025765,
1.34639685153857,1.79519580205137,3.59039160410257,6.28318530717938),
 .UNSPECIFIED.);
#318=B_SPLINE_CURVE_WITH_KNOTS('',3,(#3260,#3261,#3262,#3263,#3264,#3265,
#3266,#3267,#3268,#3269,#3270,#3271),.UNSPECIFIED.,.F.,.F.,(4,1,1,1,1,1,
1,1,1,4),(-6.28318530717959,-6.24111040556901,-6.22708543836548,-6.17098556955138,
-6.05878583192317,-5.83438635666676,-5.38558740615393,-4.48798950512828,
-2.69279370307697,1.22464679715991E-16),.UNSPECIFIED.);
#319=B_SPLINE_CURVE_WITH_KNOTS('',3,(#3272,#3273,#3274,#3275,#3276,#3277,
#3278,#3279,#3280,#3281,#3282,#3283),.UNSPECIFIED.,.F.,.F.,(4,1,1,1,1,1,
1,1,1,4),(-1.22464679715991E-16,2.69279370307697,4.48798950512828,5.38558740615393,
5.83438635666676,6.05878583192317,6.17098556955138,6.22708543836548,6.24111040556901,
6.28318530717959),.UNSPECIFIED.);
#320=B_SPLINE_CURVE_WITH_KNOTS('',3,(#3303,#3304,#3305,#3306),
 .UNSPECIFIED.,.F.,.F.,(4,4),(-6.28318530717959,1.22464679715991E-16),
 .UNSPECIFIED.);
#321=B_SPLINE_CURVE_WITH_KNOTS('',3,(#3307,#3308,#3309,#3310),
 .UNSPECIFIED.,.F.,.F.,(4,4),(-1.22464679715991E-16,6.28318530717959),
 .UNSPECIFIED.);
#322=B_SPLINE_CURVE_WITH_KNOTS('',3,(#3363,#3364,#3365,#3366,#3367,#3368,
#3369,#3370,#3371,#3372,#3373,#3374,#3375),.UNSPECIFIED.,.F.,.F.,(4,1,1,
1,1,1,1,1,1,1,4),(-6.2831853071794,-2.69279370307689,-1.79519580205126,
-1.23419711391024,-0.897597901025629,-0.448798950512814,-0.224399475256407,
-0.112199737628204,-0.0701248360176271,-0.0560998688141017,1.22464679715991E-16),
 .UNSPECIFIED.);
#323=B_SPLINE_CURVE_WITH_KNOTS('',3,(#3376,#3377,#3378,#3379,#3380,#3381,
#3382,#3383,#3384,#3385,#3386,#3387,#3388),.UNSPECIFIED.,.F.,.F.,(4,1,1,
1,1,1,1,1,1,1,4),(-1.22464679715991E-16,0.0560998688141017,0.0701248360176271,
0.112199737628204,0.224399475256407,0.448798950512814,0.897597901025629,
1.23419711391024,1.79519580205126,2.69279370307689,6.2831853071794),
 .UNSPECIFIED.);
#324=B_SPLINE_CURVE_WITH_KNOTS('',3,(#3420,#3421,#3422,#3423,#3424),
 .UNSPECIFIED.,.F.,.F.,(4,1,4),(-0.398684845706758,-0.387653582286067,-6.30246098598982E-14),
 .UNSPECIFIED.);
#325=B_SPLINE_CURVE_WITH_KNOTS('',3,(#3428,#3429,#3430,#3431,#3432,#3433),
 .UNSPECIFIED.,.F.,.F.,(4,1,1,4),(6.30246098598982E-14,0.387653582286067,
0.533023675643318,0.67839376900057),.UNSPECIFIED.);
#326=B_SPLINE_CURVE_WITH_KNOTS('',3,(#3468,#3469,#3470,#3471,#3472,#3473),
 .UNSPECIFIED.,.F.,.F.,(4,1,1,4),(0.,0.290736727420382,0.484561212367303,
0.678385697314224),.UNSPECIFIED.);
#327=B_SPLINE_CURVE_WITH_KNOTS('',3,(#3476,#3477,#3478,#3479,#3480,#3481),
 .UNSPECIFIED.,.F.,.F.,(4,1,1,4),(-0.678385697314224,-0.484561212367303,
-0.290736727420382,-0.27957100691464),.UNSPECIFIED.);
#328=B_SPLINE_CURVE_WITH_KNOTS('',3,(#3532,#3533,#3534,#3535,#3536),
 .UNSPECIFIED.,.F.,.F.,(4,1,4),(-0.39865603547918,-0.290740168739259,-5.88258109206927E-14),
 .UNSPECIFIED.);
#329=B_SPLINE_CURVE_WITH_KNOTS('',3,(#3539,#3540,#3541,#3542,#3543,#3544),
 .UNSPECIFIED.,.F.,.F.,(4,1,1,4),(5.88258109206927E-14,0.290740168739259,
0.484566947898726,0.678393727058193),.UNSPECIFIED.);
#330=B_SPLINE_CURVE_WITH_KNOTS('',3,(#3547,#3548,#3549,#3550,#3551,#3552),
 .UNSPECIFIED.,.F.,.F.,(4,1,1,4),(-0.678385730801582,-0.484561236286845,
-0.290736741772107,-0.279571231980868),.UNSPECIFIED.);
#331=B_SPLINE_CURVE_WITH_KNOTS('',3,(#3556,#3557,#3558,#3559),
 .UNSPECIFIED.,.F.,.F.,(4,4),(-0.326425246282336,0.),.UNSPECIFIED.);
#332=B_SPLINE_CURVE_WITH_KNOTS('',3,(#3567,#3568,#3569,#3570),
 .UNSPECIFIED.,.F.,.F.,(4,4),(-0.326425246282351,0.),.UNSPECIFIED.);
#333=B_SPLINE_CURVE_WITH_KNOTS('',3,(#3574,#3575,#3576,#3577,#3578),
 .UNSPECIFIED.,.F.,.F.,(4,1,4),(-0.678385730804266,-0.38764898903101,-0.279725801401806),
 .UNSPECIFIED.);
#334=B_SPLINE_CURVE_WITH_KNOTS('',3,(#3582,#3583,#3584,#3585),
 .UNSPECIFIED.,.F.,.F.,(4,4),(-0.326425246282336,-2.12763247814349E-15),
 .UNSPECIFIED.);
#335=B_SPLINE_CURVE_WITH_KNOTS('',3,(#3593,#3594,#3595,#3596),
 .UNSPECIFIED.,.F.,.F.,(4,4),(-0.326425246282358,0.),.UNSPECIFIED.);
#336=B_SPLINE_CURVE_WITH_KNOTS('',3,(#3599,#3600,#3601,#3602,#3603),
 .UNSPECIFIED.,.F.,.F.,(4,1,4),(-0.398656191781634,-0.29074018671597,-6.62637831790922E-14),
 .UNSPECIFIED.);
#337=B_SPLINE_CURVE_WITH_KNOTS('',3,(#3608,#3609,#3610,#3611),
 .UNSPECIFIED.,.F.,.F.,(4,4),(-0.326425246282351,-7.2336776173815E-15),
 .UNSPECIFIED.);
#338=B_SPLINE_CURVE_WITH_KNOTS('',3,(#3619,#3620,#3621,#3622),
 .UNSPECIFIED.,.F.,.F.,(4,4),(-0.326425246282351,0.),.UNSPECIFIED.);
#339=B_SPLINE_CURVE_WITH_KNOTS('',3,(#3656,#3657,#3658,#3659),
 .UNSPECIFIED.,.F.,.F.,(4,4),(0.,0.326425246282358),.UNSPECIFIED.);
#340=B_SPLINE_CURVE_WITH_KNOTS('',3,(#3714,#3715,#3716,#3717,#3718,#3719),
 .UNSPECIFIED.,.F.,.F.,(4,1,1,4),(6.62637831790922E-14,0.29074018671597,
0.484566977859905,0.678393769003841),.UNSPECIFIED.);
#341=B_SPLINE_CURVE_WITH_KNOTS('',3,(#3771,#3772,#3773,#3774,#3775,#3776),
 .UNSPECIFIED.,.F.,.F.,(4,1,1,4),(1.78474825880365E-15,0.290736741772107,
0.484561236286845,0.678385730801582),.UNSPECIFIED.);
#342=B_SPLINE_CURVE_WITH_KNOTS('',3,(#3823,#3824,#3825,#3826),
 .UNSPECIFIED.,.F.,.F.,(4,4),(0.,0.326425246282336),.UNSPECIFIED.);
#343=B_SPLINE_CURVE_WITH_KNOTS('',3,(#3854,#3855,#3856,#3857,#3858),
 .UNSPECIFIED.,.F.,.F.,(4,1,4),(0.,0.0139222740776454,0.0278445481552909),
 .UNSPECIFIED.);
#344=B_SPLINE_CURVE_WITH_KNOTS('',3,(#3860,#3861,#3862,#3863),
 .UNSPECIFIED.,.F.,.F.,(4,4),(0.,0.00849201229448999),.UNSPECIFIED.);
#345=B_SPLINE_CURVE_WITH_KNOTS('',3,(#3864,#3865,#3866,#3867,#3868,#3869),
 .UNSPECIFIED.,.F.,.F.,(4,2,4),(-0.157458687170657,-0.156165455754365,0.),
 .UNSPECIFIED.);
#346=B_SPLINE_CURVE_WITH_KNOTS('',3,(#3887,#3888,#3889,#3890,#3891,#3892),
 .UNSPECIFIED.,.F.,.F.,(4,2,4),(-0.156165455742304,0.,0.0012932314190334),
 .UNSPECIFIED.);
#347=B_SPLINE_CURVE_WITH_KNOTS('',3,(#3894,#3895,#3896,#3897),
 .UNSPECIFIED.,.F.,.F.,(4,4),(2.35840078905922E-13,0.00849201230375584),
 .UNSPECIFIED.);
#348=B_SPLINE_CURVE_WITH_KNOTS('',3,(#3898,#3899,#3900,#3901,#3902),
 .UNSPECIFIED.,.F.,.F.,(4,1,4),(2.84905258417966E-13,0.0139222994864714,
0.0278445989726579),.UNSPECIFIED.);
#349=B_SPLINE_CURVE_WITH_KNOTS('',3,(#3943,#3944,#3945,#3946),
 .UNSPECIFIED.,.F.,.F.,(4,4),(0.,0.326425246282351),.UNSPECIFIED.);
#350=B_SPLINE_CURVE_WITH_KNOTS('',3,(#4013,#4014,#4015,#4016),
 .UNSPECIFIED.,.F.,.F.,(4,4),(7.2336776173815E-15,0.326425246282351),
 .UNSPECIFIED.);
#351=B_SPLINE_CURVE_WITH_KNOTS('',3,(#4044,#4045,#4046,#4047,#4048),
 .UNSPECIFIED.,.F.,.F.,(4,1,4),(0.,0.0139222740776454,0.0278445481552909),
 .UNSPECIFIED.);
#352=B_SPLINE_CURVE_WITH_KNOTS('',3,(#4050,#4051,#4052,#4053),
 .UNSPECIFIED.,.F.,.F.,(4,4),(0.,0.00849201229448999),.UNSPECIFIED.);
#353=B_SPLINE_CURVE_WITH_KNOTS('',3,(#4054,#4055,#4056,#4057,#4058,#4059),
 .UNSPECIFIED.,.F.,.F.,(4,2,4),(-0.157458687170657,-0.156165455754365,0.),
 .UNSPECIFIED.);
#354=B_SPLINE_CURVE_WITH_KNOTS('',3,(#4077,#4078,#4079,#4080,#4081,#4082),
 .UNSPECIFIED.,.F.,.F.,(4,2,4),(-0.156165455742304,0.,0.0012932314190334),
 .UNSPECIFIED.);
#355=B_SPLINE_CURVE_WITH_KNOTS('',3,(#4084,#4085,#4086,#4087),
 .UNSPECIFIED.,.F.,.F.,(4,4),(2.35840078905922E-13,0.00849201230375584),
 .UNSPECIFIED.);
#356=B_SPLINE_CURVE_WITH_KNOTS('',3,(#4088,#4089,#4090,#4091,#4092),
 .UNSPECIFIED.,.F.,.F.,(4,1,4),(2.84905258417966E-13,0.0139222994864714,
0.0278445989726579),.UNSPECIFIED.);
#357=B_SPLINE_CURVE_WITH_KNOTS('',3,(#4133,#4134,#4135,#4136),
 .UNSPECIFIED.,.F.,.F.,(4,4),(0.,0.326425246282351),.UNSPECIFIED.);
#358=B_SPLINE_CURVE_WITH_KNOTS('',3,(#4208,#4209,#4210,#4211,#4212,#4213),
 .UNSPECIFIED.,.F.,.F.,(4,1,1,4),(9.51420265748218E-16,0.193824494515505,
0.38764898903101,0.678385730804266),.UNSPECIFIED.);
#359=B_SPLINE_CURVE_WITH_KNOTS('',3,(#4260,#4261,#4262,#4263),
 .UNSPECIFIED.,.F.,.F.,(4,4),(2.12763247814349E-15,0.326425246282336),
 .UNSPECIFIED.);
#360=B_SPLINE_CURVE_WITH_KNOTS('',3,(#4291,#4292,#4293,#4294,#4295),
 .UNSPECIFIED.,.F.,.F.,(4,1,4),(0.,0.0139222740776454,0.0278445481552909),
 .UNSPECIFIED.);
#361=B_SPLINE_CURVE_WITH_KNOTS('',3,(#4297,#4298,#4299,#4300),
 .UNSPECIFIED.,.F.,.F.,(4,4),(0.,0.00849201229448999),.UNSPECIFIED.);
#362=B_SPLINE_CURVE_WITH_KNOTS('',3,(#4301,#4302,#4303,#4304,#4305,#4306),
 .UNSPECIFIED.,.F.,.F.,(4,2,4),(-0.157458687170657,-0.156165455754365,0.),
 .UNSPECIFIED.);
#363=B_SPLINE_CURVE_WITH_KNOTS('',3,(#4324,#4325,#4326,#4327,#4328,#4329),
 .UNSPECIFIED.,.F.,.F.,(4,2,4),(-0.156165455742304,0.,0.0012932314190334),
 .UNSPECIFIED.);
#364=B_SPLINE_CURVE_WITH_KNOTS('',3,(#4331,#4332,#4333,#4334),
 .UNSPECIFIED.,.F.,.F.,(4,4),(2.35840078905922E-13,0.00849201230375584),
 .UNSPECIFIED.);
#365=B_SPLINE_CURVE_WITH_KNOTS('',3,(#4335,#4336,#4337,#4338,#4339),
 .UNSPECIFIED.,.F.,.F.,(4,1,4),(2.84905258417966E-13,0.0139222994864714,
0.0278445989726579),.UNSPECIFIED.);
#366=B_SPLINE_CURVE_WITH_KNOTS('',3,(#4378,#4379,#4380,#4381,#4382,#4383),
 .UNSPECIFIED.,.F.,.F.,(4,2,4),(0.,0.156165455754365,0.157458687170657),
 .UNSPECIFIED.);
#367=B_SPLINE_CURVE_WITH_KNOTS('',3,(#4406,#4407,#4408,#4409),
 .UNSPECIFIED.,.F.,.F.,(4,4),(-0.00849201229448999,0.),.UNSPECIFIED.);
#368=B_SPLINE_CURVE_WITH_KNOTS('',3,(#4437,#4438,#4439,#4440,#4441),
 .UNSPECIFIED.,.F.,.F.,(4,1,4),(-0.0278445481552909,-0.0139222740776454,
0.),.UNSPECIFIED.);
#369=B_SPLINE_CURVE_WITH_KNOTS('',3,(#4511,#4512,#4513,#4514,#4515),
 .UNSPECIFIED.,.F.,.F.,(4,1,4),(-0.0278445989726579,-0.0139222994864714,
-2.84905258417966E-13),.UNSPECIFIED.);
#370=B_SPLINE_CURVE_WITH_KNOTS('',3,(#4538,#4539,#4540,#4541),
 .UNSPECIFIED.,.F.,.F.,(4,4),(-0.00849201230375584,-2.35840078905922E-13),
 .UNSPECIFIED.);
#371=B_SPLINE_CURVE_WITH_KNOTS('',3,(#4566,#4567,#4568,#4569,#4570,#4571),
 .UNSPECIFIED.,.F.,.F.,(4,2,4),(-0.0012932314190334,0.,0.156165455742304),
 .UNSPECIFIED.);
#372=B_SPLINE_CURVE_WITH_KNOTS('',3,(#4665,#4666,#4667,#4668,#4669,#4670),
 .UNSPECIFIED.,.F.,.F.,(4,2,4),(0.,0.156165455754365,0.157458687170657),
 .UNSPECIFIED.);
#373=B_SPLINE_CURVE_WITH_KNOTS('',3,(#4693,#4694,#4695,#4696),
 .UNSPECIFIED.,.F.,.F.,(4,4),(-0.00849201229448999,0.),.UNSPECIFIED.);
#374=B_SPLINE_CURVE_WITH_KNOTS('',3,(#4724,#4725,#4726,#4727,#4728),
 .UNSPECIFIED.,.F.,.F.,(4,1,4),(-0.0278445481552909,-0.0139222740776454,
0.),.UNSPECIFIED.);
#375=B_SPLINE_CURVE_WITH_KNOTS('',3,(#4798,#4799,#4800,#4801,#4802),
 .UNSPECIFIED.,.F.,.F.,(4,1,4),(-0.0278445989726579,-0.0139222994864714,
-2.84905258417966E-13),.UNSPECIFIED.);
#376=B_SPLINE_CURVE_WITH_KNOTS('',3,(#4825,#4826,#4827,#4828),
 .UNSPECIFIED.,.F.,.F.,(4,4),(-0.00849201230375584,-2.35840078905922E-13),
 .UNSPECIFIED.);
#377=B_SPLINE_CURVE_WITH_KNOTS('',3,(#4853,#4854,#4855,#4856,#4857,#4858),
 .UNSPECIFIED.,.F.,.F.,(4,2,4),(-0.0012932314190334,0.,0.156165455742304),
 .UNSPECIFIED.);
#378=B_SPLINE_CURVE_WITH_KNOTS('',3,(#4910,#4911,#4912,#4913,#4914,#4915),
 .UNSPECIFIED.,.F.,.F.,(4,2,4),(0.,0.156165455754365,0.157458687170657),
 .UNSPECIFIED.);
#379=B_SPLINE_CURVE_WITH_KNOTS('',3,(#4938,#4939,#4940,#4941),
 .UNSPECIFIED.,.F.,.F.,(4,4),(-0.00849201229448999,0.),.UNSPECIFIED.);
#380=B_SPLINE_CURVE_WITH_KNOTS('',3,(#4969,#4970,#4971,#4972,#4973),
 .UNSPECIFIED.,.F.,.F.,(4,1,4),(-0.0278445481552909,-0.0139222740776454,
0.),.UNSPECIFIED.);
#381=B_SPLINE_CURVE_WITH_KNOTS('',3,(#5043,#5044,#5045,#5046,#5047),
 .UNSPECIFIED.,.F.,.F.,(4,1,4),(-0.0278445989726579,-0.0139222994864714,
-2.84905258417966E-13),.UNSPECIFIED.);
#382=B_SPLINE_CURVE_WITH_KNOTS('',3,(#5070,#5071,#5072,#5073),
 .UNSPECIFIED.,.F.,.F.,(4,4),(-0.00849201230375584,-2.35840078905922E-13),
 .UNSPECIFIED.);
#383=B_SPLINE_CURVE_WITH_KNOTS('',3,(#5098,#5099,#5100,#5101,#5102,#5103),
 .UNSPECIFIED.,.F.,.F.,(4,2,4),(-0.0012932314190334,0.,0.156165455742304),
 .UNSPECIFIED.);
#384=B_SPLINE_SURFACE_WITH_KNOTS('',3,3,((#2807,#2808,#2809,#2810,#2811,
#2812,#2813,#2814,#2815,#2816,#2817,#2818),(#2819,#2820,#2821,#2822,#2823,
#2824,#2825,#2826,#2827,#2828,#2829,#2830),(#2831,#2832,#2833,#2834,#2835,
#2836,#2837,#2838,#2839,#2840,#2841,#2842),(#2843,#2844,#2845,#2846,#2847,
#2848,#2849,#2850,#2851,#2852,#2853,#2854)),.UNSPECIFIED.,.F.,.F.,.F.,(4,
4),(4,1,1,1,1,1,1,1,1,4),(0.,1.),(-1.22464679715991E-16,2.69279370307697,
4.48798950512828,5.38558740615393,5.83438635666676,6.05878583192317,6.17098556955138,
6.22708543836548,6.24111040556901,6.28318530717959),.UNSPECIFIED.);
#385=B_SPLINE_SURFACE_WITH_KNOTS('',3,3,((#2882,#2883,#2884,#2885),(#2886,
#2887,#2888,#2889),(#2890,#2891,#2892,#2893),(#2894,#2895,#2896,#2897)),
 .UNSPECIFIED.,.F.,.F.,.F.,(4,4),(4,4),(0.,1.),(7.12014717839066E-12,6.28318530717959),
 .UNSPECIFIED.);
#386=B_SPLINE_SURFACE_WITH_KNOTS('',3,3,((#2909,#2910,#2911,#2912,#2913,
#2914,#2915,#2916,#2917,#2918,#2919,#2920),(#2921,#2922,#2923,#2924,#2925,
#2926,#2927,#2928,#2929,#2930,#2931,#2932),(#2933,#2934,#2935,#2936,#2937,
#2938,#2939,#2940,#2941,#2942,#2943,#2944),(#2945,#2946,#2947,#2948,#2949,
#2950,#2951,#2952,#2953,#2954,#2955,#2956)),.UNSPECIFIED.,.F.,.F.,.F.,(4,
4),(4,1,1,1,1,1,1,1,1,4),(0.,1.),(8.79189356225288E-14,0.0560998688141906,
0.0701248360177162,0.112199737628293,0.224399475256499,0.448798950512909,
0.897597901025731,1.34639685153855,2.69279370307702,6.28318530717959),
 .UNSPECIFIED.);
#387=B_SPLINE_SURFACE_WITH_KNOTS('',3,3,((#3006,#3007,#3008,#3009,#3010,
#3011,#3012,#3013,#3014,#3015,#3016,#3017),(#3018,#3019,#3020,#3021,#3022,
#3023,#3024,#3025,#3026,#3027,#3028,#3029),(#3030,#3031,#3032,#3033,#3034,
#3035,#3036,#3037,#3038,#3039,#3040,#3041),(#3042,#3043,#3044,#3045,#3046,
#3047,#3048,#3049,#3050,#3051,#3052,#3053)),.UNSPECIFIED.,.F.,.F.,.F.,(4,
4),(4,1,1,1,1,1,1,1,1,4),(0.,1.),(-1.22464679715991E-16,2.69279370307697,
4.48798950512828,5.38558740615393,5.83438635666676,6.05878583192317,6.17098556955138,
6.22708543836548,6.24111040556901,6.28318530717959),.UNSPECIFIED.);
#388=B_SPLINE_SURFACE_WITH_KNOTS('',3,3,((#3081,#3082,#3083,#3084),(#3085,
#3086,#3087,#3088),(#3089,#3090,#3091,#3092),(#3093,#3094,#3095,#3096)),
 .UNSPECIFIED.,.F.,.F.,.F.,(4,4),(4,4),(0.,1.),(-1.22464679715991E-16,6.28318530717959),
 .UNSPECIFIED.);
#389=B_SPLINE_SURFACE_WITH_KNOTS('',3,3,((#3108,#3109,#3110,#3111,#3112,
#3113,#3114,#3115,#3116,#3117,#3118,#3119,#3120),(#3121,#3122,#3123,#3124,
#3125,#3126,#3127,#3128,#3129,#3130,#3131,#3132,#3133),(#3134,#3135,#3136,
#3137,#3138,#3139,#3140,#3141,#3142,#3143,#3144,#3145,#3146),(#3147,#3148,
#3149,#3150,#3151,#3152,#3153,#3154,#3155,#3156,#3157,#3158,#3159)),
 .UNSPECIFIED.,.F.,.F.,.F.,(4,4),(4,1,1,1,1,1,1,1,1,1,4),(0.,1.),(1.62144065891966E-13,
0.0560998688142623,0.0701248360177873,0.112199737628362,0.224399475256563,
0.448798950512963,0.897597901025765,1.34639685153857,1.79519580205137,3.59039160410257,
6.28318530717938),.UNSPECIFIED.);
#390=B_SPLINE_SURFACE_WITH_KNOTS('',3,3,((#3209,#3210,#3211,#3212,#3213,
#3214,#3215,#3216,#3217,#3218,#3219,#3220),(#3221,#3222,#3223,#3224,#3225,
#3226,#3227,#3228,#3229,#3230,#3231,#3232),(#3233,#3234,#3235,#3236,#3237,
#3238,#3239,#3240,#3241,#3242,#3243,#3244),(#3245,#3246,#3247,#3248,#3249,
#3250,#3251,#3252,#3253,#3254,#3255,#3256)),.UNSPECIFIED.,.F.,.F.,.F.,(4,
4),(4,1,1,1,1,1,1,1,1,4),(0.,1.),(-1.22464679715991E-16,2.69279370307697,
4.48798950512828,5.38558740615393,5.83438635666676,6.05878583192317,6.17098556955138,
6.22708543836548,6.24111040556901,6.28318530717959),.UNSPECIFIED.);
#391=B_SPLINE_SURFACE_WITH_KNOTS('',3,3,((#3284,#3285,#3286,#3287),(#3288,
#3289,#3290,#3291),(#3292,#3293,#3294,#3295),(#3296,#3297,#3298,#3299)),
 .UNSPECIFIED.,.F.,.F.,.F.,(4,4),(4,4),(0.,1.),(-1.22464679715991E-16,6.28318530717959),
 .UNSPECIFIED.);
#392=B_SPLINE_SURFACE_WITH_KNOTS('',3,3,((#3311,#3312,#3313,#3314,#3315,
#3316,#3317,#3318,#3319,#3320,#3321,#3322,#3323),(#3324,#3325,#3326,#3327,
#3328,#3329,#3330,#3331,#3332,#3333,#3334,#3335,#3336),(#3337,#3338,#3339,
#3340,#3341,#3342,#3343,#3344,#3345,#3346,#3347,#3348,#3349),(#3350,#3351,
#3352,#3353,#3354,#3355,#3356,#3357,#3358,#3359,#3360,#3361,#3362)),
 .UNSPECIFIED.,.F.,.F.,.F.,(4,4),(4,1,1,1,1,1,1,1,1,1,4),(0.,1.),(-1.22464679715991E-16,
0.0560998688141017,0.0701248360176271,0.112199737628204,0.224399475256407,
0.448798950512814,0.897597901025629,1.23419711391024,1.79519580205126,2.69279370307689,
6.2831853071794),.UNSPECIFIED.);
#393=B_SPLINE_SURFACE_WITH_KNOTS('',3,3,((#3389,#3390,#3391,#3392,#3393,
#3394),(#3395,#3396,#3397,#3398,#3399,#3400),(#3401,#3402,#3403,#3404,#3405,
#3406),(#3407,#3408,#3409,#3410,#3411,#3412),(#3413,#3414,#3415,#3416,#3417,
#3418)),.UNSPECIFIED.,.F.,.F.,.F.,(4,1,4),(4,1,1,4),(0.,0.571428571428571,
1.),(6.30246098598982E-14,0.387653582286067,0.533023675643318,0.67839376900057),
 .UNSPECIFIED.);
#394=B_SPLINE_SURFACE_WITH_KNOTS('',3,3,((#3435,#3436,#3437,#3438,#3439,
#3440),(#3441,#3442,#3443,#3444,#3445,#3446),(#3447,#3448,#3449,#3450,#3451,
#3452),(#3453,#3454,#3455,#3456,#3457,#3458),(#3459,#3460,#3461,#3462,#3463,
#3464)),.UNSPECIFIED.,.F.,.F.,.F.,(4,1,4),(4,1,1,4),(0.,0.571428571428571,
1.),(0.,0.290736727420382,0.484561212367303,0.678385697314224),
 .UNSPECIFIED.);
#395=B_SPLINE_SURFACE_WITH_KNOTS('',3,3,((#3482,#3483,#3484,#3485),(#3486,
#3487,#3488,#3489),(#3490,#3491,#3492,#3493),(#3494,#3495,#3496,#3497)),
 .UNSPECIFIED.,.F.,.F.,.F.,(4,4),(4,4),(0.0796210473186481,1.),(-0.000475788591862278,
0.000475788591861848),.UNSPECIFIED.);
#396=B_SPLINE_SURFACE_WITH_KNOTS('',3,3,((#3501,#3502,#3503,#3504,#3505,
#3506),(#3507,#3508,#3509,#3510,#3511,#3512),(#3513,#3514,#3515,#3516,#3517,
#3518),(#3519,#3520,#3521,#3522,#3523,#3524),(#3525,#3526,#3527,#3528,#3529,
#3530)),.UNSPECIFIED.,.F.,.F.,.F.,(4,1,4),(4,1,1,4),(0.,0.571428571428571,
1.),(5.88258109206927E-14,0.290740168739259,0.484566947898726,0.678393727058193),
 .UNSPECIFIED.);
#397=B_SPLINE_SURFACE_WITH_KNOTS('',3,3,((#3634,#3635,#3636,#3637),(#3638,
#3639,#3640,#3641),(#3642,#3643,#3644,#3645),(#3646,#3647,#3648,#3649),
(#3650,#3651,#3652,#3653)),.UNSPECIFIED.,.F.,.F.,.F.,(4,1,4),(4,4),(0.,
0.571428571428571,1.),(0.,0.326425246282358),.UNSPECIFIED.);
#398=B_SPLINE_SURFACE_WITH_KNOTS('',3,3,((#3660,#3661,#3662,#3663),(#3664,
#3665,#3666,#3667),(#3668,#3669,#3670,#3671),(#3672,#3673,#3674,#3675),
(#3676,#3677,#3678,#3679)),.UNSPECIFIED.,.F.,.F.,.F.,(4,1,4),(4,4),(0.,
0.571428571428571,1.),(1.24939409906423,1.26410314164873),.UNSPECIFIED.);
#399=B_SPLINE_SURFACE_WITH_KNOTS('',3,3,((#3683,#3684,#3685,#3686,#3687,
#3688),(#3689,#3690,#3691,#3692,#3693,#3694),(#3695,#3696,#3697,#3698,#3699,
#3700),(#3701,#3702,#3703,#3704,#3705,#3706),(#3707,#3708,#3709,#3710,#3711,
#3712)),.UNSPECIFIED.,.F.,.F.,.F.,(4,1,4),(4,1,1,4),(0.,0.571428571428571,
1.),(6.62637831790922E-14,0.29074018671597,0.484566977859905,0.678393769003841),
 .UNSPECIFIED.);
#400=B_SPLINE_SURFACE_WITH_KNOTS('',3,3,((#3721,#3722,#3723,#3724),(#3725,
#3726,#3727,#3728),(#3729,#3730,#3731,#3732),(#3733,#3734,#3735,#3736)),
 .UNSPECIFIED.,.F.,.F.,.F.,(4,4),(4,4),(0.0796210473186447,1.),(-0.000475788591862283,
0.00047578859186164),.UNSPECIFIED.);
#401=B_SPLINE_SURFACE_WITH_KNOTS('',3,3,((#3740,#3741,#3742,#3743,#3744,
#3745),(#3746,#3747,#3748,#3749,#3750,#3751),(#3752,#3753,#3754,#3755,#3756,
#3757),(#3758,#3759,#3760,#3761,#3762,#3763),(#3764,#3765,#3766,#3767,#3768,
#3769)),.UNSPECIFIED.,.F.,.F.,.F.,(4,1,4),(4,1,1,4),(0.,0.571428571428571,
1.),(1.78474825880365E-15,0.290736741772107,0.484561236286845,0.678385730801582),
 .UNSPECIFIED.);
#402=B_SPLINE_SURFACE_WITH_KNOTS('',3,3,((#3778,#3779,#3780,#3781),(#3782,
#3783,#3784,#3785),(#3786,#3787,#3788,#3789),(#3790,#3791,#3792,#3793),
(#3794,#3795,#3796,#3797)),.UNSPECIFIED.,.F.,.F.,.F.,(4,1,4),(4,4),(0.,
0.571428571428571,1.),(-1.26410314164872,-1.24939409906423),
 .UNSPECIFIED.);
#403=B_SPLINE_SURFACE_WITH_KNOTS('',3,3,((#3801,#3802,#3803,#3804),(#3805,
#3806,#3807,#3808),(#3809,#3810,#3811,#3812),(#3813,#3814,#3815,#3816),
(#3817,#3818,#3819,#3820)),.UNSPECIFIED.,.F.,.F.,.F.,(4,1,4),(4,4),(0.,
0.571428571428571,1.),(0.,0.326425246282336),.UNSPECIFIED.);
#404=B_SPLINE_SURFACE_WITH_KNOTS('',3,3,((#3921,#3922,#3923,#3924),(#3925,
#3926,#3927,#3928),(#3929,#3930,#3931,#3932),(#3933,#3934,#3935,#3936),
(#3937,#3938,#3939,#3940)),.UNSPECIFIED.,.F.,.F.,.F.,(4,1,4),(4,4),(0.,
0.571428571428571,1.),(0.,0.326425246282351),.UNSPECIFIED.);
#405=B_SPLINE_SURFACE_WITH_KNOTS('',3,3,((#3947,#3948,#3949,#3950),(#3951,
#3952,#3953,#3954),(#3955,#3956,#3957,#3958),(#3959,#3960,#3961,#3962),
(#3963,#3964,#3965,#3966)),.UNSPECIFIED.,.F.,.F.,.F.,(4,1,4),(4,4),(0.,
0.571428571428571,1.),(1.24939409906423,1.26410314164873),.UNSPECIFIED.);
#406=B_SPLINE_SURFACE_WITH_KNOTS('',3,3,((#3968,#3969,#3970,#3971),(#3972,
#3973,#3974,#3975),(#3976,#3977,#3978,#3979),(#3980,#3981,#3982,#3983),
(#3984,#3985,#3986,#3987)),.UNSPECIFIED.,.F.,.F.,.F.,(4,1,4),(4,4),(0.,
0.571428571428571,1.),(-1.26410314164873,-1.24939409906423),
 .UNSPECIFIED.);
#407=B_SPLINE_SURFACE_WITH_KNOTS('',3,3,((#3991,#3992,#3993,#3994),(#3995,
#3996,#3997,#3998),(#3999,#4000,#4001,#4002),(#4003,#4004,#4005,#4006),
(#4007,#4008,#4009,#4010)),.UNSPECIFIED.,.F.,.F.,.F.,(4,1,4),(4,4),(0.,
0.571428571428571,1.),(7.2336776173815E-15,0.326425246282351),
 .UNSPECIFIED.);
#408=B_SPLINE_SURFACE_WITH_KNOTS('',3,3,((#4111,#4112,#4113,#4114),(#4115,
#4116,#4117,#4118),(#4119,#4120,#4121,#4122),(#4123,#4124,#4125,#4126),
(#4127,#4128,#4129,#4130)),.UNSPECIFIED.,.F.,.F.,.F.,(4,1,4),(4,4),(0.,
0.571428571428571,1.),(0.,0.326425246282351),.UNSPECIFIED.);
#409=B_SPLINE_SURFACE_WITH_KNOTS('',3,3,((#4137,#4138,#4139,#4140),(#4141,
#4142,#4143,#4144),(#4145,#4146,#4147,#4148),(#4149,#4150,#4151,#4152),
(#4153,#4154,#4155,#4156)),.UNSPECIFIED.,.F.,.F.,.F.,(4,1,4),(4,4),(0.,
0.571428571428571,1.),(1.24939409906423,1.26410314164873),.UNSPECIFIED.);
#410=B_SPLINE_SURFACE_WITH_KNOTS('',3,3,((#4158,#4159,#4160,#4161),(#4162,
#4163,#4164,#4165),(#4166,#4167,#4168,#4169),(#4170,#4171,#4172,#4173)),
 .UNSPECIFIED.,.F.,.F.,.F.,(4,4),(4,4),(0.0796210473186471,1.),(-0.000475788591861869,
0.000475788591862181),.UNSPECIFIED.);
#411=B_SPLINE_SURFACE_WITH_KNOTS('',3,3,((#4177,#4178,#4179,#4180,#4181,
#4182),(#4183,#4184,#4185,#4186,#4187,#4188),(#4189,#4190,#4191,#4192,#4193,
#4194),(#4195,#4196,#4197,#4198,#4199,#4200),(#4201,#4202,#4203,#4204,#4205,
#4206)),.UNSPECIFIED.,.F.,.F.,.F.,(4,1,4),(4,1,1,4),(0.,0.571428571428571,
1.),(9.51420265748218E-16,0.193824494515505,0.38764898903101,0.678385730804266),
 .UNSPECIFIED.);
#412=B_SPLINE_SURFACE_WITH_KNOTS('',3,3,((#4215,#4216,#4217,#4218),(#4219,
#4220,#4221,#4222),(#4223,#4224,#4225,#4226),(#4227,#4228,#4229,#4230),
(#4231,#4232,#4233,#4234)),.UNSPECIFIED.,.F.,.F.,.F.,(4,1,4),(4,4),(0.,
0.571428571428571,1.),(-1.26410314164872,-1.24939409906423),
 .UNSPECIFIED.);
#413=B_SPLINE_SURFACE_WITH_KNOTS('',3,3,((#4238,#4239,#4240,#4241),(#4242,
#4243,#4244,#4245),(#4246,#4247,#4248,#4249),(#4250,#4251,#4252,#4253),
(#4254,#4255,#4256,#4257)),.UNSPECIFIED.,.F.,.F.,.F.,(4,1,4),(4,4),(0.,
0.571428571428571,1.),(2.12763247814349E-15,0.326425246282336),
 .UNSPECIFIED.);
#414=B_SPLINE_SURFACE_WITH_KNOTS('',3,3,((#4352,#4353,#4354,#4355,#4356,
#4357),(#4358,#4359,#4360,#4361,#4362,#4363),(#4364,#4365,#4366,#4367,#4368,
#4369),(#4370,#4371,#4372,#4373,#4374,#4375)),.UNSPECIFIED.,.F.,.F.,.F.,
(4,4),(4,2,4),(0.,1.),(-0.157458687170657,-0.156165455754365,0.),
 .UNSPECIFIED.);
#415=B_SPLINE_SURFACE_WITH_KNOTS('',3,3,((#4384,#4385,#4386,#4387),(#4388,
#4389,#4390,#4391),(#4392,#4393,#4394,#4395),(#4396,#4397,#4398,#4399),
(#4400,#4401,#4402,#4403)),.UNSPECIFIED.,.F.,.F.,.F.,(4,1,4),(4,4),(0.,
0.571428571428571,1.),(0.,0.00849201229448999),.UNSPECIFIED.);
#416=B_SPLINE_SURFACE_WITH_KNOTS('',3,3,((#4410,#4411,#4412,#4413,#4414),
(#4415,#4416,#4417,#4418,#4419),(#4420,#4421,#4422,#4423,#4424),(#4425,
#4426,#4427,#4428,#4429),(#4430,#4431,#4432,#4433,#4434)),.UNSPECIFIED.,
 .F.,.F.,.F.,(4,1,4),(4,1,4),(0.,0.571428571428571,1.),(0.,0.0139222740776454,
0.0278445481552909),.UNSPECIFIED.);
#417=B_SPLINE_SURFACE_WITH_KNOTS('',3,3,((#4442,#4443,#4444,#4445),(#4446,
#4447,#4448,#4449),(#4450,#4451,#4452,#4453),(#4454,#4455,#4456,#4457)),
 .UNSPECIFIED.,.F.,.F.,.F.,(4,4),(4,4),(0.,1.),(-0.0214886918909204,2.56630414462587E-19),
 .UNSPECIFIED.);
#418=B_SPLINE_SURFACE_WITH_KNOTS('',3,3,((#4465,#4466,#4467,#4468),(#4469,
#4470,#4471,#4472),(#4473,#4474,#4475,#4476),(#4477,#4478,#4479,#4480)),
 .UNSPECIFIED.,.F.,.F.,.F.,(4,4),(4,4),(0.,1.),(0.,0.0214886919014246),
 .UNSPECIFIED.);
#419=B_SPLINE_SURFACE_WITH_KNOTS('',3,3,((#4484,#4485,#4486,#4487,#4488),
(#4489,#4490,#4491,#4492,#4493),(#4494,#4495,#4496,#4497,#4498),(#4499,
#4500,#4501,#4502,#4503),(#4504,#4505,#4506,#4507,#4508)),.UNSPECIFIED.,
 .F.,.F.,.F.,(4,1,4),(4,1,4),(0.,0.571428571428571,1.),(2.84905258417966E-13,
0.0139222994864714,0.0278445989726579),.UNSPECIFIED.);
#420=B_SPLINE_SURFACE_WITH_KNOTS('',3,3,((#4516,#4517,#4518,#4519),(#4520,
#4521,#4522,#4523),(#4524,#4525,#4526,#4527),(#4528,#4529,#4530,#4531),
(#4532,#4533,#4534,#4535)),.UNSPECIFIED.,.F.,.F.,.F.,(4,1,4),(4,4),(0.,
0.571428571428571,1.),(2.35840078905922E-13,0.00849201230375584),
 .UNSPECIFIED.);
#421=B_SPLINE_SURFACE_WITH_KNOTS('',3,3,((#4542,#4543,#4544,#4545,#4546,
#4547),(#4548,#4549,#4550,#4551,#4552,#4553),(#4554,#4555,#4556,#4557,#4558,
#4559),(#4560,#4561,#4562,#4563,#4564,#4565)),.UNSPECIFIED.,.F.,.F.,.F.,
(4,4),(4,2,4),(0.,1.),(-0.156165455742304,0.,0.0012932314190334),
 .UNSPECIFIED.);
#422=B_SPLINE_SURFACE_WITH_KNOTS('',3,3,((#4639,#4640,#4641,#4642,#4643,
#4644),(#4645,#4646,#4647,#4648,#4649,#4650),(#4651,#4652,#4653,#4654,#4655,
#4656),(#4657,#4658,#4659,#4660,#4661,#4662)),.UNSPECIFIED.,.F.,.F.,.F.,
(4,4),(4,2,4),(0.,1.),(-0.157458687170657,-0.156165455754365,0.),
 .UNSPECIFIED.);
#423=B_SPLINE_SURFACE_WITH_KNOTS('',3,3,((#4671,#4672,#4673,#4674),(#4675,
#4676,#4677,#4678),(#4679,#4680,#4681,#4682),(#4683,#4684,#4685,#4686),
(#4687,#4688,#4689,#4690)),.UNSPECIFIED.,.F.,.F.,.F.,(4,1,4),(4,4),(0.,
0.571428571428571,1.),(0.,0.00849201229448999),.UNSPECIFIED.);
#424=B_SPLINE_SURFACE_WITH_KNOTS('',3,3,((#4697,#4698,#4699,#4700,#4701),
(#4702,#4703,#4704,#4705,#4706),(#4707,#4708,#4709,#4710,#4711),(#4712,
#4713,#4714,#4715,#4716),(#4717,#4718,#4719,#4720,#4721)),.UNSPECIFIED.,
 .F.,.F.,.F.,(4,1,4),(4,1,4),(0.,0.571428571428571,1.),(0.,0.0139222740776454,
0.0278445481552909),.UNSPECIFIED.);
#425=B_SPLINE_SURFACE_WITH_KNOTS('',3,3,((#4729,#4730,#4731,#4732),(#4733,
#4734,#4735,#4736),(#4737,#4738,#4739,#4740),(#4741,#4742,#4743,#4744)),
 .UNSPECIFIED.,.F.,.F.,.F.,(4,4),(4,4),(0.,1.),(-0.0214886918909204,2.56630414462587E-19),
 .UNSPECIFIED.);
#426=B_SPLINE_SURFACE_WITH_KNOTS('',3,3,((#4752,#4753,#4754,#4755),(#4756,
#4757,#4758,#4759),(#4760,#4761,#4762,#4763),(#4764,#4765,#4766,#4767)),
 .UNSPECIFIED.,.F.,.F.,.F.,(4,4),(4,4),(0.,1.),(0.,0.0214886919014246),
 .UNSPECIFIED.);
#427=B_SPLINE_SURFACE_WITH_KNOTS('',3,3,((#4771,#4772,#4773,#4774,#4775),
(#4776,#4777,#4778,#4779,#4780),(#4781,#4782,#4783,#4784,#4785),(#4786,
#4787,#4788,#4789,#4790),(#4791,#4792,#4793,#4794,#4795)),.UNSPECIFIED.,
 .F.,.F.,.F.,(4,1,4),(4,1,4),(0.,0.571428571428571,1.),(2.84905258417966E-13,
0.0139222994864714,0.0278445989726579),.UNSPECIFIED.);
#428=B_SPLINE_SURFACE_WITH_KNOTS('',3,3,((#4803,#4804,#4805,#4806),(#4807,
#4808,#4809,#4810),(#4811,#4812,#4813,#4814),(#4815,#4816,#4817,#4818),
(#4819,#4820,#4821,#4822)),.UNSPECIFIED.,.F.,.F.,.F.,(4,1,4),(4,4),(0.,
0.571428571428571,1.),(2.35840078905922E-13,0.00849201230375584),
 .UNSPECIFIED.);
#429=B_SPLINE_SURFACE_WITH_KNOTS('',3,3,((#4829,#4830,#4831,#4832,#4833,
#4834),(#4835,#4836,#4837,#4838,#4839,#4840),(#4841,#4842,#4843,#4844,#4845,
#4846),(#4847,#4848,#4849,#4850,#4851,#4852)),.UNSPECIFIED.,.F.,.F.,.F.,
(4,4),(4,2,4),(0.,1.),(-0.156165455742304,0.,0.0012932314190334),
 .UNSPECIFIED.);
#430=B_SPLINE_SURFACE_WITH_KNOTS('',3,3,((#4884,#4885,#4886,#4887,#4888,
#4889),(#4890,#4891,#4892,#4893,#4894,#4895),(#4896,#4897,#4898,#4899,#4900,
#4901),(#4902,#4903,#4904,#4905,#4906,#4907)),.UNSPECIFIED.,.F.,.F.,.F.,
(4,4),(4,2,4),(0.,1.),(-0.157458687170657,-0.156165455754365,0.),
 .UNSPECIFIED.);
#431=B_SPLINE_SURFACE_WITH_KNOTS('',3,3,((#4916,#4917,#4918,#4919),(#4920,
#4921,#4922,#4923),(#4924,#4925,#4926,#4927),(#4928,#4929,#4930,#4931),
(#4932,#4933,#4934,#4935)),.UNSPECIFIED.,.F.,.F.,.F.,(4,1,4),(4,4),(0.,
0.571428571428571,1.),(0.,0.00849201229448999),.UNSPECIFIED.);
#432=B_SPLINE_SURFACE_WITH_KNOTS('',3,3,((#4942,#4943,#4944,#4945,#4946),
(#4947,#4948,#4949,#4950,#4951),(#4952,#4953,#4954,#4955,#4956),(#4957,
#4958,#4959,#4960,#4961),(#4962,#4963,#4964,#4965,#4966)),.UNSPECIFIED.,
 .F.,.F.,.F.,(4,1,4),(4,1,4),(0.,0.571428571428571,1.),(0.,0.0139222740776454,
0.0278445481552909),.UNSPECIFIED.);
#433=B_SPLINE_SURFACE_WITH_KNOTS('',3,3,((#4974,#4975,#4976,#4977),(#4978,
#4979,#4980,#4981),(#4982,#4983,#4984,#4985),(#4986,#4987,#4988,#4989)),
 .UNSPECIFIED.,.F.,.F.,.F.,(4,4),(4,4),(0.,1.),(-0.0214886918909204,2.56630414462587E-19),
 .UNSPECIFIED.);
#434=B_SPLINE_SURFACE_WITH_KNOTS('',3,3,((#4997,#4998,#4999,#5000),(#5001,
#5002,#5003,#5004),(#5005,#5006,#5007,#5008),(#5009,#5010,#5011,#5012)),
 .UNSPECIFIED.,.F.,.F.,.F.,(4,4),(4,4),(0.,1.),(0.,0.0214886919014246),
 .UNSPECIFIED.);
#435=B_SPLINE_SURFACE_WITH_KNOTS('',3,3,((#5016,#5017,#5018,#5019,#5020),
(#5021,#5022,#5023,#5024,#5025),(#5026,#5027,#5028,#5029,#5030),(#5031,
#5032,#5033,#5034,#5035),(#5036,#5037,#5038,#5039,#5040)),.UNSPECIFIED.,
 .F.,.F.,.F.,(4,1,4),(4,1,4),(0.,0.571428571428571,1.),(2.84905258417966E-13,
0.0139222994864714,0.0278445989726579),.UNSPECIFIED.);
#436=B_SPLINE_SURFACE_WITH_KNOTS('',3,3,((#5048,#5049,#5050,#5051),(#5052,
#5053,#5054,#5055),(#5056,#5057,#5058,#5059),(#5060,#5061,#5062,#5063),
(#5064,#5065,#5066,#5067)),.UNSPECIFIED.,.F.,.F.,.F.,(4,1,4),(4,4),(0.,
0.571428571428571,1.),(2.35840078905922E-13,0.00849201230375584),
 .UNSPECIFIED.);
#437=B_SPLINE_SURFACE_WITH_KNOTS('',3,3,((#5074,#5075,#5076,#5077,#5078,
#5079),(#5080,#5081,#5082,#5083,#5084,#5085),(#5086,#5087,#5088,#5089,#5090,
#5091),(#5092,#5093,#5094,#5095,#5096,#5097)),.UNSPECIFIED.,.F.,.F.,.F.,
(4,4),(4,2,4),(0.,1.),(-0.156165455742304,0.,0.0012932314190334),
 .UNSPECIFIED.);
#438=FACE_OUTER_BOUND('',#570,.T.);
#439=FACE_OUTER_BOUND('',#571,.T.);
#440=FACE_OUTER_BOUND('',#572,.T.);
#441=FACE_OUTER_BOUND('',#573,.T.);
#442=FACE_OUTER_BOUND('',#574,.T.);
#443=FACE_OUTER_BOUND('',#575,.T.);
#444=FACE_OUTER_BOUND('',#576,.T.);
#445=FACE_OUTER_BOUND('',#577,.T.);
#446=FACE_OUTER_BOUND('',#578,.T.);
#447=FACE_OUTER_BOUND('',#579,.T.);
#448=FACE_OUTER_BOUND('',#580,.T.);
#449=FACE_OUTER_BOUND('',#581,.T.);
#450=FACE_OUTER_BOUND('',#582,.T.);
#451=FACE_OUTER_BOUND('',#583,.T.);
#452=FACE_OUTER_BOUND('',#584,.T.);
#453=FACE_OUTER_BOUND('',#585,.T.);
#454=FACE_OUTER_BOUND('',#586,.T.);
#455=FACE_OUTER_BOUND('',#587,.T.);
#456=FACE_OUTER_BOUND('',#588,.T.);
#457=FACE_OUTER_BOUND('',#589,.T.);
#458=FACE_OUTER_BOUND('',#590,.T.);
#459=FACE_OUTER_BOUND('',#591,.T.);
#460=FACE_OUTER_BOUND('',#592,.T.);
#461=FACE_OUTER_BOUND('',#593,.T.);
#462=FACE_OUTER_BOUND('',#594,.T.);
#463=FACE_OUTER_BOUND('',#595,.T.);
#464=FACE_OUTER_BOUND('',#596,.T.);
#465=FACE_OUTER_BOUND('',#597,.T.);
#466=FACE_OUTER_BOUND('',#598,.T.);
#467=FACE_OUTER_BOUND('',#599,.T.);
#468=FACE_OUTER_BOUND('',#600,.T.);
#469=FACE_OUTER_BOUND('',#601,.T.);
#470=FACE_OUTER_BOUND('',#602,.T.);
#471=FACE_OUTER_BOUND('',#603,.T.);
#472=FACE_OUTER_BOUND('',#604,.T.);
#473=FACE_OUTER_BOUND('',#605,.T.);
#474=FACE_OUTER_BOUND('',#606,.T.);
#475=FACE_OUTER_BOUND('',#607,.T.);
#476=FACE_OUTER_BOUND('',#608,.T.);
#477=FACE_OUTER_BOUND('',#609,.T.);
#478=FACE_OUTER_BOUND('',#610,.T.);
#479=FACE_OUTER_BOUND('',#611,.T.);
#480=FACE_OUTER_BOUND('',#612,.T.);
#481=FACE_OUTER_BOUND('',#613,.T.);
#482=FACE_OUTER_BOUND('',#614,.T.);
#483=FACE_OUTER_BOUND('',#615,.T.);
#484=FACE_OUTER_BOUND('',#616,.T.);
#485=FACE_OUTER_BOUND('',#617,.T.);
#486=FACE_OUTER_BOUND('',#618,.T.);
#487=FACE_OUTER_BOUND('',#619,.T.);
#488=FACE_OUTER_BOUND('',#620,.T.);
#489=FACE_OUTER_BOUND('',#621,.T.);
#490=FACE_OUTER_BOUND('',#622,.T.);
#491=FACE_OUTER_BOUND('',#623,.T.);
#492=FACE_OUTER_BOUND('',#624,.T.);
#493=FACE_OUTER_BOUND('',#625,.T.);
#494=FACE_OUTER_BOUND('',#626,.T.);
#495=FACE_OUTER_BOUND('',#627,.T.);
#496=FACE_OUTER_BOUND('',#628,.T.);
#497=FACE_OUTER_BOUND('',#629,.T.);
#498=FACE_OUTER_BOUND('',#630,.T.);
#499=FACE_OUTER_BOUND('',#631,.T.);
#500=FACE_OUTER_BOUND('',#632,.T.);
#501=FACE_OUTER_BOUND('',#633,.T.);
#502=FACE_OUTER_BOUND('',#634,.T.);
#503=FACE_OUTER_BOUND('',#635,.T.);
#504=FACE_OUTER_BOUND('',#636,.T.);
#505=FACE_OUTER_BOUND('',#637,.T.);
#506=FACE_OUTER_BOUND('',#638,.T.);
#507=FACE_OUTER_BOUND('',#639,.T.);
#508=FACE_OUTER_BOUND('',#640,.T.);
#509=FACE_OUTER_BOUND('',#641,.T.);
#510=FACE_OUTER_BOUND('',#642,.T.);
#511=FACE_OUTER_BOUND('',#643,.T.);
#512=FACE_OUTER_BOUND('',#644,.T.);
#513=FACE_OUTER_BOUND('',#645,.T.);
#514=FACE_OUTER_BOUND('',#646,.T.);
#515=FACE_OUTER_BOUND('',#647,.T.);
#516=FACE_OUTER_BOUND('',#648,.T.);
#517=FACE_OUTER_BOUND('',#649,.T.);
#518=FACE_OUTER_BOUND('',#650,.T.);
#519=FACE_OUTER_BOUND('',#651,.T.);
#520=FACE_OUTER_BOUND('',#652,.T.);
#521=FACE_OUTER_BOUND('',#653,.T.);
#522=FACE_OUTER_BOUND('',#654,.T.);
#523=FACE_OUTER_BOUND('',#655,.T.);
#524=FACE_OUTER_BOUND('',#656,.T.);
#525=FACE_OUTER_BOUND('',#657,.T.);
#526=FACE_OUTER_BOUND('',#658,.T.);
#527=FACE_OUTER_BOUND('',#659,.T.);
#528=FACE_OUTER_BOUND('',#660,.T.);
#529=FACE_OUTER_BOUND('',#662,.T.);
#530=FACE_OUTER_BOUND('',#663,.T.);
#531=FACE_OUTER_BOUND('',#664,.T.);
#532=FACE_OUTER_BOUND('',#665,.T.);
#533=FACE_OUTER_BOUND('',#666,.T.);
#534=FACE_OUTER_BOUND('',#667,.T.);
#535=FACE_OUTER_BOUND('',#668,.T.);
#536=FACE_OUTER_BOUND('',#669,.T.);
#537=FACE_OUTER_BOUND('',#670,.T.);
#538=FACE_OUTER_BOUND('',#671,.T.);
#539=FACE_OUTER_BOUND('',#672,.T.);
#540=FACE_OUTER_BOUND('',#673,.T.);
#541=FACE_OUTER_BOUND('',#674,.T.);
#542=FACE_OUTER_BOUND('',#675,.T.);
#543=FACE_OUTER_BOUND('',#676,.T.);
#544=FACE_OUTER_BOUND('',#677,.T.);
#545=FACE_OUTER_BOUND('',#678,.T.);
#546=FACE_OUTER_BOUND('',#679,.T.);
#547=FACE_OUTER_BOUND('',#680,.T.);
#548=FACE_OUTER_BOUND('',#681,.T.);
#549=FACE_OUTER_BOUND('',#682,.T.);
#550=FACE_OUTER_BOUND('',#683,.T.);
#551=FACE_OUTER_BOUND('',#684,.T.);
#552=FACE_OUTER_BOUND('',#685,.T.);
#553=FACE_OUTER_BOUND('',#686,.T.);
#554=FACE_OUTER_BOUND('',#687,.T.);
#555=FACE_OUTER_BOUND('',#688,.T.);
#556=FACE_OUTER_BOUND('',#689,.T.);
#557=FACE_OUTER_BOUND('',#690,.T.);
#558=FACE_OUTER_BOUND('',#691,.T.);
#559=FACE_OUTER_BOUND('',#692,.T.);
#560=FACE_OUTER_BOUND('',#693,.T.);
#561=FACE_OUTER_BOUND('',#694,.T.);
#562=FACE_OUTER_BOUND('',#695,.T.);
#563=FACE_OUTER_BOUND('',#696,.T.);
#564=FACE_OUTER_BOUND('',#697,.T.);
#565=FACE_OUTER_BOUND('',#698,.T.);
#566=FACE_OUTER_BOUND('',#699,.T.);
#567=FACE_OUTER_BOUND('',#700,.T.);
#568=FACE_OUTER_BOUND('',#701,.T.);
#569=FACE_OUTER_BOUND('',#702,.T.);
#570=EDGE_LOOP('',(#1296,#1297,#1298,#1299));
#571=EDGE_LOOP('',(#1300,#1301,#1302,#1303));
#572=EDGE_LOOP('',(#1304,#1305,#1306,#1307));
#573=EDGE_LOOP('',(#1308,#1309,#1310,#1311));
#574=EDGE_LOOP('',(#1312,#1313,#1314,#1315,#1316));
#575=EDGE_LOOP('',(#1317,#1318,#1319,#1320));
#576=EDGE_LOOP('',(#1321,#1322,#1323,#1324));
#577=EDGE_LOOP('',(#1325,#1326,#1327,#1328));
#578=EDGE_LOOP('',(#1329,#1330,#1331,#1332));
#579=EDGE_LOOP('',(#1333,#1334,#1335,#1336));
#580=EDGE_LOOP('',(#1337,#1338,#1339,#1340));
#581=EDGE_LOOP('',(#1341,#1342,#1343,#1344));
#582=EDGE_LOOP('',(#1345,#1346,#1347,#1348,#1349));
#583=EDGE_LOOP('',(#1350,#1351,#1352,#1353,#1354));
#584=EDGE_LOOP('',(#1355,#1356,#1357,#1358));
#585=EDGE_LOOP('',(#1359,#1360,#1361,#1362,#1363));
#586=EDGE_LOOP('',(#1364,#1365,#1366,#1367,#1368,#1369,#1370,#1371,#1372,
#1373));
#587=EDGE_LOOP('',(#1374,#1375,#1376,#1377,#1378,#1379,#1380,#1381,#1382,
#1383));
#588=EDGE_LOOP('',(#1384,#1385,#1386,#1387,#1388,#1389,#1390,#1391,#1392,
#1393));
#589=EDGE_LOOP('',(#1394,#1395,#1396,#1397,#1398,#1399,#1400,#1401,#1402,
#1403,#1404,#1405,#1406,#1407,#1408,#1409));
#590=EDGE_LOOP('',(#1410,#1411,#1412,#1413));
#591=EDGE_LOOP('',(#1414,#1415,#1416,#1417));
#592=EDGE_LOOP('',(#1418,#1419,#1420,#1421));
#593=EDGE_LOOP('',(#1422,#1423,#1424,#1425,#1426));
#594=EDGE_LOOP('',(#1427,#1428,#1429,#1430));
#595=EDGE_LOOP('',(#1431,#1432,#1433,#1434,#1435));
#596=EDGE_LOOP('',(#1436,#1437,#1438,#1439));
#597=EDGE_LOOP('',(#1440,#1441,#1442,#1443));
#598=EDGE_LOOP('',(#1444,#1445,#1446,#1447));
#599=EDGE_LOOP('',(#1448,#1449,#1450,#1451));
#600=EDGE_LOOP('',(#1452,#1453,#1454,#1455));
#601=EDGE_LOOP('',(#1456,#1457,#1458,#1459));
#602=EDGE_LOOP('',(#1460,#1461,#1462,#1463,#1464,#1465));
#603=EDGE_LOOP('',(#1466,#1467,#1468,#1469,#1470,#1471));
#604=EDGE_LOOP('',(#1472,#1473,#1474,#1475,#1476,#1477));
#605=EDGE_LOOP('',(#1478,#1479,#1480,#1481));
#606=EDGE_LOOP('',(#1482,#1483,#1484,#1485));
#607=EDGE_LOOP('',(#1486,#1487,#1488,#1489));
#608=EDGE_LOOP('',(#1490,#1491,#1492,#1493));
#609=EDGE_LOOP('',(#1494,#1495,#1496,#1497));
#610=EDGE_LOOP('',(#1498,#1499,#1500,#1501));
#611=EDGE_LOOP('',(#1502,#1503,#1504,#1505));
#612=EDGE_LOOP('',(#1506,#1507,#1508,#1509));
#613=EDGE_LOOP('',(#1510,#1511,#1512,#1513));
#614=EDGE_LOOP('',(#1514,#1515,#1516,#1517));
#615=EDGE_LOOP('',(#1518,#1519,#1520,#1521));
#616=EDGE_LOOP('',(#1522,#1523,#1524,#1525));
#617=EDGE_LOOP('',(#1526,#1527,#1528,#1529,#1530,#1531));
#618=EDGE_LOOP('',(#1532,#1533,#1534,#1535,#1536,#1537));
#619=EDGE_LOOP('',(#1538,#1539,#1540,#1541,#1542,#1543));
#620=EDGE_LOOP('',(#1544,#1545,#1546,#1547));
#621=EDGE_LOOP('',(#1548,#1549,#1550,#1551));
#622=EDGE_LOOP('',(#1552,#1553,#1554,#1555));
#623=EDGE_LOOP('',(#1556,#1557,#1558,#1559));
#624=EDGE_LOOP('',(#1560,#1561,#1562,#1563));
#625=EDGE_LOOP('',(#1564,#1565,#1566,#1567));
#626=EDGE_LOOP('',(#1568,#1569,#1570,#1571));
#627=EDGE_LOOP('',(#1572,#1573,#1574,#1575,#1576));
#628=EDGE_LOOP('',(#1577,#1578,#1579,#1580));
#629=EDGE_LOOP('',(#1581,#1582,#1583,#1584));
#630=EDGE_LOOP('',(#1585,#1586,#1587,#1588));
#631=EDGE_LOOP('',(#1589,#1590,#1591,#1592));
#632=EDGE_LOOP('',(#1593,#1594,#1595,#1596));
#633=EDGE_LOOP('',(#1597,#1598,#1599,#1600));
#634=EDGE_LOOP('',(#1601,#1602,#1603,#1604,#1605,#1606));
#635=EDGE_LOOP('',(#1607,#1608,#1609,#1610,#1611,#1612));
#636=EDGE_LOOP('',(#1613,#1614,#1615,#1616,#1617,#1618));
#637=EDGE_LOOP('',(#1619,#1620,#1621,#1622));
#638=EDGE_LOOP('',(#1623,#1624,#1625,#1626));
#639=EDGE_LOOP('',(#1627,#1628,#1629,#1630));
#640=EDGE_LOOP('',(#1631,#1632,#1633));
#641=EDGE_LOOP('',(#1634,#1635,#1636,#1637));
#642=EDGE_LOOP('',(#1638,#1639,#1640,#1641));
#643=EDGE_LOOP('',(#1642,#1643,#1644,#1645));
#644=EDGE_LOOP('',(#1646,#1647,#1648,#1649));
#645=EDGE_LOOP('',(#1650,#1651,#1652,#1653));
#646=EDGE_LOOP('',(#1654,#1655,#1656,#1657));
#647=EDGE_LOOP('',(#1658,#1659,#1660,#1661));
#648=EDGE_LOOP('',(#1662,#1663,#1664));
#649=EDGE_LOOP('',(#1665,#1666,#1667,#1668));
#650=EDGE_LOOP('',(#1669,#1670,#1671));
#651=EDGE_LOOP('',(#1672,#1673,#1674,#1675));
#652=EDGE_LOOP('',(#1676,#1677,#1678));
#653=EDGE_LOOP('',(#1679,#1680,#1681,#1682));
#654=EDGE_LOOP('',(#1683,#1684,#1685,#1686));
#655=EDGE_LOOP('',(#1687,#1688,#1689,#1690,#1691));
#656=EDGE_LOOP('',(#1692,#1693,#1694,#1695));
#657=EDGE_LOOP('',(#1696,#1697,#1698,#1699,#1700));
#658=EDGE_LOOP('',(#1701,#1702,#1703,#1704,#1705));
#659=EDGE_LOOP('',(#1706,#1707,#1708,#1709,#1710));
#660=EDGE_LOOP('',(#1711,#1712,#1713,#1714,#1715,#1716,#1717,#1718,#1719,
#1720,#1721,#1722,#1723,#1724,#1725,#1726,#1727,#1728,#1729,#1730,#1731,
#1732,#1733,#1734,#1735,#1736,#1737,#1738,#1739,#1740,#1741,#1742,#1743,
#1744,#1745,#1746));
#661=EDGE_LOOP('',(#1747));
#662=EDGE_LOOP('',(#1748,#1749,#1750));
#663=EDGE_LOOP('',(#1751,#1752,#1753,#1754));
#664=EDGE_LOOP('',(#1755,#1756,#1757,#1758));
#665=EDGE_LOOP('',(#1759,#1760,#1761,#1762));
#666=EDGE_LOOP('',(#1763,#1764,#1765,#1766));
#667=EDGE_LOOP('',(#1767,#1768,#1769,#1770));
#668=EDGE_LOOP('',(#1771,#1772,#1773,#1774));
#669=EDGE_LOOP('',(#1775,#1776,#1777,#1778));
#670=EDGE_LOOP('',(#1779,#1780,#1781));
#671=EDGE_LOOP('',(#1782,#1783,#1784,#1785));
#672=EDGE_LOOP('',(#1786,#1787,#1788));
#673=EDGE_LOOP('',(#1789,#1790,#1791,#1792));
#674=EDGE_LOOP('',(#1793,#1794,#1795));
#675=EDGE_LOOP('',(#1796,#1797,#1798,#1799));
#676=EDGE_LOOP('',(#1800,#1801,#1802,#1803));
#677=EDGE_LOOP('',(#1804,#1805,#1806,#1807,#1808));
#678=EDGE_LOOP('',(#1809,#1810,#1811,#1812));
#679=EDGE_LOOP('',(#1813,#1814,#1815,#1816,#1817));
#680=EDGE_LOOP('',(#1818,#1819,#1820,#1821,#1822));
#681=EDGE_LOOP('',(#1823,#1824,#1825,#1826,#1827));
#682=EDGE_LOOP('',(#1828,#1829,#1830));
#683=EDGE_LOOP('',(#1831,#1832,#1833,#1834));
#684=EDGE_LOOP('',(#1835,#1836,#1837,#1838));
#685=EDGE_LOOP('',(#1839,#1840,#1841,#1842));
#686=EDGE_LOOP('',(#1843,#1844,#1845,#1846));
#687=EDGE_LOOP('',(#1847,#1848,#1849,#1850));
#688=EDGE_LOOP('',(#1851,#1852,#1853,#1854));
#689=EDGE_LOOP('',(#1855,#1856,#1857,#1858));
#690=EDGE_LOOP('',(#1859,#1860,#1861));
#691=EDGE_LOOP('',(#1862,#1863,#1864,#1865));
#692=EDGE_LOOP('',(#1866,#1867,#1868));
#693=EDGE_LOOP('',(#1869,#1870,#1871,#1872));
#694=EDGE_LOOP('',(#1873,#1874,#1875));
#695=EDGE_LOOP('',(#1876,#1877,#1878,#1879));
#696=EDGE_LOOP('',(#1880,#1881,#1882,#1883));
#697=EDGE_LOOP('',(#1884,#1885,#1886,#1887,#1888));
#698=EDGE_LOOP('',(#1889,#1890,#1891,#1892));
#699=EDGE_LOOP('',(#1893,#1894,#1895,#1896,#1897));
#700=EDGE_LOOP('',(#1898,#1899,#1900,#1901,#1902));
#701=EDGE_LOOP('',(#1903,#1904,#1905,#1906,#1907));
#702=EDGE_LOOP('',(#1908,#1909,#1910,#1911));
#703=CIRCLE('',#2068,14.);
#704=CIRCLE('',#2069,21.9904265401807);
#705=CIRCLE('',#2070,14.);
#706=CIRCLE('',#2071,22.2);
#707=CIRCLE('',#2072,14.);
#708=CIRCLE('',#2073,14.);
#709=CIRCLE('',#2074,14.);
#710=CIRCLE('',#2075,21.9904265401807);
#711=CIRCLE('',#2076,21.9904265401807);
#712=CIRCLE('',#2077,14.);
#713=CIRCLE('',#2078,22.2);
#714=CIRCLE('',#2079,14.);
#715=CIRCLE('',#2080,14.);
#716=CIRCLE('',#2081,14.);
#717=CIRCLE('',#2082,21.9904265401807);
#718=CIRCLE('',#2083,14.);
#719=CIRCLE('',#2084,22.2);
#720=CIRCLE('',#2085,14.);
#721=CIRCLE('',#2086,14.);
#722=CIRCLE('',#2087,4.);
#723=CIRCLE('',#2088,4.00000000000004);
#724=CIRCLE('',#2089,3.99999999999996);
#725=CIRCLE('',#2090,3.99999999999999);
#726=CIRCLE('',#2091,3.99999999999998);
#727=CIRCLE('',#2093,4.);
#728=CIRCLE('',#2096,22.2);
#729=CIRCLE('',#2100,22.2);
#730=CIRCLE('',#2104,22.2);
#731=CIRCLE('',#2107,21.);
#732=CIRCLE('',#2109,4.);
#733=CIRCLE('',#2110,4.);
#734=CIRCLE('',#2111,4.);
#735=CIRCLE('',#2112,3.99999999999999);
#736=CIRCLE('',#2114,3.99999999999998);
#737=CIRCLE('',#2116,3.99999999999997);
#738=CIRCLE('',#2117,4.);
#739=CIRCLE('',#2118,4.00000000000001);
#740=CIRCLE('',#2120,4.);
#741=CIRCLE('',#2122,4.);
#742=CIRCLE('',#2125,8.);
#743=CIRCLE('',#2132,8.);
#744=CIRCLE('',#2135,4.);
#745=CIRCLE('',#2136,4.);
#746=CIRCLE('',#2137,3.99999999999999);
#747=CIRCLE('',#2139,4.);
#748=CIRCLE('',#2141,4.);
#749=CIRCLE('',#2143,4.);
#750=CIRCLE('',#2146,8.);
#751=CIRCLE('',#2153,8.);
#752=CIRCLE('',#2156,4.);
#753=CIRCLE('',#2157,4.);
#754=CIRCLE('',#2158,4.00000000000001);
#755=CIRCLE('',#2161,3.99999999999997);
#756=CIRCLE('',#2162,4.);
#757=CIRCLE('',#2163,4.00000000000001);
#758=CIRCLE('',#2165,3.99999999999999);
#759=CIRCLE('',#2167,4.);
#760=CIRCLE('',#2170,8.);
#761=CIRCLE('',#2177,8.);
#762=CIRCLE('',#2179,0.0500000000000212);
#763=CIRCLE('',#2180,0.049999999999994);
#764=CIRCLE('',#2181,0.0499999999999775);
#765=CIRCLE('',#2182,0.0499999999999654);
#766=CIRCLE('',#2185,0.0499999999999714);
#767=CIRCLE('',#2186,0.0500000000000416);
#768=CIRCLE('',#2188,0.0499999999999958);
#769=CIRCLE('',#2189,0.0499999999999875);
#770=CIRCLE('',#2191,8.);
#771=CIRCLE('',#2193,8.);
#772=CIRCLE('',#2195,8.);
#773=CIRCLE('',#2197,8.);
#774=CIRCLE('',#2198,8.);
#775=CIRCLE('',#2200,8.);
#776=CIRCLE('',#2203,0.25);
#777=CIRCLE('',#2206,0.25);
#778=CIRCLE('',#2210,8.);
#779=CIRCLE('',#2211,0.25);
#780=CIRCLE('',#2212,0.25);
#781=CIRCLE('',#2213,8.);
#782=CIRCLE('',#2214,8.);
#783=CIRCLE('',#2215,0.25);
#784=CIRCLE('',#2216,0.25);
#785=CIRCLE('',#2217,8.);
#786=CIRCLE('',#2218,21.);
#787=CIRCLE('',#2219,0.0500000000000212);
#788=CIRCLE('',#2220,0.049999999999994);
#789=CIRCLE('',#2221,0.0499999999999775);
#790=CIRCLE('',#2222,0.0499999999999654);
#791=CIRCLE('',#2225,0.0499999999999714);
#792=CIRCLE('',#2226,0.0500000000000416);
#793=CIRCLE('',#2228,0.0499999999999958);
#794=CIRCLE('',#2229,0.0499999999999875);
#795=CIRCLE('',#2231,8.);
#796=CIRCLE('',#2233,8.);
#797=CIRCLE('',#2236,8.);
#798=CIRCLE('',#2237,8.);
#799=CIRCLE('',#2245,0.0500000000000212);
#800=CIRCLE('',#2246,0.049999999999994);
#801=CIRCLE('',#2247,0.0499999999999775);
#802=CIRCLE('',#2248,0.0499999999999653);
#803=CIRCLE('',#2251,0.0499999999999714);
#804=CIRCLE('',#2252,0.0500000000000416);
#805=CIRCLE('',#2254,0.0499999999999958);
#806=CIRCLE('',#2255,0.0499999999999875);
#807=CIRCLE('',#2257,8.);
#808=CIRCLE('',#2259,8.);
#809=CIRCLE('',#2262,8.);
#810=CIRCLE('',#2263,8.);
#811=VERTEX_POINT('',#2799);
#812=VERTEX_POINT('',#2800);
#813=VERTEX_POINT('',#2802);
#814=VERTEX_POINT('',#2804);
#815=VERTEX_POINT('',#2855);
#816=VERTEX_POINT('',#2856);
#817=VERTEX_POINT('',#2898);
#818=VERTEX_POINT('',#2899);
#819=VERTEX_POINT('',#2957);
#820=VERTEX_POINT('',#2958);
#821=VERTEX_POINT('',#2999);
#822=VERTEX_POINT('',#3001);
#823=VERTEX_POINT('',#3003);
#824=VERTEX_POINT('',#3054);
#825=VERTEX_POINT('',#3055);
#826=VERTEX_POINT('',#3097);
#827=VERTEX_POINT('',#3098);
#828=VERTEX_POINT('',#3160);
#829=VERTEX_POINT('',#3161);
#830=VERTEX_POINT('',#3204);
#831=VERTEX_POINT('',#3206);
#832=VERTEX_POINT('',#3257);
#833=VERTEX_POINT('',#3258);
#834=VERTEX_POINT('',#3300);
#835=VERTEX_POINT('',#3301);
#836=VERTEX_POINT('',#3419);
#837=VERTEX_POINT('',#3425);
#838=VERTEX_POINT('',#3427);
#839=VERTEX_POINT('',#3465);
#840=VERTEX_POINT('',#3467);
#841=VERTEX_POINT('',#3474);
#842=VERTEX_POINT('',#3498);
#843=VERTEX_POINT('',#3531);
#844=VERTEX_POINT('',#3537);
#845=VERTEX_POINT('',#3546);
#846=VERTEX_POINT('',#3553);
#847=VERTEX_POINT('',#3555);
#848=VERTEX_POINT('',#3560);
#849=VERTEX_POINT('',#3562);
#850=VERTEX_POINT('',#3564);
#851=VERTEX_POINT('',#3566);
#852=VERTEX_POINT('',#3573);
#853=VERTEX_POINT('',#3579);
#854=VERTEX_POINT('',#3581);
#855=VERTEX_POINT('',#3586);
#856=VERTEX_POINT('',#3588);
#857=VERTEX_POINT('',#3590);
#858=VERTEX_POINT('',#3592);
#859=VERTEX_POINT('',#3597);
#860=VERTEX_POINT('',#3605);
#861=VERTEX_POINT('',#3607);
#862=VERTEX_POINT('',#3612);
#863=VERTEX_POINT('',#3614);
#864=VERTEX_POINT('',#3616);
#865=VERTEX_POINT('',#3618);
#866=VERTEX_POINT('',#3625);
#867=VERTEX_POINT('',#3629);
#868=VERTEX_POINT('',#3631);
#869=VERTEX_POINT('',#3654);
#870=VERTEX_POINT('',#3680);
#871=VERTEX_POINT('',#3713);
#872=VERTEX_POINT('',#3737);
#873=VERTEX_POINT('',#3770);
#874=VERTEX_POINT('',#3798);
#875=VERTEX_POINT('',#3821);
#876=VERTEX_POINT('',#3828);
#877=VERTEX_POINT('',#3832);
#878=VERTEX_POINT('',#3834);
#879=VERTEX_POINT('',#3838);
#880=VERTEX_POINT('',#3842);
#881=VERTEX_POINT('',#3851);
#882=VERTEX_POINT('',#3853);
#883=VERTEX_POINT('',#3859);
#884=VERTEX_POINT('',#3871);
#885=VERTEX_POINT('',#3873);
#886=VERTEX_POINT('',#3875);
#887=VERTEX_POINT('',#3884);
#888=VERTEX_POINT('',#3886);
#889=VERTEX_POINT('',#3893);
#890=VERTEX_POINT('',#3904);
#891=VERTEX_POINT('',#3908);
#892=VERTEX_POINT('',#3912);
#893=VERTEX_POINT('',#3916);
#894=VERTEX_POINT('',#3918);
#895=VERTEX_POINT('',#3941);
#896=VERTEX_POINT('',#3988);
#897=VERTEX_POINT('',#4011);
#898=VERTEX_POINT('',#4018);
#899=VERTEX_POINT('',#4022);
#900=VERTEX_POINT('',#4024);
#901=VERTEX_POINT('',#4028);
#902=VERTEX_POINT('',#4032);
#903=VERTEX_POINT('',#4041);
#904=VERTEX_POINT('',#4043);
#905=VERTEX_POINT('',#4049);
#906=VERTEX_POINT('',#4061);
#907=VERTEX_POINT('',#4063);
#908=VERTEX_POINT('',#4065);
#909=VERTEX_POINT('',#4074);
#910=VERTEX_POINT('',#4076);
#911=VERTEX_POINT('',#4083);
#912=VERTEX_POINT('',#4094);
#913=VERTEX_POINT('',#4098);
#914=VERTEX_POINT('',#4102);
#915=VERTEX_POINT('',#4106);
#916=VERTEX_POINT('',#4108);
#917=VERTEX_POINT('',#4131);
#918=VERTEX_POINT('',#4174);
#919=VERTEX_POINT('',#4207);
#920=VERTEX_POINT('',#4235);
#921=VERTEX_POINT('',#4258);
#922=VERTEX_POINT('',#4265);
#923=VERTEX_POINT('',#4269);
#924=VERTEX_POINT('',#4271);
#925=VERTEX_POINT('',#4275);
#926=VERTEX_POINT('',#4279);
#927=VERTEX_POINT('',#4288);
#928=VERTEX_POINT('',#4290);
#929=VERTEX_POINT('',#4296);
#930=VERTEX_POINT('',#4308);
#931=VERTEX_POINT('',#4310);
#932=VERTEX_POINT('',#4312);
#933=VERTEX_POINT('',#4321);
#934=VERTEX_POINT('',#4323);
#935=VERTEX_POINT('',#4330);
#936=VERTEX_POINT('',#4341);
#937=VERTEX_POINT('',#4345);
#938=VERTEX_POINT('',#4349);
#939=VERTEX_POINT('',#4376);
#940=VERTEX_POINT('',#4404);
#941=VERTEX_POINT('',#4435);
#942=VERTEX_POINT('',#4458);
#943=VERTEX_POINT('',#4462);
#944=VERTEX_POINT('',#4481);
#945=VERTEX_POINT('',#4509);
#946=VERTEX_POINT('',#4536);
#947=VERTEX_POINT('',#4573);
#948=VERTEX_POINT('',#4579);
#949=VERTEX_POINT('',#4583);
#950=VERTEX_POINT('',#4587);
#951=VERTEX_POINT('',#4593);
#952=VERTEX_POINT('',#4595);
#953=VERTEX_POINT('',#4599);
#954=VERTEX_POINT('',#4603);
#955=VERTEX_POINT('',#4611);
#956=VERTEX_POINT('',#4613);
#957=VERTEX_POINT('',#4615);
#958=VERTEX_POINT('',#4617);
#959=VERTEX_POINT('',#4619);
#960=VERTEX_POINT('',#4621);
#961=VERTEX_POINT('',#4624);
#962=VERTEX_POINT('',#4626);
#963=VERTEX_POINT('',#4628);
#964=VERTEX_POINT('',#4630);
#965=VERTEX_POINT('',#4632);
#966=VERTEX_POINT('',#4634);
#967=VERTEX_POINT('',#4637);
#968=VERTEX_POINT('',#4663);
#969=VERTEX_POINT('',#4691);
#970=VERTEX_POINT('',#4722);
#971=VERTEX_POINT('',#4745);
#972=VERTEX_POINT('',#4749);
#973=VERTEX_POINT('',#4768);
#974=VERTEX_POINT('',#4796);
#975=VERTEX_POINT('',#4823);
#976=VERTEX_POINT('',#4860);
#977=VERTEX_POINT('',#4868);
#978=VERTEX_POINT('',#4908);
#979=VERTEX_POINT('',#4936);
#980=VERTEX_POINT('',#4967);
#981=VERTEX_POINT('',#4990);
#982=VERTEX_POINT('',#4994);
#983=VERTEX_POINT('',#5013);
#984=VERTEX_POINT('',#5041);
#985=VERTEX_POINT('',#5068);
#986=VERTEX_POINT('',#5105);
#987=VERTEX_POINT('',#5113);
#988=EDGE_CURVE('',#811,#812,#703,.T.);
#989=EDGE_CURVE('',#812,#813,#704,.T.);
#990=EDGE_CURVE('',#813,#814,#705,.T.);
#991=EDGE_CURVE('',#814,#811,#706,.T.);
#992=EDGE_CURVE('',#815,#816,#707,.T.);
#993=EDGE_CURVE('',#816,#814,#306,.T.);
#994=EDGE_CURVE('',#813,#815,#307,.T.);
#995=EDGE_CURVE('',#817,#818,#708,.T.);
#996=EDGE_CURVE('',#818,#816,#308,.T.);
#997=EDGE_CURVE('',#815,#817,#309,.T.);
#998=EDGE_CURVE('',#819,#820,#709,.T.);
#999=EDGE_CURVE('',#820,#818,#310,.T.);
#1000=EDGE_CURVE('',#817,#819,#311,.T.);
#1001=EDGE_CURVE('',#819,#821,#710,.T.);
#1002=EDGE_CURVE('',#821,#822,#711,.T.);
#1003=EDGE_CURVE('',#822,#823,#712,.T.);
#1004=EDGE_CURVE('',#823,#820,#713,.T.);
#1005=EDGE_CURVE('',#824,#825,#714,.T.);
#1006=EDGE_CURVE('',#825,#823,#312,.T.);
#1007=EDGE_CURVE('',#822,#824,#313,.T.);
#1008=EDGE_CURVE('',#826,#827,#715,.T.);
#1009=EDGE_CURVE('',#827,#825,#314,.T.);
#1010=EDGE_CURVE('',#824,#826,#315,.T.);
#1011=EDGE_CURVE('',#828,#829,#716,.T.);
#1012=EDGE_CURVE('',#829,#827,#316,.T.);
#1013=EDGE_CURVE('',#826,#828,#317,.T.);
#1014=EDGE_CURVE('',#828,#830,#717,.T.);
#1015=EDGE_CURVE('',#830,#831,#718,.T.);
#1016=EDGE_CURVE('',#831,#829,#719,.T.);
#1017=EDGE_CURVE('',#832,#833,#720,.T.);
#1018=EDGE_CURVE('',#833,#831,#318,.T.);
#1019=EDGE_CURVE('',#830,#832,#319,.T.);
#1020=EDGE_CURVE('',#834,#835,#721,.T.);
#1021=EDGE_CURVE('',#835,#833,#320,.T.);
#1022=EDGE_CURVE('',#832,#834,#321,.T.);
#1023=EDGE_CURVE('',#811,#835,#322,.T.);
#1024=EDGE_CURVE('',#834,#812,#323,.T.);
#1025=EDGE_CURVE('',#829,#836,#324,.T.);
#1026=EDGE_CURVE('',#837,#836,#722,.T.);
#1027=EDGE_CURVE('',#837,#838,#325,.T.);
#1028=EDGE_CURVE('',#838,#827,#723,.T.);
#1029=EDGE_CURVE('',#839,#833,#724,.T.);
#1030=EDGE_CURVE('',#839,#840,#326,.T.);
#1031=EDGE_CURVE('',#840,#841,#725,.T.);
#1032=EDGE_CURVE('',#841,#831,#327,.T.);
#1033=EDGE_CURVE('',#842,#835,#726,.T.);
#1034=EDGE_CURVE('',#842,#839,#279,.T.);
#1035=EDGE_CURVE('',#811,#843,#328,.T.);
#1036=EDGE_CURVE('',#844,#843,#727,.T.);
#1037=EDGE_CURVE('',#844,#842,#329,.T.);
#1038=EDGE_CURVE('',#845,#814,#330,.T.);
#1039=EDGE_CURVE('',#846,#845,#280,.T.);
#1040=EDGE_CURVE('',#847,#846,#331,.T.);
#1041=EDGE_CURVE('',#848,#847,#52,.T.);
#1042=EDGE_CURVE('',#849,#848,#728,.T.);
#1043=EDGE_CURVE('',#850,#849,#53,.T.);
#1044=EDGE_CURVE('',#851,#850,#332,.T.);
#1045=EDGE_CURVE('',#843,#851,#281,.T.);
#1046=EDGE_CURVE('',#852,#823,#333,.T.);
#1047=EDGE_CURVE('',#853,#852,#282,.T.);
#1048=EDGE_CURVE('',#854,#853,#334,.T.);
#1049=EDGE_CURVE('',#855,#854,#54,.T.);
#1050=EDGE_CURVE('',#856,#855,#729,.T.);
#1051=EDGE_CURVE('',#857,#856,#55,.T.);
#1052=EDGE_CURVE('',#858,#857,#335,.T.);
#1053=EDGE_CURVE('',#859,#858,#283,.T.);
#1054=EDGE_CURVE('',#820,#859,#336,.T.);
#1055=EDGE_CURVE('',#860,#841,#284,.T.);
#1056=EDGE_CURVE('',#861,#860,#337,.T.);
#1057=EDGE_CURVE('',#862,#861,#56,.T.);
#1058=EDGE_CURVE('',#863,#862,#730,.T.);
#1059=EDGE_CURVE('',#864,#863,#57,.T.);
#1060=EDGE_CURVE('',#865,#864,#338,.T.);
#1061=EDGE_CURVE('',#836,#865,#285,.T.);
#1062=EDGE_CURVE('',#821,#866,#58,.T.);
#1063=EDGE_CURVE('',#866,#866,#731,.T.);
#1064=EDGE_CURVE('',#867,#857,#732,.T.);
#1065=EDGE_CURVE('',#856,#868,#733,.T.);
#1066=EDGE_CURVE('',#868,#867,#59,.T.);
#1067=EDGE_CURVE('',#869,#858,#734,.T.);
#1068=EDGE_CURVE('',#867,#869,#339,.T.);
#1069=EDGE_CURVE('',#870,#859,#735,.T.);
#1070=EDGE_CURVE('',#869,#870,#286,.T.);
#1071=EDGE_CURVE('',#870,#871,#340,.T.);
#1072=EDGE_CURVE('',#871,#818,#736,.T.);
#1073=EDGE_CURVE('',#871,#872,#287,.T.);
#1074=EDGE_CURVE('',#872,#816,#737,.T.);
#1075=EDGE_CURVE('',#872,#873,#341,.T.);
#1076=EDGE_CURVE('',#873,#845,#738,.T.);
#1077=EDGE_CURVE('',#874,#846,#739,.T.);
#1078=EDGE_CURVE('',#873,#874,#288,.T.);
#1079=EDGE_CURVE('',#875,#847,#740,.T.);
#1080=EDGE_CURVE('',#874,#875,#342,.T.);
#1081=EDGE_CURVE('',#876,#848,#741,.T.);
#1082=EDGE_CURVE('',#875,#876,#60,.T.);
#1083=EDGE_CURVE('',#877,#875,#61,.T.);
#1084=EDGE_CURVE('',#878,#877,#62,.T.);
#1085=EDGE_CURVE('',#878,#876,#63,.T.);
#1086=EDGE_CURVE('',#874,#879,#64,.T.);
#1087=EDGE_CURVE('',#879,#877,#742,.F.);
#1088=EDGE_CURVE('',#880,#873,#65,.T.);
#1089=EDGE_CURVE('',#879,#880,#66,.T.);
#1090=EDGE_CURVE('',#872,#881,#67,.T.);
#1091=EDGE_CURVE('',#882,#881,#343,.T.);
#1092=EDGE_CURVE('',#883,#882,#344,.T.);
#1093=EDGE_CURVE('',#880,#883,#345,.T.);
#1094=EDGE_CURVE('',#871,#884,#68,.T.);
#1095=EDGE_CURVE('',#885,#884,#289,.T.);
#1096=EDGE_CURVE('',#886,#885,#69,.T.);
#1097=EDGE_CURVE('',#881,#886,#290,.T.);
#1098=EDGE_CURVE('',#887,#870,#70,.T.);
#1099=EDGE_CURVE('',#888,#887,#346,.T.);
#1100=EDGE_CURVE('',#889,#888,#347,.T.);
#1101=EDGE_CURVE('',#884,#889,#348,.T.);
#1102=EDGE_CURVE('',#890,#869,#71,.T.);
#1103=EDGE_CURVE('',#887,#890,#72,.T.);
#1104=EDGE_CURVE('',#867,#891,#73,.T.);
#1105=EDGE_CURVE('',#891,#890,#743,.F.);
#1106=EDGE_CURVE('',#892,#868,#74,.T.);
#1107=EDGE_CURVE('',#891,#892,#75,.T.);
#1108=EDGE_CURVE('',#893,#850,#744,.T.);
#1109=EDGE_CURVE('',#849,#894,#745,.T.);
#1110=EDGE_CURVE('',#894,#893,#76,.T.);
#1111=EDGE_CURVE('',#895,#851,#746,.T.);
#1112=EDGE_CURVE('',#893,#895,#349,.T.);
#1113=EDGE_CURVE('',#895,#844,#291,.T.);
#1114=EDGE_CURVE('',#896,#860,#747,.T.);
#1115=EDGE_CURVE('',#840,#896,#292,.T.);
#1116=EDGE_CURVE('',#897,#861,#748,.T.);
#1117=EDGE_CURVE('',#896,#897,#350,.T.);
#1118=EDGE_CURVE('',#898,#862,#749,.T.);
#1119=EDGE_CURVE('',#897,#898,#77,.T.);
#1120=EDGE_CURVE('',#899,#897,#78,.T.);
#1121=EDGE_CURVE('',#900,#899,#79,.T.);
#1122=EDGE_CURVE('',#900,#898,#80,.T.);
#1123=EDGE_CURVE('',#896,#901,#81,.T.);
#1124=EDGE_CURVE('',#901,#899,#750,.F.);
#1125=EDGE_CURVE('',#902,#840,#82,.T.);
#1126=EDGE_CURVE('',#901,#902,#83,.T.);
#1127=EDGE_CURVE('',#839,#903,#84,.T.);
#1128=EDGE_CURVE('',#904,#903,#351,.T.);
#1129=EDGE_CURVE('',#905,#904,#352,.T.);
#1130=EDGE_CURVE('',#902,#905,#353,.T.);
#1131=EDGE_CURVE('',#842,#906,#85,.T.);
#1132=EDGE_CURVE('',#907,#906,#293,.T.);
#1133=EDGE_CURVE('',#908,#907,#86,.T.);
#1134=EDGE_CURVE('',#903,#908,#294,.T.);
#1135=EDGE_CURVE('',#909,#844,#87,.T.);
#1136=EDGE_CURVE('',#910,#909,#354,.T.);
#1137=EDGE_CURVE('',#911,#910,#355,.T.);
#1138=EDGE_CURVE('',#906,#911,#356,.T.);
#1139=EDGE_CURVE('',#912,#895,#88,.T.);
#1140=EDGE_CURVE('',#909,#912,#89,.T.);
#1141=EDGE_CURVE('',#893,#913,#90,.T.);
#1142=EDGE_CURVE('',#913,#912,#751,.F.);
#1143=EDGE_CURVE('',#914,#894,#91,.T.);
#1144=EDGE_CURVE('',#913,#914,#92,.T.);
#1145=EDGE_CURVE('',#915,#864,#752,.T.);
#1146=EDGE_CURVE('',#863,#916,#753,.T.);
#1147=EDGE_CURVE('',#916,#915,#93,.T.);
#1148=EDGE_CURVE('',#917,#865,#754,.T.);
#1149=EDGE_CURVE('',#915,#917,#357,.T.);
#1150=EDGE_CURVE('',#917,#837,#295,.T.);
#1151=EDGE_CURVE('',#838,#918,#296,.T.);
#1152=EDGE_CURVE('',#918,#825,#755,.T.);
#1153=EDGE_CURVE('',#918,#919,#358,.T.);
#1154=EDGE_CURVE('',#919,#852,#756,.T.);
#1155=EDGE_CURVE('',#920,#853,#757,.T.);
#1156=EDGE_CURVE('',#919,#920,#297,.T.);
#1157=EDGE_CURVE('',#921,#854,#758,.T.);
#1158=EDGE_CURVE('',#920,#921,#359,.T.);
#1159=EDGE_CURVE('',#922,#855,#759,.T.);
#1160=EDGE_CURVE('',#921,#922,#94,.T.);
#1161=EDGE_CURVE('',#923,#921,#95,.T.);
#1162=EDGE_CURVE('',#924,#923,#96,.T.);
#1163=EDGE_CURVE('',#924,#922,#97,.T.);
#1164=EDGE_CURVE('',#920,#925,#98,.T.);
#1165=EDGE_CURVE('',#925,#923,#760,.F.);
#1166=EDGE_CURVE('',#926,#919,#99,.T.);
#1167=EDGE_CURVE('',#925,#926,#100,.T.);
#1168=EDGE_CURVE('',#918,#927,#101,.T.);
#1169=EDGE_CURVE('',#928,#927,#360,.T.);
#1170=EDGE_CURVE('',#929,#928,#361,.T.);
#1171=EDGE_CURVE('',#926,#929,#362,.T.);
#1172=EDGE_CURVE('',#838,#930,#102,.T.);
#1173=EDGE_CURVE('',#931,#930,#298,.T.);
#1174=EDGE_CURVE('',#932,#931,#103,.T.);
#1175=EDGE_CURVE('',#927,#932,#299,.T.);
#1176=EDGE_CURVE('',#933,#837,#104,.T.);
#1177=EDGE_CURVE('',#934,#933,#363,.T.);
#1178=EDGE_CURVE('',#935,#934,#364,.T.);
#1179=EDGE_CURVE('',#930,#935,#365,.T.);
#1180=EDGE_CURVE('',#936,#917,#105,.T.);
#1181=EDGE_CURVE('',#933,#936,#106,.T.);
#1182=EDGE_CURVE('',#915,#937,#107,.T.);
#1183=EDGE_CURVE('',#937,#936,#761,.F.);
#1184=EDGE_CURVE('',#938,#916,#108,.T.);
#1185=EDGE_CURVE('',#937,#938,#109,.T.);
#1186=EDGE_CURVE('',#905,#939,#762,.T.);
#1187=EDGE_CURVE('',#939,#902,#366,.T.);
#1188=EDGE_CURVE('',#904,#940,#763,.T.);
#1189=EDGE_CURVE('',#940,#939,#367,.T.);
#1190=EDGE_CURVE('',#903,#941,#764,.T.);
#1191=EDGE_CURVE('',#941,#940,#368,.T.);
#1192=EDGE_CURVE('',#908,#942,#765,.T.);
#1193=EDGE_CURVE('',#942,#941,#300,.T.);
#1194=EDGE_CURVE('',#907,#943,#766,.T.);
#1195=EDGE_CURVE('',#943,#942,#110,.T.);
#1196=EDGE_CURVE('',#906,#944,#767,.T.);
#1197=EDGE_CURVE('',#944,#943,#301,.T.);
#1198=EDGE_CURVE('',#911,#945,#768,.T.);
#1199=EDGE_CURVE('',#945,#944,#369,.T.);
#1200=EDGE_CURVE('',#910,#946,#769,.T.);
#1201=EDGE_CURVE('',#946,#945,#370,.T.);
#1202=EDGE_CURVE('',#909,#946,#371,.T.);
#1203=EDGE_CURVE('',#939,#947,#111,.T.);
#1204=EDGE_CURVE('',#947,#901,#770,.F.);
#1205=EDGE_CURVE('',#899,#947,#771,.F.);
#1206=EDGE_CURVE('',#948,#900,#772,.T.);
#1207=EDGE_CURVE('',#947,#948,#112,.T.);
#1208=EDGE_CURVE('',#949,#913,#773,.F.);
#1209=EDGE_CURVE('',#912,#949,#774,.F.);
#1210=EDGE_CURVE('',#914,#950,#775,.T.);
#1211=EDGE_CURVE('',#950,#949,#113,.T.);
#1212=EDGE_CURVE('',#949,#946,#114,.T.);
#1213=EDGE_CURVE('',#945,#951,#115,.T.);
#1214=EDGE_CURVE('',#951,#952,#776,.T.);
#1215=EDGE_CURVE('',#952,#943,#116,.T.);
#1216=EDGE_CURVE('',#952,#953,#117,.T.);
#1217=EDGE_CURVE('',#942,#953,#118,.T.);
#1218=EDGE_CURVE('',#953,#954,#777,.T.);
#1219=EDGE_CURVE('',#954,#940,#119,.T.);
#1220=EDGE_CURVE('',#954,#948,#120,.T.);
#1221=EDGE_CURVE('',#950,#951,#121,.T.);
#1222=EDGE_CURVE('',#955,#878,#778,.T.);
#1223=EDGE_CURVE('',#956,#955,#122,.T.);
#1224=EDGE_CURVE('',#957,#956,#779,.T.);
#1225=EDGE_CURVE('',#958,#957,#123,.T.);
#1226=EDGE_CURVE('',#959,#958,#780,.T.);
#1227=EDGE_CURVE('',#960,#959,#124,.T.);
#1228=EDGE_CURVE('',#892,#960,#781,.T.);
#1229=EDGE_CURVE('',#961,#924,#782,.T.);
#1230=EDGE_CURVE('',#962,#961,#125,.T.);
#1231=EDGE_CURVE('',#963,#962,#783,.T.);
#1232=EDGE_CURVE('',#964,#963,#126,.T.);
#1233=EDGE_CURVE('',#965,#964,#784,.T.);
#1234=EDGE_CURVE('',#966,#965,#127,.T.);
#1235=EDGE_CURVE('',#938,#966,#785,.T.);
#1236=EDGE_CURVE('',#967,#967,#786,.T.);
#1237=EDGE_CURVE('',#883,#968,#787,.T.);
#1238=EDGE_CURVE('',#968,#880,#372,.T.);
#1239=EDGE_CURVE('',#882,#969,#788,.T.);
#1240=EDGE_CURVE('',#969,#968,#373,.T.);
#1241=EDGE_CURVE('',#881,#970,#789,.T.);
#1242=EDGE_CURVE('',#970,#969,#374,.T.);
#1243=EDGE_CURVE('',#886,#971,#790,.T.);
#1244=EDGE_CURVE('',#971,#970,#302,.T.);
#1245=EDGE_CURVE('',#885,#972,#791,.T.);
#1246=EDGE_CURVE('',#972,#971,#128,.T.);
#1247=EDGE_CURVE('',#884,#973,#792,.T.);
#1248=EDGE_CURVE('',#973,#972,#303,.T.);
#1249=EDGE_CURVE('',#889,#974,#793,.T.);
#1250=EDGE_CURVE('',#974,#973,#375,.T.);
#1251=EDGE_CURVE('',#888,#975,#794,.T.);
#1252=EDGE_CURVE('',#975,#974,#376,.T.);
#1253=EDGE_CURVE('',#887,#975,#377,.T.);
#1254=EDGE_CURVE('',#968,#976,#129,.T.);
#1255=EDGE_CURVE('',#976,#879,#795,.F.);
#1256=EDGE_CURVE('',#877,#976,#796,.F.);
#1257=EDGE_CURVE('',#976,#955,#130,.T.);
#1258=EDGE_CURVE('',#977,#891,#797,.F.);
#1259=EDGE_CURVE('',#890,#977,#798,.F.);
#1260=EDGE_CURVE('',#960,#977,#131,.T.);
#1261=EDGE_CURVE('',#977,#975,#132,.T.);
#1262=EDGE_CURVE('',#974,#959,#133,.T.);
#1263=EDGE_CURVE('',#958,#972,#134,.T.);
#1264=EDGE_CURVE('',#971,#957,#135,.T.);
#1265=EDGE_CURVE('',#956,#969,#136,.T.);
#1266=EDGE_CURVE('',#929,#978,#799,.T.);
#1267=EDGE_CURVE('',#978,#926,#378,.T.);
#1268=EDGE_CURVE('',#928,#979,#800,.T.);
#1269=EDGE_CURVE('',#979,#978,#379,.T.);
#1270=EDGE_CURVE('',#927,#980,#801,.T.);
#1271=EDGE_CURVE('',#980,#979,#380,.T.);
#1272=EDGE_CURVE('',#932,#981,#802,.T.);
#1273=EDGE_CURVE('',#981,#980,#304,.T.);
#1274=EDGE_CURVE('',#931,#982,#803,.T.);
#1275=EDGE_CURVE('',#982,#981,#137,.T.);
#1276=EDGE_CURVE('',#930,#983,#804,.T.);
#1277=EDGE_CURVE('',#983,#982,#305,.T.);
#1278=EDGE_CURVE('',#935,#984,#805,.T.);
#1279=EDGE_CURVE('',#984,#983,#381,.T.);
#1280=EDGE_CURVE('',#934,#985,#806,.T.);
#1281=EDGE_CURVE('',#985,#984,#382,.T.);
#1282=EDGE_CURVE('',#933,#985,#383,.T.);
#1283=EDGE_CURVE('',#978,#986,#138,.T.);
#1284=EDGE_CURVE('',#986,#925,#807,.F.);
#1285=EDGE_CURVE('',#923,#986,#808,.F.);
#1286=EDGE_CURVE('',#986,#961,#139,.T.);
#1287=EDGE_CURVE('',#987,#937,#809,.F.);
#1288=EDGE_CURVE('',#936,#987,#810,.F.);
#1289=EDGE_CURVE('',#966,#987,#140,.T.);
#1290=EDGE_CURVE('',#987,#985,#141,.T.);
#1291=EDGE_CURVE('',#984,#965,#142,.T.);
#1292=EDGE_CURVE('',#964,#982,#143,.T.);
#1293=EDGE_CURVE('',#981,#963,#144,.T.);
#1294=EDGE_CURVE('',#962,#979,#145,.T.);
#1295=EDGE_CURVE('',#967,#866,#146,.T.);
#1296=ORIENTED_EDGE('',*,*,#988,.T.);
#1297=ORIENTED_EDGE('',*,*,#989,.T.);
#1298=ORIENTED_EDGE('',*,*,#990,.T.);
#1299=ORIENTED_EDGE('',*,*,#991,.T.);
#1300=ORIENTED_EDGE('',*,*,#992,.T.);
#1301=ORIENTED_EDGE('',*,*,#993,.T.);
#1302=ORIENTED_EDGE('',*,*,#990,.F.);
#1303=ORIENTED_EDGE('',*,*,#994,.T.);
#1304=ORIENTED_EDGE('',*,*,#995,.T.);
#1305=ORIENTED_EDGE('',*,*,#996,.T.);
#1306=ORIENTED_EDGE('',*,*,#992,.F.);
#1307=ORIENTED_EDGE('',*,*,#997,.T.);
#1308=ORIENTED_EDGE('',*,*,#998,.T.);
#1309=ORIENTED_EDGE('',*,*,#999,.T.);
#1310=ORIENTED_EDGE('',*,*,#995,.F.);
#1311=ORIENTED_EDGE('',*,*,#1000,.T.);
#1312=ORIENTED_EDGE('',*,*,#998,.F.);
#1313=ORIENTED_EDGE('',*,*,#1001,.T.);
#1314=ORIENTED_EDGE('',*,*,#1002,.T.);
#1315=ORIENTED_EDGE('',*,*,#1003,.T.);
#1316=ORIENTED_EDGE('',*,*,#1004,.T.);
#1317=ORIENTED_EDGE('',*,*,#1005,.T.);
#1318=ORIENTED_EDGE('',*,*,#1006,.T.);
#1319=ORIENTED_EDGE('',*,*,#1003,.F.);
#1320=ORIENTED_EDGE('',*,*,#1007,.T.);
#1321=ORIENTED_EDGE('',*,*,#1008,.T.);
#1322=ORIENTED_EDGE('',*,*,#1009,.T.);
#1323=ORIENTED_EDGE('',*,*,#1005,.F.);
#1324=ORIENTED_EDGE('',*,*,#1010,.T.);
#1325=ORIENTED_EDGE('',*,*,#1011,.T.);
#1326=ORIENTED_EDGE('',*,*,#1012,.T.);
#1327=ORIENTED_EDGE('',*,*,#1008,.F.);
#1328=ORIENTED_EDGE('',*,*,#1013,.T.);
#1329=ORIENTED_EDGE('',*,*,#1011,.F.);
#1330=ORIENTED_EDGE('',*,*,#1014,.T.);
#1331=ORIENTED_EDGE('',*,*,#1015,.T.);
#1332=ORIENTED_EDGE('',*,*,#1016,.T.);
#1333=ORIENTED_EDGE('',*,*,#1017,.T.);
#1334=ORIENTED_EDGE('',*,*,#1018,.T.);
#1335=ORIENTED_EDGE('',*,*,#1015,.F.);
#1336=ORIENTED_EDGE('',*,*,#1019,.T.);
#1337=ORIENTED_EDGE('',*,*,#1020,.T.);
#1338=ORIENTED_EDGE('',*,*,#1021,.T.);
#1339=ORIENTED_EDGE('',*,*,#1017,.F.);
#1340=ORIENTED_EDGE('',*,*,#1022,.T.);
#1341=ORIENTED_EDGE('',*,*,#988,.F.);
#1342=ORIENTED_EDGE('',*,*,#1023,.T.);
#1343=ORIENTED_EDGE('',*,*,#1020,.F.);
#1344=ORIENTED_EDGE('',*,*,#1024,.T.);
#1345=ORIENTED_EDGE('',*,*,#1012,.F.);
#1346=ORIENTED_EDGE('',*,*,#1025,.T.);
#1347=ORIENTED_EDGE('',*,*,#1026,.F.);
#1348=ORIENTED_EDGE('',*,*,#1027,.T.);
#1349=ORIENTED_EDGE('',*,*,#1028,.T.);
#1350=ORIENTED_EDGE('',*,*,#1018,.F.);
#1351=ORIENTED_EDGE('',*,*,#1029,.F.);
#1352=ORIENTED_EDGE('',*,*,#1030,.T.);
#1353=ORIENTED_EDGE('',*,*,#1031,.T.);
#1354=ORIENTED_EDGE('',*,*,#1032,.T.);
#1355=ORIENTED_EDGE('',*,*,#1021,.F.);
#1356=ORIENTED_EDGE('',*,*,#1033,.F.);
#1357=ORIENTED_EDGE('',*,*,#1034,.T.);
#1358=ORIENTED_EDGE('',*,*,#1029,.T.);
#1359=ORIENTED_EDGE('',*,*,#1023,.F.);
#1360=ORIENTED_EDGE('',*,*,#1035,.T.);
#1361=ORIENTED_EDGE('',*,*,#1036,.F.);
#1362=ORIENTED_EDGE('',*,*,#1037,.T.);
#1363=ORIENTED_EDGE('',*,*,#1033,.T.);
#1364=ORIENTED_EDGE('',*,*,#991,.F.);
#1365=ORIENTED_EDGE('',*,*,#1038,.F.);
#1366=ORIENTED_EDGE('',*,*,#1039,.F.);
#1367=ORIENTED_EDGE('',*,*,#1040,.F.);
#1368=ORIENTED_EDGE('',*,*,#1041,.F.);
#1369=ORIENTED_EDGE('',*,*,#1042,.F.);
#1370=ORIENTED_EDGE('',*,*,#1043,.F.);
#1371=ORIENTED_EDGE('',*,*,#1044,.F.);
#1372=ORIENTED_EDGE('',*,*,#1045,.F.);
#1373=ORIENTED_EDGE('',*,*,#1035,.F.);
#1374=ORIENTED_EDGE('',*,*,#1004,.F.);
#1375=ORIENTED_EDGE('',*,*,#1046,.F.);
#1376=ORIENTED_EDGE('',*,*,#1047,.F.);
#1377=ORIENTED_EDGE('',*,*,#1048,.F.);
#1378=ORIENTED_EDGE('',*,*,#1049,.F.);
#1379=ORIENTED_EDGE('',*,*,#1050,.F.);
#1380=ORIENTED_EDGE('',*,*,#1051,.F.);
#1381=ORIENTED_EDGE('',*,*,#1052,.F.);
#1382=ORIENTED_EDGE('',*,*,#1053,.F.);
#1383=ORIENTED_EDGE('',*,*,#1054,.F.);
#1384=ORIENTED_EDGE('',*,*,#1016,.F.);
#1385=ORIENTED_EDGE('',*,*,#1032,.F.);
#1386=ORIENTED_EDGE('',*,*,#1055,.F.);
#1387=ORIENTED_EDGE('',*,*,#1056,.F.);
#1388=ORIENTED_EDGE('',*,*,#1057,.F.);
#1389=ORIENTED_EDGE('',*,*,#1058,.F.);
#1390=ORIENTED_EDGE('',*,*,#1059,.F.);
#1391=ORIENTED_EDGE('',*,*,#1060,.F.);
#1392=ORIENTED_EDGE('',*,*,#1061,.F.);
#1393=ORIENTED_EDGE('',*,*,#1025,.F.);
#1394=ORIENTED_EDGE('',*,*,#989,.F.);
#1395=ORIENTED_EDGE('',*,*,#1024,.F.);
#1396=ORIENTED_EDGE('',*,*,#1022,.F.);
#1397=ORIENTED_EDGE('',*,*,#1019,.F.);
#1398=ORIENTED_EDGE('',*,*,#1014,.F.);
#1399=ORIENTED_EDGE('',*,*,#1013,.F.);
#1400=ORIENTED_EDGE('',*,*,#1010,.F.);
#1401=ORIENTED_EDGE('',*,*,#1007,.F.);
#1402=ORIENTED_EDGE('',*,*,#1002,.F.);
#1403=ORIENTED_EDGE('',*,*,#1062,.T.);
#1404=ORIENTED_EDGE('',*,*,#1063,.F.);
#1405=ORIENTED_EDGE('',*,*,#1062,.F.);
#1406=ORIENTED_EDGE('',*,*,#1001,.F.);
#1407=ORIENTED_EDGE('',*,*,#1000,.F.);
#1408=ORIENTED_EDGE('',*,*,#997,.F.);
#1409=ORIENTED_EDGE('',*,*,#994,.F.);
#1410=ORIENTED_EDGE('',*,*,#1064,.T.);
#1411=ORIENTED_EDGE('',*,*,#1051,.T.);
#1412=ORIENTED_EDGE('',*,*,#1065,.T.);
#1413=ORIENTED_EDGE('',*,*,#1066,.T.);
#1414=ORIENTED_EDGE('',*,*,#1067,.T.);
#1415=ORIENTED_EDGE('',*,*,#1052,.T.);
#1416=ORIENTED_EDGE('',*,*,#1064,.F.);
#1417=ORIENTED_EDGE('',*,*,#1068,.T.);
#1418=ORIENTED_EDGE('',*,*,#1069,.T.);
#1419=ORIENTED_EDGE('',*,*,#1053,.T.);
#1420=ORIENTED_EDGE('',*,*,#1067,.F.);
#1421=ORIENTED_EDGE('',*,*,#1070,.T.);
#1422=ORIENTED_EDGE('',*,*,#999,.F.);
#1423=ORIENTED_EDGE('',*,*,#1054,.T.);
#1424=ORIENTED_EDGE('',*,*,#1069,.F.);
#1425=ORIENTED_EDGE('',*,*,#1071,.T.);
#1426=ORIENTED_EDGE('',*,*,#1072,.T.);
#1427=ORIENTED_EDGE('',*,*,#996,.F.);
#1428=ORIENTED_EDGE('',*,*,#1072,.F.);
#1429=ORIENTED_EDGE('',*,*,#1073,.T.);
#1430=ORIENTED_EDGE('',*,*,#1074,.T.);
#1431=ORIENTED_EDGE('',*,*,#993,.F.);
#1432=ORIENTED_EDGE('',*,*,#1074,.F.);
#1433=ORIENTED_EDGE('',*,*,#1075,.T.);
#1434=ORIENTED_EDGE('',*,*,#1076,.T.);
#1435=ORIENTED_EDGE('',*,*,#1038,.T.);
#1436=ORIENTED_EDGE('',*,*,#1077,.T.);
#1437=ORIENTED_EDGE('',*,*,#1039,.T.);
#1438=ORIENTED_EDGE('',*,*,#1076,.F.);
#1439=ORIENTED_EDGE('',*,*,#1078,.T.);
#1440=ORIENTED_EDGE('',*,*,#1079,.T.);
#1441=ORIENTED_EDGE('',*,*,#1040,.T.);
#1442=ORIENTED_EDGE('',*,*,#1077,.F.);
#1443=ORIENTED_EDGE('',*,*,#1080,.T.);
#1444=ORIENTED_EDGE('',*,*,#1081,.T.);
#1445=ORIENTED_EDGE('',*,*,#1041,.T.);
#1446=ORIENTED_EDGE('',*,*,#1079,.F.);
#1447=ORIENTED_EDGE('',*,*,#1082,.T.);
#1448=ORIENTED_EDGE('',*,*,#1082,.F.);
#1449=ORIENTED_EDGE('',*,*,#1083,.F.);
#1450=ORIENTED_EDGE('',*,*,#1084,.F.);
#1451=ORIENTED_EDGE('',*,*,#1085,.T.);
#1452=ORIENTED_EDGE('',*,*,#1080,.F.);
#1453=ORIENTED_EDGE('',*,*,#1086,.T.);
#1454=ORIENTED_EDGE('',*,*,#1087,.T.);
#1455=ORIENTED_EDGE('',*,*,#1083,.T.);
#1456=ORIENTED_EDGE('',*,*,#1078,.F.);
#1457=ORIENTED_EDGE('',*,*,#1088,.F.);
#1458=ORIENTED_EDGE('',*,*,#1089,.F.);
#1459=ORIENTED_EDGE('',*,*,#1086,.F.);
#1460=ORIENTED_EDGE('',*,*,#1075,.F.);
#1461=ORIENTED_EDGE('',*,*,#1090,.T.);
#1462=ORIENTED_EDGE('',*,*,#1091,.F.);
#1463=ORIENTED_EDGE('',*,*,#1092,.F.);
#1464=ORIENTED_EDGE('',*,*,#1093,.F.);
#1465=ORIENTED_EDGE('',*,*,#1088,.T.);
#1466=ORIENTED_EDGE('',*,*,#1073,.F.);
#1467=ORIENTED_EDGE('',*,*,#1094,.T.);
#1468=ORIENTED_EDGE('',*,*,#1095,.F.);
#1469=ORIENTED_EDGE('',*,*,#1096,.F.);
#1470=ORIENTED_EDGE('',*,*,#1097,.F.);
#1471=ORIENTED_EDGE('',*,*,#1090,.F.);
#1472=ORIENTED_EDGE('',*,*,#1071,.F.);
#1473=ORIENTED_EDGE('',*,*,#1098,.F.);
#1474=ORIENTED_EDGE('',*,*,#1099,.F.);
#1475=ORIENTED_EDGE('',*,*,#1100,.F.);
#1476=ORIENTED_EDGE('',*,*,#1101,.F.);
#1477=ORIENTED_EDGE('',*,*,#1094,.F.);
#1478=ORIENTED_EDGE('',*,*,#1070,.F.);
#1479=ORIENTED_EDGE('',*,*,#1102,.F.);
#1480=ORIENTED_EDGE('',*,*,#1103,.F.);
#1481=ORIENTED_EDGE('',*,*,#1098,.T.);
#1482=ORIENTED_EDGE('',*,*,#1068,.F.);
#1483=ORIENTED_EDGE('',*,*,#1104,.T.);
#1484=ORIENTED_EDGE('',*,*,#1105,.T.);
#1485=ORIENTED_EDGE('',*,*,#1102,.T.);
#1486=ORIENTED_EDGE('',*,*,#1066,.F.);
#1487=ORIENTED_EDGE('',*,*,#1106,.F.);
#1488=ORIENTED_EDGE('',*,*,#1107,.F.);
#1489=ORIENTED_EDGE('',*,*,#1104,.F.);
#1490=ORIENTED_EDGE('',*,*,#1108,.T.);
#1491=ORIENTED_EDGE('',*,*,#1043,.T.);
#1492=ORIENTED_EDGE('',*,*,#1109,.T.);
#1493=ORIENTED_EDGE('',*,*,#1110,.T.);
#1494=ORIENTED_EDGE('',*,*,#1111,.T.);
#1495=ORIENTED_EDGE('',*,*,#1044,.T.);
#1496=ORIENTED_EDGE('',*,*,#1108,.F.);
#1497=ORIENTED_EDGE('',*,*,#1112,.T.);
#1498=ORIENTED_EDGE('',*,*,#1036,.T.);
#1499=ORIENTED_EDGE('',*,*,#1045,.T.);
#1500=ORIENTED_EDGE('',*,*,#1111,.F.);
#1501=ORIENTED_EDGE('',*,*,#1113,.T.);
#1502=ORIENTED_EDGE('',*,*,#1114,.T.);
#1503=ORIENTED_EDGE('',*,*,#1055,.T.);
#1504=ORIENTED_EDGE('',*,*,#1031,.F.);
#1505=ORIENTED_EDGE('',*,*,#1115,.T.);
#1506=ORIENTED_EDGE('',*,*,#1116,.T.);
#1507=ORIENTED_EDGE('',*,*,#1056,.T.);
#1508=ORIENTED_EDGE('',*,*,#1114,.F.);
#1509=ORIENTED_EDGE('',*,*,#1117,.T.);
#1510=ORIENTED_EDGE('',*,*,#1118,.T.);
#1511=ORIENTED_EDGE('',*,*,#1057,.T.);
#1512=ORIENTED_EDGE('',*,*,#1116,.F.);
#1513=ORIENTED_EDGE('',*,*,#1119,.T.);
#1514=ORIENTED_EDGE('',*,*,#1119,.F.);
#1515=ORIENTED_EDGE('',*,*,#1120,.F.);
#1516=ORIENTED_EDGE('',*,*,#1121,.F.);
#1517=ORIENTED_EDGE('',*,*,#1122,.T.);
#1518=ORIENTED_EDGE('',*,*,#1117,.F.);
#1519=ORIENTED_EDGE('',*,*,#1123,.T.);
#1520=ORIENTED_EDGE('',*,*,#1124,.T.);
#1521=ORIENTED_EDGE('',*,*,#1120,.T.);
#1522=ORIENTED_EDGE('',*,*,#1115,.F.);
#1523=ORIENTED_EDGE('',*,*,#1125,.F.);
#1524=ORIENTED_EDGE('',*,*,#1126,.F.);
#1525=ORIENTED_EDGE('',*,*,#1123,.F.);
#1526=ORIENTED_EDGE('',*,*,#1030,.F.);
#1527=ORIENTED_EDGE('',*,*,#1127,.T.);
#1528=ORIENTED_EDGE('',*,*,#1128,.F.);
#1529=ORIENTED_EDGE('',*,*,#1129,.F.);
#1530=ORIENTED_EDGE('',*,*,#1130,.F.);
#1531=ORIENTED_EDGE('',*,*,#1125,.T.);
#1532=ORIENTED_EDGE('',*,*,#1034,.F.);
#1533=ORIENTED_EDGE('',*,*,#1131,.T.);
#1534=ORIENTED_EDGE('',*,*,#1132,.F.);
#1535=ORIENTED_EDGE('',*,*,#1133,.F.);
#1536=ORIENTED_EDGE('',*,*,#1134,.F.);
#1537=ORIENTED_EDGE('',*,*,#1127,.F.);
#1538=ORIENTED_EDGE('',*,*,#1037,.F.);
#1539=ORIENTED_EDGE('',*,*,#1135,.F.);
#1540=ORIENTED_EDGE('',*,*,#1136,.F.);
#1541=ORIENTED_EDGE('',*,*,#1137,.F.);
#1542=ORIENTED_EDGE('',*,*,#1138,.F.);
#1543=ORIENTED_EDGE('',*,*,#1131,.F.);
#1544=ORIENTED_EDGE('',*,*,#1113,.F.);
#1545=ORIENTED_EDGE('',*,*,#1139,.F.);
#1546=ORIENTED_EDGE('',*,*,#1140,.F.);
#1547=ORIENTED_EDGE('',*,*,#1135,.T.);
#1548=ORIENTED_EDGE('',*,*,#1112,.F.);
#1549=ORIENTED_EDGE('',*,*,#1141,.T.);
#1550=ORIENTED_EDGE('',*,*,#1142,.T.);
#1551=ORIENTED_EDGE('',*,*,#1139,.T.);
#1552=ORIENTED_EDGE('',*,*,#1110,.F.);
#1553=ORIENTED_EDGE('',*,*,#1143,.F.);
#1554=ORIENTED_EDGE('',*,*,#1144,.F.);
#1555=ORIENTED_EDGE('',*,*,#1141,.F.);
#1556=ORIENTED_EDGE('',*,*,#1145,.T.);
#1557=ORIENTED_EDGE('',*,*,#1059,.T.);
#1558=ORIENTED_EDGE('',*,*,#1146,.T.);
#1559=ORIENTED_EDGE('',*,*,#1147,.T.);
#1560=ORIENTED_EDGE('',*,*,#1148,.T.);
#1561=ORIENTED_EDGE('',*,*,#1060,.T.);
#1562=ORIENTED_EDGE('',*,*,#1145,.F.);
#1563=ORIENTED_EDGE('',*,*,#1149,.T.);
#1564=ORIENTED_EDGE('',*,*,#1026,.T.);
#1565=ORIENTED_EDGE('',*,*,#1061,.T.);
#1566=ORIENTED_EDGE('',*,*,#1148,.F.);
#1567=ORIENTED_EDGE('',*,*,#1150,.T.);
#1568=ORIENTED_EDGE('',*,*,#1009,.F.);
#1569=ORIENTED_EDGE('',*,*,#1028,.F.);
#1570=ORIENTED_EDGE('',*,*,#1151,.T.);
#1571=ORIENTED_EDGE('',*,*,#1152,.T.);
#1572=ORIENTED_EDGE('',*,*,#1006,.F.);
#1573=ORIENTED_EDGE('',*,*,#1152,.F.);
#1574=ORIENTED_EDGE('',*,*,#1153,.T.);
#1575=ORIENTED_EDGE('',*,*,#1154,.T.);
#1576=ORIENTED_EDGE('',*,*,#1046,.T.);
#1577=ORIENTED_EDGE('',*,*,#1155,.T.);
#1578=ORIENTED_EDGE('',*,*,#1047,.T.);
#1579=ORIENTED_EDGE('',*,*,#1154,.F.);
#1580=ORIENTED_EDGE('',*,*,#1156,.T.);
#1581=ORIENTED_EDGE('',*,*,#1157,.T.);
#1582=ORIENTED_EDGE('',*,*,#1048,.T.);
#1583=ORIENTED_EDGE('',*,*,#1155,.F.);
#1584=ORIENTED_EDGE('',*,*,#1158,.T.);
#1585=ORIENTED_EDGE('',*,*,#1159,.T.);
#1586=ORIENTED_EDGE('',*,*,#1049,.T.);
#1587=ORIENTED_EDGE('',*,*,#1157,.F.);
#1588=ORIENTED_EDGE('',*,*,#1160,.T.);
#1589=ORIENTED_EDGE('',*,*,#1160,.F.);
#1590=ORIENTED_EDGE('',*,*,#1161,.F.);
#1591=ORIENTED_EDGE('',*,*,#1162,.F.);
#1592=ORIENTED_EDGE('',*,*,#1163,.T.);
#1593=ORIENTED_EDGE('',*,*,#1158,.F.);
#1594=ORIENTED_EDGE('',*,*,#1164,.T.);
#1595=ORIENTED_EDGE('',*,*,#1165,.T.);
#1596=ORIENTED_EDGE('',*,*,#1161,.T.);
#1597=ORIENTED_EDGE('',*,*,#1156,.F.);
#1598=ORIENTED_EDGE('',*,*,#1166,.F.);
#1599=ORIENTED_EDGE('',*,*,#1167,.F.);
#1600=ORIENTED_EDGE('',*,*,#1164,.F.);
#1601=ORIENTED_EDGE('',*,*,#1153,.F.);
#1602=ORIENTED_EDGE('',*,*,#1168,.T.);
#1603=ORIENTED_EDGE('',*,*,#1169,.F.);
#1604=ORIENTED_EDGE('',*,*,#1170,.F.);
#1605=ORIENTED_EDGE('',*,*,#1171,.F.);
#1606=ORIENTED_EDGE('',*,*,#1166,.T.);
#1607=ORIENTED_EDGE('',*,*,#1151,.F.);
#1608=ORIENTED_EDGE('',*,*,#1172,.T.);
#1609=ORIENTED_EDGE('',*,*,#1173,.F.);
#1610=ORIENTED_EDGE('',*,*,#1174,.F.);
#1611=ORIENTED_EDGE('',*,*,#1175,.F.);
#1612=ORIENTED_EDGE('',*,*,#1168,.F.);
#1613=ORIENTED_EDGE('',*,*,#1027,.F.);
#1614=ORIENTED_EDGE('',*,*,#1176,.F.);
#1615=ORIENTED_EDGE('',*,*,#1177,.F.);
#1616=ORIENTED_EDGE('',*,*,#1178,.F.);
#1617=ORIENTED_EDGE('',*,*,#1179,.F.);
#1618=ORIENTED_EDGE('',*,*,#1172,.F.);
#1619=ORIENTED_EDGE('',*,*,#1150,.F.);
#1620=ORIENTED_EDGE('',*,*,#1180,.F.);
#1621=ORIENTED_EDGE('',*,*,#1181,.F.);
#1622=ORIENTED_EDGE('',*,*,#1176,.T.);
#1623=ORIENTED_EDGE('',*,*,#1149,.F.);
#1624=ORIENTED_EDGE('',*,*,#1182,.T.);
#1625=ORIENTED_EDGE('',*,*,#1183,.T.);
#1626=ORIENTED_EDGE('',*,*,#1180,.T.);
#1627=ORIENTED_EDGE('',*,*,#1147,.F.);
#1628=ORIENTED_EDGE('',*,*,#1184,.F.);
#1629=ORIENTED_EDGE('',*,*,#1185,.F.);
#1630=ORIENTED_EDGE('',*,*,#1182,.F.);
#1631=ORIENTED_EDGE('',*,*,#1186,.T.);
#1632=ORIENTED_EDGE('',*,*,#1187,.T.);
#1633=ORIENTED_EDGE('',*,*,#1130,.T.);
#1634=ORIENTED_EDGE('',*,*,#1188,.T.);
#1635=ORIENTED_EDGE('',*,*,#1189,.T.);
#1636=ORIENTED_EDGE('',*,*,#1186,.F.);
#1637=ORIENTED_EDGE('',*,*,#1129,.T.);
#1638=ORIENTED_EDGE('',*,*,#1190,.T.);
#1639=ORIENTED_EDGE('',*,*,#1191,.T.);
#1640=ORIENTED_EDGE('',*,*,#1188,.F.);
#1641=ORIENTED_EDGE('',*,*,#1128,.T.);
#1642=ORIENTED_EDGE('',*,*,#1192,.T.);
#1643=ORIENTED_EDGE('',*,*,#1193,.T.);
#1644=ORIENTED_EDGE('',*,*,#1190,.F.);
#1645=ORIENTED_EDGE('',*,*,#1134,.T.);
#1646=ORIENTED_EDGE('',*,*,#1194,.T.);
#1647=ORIENTED_EDGE('',*,*,#1195,.T.);
#1648=ORIENTED_EDGE('',*,*,#1192,.F.);
#1649=ORIENTED_EDGE('',*,*,#1133,.T.);
#1650=ORIENTED_EDGE('',*,*,#1196,.T.);
#1651=ORIENTED_EDGE('',*,*,#1197,.T.);
#1652=ORIENTED_EDGE('',*,*,#1194,.F.);
#1653=ORIENTED_EDGE('',*,*,#1132,.T.);
#1654=ORIENTED_EDGE('',*,*,#1198,.T.);
#1655=ORIENTED_EDGE('',*,*,#1199,.T.);
#1656=ORIENTED_EDGE('',*,*,#1196,.F.);
#1657=ORIENTED_EDGE('',*,*,#1138,.T.);
#1658=ORIENTED_EDGE('',*,*,#1200,.T.);
#1659=ORIENTED_EDGE('',*,*,#1201,.T.);
#1660=ORIENTED_EDGE('',*,*,#1198,.F.);
#1661=ORIENTED_EDGE('',*,*,#1137,.T.);
#1662=ORIENTED_EDGE('',*,*,#1136,.T.);
#1663=ORIENTED_EDGE('',*,*,#1202,.T.);
#1664=ORIENTED_EDGE('',*,*,#1200,.F.);
#1665=ORIENTED_EDGE('',*,*,#1187,.F.);
#1666=ORIENTED_EDGE('',*,*,#1203,.T.);
#1667=ORIENTED_EDGE('',*,*,#1204,.T.);
#1668=ORIENTED_EDGE('',*,*,#1126,.T.);
#1669=ORIENTED_EDGE('',*,*,#1124,.F.);
#1670=ORIENTED_EDGE('',*,*,#1204,.F.);
#1671=ORIENTED_EDGE('',*,*,#1205,.F.);
#1672=ORIENTED_EDGE('',*,*,#1206,.T.);
#1673=ORIENTED_EDGE('',*,*,#1121,.T.);
#1674=ORIENTED_EDGE('',*,*,#1205,.T.);
#1675=ORIENTED_EDGE('',*,*,#1207,.T.);
#1676=ORIENTED_EDGE('',*,*,#1142,.F.);
#1677=ORIENTED_EDGE('',*,*,#1208,.F.);
#1678=ORIENTED_EDGE('',*,*,#1209,.F.);
#1679=ORIENTED_EDGE('',*,*,#1210,.T.);
#1680=ORIENTED_EDGE('',*,*,#1211,.T.);
#1681=ORIENTED_EDGE('',*,*,#1208,.T.);
#1682=ORIENTED_EDGE('',*,*,#1144,.T.);
#1683=ORIENTED_EDGE('',*,*,#1202,.F.);
#1684=ORIENTED_EDGE('',*,*,#1140,.T.);
#1685=ORIENTED_EDGE('',*,*,#1209,.T.);
#1686=ORIENTED_EDGE('',*,*,#1212,.T.);
#1687=ORIENTED_EDGE('',*,*,#1199,.F.);
#1688=ORIENTED_EDGE('',*,*,#1213,.T.);
#1689=ORIENTED_EDGE('',*,*,#1214,.T.);
#1690=ORIENTED_EDGE('',*,*,#1215,.T.);
#1691=ORIENTED_EDGE('',*,*,#1197,.F.);
#1692=ORIENTED_EDGE('',*,*,#1195,.F.);
#1693=ORIENTED_EDGE('',*,*,#1215,.F.);
#1694=ORIENTED_EDGE('',*,*,#1216,.T.);
#1695=ORIENTED_EDGE('',*,*,#1217,.F.);
#1696=ORIENTED_EDGE('',*,*,#1193,.F.);
#1697=ORIENTED_EDGE('',*,*,#1217,.T.);
#1698=ORIENTED_EDGE('',*,*,#1218,.T.);
#1699=ORIENTED_EDGE('',*,*,#1219,.T.);
#1700=ORIENTED_EDGE('',*,*,#1191,.F.);
#1701=ORIENTED_EDGE('',*,*,#1189,.F.);
#1702=ORIENTED_EDGE('',*,*,#1219,.F.);
#1703=ORIENTED_EDGE('',*,*,#1220,.T.);
#1704=ORIENTED_EDGE('',*,*,#1207,.F.);
#1705=ORIENTED_EDGE('',*,*,#1203,.F.);
#1706=ORIENTED_EDGE('',*,*,#1201,.F.);
#1707=ORIENTED_EDGE('',*,*,#1212,.F.);
#1708=ORIENTED_EDGE('',*,*,#1211,.F.);
#1709=ORIENTED_EDGE('',*,*,#1221,.T.);
#1710=ORIENTED_EDGE('',*,*,#1213,.F.);
#1711=ORIENTED_EDGE('',*,*,#1042,.T.);
#1712=ORIENTED_EDGE('',*,*,#1081,.F.);
#1713=ORIENTED_EDGE('',*,*,#1085,.F.);
#1714=ORIENTED_EDGE('',*,*,#1222,.F.);
#1715=ORIENTED_EDGE('',*,*,#1223,.F.);
#1716=ORIENTED_EDGE('',*,*,#1224,.F.);
#1717=ORIENTED_EDGE('',*,*,#1225,.F.);
#1718=ORIENTED_EDGE('',*,*,#1226,.F.);
#1719=ORIENTED_EDGE('',*,*,#1227,.F.);
#1720=ORIENTED_EDGE('',*,*,#1228,.F.);
#1721=ORIENTED_EDGE('',*,*,#1106,.T.);
#1722=ORIENTED_EDGE('',*,*,#1065,.F.);
#1723=ORIENTED_EDGE('',*,*,#1050,.T.);
#1724=ORIENTED_EDGE('',*,*,#1159,.F.);
#1725=ORIENTED_EDGE('',*,*,#1163,.F.);
#1726=ORIENTED_EDGE('',*,*,#1229,.F.);
#1727=ORIENTED_EDGE('',*,*,#1230,.F.);
#1728=ORIENTED_EDGE('',*,*,#1231,.F.);
#1729=ORIENTED_EDGE('',*,*,#1232,.F.);
#1730=ORIENTED_EDGE('',*,*,#1233,.F.);
#1731=ORIENTED_EDGE('',*,*,#1234,.F.);
#1732=ORIENTED_EDGE('',*,*,#1235,.F.);
#1733=ORIENTED_EDGE('',*,*,#1184,.T.);
#1734=ORIENTED_EDGE('',*,*,#1146,.F.);
#1735=ORIENTED_EDGE('',*,*,#1058,.T.);
#1736=ORIENTED_EDGE('',*,*,#1118,.F.);
#1737=ORIENTED_EDGE('',*,*,#1122,.F.);
#1738=ORIENTED_EDGE('',*,*,#1206,.F.);
#1739=ORIENTED_EDGE('',*,*,#1220,.F.);
#1740=ORIENTED_EDGE('',*,*,#1218,.F.);
#1741=ORIENTED_EDGE('',*,*,#1216,.F.);
#1742=ORIENTED_EDGE('',*,*,#1214,.F.);
#1743=ORIENTED_EDGE('',*,*,#1221,.F.);
#1744=ORIENTED_EDGE('',*,*,#1210,.F.);
#1745=ORIENTED_EDGE('',*,*,#1143,.T.);
#1746=ORIENTED_EDGE('',*,*,#1109,.F.);
#1747=ORIENTED_EDGE('',*,*,#1236,.F.);
#1748=ORIENTED_EDGE('',*,*,#1237,.T.);
#1749=ORIENTED_EDGE('',*,*,#1238,.T.);
#1750=ORIENTED_EDGE('',*,*,#1093,.T.);
#1751=ORIENTED_EDGE('',*,*,#1239,.T.);
#1752=ORIENTED_EDGE('',*,*,#1240,.T.);
#1753=ORIENTED_EDGE('',*,*,#1237,.F.);
#1754=ORIENTED_EDGE('',*,*,#1092,.T.);
#1755=ORIENTED_EDGE('',*,*,#1241,.T.);
#1756=ORIENTED_EDGE('',*,*,#1242,.T.);
#1757=ORIENTED_EDGE('',*,*,#1239,.F.);
#1758=ORIENTED_EDGE('',*,*,#1091,.T.);
#1759=ORIENTED_EDGE('',*,*,#1243,.T.);
#1760=ORIENTED_EDGE('',*,*,#1244,.T.);
#1761=ORIENTED_EDGE('',*,*,#1241,.F.);
#1762=ORIENTED_EDGE('',*,*,#1097,.T.);
#1763=ORIENTED_EDGE('',*,*,#1245,.T.);
#1764=ORIENTED_EDGE('',*,*,#1246,.T.);
#1765=ORIENTED_EDGE('',*,*,#1243,.F.);
#1766=ORIENTED_EDGE('',*,*,#1096,.T.);
#1767=ORIENTED_EDGE('',*,*,#1247,.T.);
#1768=ORIENTED_EDGE('',*,*,#1248,.T.);
#1769=ORIENTED_EDGE('',*,*,#1245,.F.);
#1770=ORIENTED_EDGE('',*,*,#1095,.T.);
#1771=ORIENTED_EDGE('',*,*,#1249,.T.);
#1772=ORIENTED_EDGE('',*,*,#1250,.T.);
#1773=ORIENTED_EDGE('',*,*,#1247,.F.);
#1774=ORIENTED_EDGE('',*,*,#1101,.T.);
#1775=ORIENTED_EDGE('',*,*,#1251,.T.);
#1776=ORIENTED_EDGE('',*,*,#1252,.T.);
#1777=ORIENTED_EDGE('',*,*,#1249,.F.);
#1778=ORIENTED_EDGE('',*,*,#1100,.T.);
#1779=ORIENTED_EDGE('',*,*,#1099,.T.);
#1780=ORIENTED_EDGE('',*,*,#1253,.T.);
#1781=ORIENTED_EDGE('',*,*,#1251,.F.);
#1782=ORIENTED_EDGE('',*,*,#1238,.F.);
#1783=ORIENTED_EDGE('',*,*,#1254,.T.);
#1784=ORIENTED_EDGE('',*,*,#1255,.T.);
#1785=ORIENTED_EDGE('',*,*,#1089,.T.);
#1786=ORIENTED_EDGE('',*,*,#1087,.F.);
#1787=ORIENTED_EDGE('',*,*,#1255,.F.);
#1788=ORIENTED_EDGE('',*,*,#1256,.F.);
#1789=ORIENTED_EDGE('',*,*,#1222,.T.);
#1790=ORIENTED_EDGE('',*,*,#1084,.T.);
#1791=ORIENTED_EDGE('',*,*,#1256,.T.);
#1792=ORIENTED_EDGE('',*,*,#1257,.T.);
#1793=ORIENTED_EDGE('',*,*,#1105,.F.);
#1794=ORIENTED_EDGE('',*,*,#1258,.F.);
#1795=ORIENTED_EDGE('',*,*,#1259,.F.);
#1796=ORIENTED_EDGE('',*,*,#1228,.T.);
#1797=ORIENTED_EDGE('',*,*,#1260,.T.);
#1798=ORIENTED_EDGE('',*,*,#1258,.T.);
#1799=ORIENTED_EDGE('',*,*,#1107,.T.);
#1800=ORIENTED_EDGE('',*,*,#1253,.F.);
#1801=ORIENTED_EDGE('',*,*,#1103,.T.);
#1802=ORIENTED_EDGE('',*,*,#1259,.T.);
#1803=ORIENTED_EDGE('',*,*,#1261,.T.);
#1804=ORIENTED_EDGE('',*,*,#1250,.F.);
#1805=ORIENTED_EDGE('',*,*,#1262,.T.);
#1806=ORIENTED_EDGE('',*,*,#1226,.T.);
#1807=ORIENTED_EDGE('',*,*,#1263,.T.);
#1808=ORIENTED_EDGE('',*,*,#1248,.F.);
#1809=ORIENTED_EDGE('',*,*,#1246,.F.);
#1810=ORIENTED_EDGE('',*,*,#1263,.F.);
#1811=ORIENTED_EDGE('',*,*,#1225,.T.);
#1812=ORIENTED_EDGE('',*,*,#1264,.F.);
#1813=ORIENTED_EDGE('',*,*,#1244,.F.);
#1814=ORIENTED_EDGE('',*,*,#1264,.T.);
#1815=ORIENTED_EDGE('',*,*,#1224,.T.);
#1816=ORIENTED_EDGE('',*,*,#1265,.T.);
#1817=ORIENTED_EDGE('',*,*,#1242,.F.);
#1818=ORIENTED_EDGE('',*,*,#1240,.F.);
#1819=ORIENTED_EDGE('',*,*,#1265,.F.);
#1820=ORIENTED_EDGE('',*,*,#1223,.T.);
#1821=ORIENTED_EDGE('',*,*,#1257,.F.);
#1822=ORIENTED_EDGE('',*,*,#1254,.F.);
#1823=ORIENTED_EDGE('',*,*,#1252,.F.);
#1824=ORIENTED_EDGE('',*,*,#1261,.F.);
#1825=ORIENTED_EDGE('',*,*,#1260,.F.);
#1826=ORIENTED_EDGE('',*,*,#1227,.T.);
#1827=ORIENTED_EDGE('',*,*,#1262,.F.);
#1828=ORIENTED_EDGE('',*,*,#1266,.T.);
#1829=ORIENTED_EDGE('',*,*,#1267,.T.);
#1830=ORIENTED_EDGE('',*,*,#1171,.T.);
#1831=ORIENTED_EDGE('',*,*,#1268,.T.);
#1832=ORIENTED_EDGE('',*,*,#1269,.T.);
#1833=ORIENTED_EDGE('',*,*,#1266,.F.);
#1834=ORIENTED_EDGE('',*,*,#1170,.T.);
#1835=ORIENTED_EDGE('',*,*,#1270,.T.);
#1836=ORIENTED_EDGE('',*,*,#1271,.T.);
#1837=ORIENTED_EDGE('',*,*,#1268,.F.);
#1838=ORIENTED_EDGE('',*,*,#1169,.T.);
#1839=ORIENTED_EDGE('',*,*,#1272,.T.);
#1840=ORIENTED_EDGE('',*,*,#1273,.T.);
#1841=ORIENTED_EDGE('',*,*,#1270,.F.);
#1842=ORIENTED_EDGE('',*,*,#1175,.T.);
#1843=ORIENTED_EDGE('',*,*,#1274,.T.);
#1844=ORIENTED_EDGE('',*,*,#1275,.T.);
#1845=ORIENTED_EDGE('',*,*,#1272,.F.);
#1846=ORIENTED_EDGE('',*,*,#1174,.T.);
#1847=ORIENTED_EDGE('',*,*,#1276,.T.);
#1848=ORIENTED_EDGE('',*,*,#1277,.T.);
#1849=ORIENTED_EDGE('',*,*,#1274,.F.);
#1850=ORIENTED_EDGE('',*,*,#1173,.T.);
#1851=ORIENTED_EDGE('',*,*,#1278,.T.);
#1852=ORIENTED_EDGE('',*,*,#1279,.T.);
#1853=ORIENTED_EDGE('',*,*,#1276,.F.);
#1854=ORIENTED_EDGE('',*,*,#1179,.T.);
#1855=ORIENTED_EDGE('',*,*,#1280,.T.);
#1856=ORIENTED_EDGE('',*,*,#1281,.T.);
#1857=ORIENTED_EDGE('',*,*,#1278,.F.);
#1858=ORIENTED_EDGE('',*,*,#1178,.T.);
#1859=ORIENTED_EDGE('',*,*,#1177,.T.);
#1860=ORIENTED_EDGE('',*,*,#1282,.T.);
#1861=ORIENTED_EDGE('',*,*,#1280,.F.);
#1862=ORIENTED_EDGE('',*,*,#1267,.F.);
#1863=ORIENTED_EDGE('',*,*,#1283,.T.);
#1864=ORIENTED_EDGE('',*,*,#1284,.T.);
#1865=ORIENTED_EDGE('',*,*,#1167,.T.);
#1866=ORIENTED_EDGE('',*,*,#1165,.F.);
#1867=ORIENTED_EDGE('',*,*,#1284,.F.);
#1868=ORIENTED_EDGE('',*,*,#1285,.F.);
#1869=ORIENTED_EDGE('',*,*,#1229,.T.);
#1870=ORIENTED_EDGE('',*,*,#1162,.T.);
#1871=ORIENTED_EDGE('',*,*,#1285,.T.);
#1872=ORIENTED_EDGE('',*,*,#1286,.T.);
#1873=ORIENTED_EDGE('',*,*,#1183,.F.);
#1874=ORIENTED_EDGE('',*,*,#1287,.F.);
#1875=ORIENTED_EDGE('',*,*,#1288,.F.);
#1876=ORIENTED_EDGE('',*,*,#1235,.T.);
#1877=ORIENTED_EDGE('',*,*,#1289,.T.);
#1878=ORIENTED_EDGE('',*,*,#1287,.T.);
#1879=ORIENTED_EDGE('',*,*,#1185,.T.);
#1880=ORIENTED_EDGE('',*,*,#1282,.F.);
#1881=ORIENTED_EDGE('',*,*,#1181,.T.);
#1882=ORIENTED_EDGE('',*,*,#1288,.T.);
#1883=ORIENTED_EDGE('',*,*,#1290,.T.);
#1884=ORIENTED_EDGE('',*,*,#1279,.F.);
#1885=ORIENTED_EDGE('',*,*,#1291,.T.);
#1886=ORIENTED_EDGE('',*,*,#1233,.T.);
#1887=ORIENTED_EDGE('',*,*,#1292,.T.);
#1888=ORIENTED_EDGE('',*,*,#1277,.F.);
#1889=ORIENTED_EDGE('',*,*,#1275,.F.);
#1890=ORIENTED_EDGE('',*,*,#1292,.F.);
#1891=ORIENTED_EDGE('',*,*,#1232,.T.);
#1892=ORIENTED_EDGE('',*,*,#1293,.F.);
#1893=ORIENTED_EDGE('',*,*,#1273,.F.);
#1894=ORIENTED_EDGE('',*,*,#1293,.T.);
#1895=ORIENTED_EDGE('',*,*,#1231,.T.);
#1896=ORIENTED_EDGE('',*,*,#1294,.T.);
#1897=ORIENTED_EDGE('',*,*,#1271,.F.);
#1898=ORIENTED_EDGE('',*,*,#1269,.F.);
#1899=ORIENTED_EDGE('',*,*,#1294,.F.);
#1900=ORIENTED_EDGE('',*,*,#1230,.T.);
#1901=ORIENTED_EDGE('',*,*,#1286,.F.);
#1902=ORIENTED_EDGE('',*,*,#1283,.F.);
#1903=ORIENTED_EDGE('',*,*,#1281,.F.);
#1904=ORIENTED_EDGE('',*,*,#1290,.F.);
#1905=ORIENTED_EDGE('',*,*,#1289,.F.);
#1906=ORIENTED_EDGE('',*,*,#1234,.T.);
#1907=ORIENTED_EDGE('',*,*,#1291,.F.);
#1908=ORIENTED_EDGE('',*,*,#1236,.T.);
#1909=ORIENTED_EDGE('',*,*,#1295,.T.);
#1910=ORIENTED_EDGE('',*,*,#1063,.T.);
#1911=ORIENTED_EDGE('',*,*,#1295,.F.);
#1912=(
BOUNDED_SURFACE()
B_SPLINE_SURFACE(2,2,((#2784,#2785,#2786,#2787,#2788),(#2789,#2790,#2791,
#2792,#2793),(#2794,#2795,#2796,#2797,#2798)),.UNSPECIFIED.,.F.,.F.,.F.)
B_SPLINE_SURFACE_WITH_KNOTS((3,3),(3,2,3),(-0.173245666452002,2.56810445924722E-12),
(0.0984802278075261,1.04719755119496,1.9959148745824),.UNSPECIFIED.)
GEOMETRIC_REPRESENTATION_ITEM()
RATIONAL_B_SPLINE_SURFACE(((1.,0.88958584737854,1.,0.88958584737854,1.),
(0.996250587742533,0.886250423298309,0.996250587742533,0.886250423298309,
0.996250587742533),(1.,0.88958584737854,1.,0.88958584737854,1.)))
REPRESENTATION_ITEM('')
SURFACE()
);
#1913=(
BOUNDED_SURFACE()
B_SPLINE_SURFACE(2,2,((#2984,#2985,#2986,#2987,#2988),(#2989,#2990,#2991,
#2992,#2993),(#2994,#2995,#2996,#2997,#2998)),.UNSPECIFIED.,.F.,.F.,.F.)
B_SPLINE_SURFACE_WITH_KNOTS((3,3),(3,2,3),(-0.173245666452007,2.56810445924722E-12),
(-0.948717323387437,-1.11022302462516E-16,0.948717323387438),
 .UNSPECIFIED.)
GEOMETRIC_REPRESENTATION_ITEM()
RATIONAL_B_SPLINE_SURFACE(((1.,0.889585847378539,1.,0.889585847378539,1.),
(0.996250587742717,0.886250423298473,0.996250587742717,0.886250423298473,
0.996250587742717),(1.,0.889585847378539,1.,0.889585847378539,1.)))
REPRESENTATION_ITEM('')
SURFACE()
);
#1914=(
BOUNDED_SURFACE()
B_SPLINE_SURFACE(2,2,((#3189,#3190,#3191,#3192,#3193),(#3194,#3195,#3196,
#3197,#3198),(#3199,#3200,#3201,#3202,#3203)),.UNSPECIFIED.,.F.,.F.,.F.)
B_SPLINE_SURFACE_WITH_KNOTS((3,3),(3,2,3),(-0.173245666452007,2.57317976450265E-12),
(-1.99591487458567,-1.04719755119824,-0.0984802278108053),.UNSPECIFIED.)
GEOMETRIC_REPRESENTATION_ITEM()
RATIONAL_B_SPLINE_SURFACE(((1.,0.88958584737854,1.,0.88958584737854,1.),
(0.996250587742491,0.886250423298273,0.996250587742491,0.886250423298273,
0.996250587742491),(1.,0.88958584737854,1.,0.88958584737854,1.)))
REPRESENTATION_ITEM('')
SURFACE()
);
#1915=(
BOUNDED_SURFACE()
B_SPLINE_SURFACE(1,2,((#3845,#3846,#3847),(#3848,#3849,#3850)),
 .UNSPECIFIED.,.F.,.F.,.F.)
B_SPLINE_SURFACE_WITH_KNOTS((2,2),(3,3),(0.730231995291123,159.793231521197),
(1.57079632678716,2.99270270598048),.UNSPECIFIED.)
GEOMETRIC_REPRESENTATION_ITEM()
RATIONAL_B_SPLINE_SURFACE(((1.,0.757740210402751,1.),(1.,0.757740210402751,
1.)))
REPRESENTATION_ITEM('')
SURFACE()
);
#1916=(
BOUNDED_SURFACE()
B_SPLINE_SURFACE(1,2,((#3878,#3879,#3880),(#3881,#3882,#3883)),
 .UNSPECIFIED.,.F.,.F.,.F.)
B_SPLINE_SURFACE_WITH_KNOTS((2,2),(3,3),(0.730231995260979,159.793075025208),
(0.14888994760943,1.57079632679577),.UNSPECIFIED.)
GEOMETRIC_REPRESENTATION_ITEM()
RATIONAL_B_SPLINE_SURFACE(((1.,0.757740210405028,1.),(1.,0.757740210405028,
1.)))
REPRESENTATION_ITEM('')
SURFACE()
);
#1917=(
BOUNDED_SURFACE()
B_SPLINE_SURFACE(1,2,((#4035,#4036,#4037),(#4038,#4039,#4040)),
 .UNSPECIFIED.,.F.,.F.,.F.)
B_SPLINE_SURFACE_WITH_KNOTS((2,2),(3,3),(0.730231995291129,159.793231428841),
(1.57079632678716,2.99270270598048),.UNSPECIFIED.)
GEOMETRIC_REPRESENTATION_ITEM()
RATIONAL_B_SPLINE_SURFACE(((1.,0.757740210402754,1.),(1.,0.757740210402754,
1.)))
REPRESENTATION_ITEM('')
SURFACE()
);
#1918=(
BOUNDED_SURFACE()
B_SPLINE_SURFACE(1,2,((#4068,#4069,#4070),(#4071,#4072,#4073)),
 .UNSPECIFIED.,.F.,.F.,.F.)
B_SPLINE_SURFACE_WITH_KNOTS((2,2),(3,3),(0.730231995260977,159.793074404435),
(0.148889947609362,1.57079632679578),.UNSPECIFIED.)
GEOMETRIC_REPRESENTATION_ITEM()
RATIONAL_B_SPLINE_SURFACE(((1.,0.757740210405004,1.),(1.,0.757740210405004,
1.)))
REPRESENTATION_ITEM('')
SURFACE()
);
#1919=(
BOUNDED_SURFACE()
B_SPLINE_SURFACE(1,2,((#4282,#4283,#4284),(#4285,#4286,#4287)),
 .UNSPECIFIED.,.F.,.F.,.F.)
B_SPLINE_SURFACE_WITH_KNOTS((2,2),(3,3),(0.730231995291123,159.793231521204),
(1.57079632678715,2.99270270598048),.UNSPECIFIED.)
GEOMETRIC_REPRESENTATION_ITEM()
RATIONAL_B_SPLINE_SURFACE(((1.,0.757740210402747,1.),(1.,0.757740210402747,
1.)))
REPRESENTATION_ITEM('')
SURFACE()
);
#1920=(
BOUNDED_SURFACE()
B_SPLINE_SURFACE(1,2,((#4315,#4316,#4317),(#4318,#4319,#4320)),
 .UNSPECIFIED.,.F.,.F.,.F.)
B_SPLINE_SURFACE_WITH_KNOTS((2,2),(3,3),(0.730231995260961,159.793075025158),
(0.148889947609385,1.5707963267958),.UNSPECIFIED.)
GEOMETRIC_REPRESENTATION_ITEM()
RATIONAL_B_SPLINE_SURFACE(((1.,0.757740210405004,1.),(1.,0.757740210405004,
1.)))
REPRESENTATION_ITEM('')
SURFACE()
);
#1921=ADVANCED_FACE('',(#438),#1912,.F.);
#1922=ADVANCED_FACE('',(#439),#384,.F.);
#1923=ADVANCED_FACE('',(#440),#385,.F.);
#1924=ADVANCED_FACE('',(#441),#386,.F.);
#1925=ADVANCED_FACE('',(#442),#1913,.F.);
#1926=ADVANCED_FACE('',(#443),#387,.F.);
#1927=ADVANCED_FACE('',(#444),#388,.F.);
#1928=ADVANCED_FACE('',(#445),#389,.F.);
#1929=ADVANCED_FACE('',(#446),#1914,.F.);
#1930=ADVANCED_FACE('',(#447),#390,.F.);
#1931=ADVANCED_FACE('',(#448),#391,.F.);
#1932=ADVANCED_FACE('',(#449),#392,.F.);
#1933=ADVANCED_FACE('',(#450),#393,.T.);
#1934=ADVANCED_FACE('',(#451),#394,.T.);
#1935=ADVANCED_FACE('',(#452),#395,.T.);
#1936=ADVANCED_FACE('',(#453),#396,.T.);
#1937=ADVANCED_FACE('',(#454),#242,.T.);
#1938=ADVANCED_FACE('',(#455),#243,.T.);
#1939=ADVANCED_FACE('',(#456),#244,.T.);
#1940=ADVANCED_FACE('',(#457),#51,.T.);
#1941=ADVANCED_FACE('',(#458),#245,.F.);
#1942=ADVANCED_FACE('',(#459),#397,.T.);
#1943=ADVANCED_FACE('',(#460),#398,.T.);
#1944=ADVANCED_FACE('',(#461),#399,.T.);
#1945=ADVANCED_FACE('',(#462),#400,.T.);
#1946=ADVANCED_FACE('',(#463),#401,.T.);
#1947=ADVANCED_FACE('',(#464),#402,.T.);
#1948=ADVANCED_FACE('',(#465),#403,.T.);
#1949=ADVANCED_FACE('',(#466),#246,.F.);
#1950=ADVANCED_FACE('',(#467),#26,.T.);
#1951=ADVANCED_FACE('',(#468),#247,.T.);
#1952=ADVANCED_FACE('',(#469),#27,.F.);
#1953=ADVANCED_FACE('',(#470),#1915,.F.);
#1954=ADVANCED_FACE('',(#471),#28,.F.);
#1955=ADVANCED_FACE('',(#472),#1916,.F.);
#1956=ADVANCED_FACE('',(#473),#29,.F.);
#1957=ADVANCED_FACE('',(#474),#248,.T.);
#1958=ADVANCED_FACE('',(#475),#30,.F.);
#1959=ADVANCED_FACE('',(#476),#249,.F.);
#1960=ADVANCED_FACE('',(#477),#404,.T.);
#1961=ADVANCED_FACE('',(#478),#405,.T.);
#1962=ADVANCED_FACE('',(#479),#406,.T.);
#1963=ADVANCED_FACE('',(#480),#407,.T.);
#1964=ADVANCED_FACE('',(#481),#250,.F.);
#1965=ADVANCED_FACE('',(#482),#31,.T.);
#1966=ADVANCED_FACE('',(#483),#251,.T.);
#1967=ADVANCED_FACE('',(#484),#32,.F.);
#1968=ADVANCED_FACE('',(#485),#1917,.F.);
#1969=ADVANCED_FACE('',(#486),#33,.F.);
#1970=ADVANCED_FACE('',(#487),#1918,.F.);
#1971=ADVANCED_FACE('',(#488),#34,.F.);
#1972=ADVANCED_FACE('',(#489),#252,.T.);
#1973=ADVANCED_FACE('',(#490),#35,.F.);
#1974=ADVANCED_FACE('',(#491),#253,.F.);
#1975=ADVANCED_FACE('',(#492),#408,.T.);
#1976=ADVANCED_FACE('',(#493),#409,.T.);
#1977=ADVANCED_FACE('',(#494),#410,.T.);
#1978=ADVANCED_FACE('',(#495),#411,.T.);
#1979=ADVANCED_FACE('',(#496),#412,.T.);
#1980=ADVANCED_FACE('',(#497),#413,.T.);
#1981=ADVANCED_FACE('',(#498),#254,.F.);
#1982=ADVANCED_FACE('',(#499),#36,.T.);
#1983=ADVANCED_FACE('',(#500),#255,.T.);
#1984=ADVANCED_FACE('',(#501),#37,.F.);
#1985=ADVANCED_FACE('',(#502),#1919,.F.);
#1986=ADVANCED_FACE('',(#503),#38,.F.);
#1987=ADVANCED_FACE('',(#504),#1920,.F.);
#1988=ADVANCED_FACE('',(#505),#39,.F.);
#1989=ADVANCED_FACE('',(#506),#256,.T.);
#1990=ADVANCED_FACE('',(#507),#40,.F.);
#1991=ADVANCED_FACE('',(#508),#414,.F.);
#1992=ADVANCED_FACE('',(#509),#415,.F.);
#1993=ADVANCED_FACE('',(#510),#416,.F.);
#1994=ADVANCED_FACE('',(#511),#417,.F.);
#1995=ADVANCED_FACE('',(#512),#257,.T.);
#1996=ADVANCED_FACE('',(#513),#418,.F.);
#1997=ADVANCED_FACE('',(#514),#419,.F.);
#1998=ADVANCED_FACE('',(#515),#420,.F.);
#1999=ADVANCED_FACE('',(#516),#421,.F.);
#2000=ADVANCED_FACE('',(#517),#258,.T.);
#2001=ADVANCED_FACE('',(#518),#20,.T.);
#2002=ADVANCED_FACE('',(#519),#259,.T.);
#2003=ADVANCED_FACE('',(#520),#21,.T.);
#2004=ADVANCED_FACE('',(#521),#260,.T.);
#2005=ADVANCED_FACE('',(#522),#261,.T.);
#2006=ADVANCED_FACE('',(#523),#262,.T.);
#2007=ADVANCED_FACE('',(#524),#41,.F.);
#2008=ADVANCED_FACE('',(#525),#263,.T.);
#2009=ADVANCED_FACE('',(#526),#42,.T.);
#2010=ADVANCED_FACE('',(#527),#43,.T.);
#2011=ADVANCED_FACE('',(#528,#19),#44,.T.);
#2012=ADVANCED_FACE('',(#529),#422,.F.);
#2013=ADVANCED_FACE('',(#530),#423,.F.);
#2014=ADVANCED_FACE('',(#531),#424,.F.);
#2015=ADVANCED_FACE('',(#532),#425,.F.);
#2016=ADVANCED_FACE('',(#533),#264,.T.);
#2017=ADVANCED_FACE('',(#534),#426,.F.);
#2018=ADVANCED_FACE('',(#535),#427,.F.);
#2019=ADVANCED_FACE('',(#536),#428,.F.);
#2020=ADVANCED_FACE('',(#537),#429,.F.);
#2021=ADVANCED_FACE('',(#538),#265,.T.);
#2022=ADVANCED_FACE('',(#539),#22,.T.);
#2023=ADVANCED_FACE('',(#540),#266,.T.);
#2024=ADVANCED_FACE('',(#541),#23,.T.);
#2025=ADVANCED_FACE('',(#542),#267,.T.);
#2026=ADVANCED_FACE('',(#543),#268,.T.);
#2027=ADVANCED_FACE('',(#544),#269,.T.);
#2028=ADVANCED_FACE('',(#545),#45,.F.);
#2029=ADVANCED_FACE('',(#546),#270,.T.);
#2030=ADVANCED_FACE('',(#547),#46,.T.);
#2031=ADVANCED_FACE('',(#548),#47,.T.);
#2032=ADVANCED_FACE('',(#549),#430,.F.);
#2033=ADVANCED_FACE('',(#550),#431,.F.);
#2034=ADVANCED_FACE('',(#551),#432,.F.);
#2035=ADVANCED_FACE('',(#552),#433,.F.);
#2036=ADVANCED_FACE('',(#553),#271,.T.);
#2037=ADVANCED_FACE('',(#554),#434,.F.);
#2038=ADVANCED_FACE('',(#555),#435,.F.);
#2039=ADVANCED_FACE('',(#556),#436,.F.);
#2040=ADVANCED_FACE('',(#557),#437,.F.);
#2041=ADVANCED_FACE('',(#558),#272,.T.);
#2042=ADVANCED_FACE('',(#559),#24,.T.);
#2043=ADVANCED_FACE('',(#560),#273,.T.);
#2044=ADVANCED_FACE('',(#561),#25,.T.);
#2045=ADVANCED_FACE('',(#562),#274,.T.);
#2046=ADVANCED_FACE('',(#563),#275,.T.);
#2047=ADVANCED_FACE('',(#564),#276,.T.);
#2048=ADVANCED_FACE('',(#565),#48,.F.);
#2049=ADVANCED_FACE('',(#566),#277,.T.);
#2050=ADVANCED_FACE('',(#567),#49,.T.);
#2051=ADVANCED_FACE('',(#568),#50,.T.);
#2052=ADVANCED_FACE('',(#569),#278,.F.);
#2053=CLOSED_SHELL('',(#1921,#1922,#1923,#1924,#1925,#1926,#1927,#1928,
#1929,#1930,#1931,#1932,#1933,#1934,#1935,#1936,#1937,#1938,#1939,#1940,
#1941,#1942,#1943,#1944,#1945,#1946,#1947,#1948,#1949,#1950,#1951,#1952,
#1953,#1954,#1955,#1956,#1957,#1958,#1959,#1960,#1961,#1962,#1963,#1964,
#1965,#1966,#1967,#1968,#1969,#1970,#1971,#1972,#1973,#1974,#1975,#1976,
#1977,#1978,#1979,#1980,#1981,#1982,#1983,#1984,#1985,#1986,#1987,#1988,
#1989,#1990,#1991,#1992,#1993,#1994,#1995,#1996,#1997,#1998,#1999,#2000,
#2001,#2002,#2003,#2004,#2005,#2006,#2007,#2008,#2009,#2010,#2011,#2012,
#2013,#2014,#2015,#2016,#2017,#2018,#2019,#2020,#2021,#2022,#2023,#2024,
#2025,#2026,#2027,#2028,#2029,#2030,#2031,#2032,#2033,#2034,#2035,#2036,
#2037,#2038,#2039,#2040,#2041,#2042,#2043,#2044,#2045,#2046,#2047,#2048,
#2049,#2050,#2051,#2052));
#2054=DERIVED_UNIT_ELEMENT(#2056,1.);
#2055=DERIVED_UNIT_ELEMENT(#5139,-3.);
#2056=(
MASS_UNIT()
NAMED_UNIT(*)
SI_UNIT(.KILO.,.GRAM.)
);
#2057=DERIVED_UNIT((#2054,#2055));
#2058=MEASURE_REPRESENTATION_ITEM('density measure',
POSITIVE_RATIO_MEASURE(7850.),#2057);
#2059=PROPERTY_DEFINITION_REPRESENTATION(#2064,#2061);
#2060=PROPERTY_DEFINITION_REPRESENTATION(#2065,#2062);
#2061=REPRESENTATION('material name',(#2063),#5136);
#2062=REPRESENTATION('density',(#2058),#5136);
#2063=DESCRIPTIVE_REPRESENTATION_ITEM('Steel','Steel');
#2064=PROPERTY_DEFINITION('material property','material name',#5151);
#2065=PROPERTY_DEFINITION('material property','density of part',#5151);
#2066=AXIS2_PLACEMENT_3D('',#2782,#2273,#2274);
#2067=AXIS2_PLACEMENT_3D('',#2783,#2275,#2276);
#2068=AXIS2_PLACEMENT_3D('',#2801,#2277,#2278);
#2069=AXIS2_PLACEMENT_3D('',#2803,#2279,#2280);
#2070=AXIS2_PLACEMENT_3D('',#2805,#2281,#2282);
#2071=AXIS2_PLACEMENT_3D('',#2806,#2283,#2284);
#2072=AXIS2_PLACEMENT_3D('',#2857,#2285,#2286);
#2073=AXIS2_PLACEMENT_3D('',#2900,#2287,#2288);
#2074=AXIS2_PLACEMENT_3D('',#2959,#2289,#2290);
#2075=AXIS2_PLACEMENT_3D('',#3000,#2291,#2292);
#2076=AXIS2_PLACEMENT_3D('',#3002,#2293,#2294);
#2077=AXIS2_PLACEMENT_3D('',#3004,#2295,#2296);
#2078=AXIS2_PLACEMENT_3D('',#3005,#2297,#2298);
#2079=AXIS2_PLACEMENT_3D('',#3056,#2299,#2300);
#2080=AXIS2_PLACEMENT_3D('',#3099,#2301,#2302);
#2081=AXIS2_PLACEMENT_3D('',#3162,#2303,#2304);
#2082=AXIS2_PLACEMENT_3D('',#3205,#2305,#2306);
#2083=AXIS2_PLACEMENT_3D('',#3207,#2307,#2308);
#2084=AXIS2_PLACEMENT_3D('',#3208,#2309,#2310);
#2085=AXIS2_PLACEMENT_3D('',#3259,#2311,#2312);
#2086=AXIS2_PLACEMENT_3D('',#3302,#2313,#2314);
#2087=AXIS2_PLACEMENT_3D('',#3426,#2315,#2316);
#2088=AXIS2_PLACEMENT_3D('',#3434,#2317,#2318);
#2089=AXIS2_PLACEMENT_3D('',#3466,#2319,#2320);
#2090=AXIS2_PLACEMENT_3D('',#3475,#2321,#2322);
#2091=AXIS2_PLACEMENT_3D('',#3499,#2323,#2324);
#2092=AXIS2_PLACEMENT_3D('',#3500,#2325,#2326);
#2093=AXIS2_PLACEMENT_3D('',#3538,#2327,#2328);
#2094=AXIS2_PLACEMENT_3D('',#3545,#2329,#2330);
#2095=AXIS2_PLACEMENT_3D('',#3554,#2331,#2332);
#2096=AXIS2_PLACEMENT_3D('',#3563,#2334,#2335);
#2097=AXIS2_PLACEMENT_3D('',#3571,#2337,#2338);
#2098=AXIS2_PLACEMENT_3D('',#3572,#2339,#2340);
#2099=AXIS2_PLACEMENT_3D('',#3580,#2341,#2342);
#2100=AXIS2_PLACEMENT_3D('',#3589,#2344,#2345);
#2101=AXIS2_PLACEMENT_3D('',#3598,#2347,#2348);
#2102=AXIS2_PLACEMENT_3D('',#3604,#2349,#2350);
#2103=AXIS2_PLACEMENT_3D('',#3606,#2351,#2352);
#2104=AXIS2_PLACEMENT_3D('',#3615,#2354,#2355);
#2105=AXIS2_PLACEMENT_3D('',#3623,#2357,#2358);
#2106=AXIS2_PLACEMENT_3D('',#3624,#2359,#2360);
#2107=AXIS2_PLACEMENT_3D('',#3627,#2362,#2363);
#2108=AXIS2_PLACEMENT_3D('',#3628,#2364,#2365);
#2109=AXIS2_PLACEMENT_3D('',#3630,#2366,#2367);
#2110=AXIS2_PLACEMENT_3D('',#3632,#2368,#2369);
#2111=AXIS2_PLACEMENT_3D('',#3655,#2371,#2372);
#2112=AXIS2_PLACEMENT_3D('',#3681,#2373,#2374);
#2113=AXIS2_PLACEMENT_3D('',#3682,#2375,#2376);
#2114=AXIS2_PLACEMENT_3D('',#3720,#2377,#2378);
#2115=AXIS2_PLACEMENT_3D('',#3738,#2379,#2380);
#2116=AXIS2_PLACEMENT_3D('',#3739,#2381,#2382);
#2117=AXIS2_PLACEMENT_3D('',#3777,#2383,#2384);
#2118=AXIS2_PLACEMENT_3D('',#3799,#2385,#2386);
#2119=AXIS2_PLACEMENT_3D('',#3800,#2387,#2388);
#2120=AXIS2_PLACEMENT_3D('',#3822,#2389,#2390);
#2121=AXIS2_PLACEMENT_3D('',#3827,#2391,#2392);
#2122=AXIS2_PLACEMENT_3D('',#3829,#2393,#2394);
#2123=AXIS2_PLACEMENT_3D('',#3831,#2396,#2397);
#2124=AXIS2_PLACEMENT_3D('',#3837,#2401,#2402);
#2125=AXIS2_PLACEMENT_3D('',#3840,#2404,#2405);
#2126=AXIS2_PLACEMENT_3D('',#3841,#2406,#2407);
#2127=AXIS2_PLACEMENT_3D('',#3870,#2411,#2412);
#2128=AXIS2_PLACEMENT_3D('',#3874,#2414,#2415);
#2129=AXIS2_PLACEMENT_3D('',#3877,#2417,#2418);
#2130=AXIS2_PLACEMENT_3D('',#3903,#2420,#2421);
#2131=AXIS2_PLACEMENT_3D('',#3907,#2424,#2425);
#2132=AXIS2_PLACEMENT_3D('',#3910,#2427,#2428);
#2133=AXIS2_PLACEMENT_3D('',#3911,#2429,#2430);
#2134=AXIS2_PLACEMENT_3D('',#3915,#2433,#2434);
#2135=AXIS2_PLACEMENT_3D('',#3917,#2435,#2436);
#2136=AXIS2_PLACEMENT_3D('',#3919,#2437,#2438);
#2137=AXIS2_PLACEMENT_3D('',#3942,#2440,#2441);
#2138=AXIS2_PLACEMENT_3D('',#3967,#2442,#2443);
#2139=AXIS2_PLACEMENT_3D('',#3989,#2444,#2445);
#2140=AXIS2_PLACEMENT_3D('',#3990,#2446,#2447);
#2141=AXIS2_PLACEMENT_3D('',#4012,#2448,#2449);
#2142=AXIS2_PLACEMENT_3D('',#4017,#2450,#2451);
#2143=AXIS2_PLACEMENT_3D('',#4019,#2452,#2453);
#2144=AXIS2_PLACEMENT_3D('',#4021,#2455,#2456);
#2145=AXIS2_PLACEMENT_3D('',#4027,#2460,#2461);
#2146=AXIS2_PLACEMENT_3D('',#4030,#2463,#2464);
#2147=AXIS2_PLACEMENT_3D('',#4031,#2465,#2466);
#2148=AXIS2_PLACEMENT_3D('',#4060,#2470,#2471);
#2149=AXIS2_PLACEMENT_3D('',#4064,#2473,#2474);
#2150=AXIS2_PLACEMENT_3D('',#4067,#2476,#2477);
#2151=AXIS2_PLACEMENT_3D('',#4093,#2479,#2480);
#2152=AXIS2_PLACEMENT_3D('',#4097,#2483,#2484);
#2153=AXIS2_PLACEMENT_3D('',#4100,#2486,#2487);
#2154=AXIS2_PLACEMENT_3D('',#4101,#2488,#2489);
#2155=AXIS2_PLACEMENT_3D('',#4105,#2492,#2493);
#2156=AXIS2_PLACEMENT_3D('',#4107,#2494,#2495);
#2157=AXIS2_PLACEMENT_3D('',#4109,#2496,#2497);
#2158=AXIS2_PLACEMENT_3D('',#4132,#2499,#2500);
#2159=AXIS2_PLACEMENT_3D('',#4157,#2501,#2502);
#2160=AXIS2_PLACEMENT_3D('',#4175,#2503,#2504);
#2161=AXIS2_PLACEMENT_3D('',#4176,#2505,#2506);
#2162=AXIS2_PLACEMENT_3D('',#4214,#2507,#2508);
#2163=AXIS2_PLACEMENT_3D('',#4236,#2509,#2510);
#2164=AXIS2_PLACEMENT_3D('',#4237,#2511,#2512);
#2165=AXIS2_PLACEMENT_3D('',#4259,#2513,#2514);
#2166=AXIS2_PLACEMENT_3D('',#4264,#2515,#2516);
#2167=AXIS2_PLACEMENT_3D('',#4266,#2517,#2518);
#2168=AXIS2_PLACEMENT_3D('',#4268,#2520,#2521);
#2169=AXIS2_PLACEMENT_3D('',#4274,#2525,#2526);
#2170=AXIS2_PLACEMENT_3D('',#4277,#2528,#2529);
#2171=AXIS2_PLACEMENT_3D('',#4278,#2530,#2531);
#2172=AXIS2_PLACEMENT_3D('',#4307,#2535,#2536);
#2173=AXIS2_PLACEMENT_3D('',#4311,#2538,#2539);
#2174=AXIS2_PLACEMENT_3D('',#4314,#2541,#2542);
#2175=AXIS2_PLACEMENT_3D('',#4340,#2544,#2545);
#2176=AXIS2_PLACEMENT_3D('',#4344,#2548,#2549);
#2177=AXIS2_PLACEMENT_3D('',#4347,#2551,#2552);
#2178=AXIS2_PLACEMENT_3D('',#4348,#2553,#2554);
#2179=AXIS2_PLACEMENT_3D('',#4377,#2557,#2558);
#2180=AXIS2_PLACEMENT_3D('',#4405,#2559,#2560);
#2181=AXIS2_PLACEMENT_3D('',#4436,#2561,#2562);
#2182=AXIS2_PLACEMENT_3D('',#4459,#2563,#2564);
#2183=AXIS2_PLACEMENT_3D('',#4460,#2565,#2566);
#2184=AXIS2_PLACEMENT_3D('',#4461,#2567,#2568);
#2185=AXIS2_PLACEMENT_3D('',#4463,#2569,#2570);
#2186=AXIS2_PLACEMENT_3D('',#4482,#2572,#2573);
#2187=AXIS2_PLACEMENT_3D('',#4483,#2574,#2575);
#2188=AXIS2_PLACEMENT_3D('',#4510,#2576,#2577);
#2189=AXIS2_PLACEMENT_3D('',#4537,#2578,#2579);
#2190=AXIS2_PLACEMENT_3D('',#4572,#2580,#2581);
#2191=AXIS2_PLACEMENT_3D('',#4575,#2583,#2584);
#2192=AXIS2_PLACEMENT_3D('',#4576,#2585,#2586);
#2193=AXIS2_PLACEMENT_3D('',#4577,#2587,#2588);
#2194=AXIS2_PLACEMENT_3D('',#4578,#2589,#2590);
#2195=AXIS2_PLACEMENT_3D('',#4580,#2591,#2592);
#2196=AXIS2_PLACEMENT_3D('',#4582,#2594,#2595);
#2197=AXIS2_PLACEMENT_3D('',#4584,#2596,#2597);
#2198=AXIS2_PLACEMENT_3D('',#4585,#2598,#2599);
#2199=AXIS2_PLACEMENT_3D('',#4586,#2600,#2601);
#2200=AXIS2_PLACEMENT_3D('',#4588,#2602,#2603);
#2201=AXIS2_PLACEMENT_3D('',#4590,#2605,#2606);
#2202=AXIS2_PLACEMENT_3D('',#4592,#2608,#2609);
#2203=AXIS2_PLACEMENT_3D('',#4596,#2611,#2612);
#2204=AXIS2_PLACEMENT_3D('',#4598,#2614,#2615);
#2205=AXIS2_PLACEMENT_3D('',#4602,#2618,#2619);
#2206=AXIS2_PLACEMENT_3D('',#4604,#2620,#2621);
#2207=AXIS2_PLACEMENT_3D('',#4606,#2623,#2624);
#2208=AXIS2_PLACEMENT_3D('',#4608,#2626,#2627);
#2209=AXIS2_PLACEMENT_3D('',#4610,#2629,#2630);
#2210=AXIS2_PLACEMENT_3D('',#4612,#2631,#2632);
#2211=AXIS2_PLACEMENT_3D('',#4616,#2634,#2635);
#2212=AXIS2_PLACEMENT_3D('',#4620,#2637,#2638);
#2213=AXIS2_PLACEMENT_3D('',#4623,#2640,#2641);
#2214=AXIS2_PLACEMENT_3D('',#4625,#2642,#2643);
#2215=AXIS2_PLACEMENT_3D('',#4629,#2645,#2646);
#2216=AXIS2_PLACEMENT_3D('',#4633,#2648,#2649);
#2217=AXIS2_PLACEMENT_3D('',#4636,#2651,#2652);
#2218=AXIS2_PLACEMENT_3D('',#4638,#2653,#2654);
#2219=AXIS2_PLACEMENT_3D('',#4664,#2655,#2656);
#2220=AXIS2_PLACEMENT_3D('',#4692,#2657,#2658);
#2221=AXIS2_PLACEMENT_3D('',#4723,#2659,#2660);
#2222=AXIS2_PLACEMENT_3D('',#4746,#2661,#2662);
#2223=AXIS2_PLACEMENT_3D('',#4747,#2663,#2664);
#2224=AXIS2_PLACEMENT_3D('',#4748,#2665,#2666);
#2225=AXIS2_PLACEMENT_3D('',#4750,#2667,#2668);
#2226=AXIS2_PLACEMENT_3D('',#4769,#2670,#2671);
#2227=AXIS2_PLACEMENT_3D('',#4770,#2672,#2673);
#2228=AXIS2_PLACEMENT_3D('',#4797,#2674,#2675);
#2229=AXIS2_PLACEMENT_3D('',#4824,#2676,#2677);
#2230=AXIS2_PLACEMENT_3D('',#4859,#2678,#2679);
#2231=AXIS2_PLACEMENT_3D('',#4862,#2681,#2682);
#2232=AXIS2_PLACEMENT_3D('',#4863,#2683,#2684);
#2233=AXIS2_PLACEMENT_3D('',#4864,#2685,#2686);
#2234=AXIS2_PLACEMENT_3D('',#4865,#2687,#2688);
#2235=AXIS2_PLACEMENT_3D('',#4867,#2690,#2691);
#2236=AXIS2_PLACEMENT_3D('',#4869,#2692,#2693);
#2237=AXIS2_PLACEMENT_3D('',#4870,#2694,#2695);
#2238=AXIS2_PLACEMENT_3D('',#4871,#2696,#2697);
#2239=AXIS2_PLACEMENT_3D('',#4873,#2699,#2700);
#2240=AXIS2_PLACEMENT_3D('',#4875,#2702,#2703);
#2241=AXIS2_PLACEMENT_3D('',#4878,#2706,#2707);
#2242=AXIS2_PLACEMENT_3D('',#4880,#2709,#2710);
#2243=AXIS2_PLACEMENT_3D('',#4882,#2712,#2713);
#2244=AXIS2_PLACEMENT_3D('',#4883,#2714,#2715);
#2245=AXIS2_PLACEMENT_3D('',#4909,#2716,#2717);
#2246=AXIS2_PLACEMENT_3D('',#4937,#2718,#2719);
#2247=AXIS2_PLACEMENT_3D('',#4968,#2720,#2721);
#2248=AXIS2_PLACEMENT_3D('',#4991,#2722,#2723);
#2249=AXIS2_PLACEMENT_3D('',#4992,#2724,#2725);
#2250=AXIS2_PLACEMENT_3D('',#4993,#2726,#2727);
#2251=AXIS2_PLACEMENT_3D('',#4995,#2728,#2729);
#2252=AXIS2_PLACEMENT_3D('',#5014,#2731,#2732);
#2253=AXIS2_PLACEMENT_3D('',#5015,#2733,#2734);
#2254=AXIS2_PLACEMENT_3D('',#5042,#2735,#2736);
#2255=AXIS2_PLACEMENT_3D('',#5069,#2737,#2738);
#2256=AXIS2_PLACEMENT_3D('',#5104,#2739,#2740);
#2257=AXIS2_PLACEMENT_3D('',#5107,#2742,#2743);
#2258=AXIS2_PLACEMENT_3D('',#5108,#2744,#2745);
#2259=AXIS2_PLACEMENT_3D('',#5109,#2746,#2747);
#2260=AXIS2_PLACEMENT_3D('',#5110,#2748,#2749);
#2261=AXIS2_PLACEMENT_3D('',#5112,#2751,#2752);
#2262=AXIS2_PLACEMENT_3D('',#5114,#2753,#2754);
#2263=AXIS2_PLACEMENT_3D('',#5115,#2755,#2756);
#2264=AXIS2_PLACEMENT_3D('',#5116,#2757,#2758);
#2265=AXIS2_PLACEMENT_3D('',#5118,#2760,#2761);
#2266=AXIS2_PLACEMENT_3D('',#5120,#2763,#2764);
#2267=AXIS2_PLACEMENT_3D('',#5123,#2767,#2768);
#2268=AXIS2_PLACEMENT_3D('',#5125,#2770,#2771);
#2269=AXIS2_PLACEMENT_3D('',#5127,#2773,#2774);
#2270=AXIS2_PLACEMENT_3D('',#5128,#2775,#2776);
#2271=AXIS2_PLACEMENT_3D('',#5129,#2777,#2778);
#2272=AXIS2_PLACEMENT_3D('',#5131,#2780,#2781);
#2273=DIRECTION('axis',(0.,0.,1.));
#2274=DIRECTION('refdir',(1.,0.,0.));
#2275=DIRECTION('axis',(0.,0.,1.));
#2276=DIRECTION('refdir',(1.,0.,0.));
#2277=DIRECTION('center_axis',(-0.0983211222741843,0.99515474018604,-1.72514557947559E-15));
#2278=DIRECTION('ref_axis',(0.99515474018604,0.0983211222741843,0.));
#2279=DIRECTION('center_axis',(0.,0.,1.));
#2280=DIRECTION('ref_axis',(-1.,0.,0.));
#2281=DIRECTION('center_axis',(0.910989846836056,0.412428780471998,-1.31439663196211E-15));
#2282=DIRECTION('ref_axis',(-0.406254914296816,0.89735275440308,-0.172380331751891));
#2283=DIRECTION('center_axis',(0.,0.,-1.));
#2284=DIRECTION('ref_axis',(-1.,1.22464679914735E-16,0.));
#2285=DIRECTION('center_axis',(0.866220867928402,0.499660583640256,0.000842093608084762));
#2286=DIRECTION('ref_axis',(-0.492055326250682,0.853326770430556,-0.172380331751891));
#2287=DIRECTION('center_axis',(0.865829192666399,0.500338985094113,-0.000842093607847877));
#2288=DIRECTION('ref_axis',(-0.492974997796855,0.852795797815806,-0.172380331751896));
#2289=DIRECTION('center_axis',(0.812668724560528,0.58272595971105,-3.8446101485456E-14));
#2290=DIRECTION('ref_axis',(-0.574002824317974,0.800503453396734,-0.172380331751891));
#2291=DIRECTION('center_axis',(0.,0.,1.));
#2292=DIRECTION('ref_axis',(-1.,0.,0.));
#2293=DIRECTION('center_axis',(0.,0.,1.));
#2294=DIRECTION('ref_axis',(-1.,0.,0.));
#2295=DIRECTION('center_axis',(-0.812668724558612,0.582725959713722,-1.97159494794317E-15));
#2296=DIRECTION('ref_axis',(-0.5740028243206,-0.800503453394851,-0.17238033175189));
#2297=DIRECTION('center_axis',(0.,0.,-1.));
#2298=DIRECTION('ref_axis',(-1.,1.22464679914735E-16,0.));
#2299=DIRECTION('center_axis',(-0.865829192666276,0.500338985094329,0.000842093606436443));
#2300=DIRECTION('ref_axis',(-0.492974997796858,-0.852795797815805,-0.172380331751891));
#2301=DIRECTION('center_axis',(-0.866220867928425,0.499660583640216,-0.000842093607829508));
#2302=DIRECTION('ref_axis',(-0.49205532625068,-0.853326770430557,-0.172380331751891));
#2303=DIRECTION('center_axis',(-0.910989846834702,0.412428780474988,-7.4263409706947E-14));
#2304=DIRECTION('ref_axis',(-0.406254914299749,-0.897352754401752,-0.172380331751891));
#2305=DIRECTION('center_axis',(0.,0.,1.));
#2306=DIRECTION('ref_axis',(-1.,0.,0.));
#2307=DIRECTION('center_axis',(-0.0983211222774473,-0.995154740185718,1.31439663196207E-15));
#2308=DIRECTION('ref_axis',(0.980257738617413,-0.0968493010082334,-0.17238033175189));
#2309=DIRECTION('center_axis',(0.,0.,-1.));
#2310=DIRECTION('ref_axis',(-1.,1.22464679914735E-16,0.));
#2311=DIRECTION('center_axis',(-0.000391675262002569,-0.999999568734329,
0.000842093607961321));
#2312=DIRECTION('ref_axis',(0.985030324047534,-0.000530972614748573,-0.172380331751891));
#2313=DIRECTION('center_axis',(0.00039167526202787,-0.999999568734329,-0.000842093607815776));
#2314=DIRECTION('ref_axis',(0.985030324047534,0.000530972614748406,-0.172380331751891));
#2315=DIRECTION('center_axis',(-0.144325996176846,0.0536322110781228,-0.988075701939094));
#2316=DIRECTION('ref_axis',(-0.779908095195052,0.608400442322195,0.14694306663257));
#2317=DIRECTION('center_axis',(-0.866263114897953,0.49958784930693,0.000443387157905896));
#2318=DIRECTION('ref_axis',(0.34087874819162,0.590419311088372,0.731578236503278));
#2319=DIRECTION('center_axis',(-0.000475788527142601,-0.99999978851653,
-0.000443387157910844));
#2320=DIRECTION('ref_axis',(-0.681757496383251,-5.42101086242758E-19,0.731578236503275));
#2321=DIRECTION('center_axis',(-0.0257161408336366,-0.151806084654688,0.988075701939097));
#2322=DIRECTION('ref_axis',(-0.13693619112718,0.979620444217148,0.146943066632552));
#2323=DIRECTION('center_axis',(0.000475788527143002,-0.99999978851653,0.000443387157905505));
#2324=DIRECTION('ref_axis',(-0.681757496383256,-4.18393618362158E-15,0.73157823650327));
#2325=DIRECTION('center_axis',(0.681757496383254,0.,-0.731578236503272));
#2326=DIRECTION('ref_axis',(0.731578236503272,0.,0.681757496383254));
#2327=DIRECTION('center_axis',(0.0257161408336399,-0.151806084654706,-0.988075701939094));
#2328=DIRECTION('ref_axis',(-0.136936191127183,-0.979620444217145,0.14694306663257));
#2329=DIRECTION('center_axis',(0.,0.,-1.));
#2330=DIRECTION('ref_axis',(1.,0.,0.));
#2331=DIRECTION('center_axis',(-0.78229372759583,-0.610261456224721,0.124889866725463));
#2332=DIRECTION('ref_axis',(0.098471531310754,0.0768169013435143,0.992170610928028));
#2333=DIRECTION('',(0.,0.,-1.));
#2334=DIRECTION('center_axis',(0.,0.,1.));
#2335=DIRECTION('ref_axis',(1.,0.,0.));
#2336=DIRECTION('',(0.,0.,1.));
#2337=DIRECTION('center_axis',(-0.137355060243179,-0.982616969431573,0.124889866725463));
#2338=DIRECTION('ref_axis',(0.0172896223481094,0.123687298336425,0.992170610928028));
#2339=DIRECTION('center_axis',(0.,0.,-1.));
#2340=DIRECTION('ref_axis',(-1.,1.23755416317221E-12,0.));
#2341=DIRECTION('center_axis',(0.919648787839009,-0.372355513206852,0.124889866725463));
#2342=DIRECTION('ref_axis',(-0.115761153658863,0.0468703969929106,0.992170610928028));
#2343=DIRECTION('',(0.,0.,-1.));
#2344=DIRECTION('center_axis',(0.,0.,1.));
#2345=DIRECTION('ref_axis',(1.,0.,0.));
#2346=DIRECTION('',(0.,0.,1.));
#2347=DIRECTION('center_axis',(0.919648787839009,0.372355513206852,0.124889866725463));
#2348=DIRECTION('ref_axis',(-0.115761153658863,-0.0468703969929105,0.992170610928028));
#2349=DIRECTION('center_axis',(0.,0.,-1.));
#2350=DIRECTION('ref_axis',(1.,0.,0.));
#2351=DIRECTION('center_axis',(-0.137355060243179,0.982616969431573,0.124889866725463));
#2352=DIRECTION('ref_axis',(0.0172896223481094,-0.123687298336425,0.992170610928028));
#2353=DIRECTION('',(0.,0.,-1.));
#2354=DIRECTION('center_axis',(0.,0.,1.));
#2355=DIRECTION('ref_axis',(1.,0.,0.));
#2356=DIRECTION('',(0.,0.,1.));
#2357=DIRECTION('center_axis',(-0.78229372759583,0.610261456224722,0.124889866725463));
#2358=DIRECTION('ref_axis',(0.0984715313107539,-0.0768169013435144,0.992170610928028));
#2359=DIRECTION('center_axis',(0.,0.,1.));
#2360=DIRECTION('ref_axis',(1.,0.,0.));
#2361=DIRECTION('',(0.172380331751889,2.11105021515909E-17,-0.985030467155767));
#2362=DIRECTION('center_axis',(0.,0.,-1.));
#2363=DIRECTION('ref_axis',(0.,1.,0.));
#2364=DIRECTION('center_axis',(0.,0.,-1.));
#2365=DIRECTION('ref_axis',(0.986288182263098,-0.16503218331027,0.));
#2366=DIRECTION('center_axis',(0.,0.,-1.));
#2367=DIRECTION('ref_axis',(0.866025403784438,0.500000000000001,0.));
#2368=DIRECTION('center_axis',(0.,0.,1.));
#2369=DIRECTION('ref_axis',(0.986288182263098,-0.16503218331027,0.));
#2370=DIRECTION('',(0.,0.,-1.));
#2371=DIRECTION('center_axis',(0.117700681571182,0.100374861433732,-0.98796327702493));
#2372=DIRECTION('ref_axis',(0.916844286322234,0.371220001894953,0.14694306663257));
#2373=DIRECTION('center_axis',(0.118609855343207,0.0981738735765835,-0.988075701939094));
#2374=DIRECTION('ref_axis',(0.916844286322235,0.371220001894951,0.14694306663257));
#2375=DIRECTION('center_axis',(-0.916844286322235,-0.37122000189495,-0.146943066632572));
#2376=DIRECTION('ref_axis',(-0.136202394650242,-0.0551468269524553,0.989144951545837));
#2377=DIRECTION('center_axis',(0.86578732637081,0.5004119392096,0.000443387157907388));
#2378=DIRECTION('ref_axis',(0.34087874819163,-0.590419311088376,0.73157823650327));
#2379=DIRECTION('center_axis',(-0.340878748191627,0.590419311088375,-0.731578236503272));
#2380=DIRECTION('ref_axis',(-0.365789118251636,0.633565337667654,0.681757496383254));
#2381=DIRECTION('center_axis',(0.866263114897953,0.499587849306931,-0.000443387157910352));
#2382=DIRECTION('ref_axis',(0.340878748191626,-0.590419311088375,0.731578236503273));
#2383=DIRECTION('center_axis',(0.144325996176774,0.0536322110780951,0.988075701939106));
#2384=DIRECTION('ref_axis',(-0.779908095195106,-0.608400442322143,0.146943066632499));
#2385=DIRECTION('center_axis',(0.145777520688546,0.0517443495665206,0.98796327702493));
#2386=DIRECTION('ref_axis',(-0.779908095195053,-0.608400442322194,0.14694306663257));
#2387=DIRECTION('center_axis',(0.779908095195052,0.608400442322194,-0.146943066632572));
#2388=DIRECTION('ref_axis',(0.115859750404052,0.0903813203471559,0.989144951545837));
#2389=DIRECTION('center_axis',(0.,0.,1.));
#2390=DIRECTION('ref_axis',(-0.866025403784439,-0.5,0.));
#2391=DIRECTION('center_axis',(0.,0.,1.));
#2392=DIRECTION('ref_axis',(-0.350222027942845,-0.936666712947354,0.));
#2393=DIRECTION('center_axis',(0.,0.,1.));
#2394=DIRECTION('ref_axis',(-0.350222027942845,-0.936666712947354,0.));
#2395=DIRECTION('',(0.,0.,1.));
#2396=DIRECTION('center_axis',(0.866025403784439,0.5,0.));
#2397=DIRECTION('ref_axis',(0.,0.,-1.));
#2398=DIRECTION('',(0.365789118251636,-0.633565337667654,-0.681757496383254));
#2399=DIRECTION('',(0.,0.,-1.));
#2400=DIRECTION('',(0.5,-0.866025403784439,0.));
#2401=DIRECTION('center_axis',(-0.365789118251636,0.633565337667654,0.681757496383254));
#2402=DIRECTION('ref_axis',(0.827191991956309,0.557045573431867,-0.0738487478791382));
#2403=DIRECTION('',(-0.365789118251636,0.633565337667654,0.681757496383254));
#2404=DIRECTION('center_axis',(-0.365789118251633,0.633565337667649,0.68175749638326));
#2405=DIRECTION('ref_axis',(0.779908095195052,0.608400442322195,-0.14694306663257));
#2406=DIRECTION('center_axis',(-0.779908095195052,-0.608400442322194,0.146943066632572));
#2407=DIRECTION('ref_axis',(-0.128466600646482,-0.0741702264651223,-0.988936352868297));
#2408=DIRECTION('',(0.365789118251636,-0.633565337667654,-0.681757496383254));
#2409=DIRECTION('',(-0.545359106503111,0.545359106503111,-0.636527210658159));
#2410=DIRECTION('',(-0.365789118251636,0.633565337667654,0.681757496383254));
#2411=DIRECTION('center_axis',(0.340878748191627,-0.590419311088375,0.731578236503272));
#2412=DIRECTION('ref_axis',(-0.365789118251636,0.633565337667654,0.681757496383254));
#2413=DIRECTION('',(-0.365789118251636,0.633565337667654,0.681757496383254));
#2414=DIRECTION('center_axis',(0.340878748191627,-0.590419311088375,0.731578236503272));
#2415=DIRECTION('ref_axis',(-0.365789118251636,0.633565337667654,0.681757496383254));
#2416=DIRECTION('',(-0.866025403784439,-0.5,0.));
#2417=DIRECTION('center_axis',(0.340878748191627,-0.590419311088375,0.731578236503272));
#2418=DIRECTION('ref_axis',(-0.365789118251636,0.633565337667654,0.681757496383254));
#2419=DIRECTION('',(0.365789118251636,-0.633565337667654,-0.681757496383254));
#2420=DIRECTION('center_axis',(0.916844286322235,0.37122000189495,0.146943066632572));
#2421=DIRECTION('ref_axis',(-0.128466600646482,-0.0741702264651223,0.988936352868297));
#2422=DIRECTION('',(0.365789118251636,-0.633565337667654,-0.681757496383254));
#2423=DIRECTION('',(0.199615287165322,-0.744974393668433,0.636527210658159));
#2424=DIRECTION('center_axis',(0.365789118251636,-0.633565337667654,-0.681757496383254));
#2425=DIRECTION('ref_axis',(-0.896011613635821,-0.437846492125284,-0.0738487478791382));
#2426=DIRECTION('',(-0.365789118251636,0.633565337667654,0.681757496383254));
#2427=DIRECTION('center_axis',(-0.365789118251616,0.633565337667619,0.681757496383297));
#2428=DIRECTION('ref_axis',(-0.866025403784439,-0.5,0.));
#2429=DIRECTION('center_axis',(0.866025403784439,0.5,0.));
#2430=DIRECTION('ref_axis',(0.,0.,-1.));
#2431=DIRECTION('',(0.5,-0.866025403784439,0.));
#2432=DIRECTION('',(0.,0.,1.));
#2433=DIRECTION('center_axis',(0.,0.,-1.));
#2434=DIRECTION('ref_axis',(-0.636066154320253,-0.771634529637084,0.));
#2435=DIRECTION('center_axis',(0.,0.,-1.));
#2436=DIRECTION('ref_axis',(0.,-1.,0.));
#2437=DIRECTION('center_axis',(0.,0.,1.));
#2438=DIRECTION('ref_axis',(-0.636066154320253,-0.771634529637084,0.));
#2439=DIRECTION('',(0.,0.,-1.));
#2440=DIRECTION('center_axis',(0.0280768391173603,-0.152119211000235,-0.987963277024933));
#2441=DIRECTION('ref_axis',(-0.136936191127184,-0.979620444217147,0.146943066632552));
#2442=DIRECTION('center_axis',(0.136936191127183,0.979620444217144,-0.146943066632572));
#2443=DIRECTION('ref_axis',(0.0203426442461905,0.145528147299611,0.989144951545837));
#2444=DIRECTION('center_axis',(-0.0280768391173637,-0.152119211000252,0.98796327702493));
#2445=DIRECTION('ref_axis',(-0.136936191127184,0.979620444217144,0.14694306663257));
#2446=DIRECTION('center_axis',(0.136936191127183,-0.979620444217144,-0.146943066632572));
#2447=DIRECTION('ref_axis',(0.0203426442461905,-0.145528147299611,0.989144951545837));
#2448=DIRECTION('center_axis',(4.73815322097284E-14,-3.5527136788005E-14,
1.));
#2449=DIRECTION('ref_axis',(0.,1.,3.5527136788005E-14));
#2450=DIRECTION('center_axis',(0.,0.,1.));
#2451=DIRECTION('ref_axis',(-0.636066154320253,0.771634529637084,0.));
#2452=DIRECTION('center_axis',(0.,0.,1.));
#2453=DIRECTION('ref_axis',(-0.636066154320253,0.771634529637084,0.));
#2454=DIRECTION('',(0.,0.,1.));
#2455=DIRECTION('center_axis',(0.,-1.,0.));
#2456=DIRECTION('ref_axis',(0.,0.,-1.));
#2457=DIRECTION('',(-0.731578236503272,0.,-0.681757496383254));
#2458=DIRECTION('',(0.,0.,-1.));
#2459=DIRECTION('',(-1.,0.,0.));
#2460=DIRECTION('center_axis',(0.731578236503272,0.,0.681757496383254));
#2461=DIRECTION('ref_axis',(0.0688196216795126,-0.99489206555715,-0.0738487478791382));
#2462=DIRECTION('',(0.731578236503272,-1.35949646570425E-17,0.681757496383254));
#2463=DIRECTION('center_axis',(0.731578236503267,0.,0.68175749638326));
#2464=DIRECTION('ref_axis',(0.136936191127184,-0.979620444217145,-0.14694306663257));
#2465=DIRECTION('center_axis',(-0.136936191127183,0.979620444217144,0.146943066632572));
#2466=DIRECTION('ref_axis',(0.,0.148340452930245,-0.988936352868297));
#2467=DIRECTION('',(-0.731578236503272,0.,-0.681757496383254));
#2468=DIRECTION('',(0.744974393668433,0.199615287165321,-0.636527210658159));
#2469=DIRECTION('',(0.731578236503272,0.,0.681757496383254));
#2470=DIRECTION('center_axis',(-0.681757496383254,0.,0.731578236503272));
#2471=DIRECTION('ref_axis',(0.731578236503272,0.,0.681757496383254));
#2472=DIRECTION('',(0.731578236503272,0.,0.681757496383254));
#2473=DIRECTION('center_axis',(-0.681757496383254,0.,0.731578236503272));
#2474=DIRECTION('ref_axis',(0.731578236503272,0.,0.681757496383254));
#2475=DIRECTION('',(0.,1.,0.));
#2476=DIRECTION('center_axis',(-0.681757496383254,0.,0.731578236503272));
#2477=DIRECTION('ref_axis',(0.731578236503272,0.,0.681757496383254));
#2478=DIRECTION('',(-0.731578236503272,0.,-0.681757496383254));
#2479=DIRECTION('center_axis',(-0.136936191127183,-0.979620444217144,0.146943066632572));
#2480=DIRECTION('ref_axis',(0.,0.148340452930245,0.988936352868297));
#2481=DIRECTION('',(-0.731578236503272,-1.35949646570425E-17,-0.681757496383254));
#2482=DIRECTION('',(-0.744974393668433,0.199615287165321,0.636527210658159));
#2483=DIRECTION('center_axis',(-0.731578236503272,0.,-0.681757496383254));
#2484=DIRECTION('ref_axis',(0.0688196216795115,0.99489206555715,-0.0738487478791382));
#2485=DIRECTION('',(0.731578236503272,0.,0.681757496383254));
#2486=DIRECTION('center_axis',(0.731578236503232,0.,0.681757496383297));
#2487=DIRECTION('ref_axis',(0.,1.,0.));
#2488=DIRECTION('center_axis',(0.,-1.,0.));
#2489=DIRECTION('ref_axis',(0.,0.,-1.));
#2490=DIRECTION('',(-1.,0.,0.));
#2491=DIRECTION('',(0.,0.,1.));
#2492=DIRECTION('center_axis',(0.,0.,-1.));
#2493=DIRECTION('ref_axis',(-0.350222027942845,0.936666712947354,0.));
#2494=DIRECTION('center_axis',(0.,0.,-1.));
#2495=DIRECTION('ref_axis',(-0.866025403784439,0.5,0.));
#2496=DIRECTION('center_axis',(0.,0.,1.));
#2497=DIRECTION('ref_axis',(-0.350222027942845,0.936666712947354,0.));
#2498=DIRECTION('',(0.,0.,-1.));
#2499=DIRECTION('center_axis',(-0.145777520688563,0.0517443495665269,-0.987963277024927));
#2500=DIRECTION('ref_axis',(-0.779908095195052,0.608400442322191,0.146943066632587));
#2501=DIRECTION('center_axis',(0.779908095195052,-0.608400442322195,-0.146943066632572));
#2502=DIRECTION('ref_axis',(0.115859750404052,-0.090381320347156,0.989144951545837));
#2503=DIRECTION('center_axis',(-0.340878748191627,-0.590419311088375,-0.731578236503272));
#2504=DIRECTION('ref_axis',(-0.365789118251636,-0.633565337667654,0.681757496383254));
#2505=DIRECTION('center_axis',(-0.86578732637081,0.5004119392096,-0.000443387157911359));
#2506=DIRECTION('ref_axis',(0.340878748191626,0.590419311088374,0.731578236503274));
#2507=DIRECTION('center_axis',(-0.118609855343132,0.0981738735765222,0.988075701939109));
#2508=DIRECTION('ref_axis',(0.916844286322217,-0.37122000189503,0.146943066632481));
#2509=DIRECTION('center_axis',(-0.117700681571182,0.100374861433732,0.98796327702493));
#2510=DIRECTION('ref_axis',(0.916844286322235,-0.371220001894951,0.14694306663257));
#2511=DIRECTION('center_axis',(-0.916844286322235,0.371220001894951,-0.146943066632572));
#2512=DIRECTION('ref_axis',(-0.136202394650242,0.0551468269524554,0.989144951545837));
#2513=DIRECTION('center_axis',(-9.04807685054583E-15,-1.56717288159331E-14,
1.));
#2514=DIRECTION('ref_axis',(0.866025403784437,-0.500000000000002,0.));
#2515=DIRECTION('center_axis',(0.,0.,1.));
#2516=DIRECTION('ref_axis',(0.986288182263098,0.16503218331027,0.));
#2517=DIRECTION('center_axis',(0.,0.,1.));
#2518=DIRECTION('ref_axis',(0.986288182263098,0.16503218331027,0.));
#2519=DIRECTION('',(0.,0.,1.));
#2520=DIRECTION('center_axis',(-0.866025403784438,0.5,0.));
#2521=DIRECTION('ref_axis',(0.,0.,-1.));
#2522=DIRECTION('',(0.365789118251636,0.633565337667654,-0.681757496383254));
#2523=DIRECTION('',(0.,0.,-1.));
#2524=DIRECTION('',(0.5,0.866025403784438,0.));
#2525=DIRECTION('center_axis',(-0.365789118251636,-0.633565337667654,0.681757496383254));
#2526=DIRECTION('ref_axis',(-0.896011613635821,0.437846492125283,-0.0738487478791382));
#2527=DIRECTION('',(-0.365789118251636,-0.633565337667654,0.681757496383254));
#2528=DIRECTION('center_axis',(-0.365789118251634,-0.633565337667649,0.68175749638326));
#2529=DIRECTION('ref_axis',(-0.916844286322235,0.37122000189495,-0.14694306663257));
#2530=DIRECTION('center_axis',(0.916844286322235,-0.371220001894951,0.146943066632572));
#2531=DIRECTION('ref_axis',(0.128466600646482,-0.0741702264651224,-0.988936352868297));
#2532=DIRECTION('',(0.365789118251636,0.633565337667654,-0.681757496383254));
#2533=DIRECTION('',(-0.199615287165323,-0.744974393668433,-0.636527210658159));
#2534=DIRECTION('',(-0.365789118251636,-0.633565337667654,0.681757496383254));
#2535=DIRECTION('center_axis',(0.340878748191627,0.590419311088375,0.731578236503272));
#2536=DIRECTION('ref_axis',(-0.365789118251637,-0.633565337667654,0.681757496383254));
#2537=DIRECTION('',(-0.365789118251636,-0.633565337667654,0.681757496383254));
#2538=DIRECTION('center_axis',(0.340878748191627,0.590419311088375,0.731578236503272));
#2539=DIRECTION('ref_axis',(-0.365789118251636,-0.633565337667654,0.681757496383254));
#2540=DIRECTION('',(0.866025403784438,-0.5,0.));
#2541=DIRECTION('center_axis',(0.340878748191627,0.590419311088375,0.731578236503272));
#2542=DIRECTION('ref_axis',(-0.365789118251636,-0.633565337667654,0.681757496383254));
#2543=DIRECTION('',(0.365789118251636,0.633565337667654,-0.681757496383254));
#2544=DIRECTION('center_axis',(-0.779908095195052,0.608400442322195,0.146943066632572));
#2545=DIRECTION('ref_axis',(0.128466600646482,-0.0741702264651224,0.988936352868297));
#2546=DIRECTION('',(0.365789118251636,0.633565337667654,-0.681757496383254));
#2547=DIRECTION('',(0.545359106503111,0.545359106503111,0.636527210658159));
#2548=DIRECTION('center_axis',(0.365789118251636,0.633565337667654,-0.681757496383254));
#2549=DIRECTION('ref_axis',(0.827191991956309,-0.557045573431867,-0.0738487478791382));
#2550=DIRECTION('',(-0.365789118251636,-0.633565337667654,0.681757496383254));
#2551=DIRECTION('center_axis',(-0.365789118251617,-0.633565337667619,0.681757496383297));
#2552=DIRECTION('ref_axis',(0.866025403784438,-0.500000000000001,0.));
#2553=DIRECTION('center_axis',(-0.866025403784438,0.5,0.));
#2554=DIRECTION('ref_axis',(0.,0.,-1.));
#2555=DIRECTION('',(0.5,0.866025403784438,0.));
#2556=DIRECTION('',(0.,0.,1.));
#2557=DIRECTION('center_axis',(-0.772787081063346,-0.20706767337883,-0.599935918230499));
#2558=DIRECTION('ref_axis',(0.627497509734721,-0.390950741216006,-0.673353096985066));
#2559=DIRECTION('center_axis',(-0.766657551991083,-0.205425271786074,-0.608306383072426));
#2560=DIRECTION('ref_axis',(0.637718178565981,-0.353582745431501,-0.684320660845199));
#2561=DIRECTION('center_axis',(-0.0214827318092922,-0.999568757936447,-0.0200197500333853));
#2562=DIRECTION('ref_axis',(0.681757496383591,-2.91417064091213E-11,-0.731578236502958));
#2563=DIRECTION('center_axis',(0.,-1.,0.));
#2564=DIRECTION('ref_axis',(0.681757496383401,0.,-0.731578236503135));
#2565=DIRECTION('center_axis',(0.597698681722306,0.,-0.801720827886751));
#2566=DIRECTION('ref_axis',(0.801720827886751,0.,0.597698681722306));
#2567=DIRECTION('center_axis',(0.,-1.,0.));
#2568=DIRECTION('ref_axis',(0.916994410120278,0.,-0.398900052404314));
#2569=DIRECTION('center_axis',(0.,-1.,0.));
#2570=DIRECTION('ref_axis',(0.681757496383496,0.,-0.731578236503046));
#2571=DIRECTION('',(0.,-1.,0.));
#2572=DIRECTION('center_axis',(0.0214827318252119,-0.99956875793501,0.0200197500880221));
#2573=DIRECTION('ref_axis',(0.681757496383073,-9.41087485716636E-15,-0.731578236503441));
#2574=DIRECTION('center_axis',(0.597698681722306,0.,-0.801720827886751));
#2575=DIRECTION('ref_axis',(0.801720827886751,0.,0.597698681722306));
#2576=DIRECTION('center_axis',(0.766657551994578,-0.205425271827054,0.608306383054183));
#2577=DIRECTION('ref_axis',(0.637718178565781,0.353582745431909,-0.684320660845175));
#2578=DIRECTION('center_axis',(0.772787081169326,-0.207067674317947,0.599935917769848));
#2579=DIRECTION('ref_axis',(0.627497509723065,0.390950741258407,-0.67335309697131));
#2580=DIRECTION('center_axis',(0.744974393668433,0.199615287165321,-0.636527210658159));
#2581=DIRECTION('ref_axis',(0.198790052219628,-0.977258692504455,-0.0738103181337222));
#2582=DIRECTION('',(-0.744974393668433,-0.199615287165321,0.636527210658159));
#2583=DIRECTION('center_axis',(-0.744974393668435,-0.199615287165321,0.636527210658158));
#2584=DIRECTION('ref_axis',(0.25881904510252,-0.965925826289069,0.));
#2585=DIRECTION('center_axis',(0.,0.,1.));
#2586=DIRECTION('ref_axis',(1.,0.,0.));
#2587=DIRECTION('center_axis',(0.,0.,-1.));
#2588=DIRECTION('ref_axis',(0.,-1.,0.));
#2589=DIRECTION('center_axis',(0.,0.,-1.));
#2590=DIRECTION('ref_axis',(0.13052619222005,-0.991444861373811,0.));
#2591=DIRECTION('center_axis',(0.,0.,-1.));
#2592=DIRECTION('ref_axis',(0.13052619222005,-0.991444861373811,0.));
#2593=DIRECTION('',(0.,0.,1.));
#2594=DIRECTION('center_axis',(0.,0.,1.));
#2595=DIRECTION('ref_axis',(1.,0.,0.));
#2596=DIRECTION('center_axis',(3.31472698850712E-14,-8.88178419700125E-15,
-1.));
#2597=DIRECTION('ref_axis',(0.25881904510252,0.965925826289069,0.));
#2598=DIRECTION('center_axis',(-0.744974393668438,0.199615287165321,0.636527210658154));
#2599=DIRECTION('ref_axis',(0.136936191127184,0.979620444217145,-0.14694306663257));
#2600=DIRECTION('center_axis',(0.,0.,1.));
#2601=DIRECTION('ref_axis',(0.13052619222005,0.991444861373811,0.));
#2602=DIRECTION('center_axis',(0.,0.,-1.));
#2603=DIRECTION('ref_axis',(0.13052619222005,0.991444861373811,0.));
#2604=DIRECTION('',(0.,0.,-1.));
#2605=DIRECTION('center_axis',(-0.744974393668433,0.199615287165321,0.636527210658159));
#2606=DIRECTION('ref_axis',(0.198790052219628,0.977258692504455,-0.0738103181337222));
#2607=DIRECTION('',(0.744974393668433,-0.199615287165321,-0.636527210658159));
#2608=DIRECTION('center_axis',(0.,0.,-1.));
#2609=DIRECTION('ref_axis',(0.793353340291231,0.608761429008727,0.));
#2610=DIRECTION('',(0.,0.,1.));
#2611=DIRECTION('center_axis',(0.,0.,-1.));
#2612=DIRECTION('ref_axis',(0.793353340291231,0.608761429008727,0.));
#2613=DIRECTION('',(0.,0.,-1.));
#2614=DIRECTION('center_axis',(-1.,0.,0.));
#2615=DIRECTION('ref_axis',(0.,0.,1.));
#2616=DIRECTION('',(0.,-1.,0.));
#2617=DIRECTION('',(0.,0.,1.));
#2618=DIRECTION('center_axis',(0.,0.,1.));
#2619=DIRECTION('ref_axis',(0.793353340291231,-0.608761429008727,0.));
#2620=DIRECTION('center_axis',(0.,0.,-1.));
#2621=DIRECTION('ref_axis',(0.793353340291231,-0.608761429008727,0.));
#2622=DIRECTION('',(0.,0.,-1.));
#2623=DIRECTION('center_axis',(0.25881904510252,-0.965925826289068,0.));
#2624=DIRECTION('ref_axis',(0.,0.,-1.));
#2625=DIRECTION('',(-0.965925826289068,-0.25881904510252,0.));
#2626=DIRECTION('center_axis',(0.25881904510252,0.965925826289068,0.));
#2627=DIRECTION('ref_axis',(0.,0.,1.));
#2628=DIRECTION('',(0.965925826289068,-0.25881904510252,0.));
#2629=DIRECTION('center_axis',(0.,0.,1.));
#2630=DIRECTION('ref_axis',(1.,0.,0.));
#2631=DIRECTION('center_axis',(0.,0.,-1.));
#2632=DIRECTION('ref_axis',(0.793353340291236,0.60876142900872,0.));
#2633=DIRECTION('',(0.707106781186547,-0.707106781186548,0.));
#2634=DIRECTION('center_axis',(0.,0.,-1.));
#2635=DIRECTION('ref_axis',(0.130526192220059,0.991444861373809,0.));
#2636=DIRECTION('',(0.866025403784439,0.5,0.));
#2637=DIRECTION('center_axis',(0.,0.,-1.));
#2638=DIRECTION('ref_axis',(-0.92387953251129,0.382683432365083,0.));
#2639=DIRECTION('',(-0.258819045102521,0.965925826289068,0.));
#2640=DIRECTION('center_axis',(0.,0.,-1.));
#2641=DIRECTION('ref_axis',(-0.923879532511286,-0.382683432365091,0.));
#2642=DIRECTION('center_axis',(0.,0.,-1.));
#2643=DIRECTION('ref_axis',(-0.923879532511286,0.382683432365091,0.));
#2644=DIRECTION('',(0.258819045102522,0.965925826289068,0.));
#2645=DIRECTION('center_axis',(0.,0.,-1.));
#2646=DIRECTION('ref_axis',(-0.92387953251129,-0.382683432365082,0.));
#2647=DIRECTION('',(-0.866025403784438,0.5,0.));
#2648=DIRECTION('center_axis',(0.,0.,-1.));
#2649=DIRECTION('ref_axis',(0.130526192220059,-0.99144486137381,0.));
#2650=DIRECTION('',(-0.707106781186547,-0.707106781186548,0.));
#2651=DIRECTION('center_axis',(0.,0.,-1.));
#2652=DIRECTION('ref_axis',(0.793353340291235,-0.60876142900872,0.));
#2653=DIRECTION('center_axis',(0.,0.,1.));
#2654=DIRECTION('ref_axis',(1.,0.,0.));
#2655=DIRECTION('center_axis',(0.565719405980279,-0.565719407227867,-0.599935918230499));
#2656=DIRECTION('ref_axis',(0.0248245186540567,0.738904154849744,-0.673353096985066));
#2657=DIRECTION('center_axis',(0.561232279941604,-0.56123228013443,-0.608306383072426));
#2658=DIRECTION('ref_axis',(-0.0126474493994646,0.729071515809031,-0.684320660845199));
#2659=DIRECTION('center_axis',(0.876393303106867,0.481179787478688,-0.0200197500333853));
#2660=DIRECTION('ref_axis',(-0.340878748166558,0.590419311103238,-0.731578236502958));
#2661=DIRECTION('center_axis',(0.866025403784439,0.5,0.));
#2662=DIRECTION('ref_axis',(-0.3408787481917,0.590419311088503,-0.731578236503135));
#2663=DIRECTION('center_axis',(-0.298849340861153,0.517622242179987,-0.801720827886751));
#2664=DIRECTION('ref_axis',(-0.400860413943376,0.694310603693018,0.597698681722306));
#2665=DIRECTION('center_axis',(0.866025403784439,0.5,0.));
#2666=DIRECTION('ref_axis',(-0.458497205060139,0.794140454292486,-0.398900052404314));
#2667=DIRECTION('center_axis',(0.866025403784439,0.5,0.));
#2668=DIRECTION('ref_axis',(-0.340878748191748,0.590419311088585,-0.731578236503046));
#2669=DIRECTION('',(0.866025403784439,0.5,0.));
#2670=DIRECTION('center_axis',(0.854910571288371,0.518388970470827,0.0200197500880221));
#2671=DIRECTION('ref_axis',(-0.340878748191528,0.590419311088223,-0.731578236503441));
#2672=DIRECTION('center_axis',(-0.298849340861153,0.517622242179987,-0.801720827886751));
#2673=DIRECTION('ref_axis',(-0.400860413943376,0.694310603693018,0.597698681722306));
#2674=DIRECTION('center_axis',(-0.205425272015736,0.766657551944021,0.608306383054183));
#2675=DIRECTION('ref_axis',(-0.62507072916677,0.375488770377153,-0.684320660845175));
#2676=DIRECTION('center_axis',(-0.207067674322758,0.772787081168037,0.599935917769848));
#2677=DIRECTION('ref_axis',(-0.65232202841967,0.347953413602443,-0.67335309697131));
#2678=DIRECTION('center_axis',(-0.545359106503111,0.545359106503111,-0.636527210658159));
#2679=DIRECTION('ref_axis',(0.746935827668209,0.66078658149406,-0.0738103181337222));
#2680=DIRECTION('',(0.545359106503111,-0.545359106503111,0.636527210658159));
#2681=DIRECTION('center_axis',(0.545359106503111,-0.545359106503113,0.636527210658158));
#2682=DIRECTION('ref_axis',(0.707106781186548,0.707106781186547,0.));
#2683=DIRECTION('center_axis',(0.,0.,1.));
#2684=DIRECTION('ref_axis',(-0.5,0.866025403784439,0.));
#2685=DIRECTION('center_axis',(0.,0.,-1.));
#2686=DIRECTION('ref_axis',(0.866025403784439,0.5,0.));
#2687=DIRECTION('center_axis',(0.,0.,-1.));
#2688=DIRECTION('ref_axis',(0.793353340291236,0.60876142900872,0.));
#2689=DIRECTION('',(0.,0.,1.));
#2690=DIRECTION('center_axis',(0.,0.,1.));
#2691=DIRECTION('ref_axis',(-0.5,0.866025403784439,0.));
#2692=DIRECTION('center_axis',(-8.88178419700132E-15,3.31472698850711E-14,
-1.));
#2693=DIRECTION('ref_axis',(-0.965925826289068,-0.258819045102522,0.));
#2694=DIRECTION('center_axis',(0.199615287165325,-0.744974393668436,0.636527210658154));
#2695=DIRECTION('ref_axis',(-0.916844286322236,-0.37122000189495,-0.14694306663257));
#2696=DIRECTION('center_axis',(0.,0.,1.));
#2697=DIRECTION('ref_axis',(-0.923879532511286,-0.382683432365091,0.));
#2698=DIRECTION('',(0.,0.,-1.));
#2699=DIRECTION('center_axis',(0.199615287165322,-0.744974393668433,0.636527210658159));
#2700=DIRECTION('ref_axis',(-0.945725879887837,-0.316472111010394,-0.0738103181337222));
#2701=DIRECTION('',(-0.199615287165322,0.744974393668433,-0.636527210658159));
#2702=DIRECTION('center_axis',(0.,0.,-1.));
#2703=DIRECTION('ref_axis',(-0.92387953251129,0.382683432365083,0.));
#2704=DIRECTION('',(0.,0.,1.));
#2705=DIRECTION('',(0.,0.,-1.));
#2706=DIRECTION('center_axis',(0.5,-0.866025403784439,0.));
#2707=DIRECTION('ref_axis',(0.,0.,1.));
#2708=DIRECTION('',(0.,0.,1.));
#2709=DIRECTION('center_axis',(0.,0.,1.));
#2710=DIRECTION('ref_axis',(0.130526192220059,0.991444861373809,0.));
#2711=DIRECTION('',(0.,0.,-1.));
#2712=DIRECTION('center_axis',(0.707106781186548,0.707106781186547,0.));
#2713=DIRECTION('ref_axis',(0.,0.,-1.));
#2714=DIRECTION('center_axis',(-0.965925826289068,-0.258819045102521,0.));
#2715=DIRECTION('ref_axis',(0.,0.,1.));
#2716=DIRECTION('center_axis',(0.207067675083068,0.772787080606697,-0.599935918230499));
#2717=DIRECTION('ref_axis',(-0.652322028388777,-0.347953413633738,-0.673353096985066));
#2718=DIRECTION('center_axis',(0.205425272049479,0.766657551920504,-0.608306383072426));
#2719=DIRECTION('ref_axis',(-0.625070729166517,-0.37548877037753,-0.684320660845199));
#2720=DIRECTION('center_axis',(-0.854910571297575,0.518388970457759,-0.0200197500333853));
#2721=DIRECTION('ref_axis',(-0.340878748217033,-0.590419311074097,-0.731578236502958));
#2722=DIRECTION('center_axis',(-0.866025403784438,0.5,0.));
#2723=DIRECTION('ref_axis',(-0.340878748191701,-0.590419311088503,-0.731578236503135));
#2724=DIRECTION('center_axis',(-0.298849340861153,-0.517622242179987,-0.801720827886751));
#2725=DIRECTION('ref_axis',(-0.400860413943376,-0.694310603693018,0.597698681722306));
#2726=DIRECTION('center_axis',(-0.866025403784438,0.5,0.));
#2727=DIRECTION('ref_axis',(-0.458497205060139,-0.794140454292486,-0.398900052404314));
#2728=DIRECTION('center_axis',(-0.866025403784438,0.5,0.));
#2729=DIRECTION('ref_axis',(-0.340878748191748,-0.590419311088585,-0.731578236503046));
#2730=DIRECTION('',(-0.866025403784438,0.5,0.));
#2731=DIRECTION('center_axis',(-0.876393303113583,0.481179787464184,0.0200197500880221));
#2732=DIRECTION('ref_axis',(-0.340878748191545,-0.590419311088214,-0.731578236503441));
#2733=DIRECTION('center_axis',(-0.298849340861153,-0.517622242179987,-0.801720827886751));
#2734=DIRECTION('ref_axis',(-0.400860413943376,-0.694310603693018,0.597698681722306));
#2735=DIRECTION('center_axis',(-0.561232279978842,-0.561232280116966,0.608306383054183));
#2736=DIRECTION('ref_axis',(-0.0126474493990111,-0.729071515809062,-0.684320660845175));
#2737=DIRECTION('center_axis',(-0.565719406846568,-0.56571940685009,0.599935917769848));
#2738=DIRECTION('ref_axis',(0.024824518696605,-0.73890415486085,-0.67335309697131));
#2739=DIRECTION('center_axis',(-0.199615287165323,-0.744974393668433,-0.636527210658159));
#2740=DIRECTION('ref_axis',(-0.945725879887837,0.316472111010395,-0.0738103181337222));
#2741=DIRECTION('',(0.199615287165323,0.744974393668433,0.636527210658159));
#2742=DIRECTION('center_axis',(0.199615287165324,0.744974393668434,0.636527210658158));
#2743=DIRECTION('ref_axis',(-0.965925826289068,0.258819045102522,0.));
#2744=DIRECTION('center_axis',(0.,0.,1.));
#2745=DIRECTION('ref_axis',(-0.500000000000001,-0.866025403784438,0.));
#2746=DIRECTION('center_axis',(0.,0.,-1.));
#2747=DIRECTION('ref_axis',(-0.866025403784438,0.5,0.));
#2748=DIRECTION('center_axis',(0.,0.,-1.));
#2749=DIRECTION('ref_axis',(-0.923879532511286,0.382683432365091,0.));
#2750=DIRECTION('',(0.,0.,1.));
#2751=DIRECTION('center_axis',(0.,0.,1.));
#2752=DIRECTION('ref_axis',(-0.5,-0.866025403784439,0.));
#2753=DIRECTION('center_axis',(-2.42654856880698E-14,-2.42654856880699E-14,
-1.));
#2754=DIRECTION('ref_axis',(0.707106781186548,-0.707106781186547,0.));
#2755=DIRECTION('center_axis',(0.545359106503112,0.545359106503115,0.636527210658154));
#2756=DIRECTION('ref_axis',(0.779908095195052,-0.608400442322195,-0.14694306663257));
#2757=DIRECTION('center_axis',(0.,0.,1.));
#2758=DIRECTION('ref_axis',(0.793353340291235,-0.60876142900872,0.));
#2759=DIRECTION('',(0.,0.,-1.));
#2760=DIRECTION('center_axis',(0.545359106503111,0.545359106503111,0.636527210658159));
#2761=DIRECTION('ref_axis',(0.746935827668209,-0.660786581494061,-0.0738103181337222));
#2762=DIRECTION('',(-0.545359106503111,-0.545359106503111,-0.636527210658159));
#2763=DIRECTION('center_axis',(0.,0.,-1.));
#2764=DIRECTION('ref_axis',(0.130526192220059,-0.99144486137381,0.));
#2765=DIRECTION('',(0.,0.,1.));
#2766=DIRECTION('',(0.,0.,-1.));
#2767=DIRECTION('center_axis',(0.5,0.866025403784438,0.));
#2768=DIRECTION('ref_axis',(0.,0.,1.));
#2769=DIRECTION('',(0.,0.,1.));
#2770=DIRECTION('center_axis',(0.,0.,1.));
#2771=DIRECTION('ref_axis',(-0.92387953251129,-0.382683432365082,0.));
#2772=DIRECTION('',(0.,0.,-1.));
#2773=DIRECTION('center_axis',(-0.965925826289068,0.258819045102522,0.));
#2774=DIRECTION('ref_axis',(0.,0.,-1.));
#2775=DIRECTION('center_axis',(0.707106781186548,-0.707106781186547,0.));
#2776=DIRECTION('ref_axis',(0.,0.,1.));
#2777=DIRECTION('center_axis',(0.,0.,-1.));
#2778=DIRECTION('ref_axis',(1.,0.,0.));
#2779=DIRECTION('',(0.,0.,-1.));
#2780=DIRECTION('',(0.,0.,1.));
#2781=DIRECTION('',(1.,0.,0.));
#2782=CARTESIAN_POINT('',(0.,0.,0.));
#2783=CARTESIAN_POINT('',(0.,0.,0.));
#2784=CARTESIAN_POINT('Ctrl Pts',(21.8838772101738,2.16212341671857,483.802437372476));
#2785=CARTESIAN_POINT('Ctrl Pts',(20.7737102424668,13.3986501645593,483.802437372476));
#2786=CARTESIAN_POINT('Ctrl Pts',(10.9952132701215,19.0442680238341,483.802437372476));
#2787=CARTESIAN_POINT('Ctrl Pts',(1.21671629777632,24.6898858831089,483.802437372476));
#2788=CARTESIAN_POINT('Ctrl Pts',(-9.06948480002581,20.0330553056988,483.802437372476));
#2789=CARTESIAN_POINT('Ctrl Pts',(22.0924352321332,2.18272891448719,485.000000000035));
#2790=CARTESIAN_POINT('Ctrl Pts',(20.9716881362064,13.5263421612018,485.000000000035));
#2791=CARTESIAN_POINT('Ctrl Pts',(11.100000000033,19.2257639639991,485.000000000035));
#2792=CARTESIAN_POINT('Ctrl Pts',(1.22831186385965,24.9251857667964,485.000000000035));
#2793=CARTESIAN_POINT('Ctrl Pts',(-9.15591892647965,20.2239745997633,485.000000000035));
#2794=CARTESIAN_POINT('Ctrl Pts',(22.0924352321301,2.18272891448689,486.215762017038));
#2795=CARTESIAN_POINT('Ctrl Pts',(20.9716881362035,13.5263421611999,486.215762017038));
#2796=CARTESIAN_POINT('Ctrl Pts',(11.1000000000315,19.2257639639964,486.215762017038));
#2797=CARTESIAN_POINT('Ctrl Pts',(1.22831186385948,24.9251857667929,486.215762017038));
#2798=CARTESIAN_POINT('Ctrl Pts',(-9.15591892647837,20.2239745997604,486.215762017038));
#2799=CARTESIAN_POINT('',(22.0924352321301,2.18272891448689,486.215762017002));
#2800=CARTESIAN_POINT('',(21.8838772101738,2.16212341671857,483.802437372476));
#2801=CARTESIAN_POINT('Origin',(8.16026886952553,0.806233202648309,486.215762017002));
#2802=CARTESIAN_POINT('',(-9.06948480002581,20.0330553056988,483.802437372476));
#2803=CARTESIAN_POINT('Origin',(0.,-2.69305054743174E-15,483.802437372476));
#2804=CARTESIAN_POINT('',(-9.15591892647836,20.2239745997604,486.215762017038));
#2805=CARTESIAN_POINT('Origin',(-3.38191599987038,7.47011674405566,486.215762017002));
#2806=CARTESIAN_POINT('Origin',(0.,0.,486.215762017002));
#2807=CARTESIAN_POINT('Ctrl Pts',(-9.06948479990159,20.033055305755,483.802437372476));
#2808=CARTESIAN_POINT('Ctrl Pts',(-9.36366307991126,19.8998731526429,483.802437372469));
#2809=CARTESIAN_POINT('Ctrl Pts',(-9.85154182886343,19.6706221856346,483.828618776348));
#2810=CARTESIAN_POINT('Ctrl Pts',(-10.3958260509012,19.4008194736952,483.908780433989));
#2811=CARTESIAN_POINT('Ctrl Pts',(-10.700015811677,19.2452365247983,483.967900833657));
#2812=CARTESIAN_POINT('Ctrl Pts',(-10.8492628252672,19.1672265527696,483.997956450616));
#2813=CARTESIAN_POINT('Ctrl Pts',(-10.9266583715509,19.1260155250373,484.012270022379));
#2814=CARTESIAN_POINT('Ctrl Pts',(-10.9648944225164,19.1053013251109,484.018232375227));
#2815=CARTESIAN_POINT('Ctrl Pts',(-10.9827699505214,19.0954734802142,484.020450934169));
#2816=CARTESIAN_POINT('Ctrl Pts',(-10.9940198084815,19.0892143722547,484.021521542053));
#2817=CARTESIAN_POINT('Ctrl Pts',(-10.9997751300811,19.0859801152166,484.021926361286));
#2818=CARTESIAN_POINT('Ctrl Pts',(-11.0041332300494,19.0834667762579,484.021924776912));
#2819=CARTESIAN_POINT('Ctrl Pts',(-9.12696335436697,20.1600163277889,484.598814584696));
#2820=CARTESIAN_POINT('Ctrl Pts',(-9.35801578674721,20.0505309000035,484.573428314604));
#2821=CARTESIAN_POINT('Ctrl Pts',(-9.74703456028111,19.8622759016257,484.55002599819));
#2822=CARTESIAN_POINT('Ctrl Pts',(-10.2080020948629,19.62912756082,484.553451042204));
#2823=CARTESIAN_POINT('Ctrl Pts',(-10.4966466634225,19.4760275169739,484.555619929218));
#2824=CARTESIAN_POINT('Ctrl Pts',(-10.6653823484521,19.3824255079859,484.550189343357));
#2825=CARTESIAN_POINT('Ctrl Pts',(-10.7774934028866,19.3178615457728,484.541103026508));
#2826=CARTESIAN_POINT('Ctrl Pts',(-10.8543621929039,19.2725994747233,484.53286669426));
#2827=CARTESIAN_POINT('Ctrl Pts',(-10.907130871828,19.2411594410047,484.526551938464));
#2828=CARTESIAN_POINT('Ctrl Pts',(-10.9555752382994,19.2124502334667,484.52208441428));
#2829=CARTESIAN_POINT('Ctrl Pts',(-10.9928844413658,19.1901495348949,484.517921815609));
#2830=CARTESIAN_POINT('Ctrl Pts',(-11.0478674979748,19.1584493551444,484.51794610651));
#2831=CARTESIAN_POINT('Ctrl Pts',(-9.15591892643567,20.2239745997829,485.40728224026));
#2832=CARTESIAN_POINT('Ctrl Pts',(-9.32474596996669,20.1426357294836,485.355737540624));
#2833=CARTESIAN_POINT('Ctrl Pts',(-9.61596793180041,20.0010736092354,485.281774858287));
#2834=CARTESIAN_POINT('Ctrl Pts',(-9.99510704943996,19.8107370763792,485.207390629319));
#2835=CARTESIAN_POINT('Ctrl Pts',(-10.2706822511808,19.6662146392493,485.151466455982));
#2836=CARTESIAN_POINT('Ctrl Pts',(-10.4614653190407,19.5622404616076,485.109535166226));
#2837=CARTESIAN_POINT('Ctrl Pts',(-10.610616293776,19.4787082016241,485.076181692834));
#2838=CARTESIAN_POINT('Ctrl Pts',(-10.7278160214291,19.4119955286398,485.053129141931));
#2839=CARTESIAN_POINT('Ctrl Pts',(-10.8166358243009,19.3610149233287,485.037866072624));
#2840=CARTESIAN_POINT('Ctrl Pts',(-10.9030614411653,19.3112571214603,485.027579359888));
#2841=CARTESIAN_POINT('Ctrl Pts',(-10.9726218026019,19.2711166496042,485.018602575691));
#2842=CARTESIAN_POINT('Ctrl Pts',(-11.078220328611,19.2102257271292,485.018654161898));
#2843=CARTESIAN_POINT('Ctrl Pts',(-9.15591892647464,20.2239745997621,486.215762017052));
#2844=CARTESIAN_POINT('Ctrl Pts',(-9.26437837837466,20.1748721870039,486.138444623656));
#2845=CARTESIAN_POINT('Ctrl Pts',(-9.46007954352168,20.0852090470543,486.014549469668));
#2846=CARTESIAN_POINT('Ctrl Pts',(-9.75960506419371,19.9435527865419,485.863131097309));
#2847=CARTESIAN_POINT('Ctrl Pts',(-10.0243990458053,19.8138821214857,485.749462603352));
#2848=CARTESIAN_POINT('Ctrl Pts',(-10.2393045022136,19.7050888023995,485.671075549141));
#2849=CARTESIAN_POINT('Ctrl Pts',(-10.4273173405159,19.6073111458495,485.613368498511));
#2850=CARTESIAN_POINT('Ctrl Pts',(-10.5861368657153,19.5225179770306,485.575392054426));
#2851=CARTESIAN_POINT('Ctrl Pts',(-10.7118727811731,19.4542635986752,485.551088634206));
#2852=CARTESIAN_POINT('Ctrl Pts',(-10.8367983398228,19.3850314618393,485.534915615015));
#2853=CARTESIAN_POINT('Ctrl Pts',(-10.9391050556347,19.328410980147,485.521059733994));
#2854=CARTESIAN_POINT('Ctrl Pts',(-11.0950153215888,19.2384949854782,485.521138997476));
#2855=CARTESIAN_POINT('',(-11.0041332300494,19.0834667762579,484.021924776912));
#2856=CARTESIAN_POINT('',(-11.0950153215885,19.2384949854784,485.521138997476));
#2857=CARTESIAN_POINT('Origin',(-4.11535866253987,7.13689199023011,486.435249421439));
#2858=CARTESIAN_POINT('Ctrl Pts',(-11.0950153215888,19.2384949854782,485.521138997476));
#2859=CARTESIAN_POINT('Ctrl Pts',(-10.9391050556347,19.328410980147,485.521059733994));
#2860=CARTESIAN_POINT('Ctrl Pts',(-10.8367983398228,19.3850314618393,485.534915615015));
#2861=CARTESIAN_POINT('Ctrl Pts',(-10.7118727811731,19.4542635986752,485.551088634206));
#2862=CARTESIAN_POINT('Ctrl Pts',(-10.5861368657153,19.5225179770306,485.575392054426));
#2863=CARTESIAN_POINT('Ctrl Pts',(-10.4273173405159,19.6073111458495,485.613368498511));
#2864=CARTESIAN_POINT('Ctrl Pts',(-10.2393045022136,19.7050888023995,485.671075549141));
#2865=CARTESIAN_POINT('Ctrl Pts',(-10.0243990458053,19.8138821214857,485.749462603352));
#2866=CARTESIAN_POINT('Ctrl Pts',(-9.75960506419371,19.9435527865419,485.863131097309));
#2867=CARTESIAN_POINT('Ctrl Pts',(-9.46007954352168,20.0852090470543,486.014549469668));
#2868=CARTESIAN_POINT('Ctrl Pts',(-9.26437837837466,20.1748721870039,486.138444623656));
#2869=CARTESIAN_POINT('Ctrl Pts',(-9.15591892647464,20.2239745997621,486.215762017052));
#2870=CARTESIAN_POINT('Ctrl Pts',(-9.06948479990159,20.033055305755,483.802437372476));
#2871=CARTESIAN_POINT('Ctrl Pts',(-9.36366307991126,19.8998731526429,483.802437372469));
#2872=CARTESIAN_POINT('Ctrl Pts',(-9.85154182886343,19.6706221856346,483.828618776348));
#2873=CARTESIAN_POINT('Ctrl Pts',(-10.3958260509012,19.4008194736952,483.908780433989));
#2874=CARTESIAN_POINT('Ctrl Pts',(-10.700015811677,19.2452365247983,483.967900833657));
#2875=CARTESIAN_POINT('Ctrl Pts',(-10.8492628252672,19.1672265527696,483.997956450616));
#2876=CARTESIAN_POINT('Ctrl Pts',(-10.9266583715509,19.1260155250373,484.012270022379));
#2877=CARTESIAN_POINT('Ctrl Pts',(-10.9648944225164,19.1053013251109,484.018232375227));
#2878=CARTESIAN_POINT('Ctrl Pts',(-10.9827699505214,19.0954734802142,484.020450934169));
#2879=CARTESIAN_POINT('Ctrl Pts',(-10.9940198084815,19.0892143722547,484.021521542053));
#2880=CARTESIAN_POINT('Ctrl Pts',(-10.9997751300811,19.0859801152166,484.021926361286));
#2881=CARTESIAN_POINT('Ctrl Pts',(-11.0041332300494,19.0834667762579,484.021924776912));
#2882=CARTESIAN_POINT('Ctrl Pts',(-11.0041332300484,19.0834667762561,484.0219247769));
#2883=CARTESIAN_POINT('Ctrl Pts',(-11.0109908683501,19.0795119405171,484.021922283827));
#2884=CARTESIAN_POINT('Ctrl Pts',(-11.0178465981214,19.0755537830882,484.021922283827));
#2885=CARTESIAN_POINT('Ctrl Pts',(-11.02470040549,19.0715923119784,484.0219247769));
#2886=CARTESIAN_POINT('Ctrl Pts',(-11.0478674979742,19.1584493551439,484.517946106506));
#2887=CARTESIAN_POINT('Ctrl Pts',(-11.0545036006845,19.1546224054674,484.51794519805));
#2888=CARTESIAN_POINT('Ctrl Pts',(-11.0611378026912,19.150792147153,484.51794519805));
#2889=CARTESIAN_POINT('Ctrl Pts',(-11.0677700896852,19.146958588462,484.517946106506));
#2890=CARTESIAN_POINT('Ctrl Pts',(-11.0782203286105,19.2102257271294,485.018654161902));
#2891=CARTESIAN_POINT('Ctrl Pts',(-11.0846264826585,19.2065313470849,485.018654863465));
#2892=CARTESIAN_POINT('Ctrl Pts',(-11.0910308238285,19.2028337989864,485.018654863465));
#2893=CARTESIAN_POINT('Ctrl Pts',(-11.0974333278222,19.1991330968625,485.018654161902));
#2894=CARTESIAN_POINT('Ctrl Pts',(-11.0950153215879,19.2384949854782,485.521138997489));
#2895=CARTESIAN_POINT('Ctrl Pts',(-11.1011844494643,19.2349370864829,485.521141309381));
#2896=CARTESIAN_POINT('Ctrl Pts',(-11.1073519323575,19.2313762885742,485.521141309381));
#2897=CARTESIAN_POINT('Ctrl Pts',(-11.1135177272098,19.2278126166117,485.521138997489));
#2898=CARTESIAN_POINT('',(-11.02470040549,19.0715923119784,484.0219247769));
#2899=CARTESIAN_POINT('',(-11.1135177272097,19.2278126166118,485.521138997489));
#2900=CARTESIAN_POINT('Origin',(-4.12305043633401,7.1324511425571,486.435249421427));
#2901=CARTESIAN_POINT('Ctrl Pts',(-11.1135177272098,19.2278126166117,485.521138997489));
#2902=CARTESIAN_POINT('Ctrl Pts',(-11.1073519323575,19.2313762885742,485.521141309381));
#2903=CARTESIAN_POINT('Ctrl Pts',(-11.1011844494643,19.2349370864829,485.521141309381));
#2904=CARTESIAN_POINT('Ctrl Pts',(-11.0950153215879,19.2384949854782,485.521138997489));
#2905=CARTESIAN_POINT('Ctrl Pts',(-11.0041332300484,19.0834667762561,484.0219247769));
#2906=CARTESIAN_POINT('Ctrl Pts',(-11.0109908683501,19.0795119405171,484.021922283827));
#2907=CARTESIAN_POINT('Ctrl Pts',(-11.0178465981214,19.0755537830882,484.021922283827));
#2908=CARTESIAN_POINT('Ctrl Pts',(-11.02470040549,19.0715923119784,484.0219247769));
#2909=CARTESIAN_POINT('Ctrl Pts',(-11.0247004054909,19.0715923119803,484.021924776912));
#2910=CARTESIAN_POINT('Ctrl Pts',(-11.0305077941737,19.0682356663593,484.021926889351));
#2911=CARTESIAN_POINT('Ctrl Pts',(-11.0375239121158,19.0640466463991,484.021289670654));
#2912=CARTESIAN_POINT('Ctrl Pts',(-11.0484597409019,19.0574712757837,484.020107595183));
#2913=CARTESIAN_POINT('Ctrl Pts',(-11.0646073892675,19.0476811933623,484.018008703022));
#2914=CARTESIAN_POINT('Ctrl Pts',(-11.100838596525,19.0254286873872,484.012168210721));
#2915=CARTESIAN_POINT('Ctrl Pts',(-11.1744819193383,18.9794648184847,483.997978801234));
#2916=CARTESIAN_POINT('Ctrl Pts',(-11.2762625729847,18.9148802185719,483.976505874131));
#2917=CARTESIAN_POINT('Ctrl Pts',(-11.4805699993145,18.7834352383728,483.933955064171));
#2918=CARTESIAN_POINT('Ctrl Pts',(-11.9773064110382,18.4573896311146,483.841500398892));
#2919=CARTESIAN_POINT('Ctrl Pts',(-12.4644980027994,18.1218244705394,483.802437372476));
#2920=CARTESIAN_POINT('Ctrl Pts',(-12.8143924100823,17.8709318889506,483.802437372476));
#2921=CARTESIAN_POINT('Ctrl Pts',(-11.0677700896855,19.1469585884626,484.51794610651));
#2922=CARTESIAN_POINT('Ctrl Pts',(-11.1410275921648,19.1046042809878,484.517913719563));
#2923=CARTESIAN_POINT('Ctrl Pts',(-11.1751932229853,19.0859426705432,484.523708353513));
#2924=CARTESIAN_POINT('Ctrl Pts',(-11.2181641766191,19.0617453656008,484.52758144269));
#2925=CARTESIAN_POINT('Ctrl Pts',(-11.2662765892247,19.0348562594251,484.533388031625));
#2926=CARTESIAN_POINT('Ctrl Pts',(-11.3420888272381,18.9919173893362,484.541297146244));
#2927=CARTESIAN_POINT('Ctrl Pts',(-11.4524502703443,18.9280316774556,484.550277518281));
#2928=CARTESIAN_POINT('Ctrl Pts',(-11.5716036211316,18.8565233597624,484.554205060436));
#2929=CARTESIAN_POINT('Ctrl Pts',(-11.7807116398528,18.7274264852757,484.555449745047));
#2930=CARTESIAN_POINT('Ctrl Pts',(-12.2226280400026,18.4434167428373,484.547524258013));
#2931=CARTESIAN_POINT('Ctrl Pts',(-12.6151547410874,18.1779908600386,484.564967187082));
#2932=CARTESIAN_POINT('Ctrl Pts',(-12.8956046032549,17.9841902882797,484.59881458468));
#2933=CARTESIAN_POINT('Ctrl Pts',(-11.0974333278223,19.1991330968626,485.018654161898));
#2934=CARTESIAN_POINT('Ctrl Pts',(-11.2381391248865,19.1177946833584,485.018585382244));
#2935=CARTESIAN_POINT('Ctrl Pts',(-11.2984562908604,19.0829561734305,485.031157274729));
#2936=CARTESIAN_POINT('Ctrl Pts',(-11.3727302539987,19.0399083781631,485.040335609611));
#2937=CARTESIAN_POINT('Ctrl Pts',(-11.4516855779889,18.9940387393269,485.054430726448));
#2938=CARTESIAN_POINT('Ctrl Pts',(-11.5653090875604,18.9275008351315,485.076685284746));
#2939=CARTESIAN_POINT('Ctrl Pts',(-11.7097808424253,18.8415318007004,485.109693668935));
#2940=CARTESIAN_POINT('Ctrl Pts',(-11.843983888456,18.7596395743665,485.139749062201));
#2941=CARTESIAN_POINT('Ctrl Pts',(-12.0544687085412,18.6281972623202,485.185800466452));
#2942=CARTESIAN_POINT('Ctrl Pts',(-12.4364016916279,18.3806384265295,485.263708100235));
#2943=CARTESIAN_POINT('Ctrl Pts',(-12.7300487772281,18.181960448259,485.338557928365));
#2944=CARTESIAN_POINT('Ctrl Pts',(-12.9365163055854,18.0412456852437,485.407282240226));
#2945=CARTESIAN_POINT('Ctrl Pts',(-11.1135177272101,19.2278126166121,485.521138997476));
#2946=CARTESIAN_POINT('Ctrl Pts',(-11.3212780439026,19.1077303597912,485.521033315838));
#2947=CARTESIAN_POINT('Ctrl Pts',(-11.4065463520641,19.055104530039,485.54047253022));
#2948=CARTESIAN_POINT('Ctrl Pts',(-11.5111422941825,18.9921056215892,485.55501328162));
#2949=CARTESIAN_POINT('Ctrl Pts',(-11.619535602608,18.9255133797314,485.57748132093));
#2950=CARTESIAN_POINT('Ctrl Pts',(-11.7687707420825,18.8326768153257,485.614184250947));
#2951=CARTESIAN_POINT('Ctrl Pts',(-11.9442095448034,18.720724482668,485.671305880007));
#2952=CARTESIAN_POINT('Ctrl Pts',(-12.0907540300967,18.6251718770936,485.72745781565));
#2953=CARTESIAN_POINT('Ctrl Pts',(-12.2988328939124,18.4868396386285,485.818122432711));
#2954=CARTESIAN_POINT('Ctrl Pts',(-12.6158765008603,18.2698830248014,485.98111931172));
#2955=CARTESIAN_POINT('Ctrl Pts',(-12.8075150902807,18.1337463004642,486.112675090628));
#2956=CARTESIAN_POINT('Ctrl Pts',(-12.9365163055854,18.0412456852437,486.215762017002));
#2957=CARTESIAN_POINT('',(-12.8143924100823,17.8709318889506,483.802437372476));
#2958=CARTESIAN_POINT('',(-12.9365163055854,18.0412456852437,486.215762017002));
#2959=CARTESIAN_POINT('Origin',(-4.77835286963066,6.6638835413963,486.215762017002));
#2960=CARTESIAN_POINT('Ctrl Pts',(-12.9365163055854,18.0412456852437,486.215762017002));
#2961=CARTESIAN_POINT('Ctrl Pts',(-12.8075150902807,18.1337463004642,486.112675090628));
#2962=CARTESIAN_POINT('Ctrl Pts',(-12.6158765008603,18.2698830248014,485.98111931172));
#2963=CARTESIAN_POINT('Ctrl Pts',(-12.2988328939124,18.4868396386285,485.818122432711));
#2964=CARTESIAN_POINT('Ctrl Pts',(-12.0907540300967,18.6251718770936,485.72745781565));
#2965=CARTESIAN_POINT('Ctrl Pts',(-11.9442095448034,18.720724482668,485.671305880007));
#2966=CARTESIAN_POINT('Ctrl Pts',(-11.7687707420825,18.8326768153257,485.614184250947));
#2967=CARTESIAN_POINT('Ctrl Pts',(-11.619535602608,18.9255133797314,485.57748132093));
#2968=CARTESIAN_POINT('Ctrl Pts',(-11.5111422941825,18.9921056215892,485.55501328162));
#2969=CARTESIAN_POINT('Ctrl Pts',(-11.4065463520641,19.055104530039,485.54047253022));
#2970=CARTESIAN_POINT('Ctrl Pts',(-11.3212780439026,19.1077303597912,485.521033315838));
#2971=CARTESIAN_POINT('Ctrl Pts',(-11.1135177272101,19.2278126166121,485.521138997476));
#2972=CARTESIAN_POINT('Ctrl Pts',(-11.0247004054909,19.0715923119803,484.021924776912));
#2973=CARTESIAN_POINT('Ctrl Pts',(-11.0305077941737,19.0682356663593,484.021926889351));
#2974=CARTESIAN_POINT('Ctrl Pts',(-11.0375239121158,19.0640466463991,484.021289670654));
#2975=CARTESIAN_POINT('Ctrl Pts',(-11.0484597409019,19.0574712757837,484.020107595183));
#2976=CARTESIAN_POINT('Ctrl Pts',(-11.0646073892675,19.0476811933623,484.018008703022));
#2977=CARTESIAN_POINT('Ctrl Pts',(-11.100838596525,19.0254286873872,484.012168210721));
#2978=CARTESIAN_POINT('Ctrl Pts',(-11.1744819193383,18.9794648184847,483.997978801234));
#2979=CARTESIAN_POINT('Ctrl Pts',(-11.2762625729847,18.9148802185719,483.976505874131));
#2980=CARTESIAN_POINT('Ctrl Pts',(-11.4805699993145,18.7834352383728,483.933955064171));
#2981=CARTESIAN_POINT('Ctrl Pts',(-11.9773064110382,18.4573896311146,483.841500398892));
#2982=CARTESIAN_POINT('Ctrl Pts',(-12.4644980027994,18.1218244705394,483.802437372476));
#2983=CARTESIAN_POINT('Ctrl Pts',(-12.8143924100823,17.8709318889506,483.802437372476));
#2984=CARTESIAN_POINT('Ctrl Pts',(-12.8143924100822,17.8709318889506,483.802437372476));
#2985=CARTESIAN_POINT('Ctrl Pts',(-21.9904265401622,11.2912357185537,483.802437372476));
#2986=CARTESIAN_POINT('Ctrl Pts',(-21.9904265401807,3.61260585814313E-11,
483.802437372476));
#2987=CARTESIAN_POINT('Ctrl Pts',(-21.9904265401993,-11.2912357184815,483.802437372476));
#2988=CARTESIAN_POINT('Ctrl Pts',(-12.8143924101409,-17.8709318889085,483.802437372476));
#2989=CARTESIAN_POINT('Ctrl Pts',(-12.9365163055872,18.0412456852462,485.000000000035));
#2990=CARTESIAN_POINT('Ctrl Pts',(-22.1999999999844,11.3988436055988,485.000000000035));
#2991=CARTESIAN_POINT('Ctrl Pts',(-22.2000000000031,3.64703476325247E-11,
485.000000000035));
#2992=CARTESIAN_POINT('Ctrl Pts',(-22.2000000000218,-11.3988436055258,485.000000000035));
#2993=CARTESIAN_POINT('Ctrl Pts',(-12.9365163056464,-18.0412456852037,485.000000000035));
#2994=CARTESIAN_POINT('Ctrl Pts',(-12.9365163055854,18.0412456852437,486.215762017038));
#2995=CARTESIAN_POINT('Ctrl Pts',(-22.1999999999813,11.3988436055972,486.215762017038));
#2996=CARTESIAN_POINT('Ctrl Pts',(-22.2,3.64703476325196E-11,486.215762017038));
#2997=CARTESIAN_POINT('Ctrl Pts',(-22.2000000000187,-11.3988436055242,486.215762017038));
#2998=CARTESIAN_POINT('Ctrl Pts',(-12.9365163056446,-18.0412456852012,486.215762017038));
#2999=CARTESIAN_POINT('',(-21.9904265401807,-2.69305054743174E-15,483.802437372476));
#3000=CARTESIAN_POINT('Origin',(0.,-2.69305054743174E-15,483.802437372476));
#3001=CARTESIAN_POINT('',(-12.8143924101409,-17.8709318889085,483.802437372476));
#3002=CARTESIAN_POINT('Origin',(0.,-2.69305054743174E-15,483.802437372476));
#3003=CARTESIAN_POINT('',(-12.9365163056446,-18.0412456852012,486.215762017038));
#3004=CARTESIAN_POINT('Origin',(-4.77835286965252,-6.66388354138062,486.215762017002));
#3005=CARTESIAN_POINT('Origin',(0.,0.,486.215762017002));
#3006=CARTESIAN_POINT('Ctrl Pts',(-12.8143924102518,-17.870931888829,483.802437372476));
#3007=CARTESIAN_POINT('Ctrl Pts',(-12.5519641423212,-18.059106676003,483.802437372469));
#3008=CARTESIAN_POINT('Ctrl Pts',(-12.1094873733122,-18.366996711118,483.828618851452));
#3009=CARTESIAN_POINT('Ctrl Pts',(-11.6036897974192,-18.703459002776,483.90878036837));
#3010=CARTESIAN_POINT('Ctrl Pts',(-11.3168557713922,-18.8891038114199,483.967900856545));
#3011=CARTESIAN_POINT('Ctrl Pts',(-11.1746737284598,-18.9793504801671,483.99795644988));
#3012=CARTESIAN_POINT('Ctrl Pts',(-11.100286129134,-19.0257714928838,484.012270024811));
#3013=CARTESIAN_POINT('Ctrl Pts',(-11.0632290843689,-19.0485277817101,484.018232375666));
#3014=CARTESIAN_POINT('Ctrl Pts',(-11.045780155878,-19.059094521243,484.020450934448));
#3015=CARTESIAN_POINT('Ctrl Pts',(-11.034734680523,-19.0657076299557,484.021521542226));
#3016=CARTESIAN_POINT('Ctrl Pts',(-11.0290560708619,-19.0690747561747,484.021926361286));
#3017=CARTESIAN_POINT('Ctrl Pts',(-11.0247004054911,-19.0715923119802,484.021924776912));
#3018=CARTESIAN_POINT('Ctrl Pts',(-12.8956046033908,-17.9841902881858,484.598814584696));
#3019=CARTESIAN_POINT('Ctrl Pts',(-12.6852612253945,-18.1295448503405,484.573428314604));
#3020=CARTESIAN_POINT('Ctrl Pts',(-12.3277178078004,-18.3723177223058,484.55002595915));
#3021=CARTESIAN_POINT('Ctrl Pts',(-11.8953216606816,-18.6549531222478,484.553450866051));
#3022=CARTESIAN_POINT('Ctrl Pts',(-11.6184102161282,-18.8283769837012,484.555619658942));
#3023=CARTESIAN_POINT('Ctrl Pts',(-11.4529811847272,-18.9277050828761,484.550189201258));
#3024=CARTESIAN_POINT('Ctrl Pts',(-11.3410118988691,-18.9925139790483,484.541102962808));
#3025=CARTESIAN_POINT('Ctrl Pts',(-11.2633795439696,-19.0364531922453,484.532866668336));
#3026=CARTESIAN_POINT('Ctrl Pts',(-11.2097673933879,-19.0664321617391,484.526551927176));
#3027=CARTESIAN_POINT('Ctrl Pts',(-11.1606823183008,-19.0940316040834,484.522084406001));
#3028=CARTESIAN_POINT('Ctrl Pts',(-11.1227147789587,-19.1151919545367,484.517921815609));
#3029=CARTESIAN_POINT('Ctrl Pts',(-11.0677700896869,-19.1469585884618,484.51794610651));
#3030=CARTESIAN_POINT('Ctrl Pts',(-12.9365163056855,-18.0412456851754,485.40728224026));
#3031=CARTESIAN_POINT('Ctrl Pts',(-12.7816612559259,-18.1467847585692,485.355737540624));
#3032=CARTESIAN_POINT('Ctrl Pts',(-12.5134532870907,-18.3282096669535,485.281774701355));
#3033=CARTESIAN_POINT('Ctrl Pts',(-12.1590469390588,-18.5613857918749,485.20739033514));
#3034=CARTESIAN_POINT('Ctrl Pts',(-11.8960983521964,-18.72778022164,485.151465877549));
#3035=CARTESIAN_POINT('Ctrl Pts',(-11.7106634946092,-18.8410155589045,485.109534875081));
#3036=CARTESIAN_POINT('Ctrl Pts',(-11.5637475114233,-18.928417636697,485.076181559442));
#3037=CARTESIAN_POINT('Ctrl Pts',(-11.4473730549047,-18.9965590815781,485.0531290882));
#3038=CARTESIAN_POINT('Ctrl Pts',(-11.3588127665703,-19.0479889197171,485.037866049135));
#3039=CARTESIAN_POINT('Ctrl Pts',(-11.2725084594801,-19.0979567859419,485.027579342691));
#3040=CARTESIAN_POINT('Ctrl Pts',(-11.2029656765503,-19.1381275519739,485.018602575691));
#3041=CARTESIAN_POINT('Ctrl Pts',(-11.0974333278249,-19.1991330968611,485.018654161898));
#3042=CARTESIAN_POINT('Ctrl Pts',(-12.936516305648,-18.0412456851988,486.215762017052));
#3043=CARTESIAN_POINT('Ctrl Pts',(-12.8397626428627,-18.1106231194453,486.138444623656));
#3044=CARTESIAN_POINT('Ctrl Pts',(-12.6642607444056,-18.2352742196665,486.014549193868));
#3045=CARTESIAN_POINT('Ctrl Pts',(-12.3918190347938,-18.4238434098235,485.863130682723));
#3046=CARTESIAN_POINT('Ctrl Pts',(-12.1471228439105,-18.5883271197218,485.749461712951));
#3047=CARTESIAN_POINT('Ctrl Pts',(-11.9454536967432,-18.7200431817661,485.671075106896));
#3048=CARTESIAN_POINT('Ctrl Pts',(-11.7667701840696,-18.8339777213203,485.61336829448));
#3049=CARTESIAN_POINT('Ctrl Pts',(-11.6139277867171,-18.9291226262589,485.575391972498));
#3050=CARTESIAN_POINT('Ctrl Pts',(-11.4919499688387,-19.0038858305817,485.551088598346));
#3051=CARTESIAN_POINT('Ctrl Pts',(-11.3695304321105,-19.0774584494837,485.534915588774));
#3052=CARTESIAN_POINT('Ctrl Pts',(-11.2693423957771,-19.1377483629193,485.521059733994));
#3053=CARTESIAN_POINT('Ctrl Pts',(-11.1135177272139,-19.2278126166099,485.521138997477));
#3054=CARTESIAN_POINT('',(-11.0247004054911,-19.0715923119802,484.021924776912));
#3055=CARTESIAN_POINT('',(-11.1135177272119,-19.227812616611,485.521138997477));
#3056=CARTESIAN_POINT('Origin',(-4.12305043633508,-7.13245114255892,486.435249421439));
#3057=CARTESIAN_POINT('Ctrl Pts',(-11.1135177272139,-19.2278126166099,485.521138997477));
#3058=CARTESIAN_POINT('Ctrl Pts',(-11.2693423957771,-19.1377483629193,485.521059733994));
#3059=CARTESIAN_POINT('Ctrl Pts',(-11.3695304321105,-19.0774584494837,485.534915588774));
#3060=CARTESIAN_POINT('Ctrl Pts',(-11.4919499688387,-19.0038858305817,485.551088598346));
#3061=CARTESIAN_POINT('Ctrl Pts',(-11.6139277867171,-18.9291226262589,485.575391972498));
#3062=CARTESIAN_POINT('Ctrl Pts',(-11.7667701840696,-18.8339777213203,485.61336829448));
#3063=CARTESIAN_POINT('Ctrl Pts',(-11.9454536967432,-18.7200431817661,485.671075106896));
#3064=CARTESIAN_POINT('Ctrl Pts',(-12.1471228439105,-18.5883271197218,485.749461712951));
#3065=CARTESIAN_POINT('Ctrl Pts',(-12.3918190347938,-18.4238434098235,485.863130682723));
#3066=CARTESIAN_POINT('Ctrl Pts',(-12.6642607444056,-18.2352742196665,486.014549193868));
#3067=CARTESIAN_POINT('Ctrl Pts',(-12.8397626428627,-18.1106231194453,486.138444623656));
#3068=CARTESIAN_POINT('Ctrl Pts',(-12.936516305648,-18.0412456851988,486.215762017052));
#3069=CARTESIAN_POINT('Ctrl Pts',(-12.8143924102518,-17.870931888829,483.802437372476));
#3070=CARTESIAN_POINT('Ctrl Pts',(-12.5519641423212,-18.059106676003,483.802437372469));
#3071=CARTESIAN_POINT('Ctrl Pts',(-12.1094873733122,-18.366996711118,483.828618851452));
#3072=CARTESIAN_POINT('Ctrl Pts',(-11.6036897974192,-18.703459002776,483.90878036837));
#3073=CARTESIAN_POINT('Ctrl Pts',(-11.3168557713922,-18.8891038114199,483.967900856545));
#3074=CARTESIAN_POINT('Ctrl Pts',(-11.1746737284598,-18.9793504801671,483.99795644988));
#3075=CARTESIAN_POINT('Ctrl Pts',(-11.100286129134,-19.0257714928838,484.012270024811));
#3076=CARTESIAN_POINT('Ctrl Pts',(-11.0632290843689,-19.0485277817101,484.018232375666));
#3077=CARTESIAN_POINT('Ctrl Pts',(-11.045780155878,-19.059094521243,484.020450934448));
#3078=CARTESIAN_POINT('Ctrl Pts',(-11.034734680523,-19.0657076299557,484.021521542226));
#3079=CARTESIAN_POINT('Ctrl Pts',(-11.0290560708619,-19.0690747561747,484.021926361286));
#3080=CARTESIAN_POINT('Ctrl Pts',(-11.0247004054911,-19.0715923119802,484.021924776912));
#3081=CARTESIAN_POINT('Ctrl Pts',(-11.0247004054899,-19.0715923119784,484.0219247769));
#3082=CARTESIAN_POINT('Ctrl Pts',(-11.0178465981213,-19.0755537830882,484.021922283827));
#3083=CARTESIAN_POINT('Ctrl Pts',(-11.0109908683501,-19.0795119405172,484.021922283827));
#3084=CARTESIAN_POINT('Ctrl Pts',(-11.0041332300483,-19.0834667762561,484.0219247769));
#3085=CARTESIAN_POINT('Ctrl Pts',(-11.0677700896851,-19.146958588462,484.517946106506));
#3086=CARTESIAN_POINT('Ctrl Pts',(-11.0611378026912,-19.150792147153,484.51794519805));
#3087=CARTESIAN_POINT('Ctrl Pts',(-11.0545036006844,-19.1546224054674,484.51794519805));
#3088=CARTESIAN_POINT('Ctrl Pts',(-11.0478674979742,-19.1584493551439,484.517946106506));
#3089=CARTESIAN_POINT('Ctrl Pts',(-11.0974333278222,-19.1991330968626,485.018654161902));
#3090=CARTESIAN_POINT('Ctrl Pts',(-11.0910308238285,-19.2028337989864,485.018654863465));
#3091=CARTESIAN_POINT('Ctrl Pts',(-11.0846264826585,-19.2065313470849,485.018654863465));
#3092=CARTESIAN_POINT('Ctrl Pts',(-11.0782203286105,-19.2102257271294,485.018654161902));
#3093=CARTESIAN_POINT('Ctrl Pts',(-11.1135177272097,-19.2278126166118,485.521138997489));
#3094=CARTESIAN_POINT('Ctrl Pts',(-11.1073519323576,-19.2313762885742,485.521141309381));
#3095=CARTESIAN_POINT('Ctrl Pts',(-11.1011844494643,-19.2349370864828,485.521141309381));
#3096=CARTESIAN_POINT('Ctrl Pts',(-11.0950153215878,-19.2384949854782,485.521138997489));
#3097=CARTESIAN_POINT('',(-11.0041332300483,-19.0834667762561,484.0219247769));
#3098=CARTESIAN_POINT('',(-11.0950153215879,-19.2384949854782,485.521138997489));
#3099=CARTESIAN_POINT('Origin',(-4.11535866253881,-7.13689199022831,486.435249421427));
#3100=CARTESIAN_POINT('Ctrl Pts',(-11.0950153215878,-19.2384949854782,485.521138997489));
#3101=CARTESIAN_POINT('Ctrl Pts',(-11.1011844494643,-19.2349370864828,485.521141309381));
#3102=CARTESIAN_POINT('Ctrl Pts',(-11.1073519323576,-19.2313762885742,485.521141309381));
#3103=CARTESIAN_POINT('Ctrl Pts',(-11.1135177272097,-19.2278126166118,485.521138997489));
#3104=CARTESIAN_POINT('Ctrl Pts',(-11.0247004054899,-19.0715923119784,484.0219247769));
#3105=CARTESIAN_POINT('Ctrl Pts',(-11.0178465981213,-19.0755537830882,484.021922283827));
#3106=CARTESIAN_POINT('Ctrl Pts',(-11.0109908683501,-19.0795119405172,484.021922283827));
#3107=CARTESIAN_POINT('Ctrl Pts',(-11.0041332300483,-19.0834667762561,484.0219247769));
#3108=CARTESIAN_POINT('Ctrl Pts',(-11.0041332300494,-19.0834667762579,484.021924776912));
#3109=CARTESIAN_POINT('Ctrl Pts',(-10.9983225953288,-19.0868177995764,484.021926889351));
#3110=CARTESIAN_POINT('Ctrl Pts',(-10.9911867047681,-19.0907994560126,484.02128962747));
#3111=CARTESIAN_POINT('Ctrl Pts',(-10.9800244933977,-19.0969823795579,484.020107554491));
#3112=CARTESIAN_POINT('Ctrl Pts',(-10.9634716026264,-19.1060720424312,484.018008572187));
#3113=CARTESIAN_POINT('Ctrl Pts',(-10.9260890681356,-19.1263199835047,484.012168178183));
#3114=CARTESIAN_POINT('Ctrl Pts',(-10.8494401509138,-19.1671300533549,483.997976356468));
#3115=CARTESIAN_POINT('Ctrl Pts',(-10.7427070105034,-19.2229213384594,483.976507546148));
#3116=CARTESIAN_POINT('Ctrl Pts',(-10.6128968848355,-19.2897969086411,483.950951157521));
#3117=CARTESIAN_POINT('Ctrl Pts',(-10.3512773845663,-19.4228866297401,483.902284261688));
#3118=CARTESIAN_POINT('Ctrl Pts',(-9.8508906117851,-19.6709602186322,483.82846358664));
#3119=CARTESIAN_POINT('Ctrl Pts',(-9.36365471478016,-19.8998769397531,483.802437372476));
#3120=CARTESIAN_POINT('Ctrl Pts',(-9.06948480009129,-20.0330553056691,483.802437372476));
#3121=CARTESIAN_POINT('Ctrl Pts',(-11.0478674979742,-19.1584493551447,484.51794610651));
#3122=CARTESIAN_POINT('Ctrl Pts',(-10.9745588404761,-19.200715059587,484.517913719563));
#3123=CARTESIAN_POINT('Ctrl Pts',(-10.9413124998224,-19.2209738428457,484.52370873539));
#3124=CARTESIAN_POINT('Ctrl Pts',(-10.8988717781838,-19.2460889637408,484.527581749304));
#3125=CARTESIAN_POINT('Ctrl Pts',(-10.8515246031457,-19.2743136904895,484.533389180121));
#3126=CARTESIAN_POINT('Ctrl Pts',(-10.77644308016,-19.318492431739,484.54129549106));
#3127=CARTESIAN_POINT('Ctrl Pts',(-10.6658256346211,-19.3821952439057,484.550298738092));
#3128=CARTESIAN_POINT('Ctrl Pts',(-10.544614161127,-19.4494402672275,484.554156958396));
#3129=CARTESIAN_POINT('Ctrl Pts',(-10.4140666906946,-19.5198409290805,484.555065237894));
#3130=CARTESIAN_POINT('Ctrl Pts',(-10.1700988975693,-19.6482957070955,484.55318909875));
#3131=CARTESIAN_POINT('Ctrl Pts',(-9.74660248643434,-19.8625034973608,484.550023168383));
#3132=CARTESIAN_POINT('Ctrl Pts',(-9.35800921663722,-20.0505340132842,484.573429036482));
#3133=CARTESIAN_POINT('Ctrl Pts',(-9.126963354516,-20.1600163277182,484.59881458468));
#3134=CARTESIAN_POINT('Ctrl Pts',(-11.07822032861,-19.2102257271298,485.018654161898));
#3135=CARTESIAN_POINT('Ctrl Pts',(-10.9374262976284,-19.2914113151246,485.018585382244));
#3136=CARTESIAN_POINT('Ctrl Pts',(-10.8770924598957,-19.3262306907934,485.03115810331));
#3137=CARTESIAN_POINT('Ctrl Pts',(-10.8026753384079,-19.3690297239896,485.040336280527));
#3138=CARTESIAN_POINT('Ctrl Pts',(-10.7234652317307,-19.4144769647763,485.054433220388));
#3139=CARTESIAN_POINT('Ctrl Pts',(-10.6090476446206,-19.4795983692743,485.076681902819));
#3140=CARTESIAN_POINT('Ctrl Pts',(-10.4621577878663,-19.5618480692419,485.109739800039));
#3141=CARTESIAN_POINT('Ctrl Pts',(-10.3246448365108,-19.636825797698,485.139648262945));
#3142=CARTESIAN_POINT('Ctrl Pts',(-10.1919195883668,-19.7075139126923,485.167638039362));
#3143=CARTESIAN_POINT('Ctrl Pts',(-9.96373206842627,-19.8265095362047,485.213449275277));
#3144=CARTESIAN_POINT('Ctrl Pts',(-9.61574619989649,-20.0011718573201,485.281927974971));
#3145=CARTESIAN_POINT('Ctrl Pts',(-9.32474116927263,-20.1426380424007,485.35573900633));
#3146=CARTESIAN_POINT('Ctrl Pts',(-9.1559189265446,-20.2239745997305,485.407282240226));
#3147=CARTESIAN_POINT('Ctrl Pts',(-11.0950153215872,-19.2384949854791,485.521138997476));
#3148=CARTESIAN_POINT('Ctrl Pts',(-10.8871408782135,-19.3583795692671,485.521033315838));
#3149=CARTESIAN_POINT('Ctrl Pts',(-10.7989250230458,-19.4059146436502,485.540473811322));
#3150=CARTESIAN_POINT('Ctrl Pts',(-10.6920688602546,-19.4649977057871,485.555014320918));
#3151=CARTESIAN_POINT('Ctrl Pts',(-10.5801894941343,-19.5255794622777,485.577485179384));
#3152=CARTESIAN_POINT('Ctrl Pts',(-10.4251981073984,-19.608389698221,485.614179100835));
#3153=CARTESIAN_POINT('Ctrl Pts',(-10.2402268629119,-19.7045069486305,485.671377309043));
#3154=CARTESIAN_POINT('Ctrl Pts',(-10.0849386476789,-19.7832562615196,485.727303297108));
#3155=CARTESIAN_POINT('Ctrl Pts',(-9.94878541601481,-19.8508486353783,485.782261750114));
#3156=CARTESIAN_POINT('Ctrl Pts',(-9.73458120943602,-19.9554567102433,485.875446728681));
#3157=CARTESIAN_POINT('Ctrl Pts',(-9.4600590476128,-20.0851590225814,486.014858056455));
#3158=CARTESIAN_POINT('Ctrl Pts',(-9.26437529426881,-20.1748735832585,486.138446822222));
#3159=CARTESIAN_POINT('Ctrl Pts',(-9.15591892654465,-20.2239745997304,486.215762017002));
#3160=CARTESIAN_POINT('',(-9.06948480009129,-20.0330553056691,483.802437372476));
#3161=CARTESIAN_POINT('',(-9.15591892654464,-20.2239745997304,486.215762017002));
#3162=CARTESIAN_POINT('Origin',(-3.38191599989481,-7.4701167440446,486.215762017002));
#3163=CARTESIAN_POINT('Ctrl Pts',(-9.15591892654465,-20.2239745997304,486.215762017002));
#3164=CARTESIAN_POINT('Ctrl Pts',(-9.26437529426881,-20.1748735832585,486.138446822222));
#3165=CARTESIAN_POINT('Ctrl Pts',(-9.4600590476128,-20.0851590225814,486.014858056455));
#3166=CARTESIAN_POINT('Ctrl Pts',(-9.73458120943602,-19.9554567102433,485.875446728681));
#3167=CARTESIAN_POINT('Ctrl Pts',(-9.94878541601481,-19.8508486353783,485.782261750114));
#3168=CARTESIAN_POINT('Ctrl Pts',(-10.0849386476789,-19.7832562615196,485.727303297108));
#3169=CARTESIAN_POINT('Ctrl Pts',(-10.2402268629119,-19.7045069486305,485.671377309043));
#3170=CARTESIAN_POINT('Ctrl Pts',(-10.4251981073984,-19.608389698221,485.614179100835));
#3171=CARTESIAN_POINT('Ctrl Pts',(-10.5801894941343,-19.5255794622777,485.577485179384));
#3172=CARTESIAN_POINT('Ctrl Pts',(-10.6920688602546,-19.4649977057871,485.555014320918));
#3173=CARTESIAN_POINT('Ctrl Pts',(-10.7989250230458,-19.4059146436502,485.540473811322));
#3174=CARTESIAN_POINT('Ctrl Pts',(-10.8871408782135,-19.3583795692671,485.521033315838));
#3175=CARTESIAN_POINT('Ctrl Pts',(-11.0950153215872,-19.2384949854791,485.521138997476));
#3176=CARTESIAN_POINT('Ctrl Pts',(-11.0041332300494,-19.0834667762579,484.021924776912));
#3177=CARTESIAN_POINT('Ctrl Pts',(-10.9983225953288,-19.0868177995764,484.021926889351));
#3178=CARTESIAN_POINT('Ctrl Pts',(-10.9911867047681,-19.0907994560126,484.02128962747));
#3179=CARTESIAN_POINT('Ctrl Pts',(-10.9800244933977,-19.0969823795579,484.020107554491));
#3180=CARTESIAN_POINT('Ctrl Pts',(-10.9634716026264,-19.1060720424312,484.018008572187));
#3181=CARTESIAN_POINT('Ctrl Pts',(-10.9260890681356,-19.1263199835047,484.012168178183));
#3182=CARTESIAN_POINT('Ctrl Pts',(-10.8494401509138,-19.1671300533549,483.997976356468));
#3183=CARTESIAN_POINT('Ctrl Pts',(-10.7427070105034,-19.2229213384594,483.976507546148));
#3184=CARTESIAN_POINT('Ctrl Pts',(-10.6128968848355,-19.2897969086411,483.950951157521));
#3185=CARTESIAN_POINT('Ctrl Pts',(-10.3512773845663,-19.4228866297401,483.902284261688));
#3186=CARTESIAN_POINT('Ctrl Pts',(-9.8508906117851,-19.6709602186322,483.82846358664));
#3187=CARTESIAN_POINT('Ctrl Pts',(-9.36365471478016,-19.8998769397531,483.802437372476));
#3188=CARTESIAN_POINT('Ctrl Pts',(-9.06948480009129,-20.0330553056691,483.802437372476));
#3189=CARTESIAN_POINT('Ctrl Pts',(-9.06948480009146,-20.0330553056691,483.802437372476));
#3190=CARTESIAN_POINT('Ctrl Pts',(1.21671629769539,-24.6898858831128,483.802437372476));
#3191=CARTESIAN_POINT('Ctrl Pts',(10.9952132700591,-19.0442680238701,483.802437372476));
#3192=CARTESIAN_POINT('Ctrl Pts',(20.7737102424228,-13.3986501646274,483.802437372476));
#3193=CARTESIAN_POINT('Ctrl Pts',(21.8838772101667,-2.16212341679033,483.802437372476));
#3194=CARTESIAN_POINT('Ctrl Pts',(-9.15591892654593,-20.2239745997333,485.000000000035));
#3195=CARTESIAN_POINT('Ctrl Pts',(1.22831186377795,-24.9251857668004,485.000000000035));
#3196=CARTESIAN_POINT('Ctrl Pts',(11.09999999997,-19.2257639640355,485.000000000035));
#3197=CARTESIAN_POINT('Ctrl Pts',(20.9716881361621,-13.5263421612706,485.000000000035));
#3198=CARTESIAN_POINT('Ctrl Pts',(22.092435232126,-2.18272891455964,485.000000000035));
#3199=CARTESIAN_POINT('Ctrl Pts',(-9.15591892654464,-20.2239745997304,486.215762017039));
#3200=CARTESIAN_POINT('Ctrl Pts',(1.22831186377778,-24.9251857667969,486.215762017039));
#3201=CARTESIAN_POINT('Ctrl Pts',(11.0999999999684,-19.2257639640328,486.215762017039));
#3202=CARTESIAN_POINT('Ctrl Pts',(20.9716881361591,-13.5263421612686,486.215762017039));
#3203=CARTESIAN_POINT('Ctrl Pts',(22.0924352321229,-2.18272891455933,486.215762017039));
#3204=CARTESIAN_POINT('',(21.8838772101667,-2.16212341679034,483.802437372476));
#3205=CARTESIAN_POINT('Origin',(0.,-2.69305054743174E-15,483.802437372476));
#3206=CARTESIAN_POINT('',(22.0924352321229,-2.18272891455933,486.215762017039));
#3207=CARTESIAN_POINT('Origin',(8.16026886952289,-0.80623320267507,486.215762017002));
#3208=CARTESIAN_POINT('Origin',(0.,0.,486.215762017002));
#3209=CARTESIAN_POINT('Ctrl Pts',(21.8838772101531,-2.16212341692766,483.802437372476));
#3210=CARTESIAN_POINT('Ctrl Pts',(21.9156272222319,-1.84076647664489,483.802437372469));
#3211=CARTESIAN_POINT('Ctrl Pts',(21.9610275294426,-1.30360717972136,483.828622156137));
#3212=CARTESIAN_POINT('Ctrl Pts',(21.9995192102317,-0.69734928584715,483.908795956779));
#3213=CARTESIAN_POINT('Ctrl Pts',(22.0168689775789,-0.356165198445672,483.967889523379));
#3214=CARTESIAN_POINT('Ctrl Pts',(22.0239367777841,-0.187876950885235,483.99795760096));
#3215=CARTESIAN_POINT('Ctrl Pts',(22.0269444145257,-0.100245404224383,484.01226968993));
#3216=CARTESIAN_POINT('Ctrl Pts',(22.0281235174619,-0.0567736884611644,
484.018232440213));
#3217=CARTESIAN_POINT('Ctrl Pts',(22.0285501048646,-0.0363790515559389,
484.020450934604));
#3218=CARTESIAN_POINT('Ctrl Pts',(22.0287544902274,-0.0235067877453262,
484.021521552572));
#3219=CARTESIAN_POINT('Ctrl Pts',(22.0288312009428,-0.0169053590418329,
484.021926361286));
#3220=CARTESIAN_POINT('Ctrl Pts',(22.0288336355404,-0.0118744642776701,
484.021924776912));
#3221=CARTESIAN_POINT('Ctrl Pts',(22.0225679577576,-2.17582603960434,484.598814584696));
#3222=CARTESIAN_POINT('Ctrl Pts',(22.0432770121414,-1.92098604966512,484.573428314604));
#3223=CARTESIAN_POINT('Ctrl Pts',(22.0747492073553,-1.48986715700572,484.550010800787));
#3224=CARTESIAN_POINT('Ctrl Pts',(22.1033280410589,-0.974184223390832,484.553455583943));
#3225=CARTESIAN_POINT('Ctrl Pts',(22.1150510333904,-0.647539029060763,484.555587267281));
#3226=CARTESIAN_POINT('Ctrl Pts',(22.1183621179089,-0.454661685371524,484.550175458786));
#3227=CARTESIAN_POINT('Ctrl Pts',(22.1185043939683,-0.32531930443426,484.54109618884));
#3228=CARTESIAN_POINT('Ctrl Pts',(22.1177414190737,-0.236134523177826,484.532864031229));
#3229=CARTESIAN_POINT('Ctrl Pts',(22.1168981176512,-0.174722080933551,484.526550760483));
#3230=CARTESIAN_POINT('Ctrl Pts',(22.1162574514475,-0.118414724829205,484.522083556613));
#3231=CARTESIAN_POINT('Ctrl Pts',(22.1155992203241,-0.074957580375149,484.517921815609));
#3232=CARTESIAN_POINT('Ctrl Pts',(22.11563758766,-0.0114907666817624,484.51794610651));
#3233=CARTESIAN_POINT('Ctrl Pts',(22.092435232121,-2.18272891460834,485.40728224026));
#3234=CARTESIAN_POINT('Ctrl Pts',(22.1064072258923,-1.99585097091356,485.355737540625));
#3235=CARTESIAN_POINT('Ctrl Pts',(22.1294215920254,-1.67270019151657,485.281740193181));
#3236=CARTESIAN_POINT('Ctrl Pts',(22.1541588877924,-1.24938218126558,485.207384192709));
#3237=CARTESIAN_POINT('Ctrl Pts',(22.1667802893348,-0.938178868870863,485.151410897872));
#3238=CARTESIAN_POINT('Ctrl Pts',(22.1721301138146,-0.721106579354624,485.10950547063));
#3239=CARTESIAN_POINT('Ctrl Pts',(22.1743641743799,-0.550232678793738,485.076167979173));
#3240=CARTESIAN_POINT('Ctrl Pts',(22.1751892720335,-0.415412789640273,485.053123601977));
#3241=CARTESIAN_POINT('Ctrl Pts',(22.1754486687866,-0.313015516947148,485.037863650636));
#3242=CARTESIAN_POINT('Ctrl Pts',(22.1755699612253,-0.21329248297443,485.027577585995));
#3243=CARTESIAN_POINT('Ctrl Pts',(22.1755874791514,-0.132989097664226,485.018602575691));
#3244=CARTESIAN_POINT('Ctrl Pts',(22.1756536564328,-0.0110926302665695,
485.018654161898));
#3245=CARTESIAN_POINT('Ctrl Pts',(22.0924352321225,-2.18272891456378,486.215762017053));
#3246=CARTESIAN_POINT('Ctrl Pts',(22.1041410212371,-2.06424906755493,486.138444623657));
#3247=CARTESIAN_POINT('Ctrl Pts',(22.124349281886,-1.8496988980319,486.014495037988));
#3248=CARTESIAN_POINT('Ctrl Pts',(22.1514292981767,-1.51976075404095,485.863113902271));
#3249=CARTESIAN_POINT('Ctrl Pts',(22.1715359714941,-1.22515629808025,485.749383602602));
#3250=CARTESIAN_POINT('Ctrl Pts',(22.1847666132995,-0.98486799647589,485.671029849418));
#3251=CARTESIAN_POINT('Ctrl Pts',(22.1940912903482,-0.773246084289698,485.613347803804));
#3252=CARTESIAN_POINT('Ctrl Pts',(22.2000662118785,-0.593359860015644,485.575383597577));
#3253=CARTESIAN_POINT('Ctrl Pts',(22.2038234286012,-0.450362022862295,485.55108495017));
#3254=CARTESIAN_POINT('Ctrl Pts',(22.2063292730445,-0.307561233859129,485.534912911782));
#3255=CARTESIAN_POINT('Ctrl Pts',(22.2084474514107,-0.190662617278538,485.521059733994));
#3256=CARTESIAN_POINT('Ctrl Pts',(22.2085330487981,-0.0106823688660643,
485.521138997476));
#3257=CARTESIAN_POINT('',(22.0288336355404,-0.0118744642776701,484.021924776912));
#3258=CARTESIAN_POINT('',(22.2085330487981,-0.010682368866228,485.521138997476));
#3259=CARTESIAN_POINT('Origin',(8.23840909887491,-0.00444084767119002,486.435249421439));
#3260=CARTESIAN_POINT('Ctrl Pts',(22.2085330487981,-0.0106823688660643,
485.521138997476));
#3261=CARTESIAN_POINT('Ctrl Pts',(22.2084474514107,-0.190662617278538,485.521059733994));
#3262=CARTESIAN_POINT('Ctrl Pts',(22.2063292730445,-0.307561233859129,485.534912911782));
#3263=CARTESIAN_POINT('Ctrl Pts',(22.2038234286012,-0.450362022862295,485.55108495017));
#3264=CARTESIAN_POINT('Ctrl Pts',(22.2000662118785,-0.593359860015644,485.575383597577));
#3265=CARTESIAN_POINT('Ctrl Pts',(22.1940912903482,-0.773246084289698,485.613347803804));
#3266=CARTESIAN_POINT('Ctrl Pts',(22.1847666132995,-0.98486799647589,485.671029849418));
#3267=CARTESIAN_POINT('Ctrl Pts',(22.1715359714941,-1.22515629808025,485.749383602602));
#3268=CARTESIAN_POINT('Ctrl Pts',(22.1514292981767,-1.51976075404095,485.863113902271));
#3269=CARTESIAN_POINT('Ctrl Pts',(22.124349281886,-1.8496988980319,486.014495037988));
#3270=CARTESIAN_POINT('Ctrl Pts',(22.1041410212371,-2.06424906755493,486.138444623657));
#3271=CARTESIAN_POINT('Ctrl Pts',(22.0924352321225,-2.18272891456378,486.215762017053));
#3272=CARTESIAN_POINT('Ctrl Pts',(21.8838772101531,-2.16212341692766,483.802437372476));
#3273=CARTESIAN_POINT('Ctrl Pts',(21.9156272222319,-1.84076647664489,483.802437372469));
#3274=CARTESIAN_POINT('Ctrl Pts',(21.9610275294426,-1.30360717972136,483.828622156137));
#3275=CARTESIAN_POINT('Ctrl Pts',(21.9995192102317,-0.69734928584715,483.908795956779));
#3276=CARTESIAN_POINT('Ctrl Pts',(22.0168689775789,-0.356165198445672,483.967889523379));
#3277=CARTESIAN_POINT('Ctrl Pts',(22.0239367777841,-0.187876950885235,483.99795760096));
#3278=CARTESIAN_POINT('Ctrl Pts',(22.0269444145257,-0.100245404224383,484.01226968993));
#3279=CARTESIAN_POINT('Ctrl Pts',(22.0281235174619,-0.0567736884611644,
484.018232440213));
#3280=CARTESIAN_POINT('Ctrl Pts',(22.0285501048646,-0.0363790515559389,
484.020450934604));
#3281=CARTESIAN_POINT('Ctrl Pts',(22.0287544902274,-0.0235067877453262,
484.021521552572));
#3282=CARTESIAN_POINT('Ctrl Pts',(22.0288312009428,-0.0169053590418329,
484.021926361286));
#3283=CARTESIAN_POINT('Ctrl Pts',(22.0288336355404,-0.0118744642776701,
484.021924776912));
#3284=CARTESIAN_POINT('Ctrl Pts',(22.0288336355383,-0.0118744642776202,
484.0219247769));
#3285=CARTESIAN_POINT('Ctrl Pts',(22.0288374664715,-0.00395815742890513,
484.021922283827));
#3286=CARTESIAN_POINT('Ctrl Pts',(22.0288374664715,0.00395815742892995,
484.021922283827));
#3287=CARTESIAN_POINT('Ctrl Pts',(22.0288336355383,0.0118744642776652,484.0219247769));
#3288=CARTESIAN_POINT('Ctrl Pts',(22.1156375876593,-0.0114907666818408,
484.517946106506));
#3289=CARTESIAN_POINT('Ctrl Pts',(22.1156414033756,-0.00383025831443208,
484.51794519805));
#3290=CARTESIAN_POINT('Ctrl Pts',(22.1156414033756,0.00383025831445407,
484.51794519805));
#3291=CARTESIAN_POINT('Ctrl Pts',(22.1156375876593,0.0114907666818843,484.517946106506));
#3292=CARTESIAN_POINT('Ctrl Pts',(22.1756536564327,-0.0110926302667758,
485.018654161902));
#3293=CARTESIAN_POINT('Ctrl Pts',(22.1756573064869,-0.00369754809849436,
485.018654863465));
#3294=CARTESIAN_POINT('Ctrl Pts',(22.1756573064869,0.00369754809851352,
485.018654863465));
#3295=CARTESIAN_POINT('Ctrl Pts',(22.1756536564327,0.0110926302668178,485.018654161902));
#3296=CARTESIAN_POINT('Ctrl Pts',(22.2085330487976,-0.0106823688663974,
485.521138997489));
#3297=CARTESIAN_POINT('Ctrl Pts',(22.2085363818217,-0.00356079790864304,
485.521141309381));
#3298=CARTESIAN_POINT('Ctrl Pts',(22.2085363818217,0.00356079790865932,
485.521141309381));
#3299=CARTESIAN_POINT('Ctrl Pts',(22.2085330487976,0.0106823688664378,485.521138997489));
#3300=CARTESIAN_POINT('',(22.0288336355383,0.0118744642776652,484.0219247769));
#3301=CARTESIAN_POINT('',(22.2085330487976,0.0106823688664254,485.521138997489));
#3302=CARTESIAN_POINT('Origin',(8.2384090988728,0.00444084767118749,486.435249421427));
#3303=CARTESIAN_POINT('Ctrl Pts',(22.2085330487976,0.0106823688664378,485.521138997489));
#3304=CARTESIAN_POINT('Ctrl Pts',(22.2085363818217,0.00356079790865932,
485.521141309381));
#3305=CARTESIAN_POINT('Ctrl Pts',(22.2085363818217,-0.00356079790864304,
485.521141309381));
#3306=CARTESIAN_POINT('Ctrl Pts',(22.2085330487976,-0.0106823688663974,
485.521138997489));
#3307=CARTESIAN_POINT('Ctrl Pts',(22.0288336355383,-0.0118744642776202,
484.0219247769));
#3308=CARTESIAN_POINT('Ctrl Pts',(22.0288374664715,-0.00395815742890513,
484.021922283827));
#3309=CARTESIAN_POINT('Ctrl Pts',(22.0288374664715,0.00395815742892995,
484.021922283827));
#3310=CARTESIAN_POINT('Ctrl Pts',(22.0288336355383,0.0118744642776652,484.0219247769));
#3311=CARTESIAN_POINT('Ctrl Pts',(22.0288336355404,0.0118744642776607,484.021924776912));
#3312=CARTESIAN_POINT('Ctrl Pts',(22.0288303895025,0.0185821332171778,484.021926889351));
#3313=CARTESIAN_POINT('Ctrl Pts',(22.0287106644852,0.0267529337140515,484.021289633709));
#3314=CARTESIAN_POINT('Ctrl Pts',(22.0284841311977,0.0395111204049162,484.020107625137));
#3315=CARTESIAN_POINT('Ctrl Pts',(22.028079556175,0.0583915357646365,484.018008383888));
#3316=CARTESIAN_POINT('Ctrl Pts',(22.0269236204468,0.100888723903752,484.012169913196));
#3317=CARTESIAN_POINT('Ctrl Pts',(22.0239413493876,0.187683538473153,483.997968769288));
#3318=CARTESIAN_POINT('Ctrl Pts',(22.0193978093186,0.295963258511382,483.978680560078));
#3319=CARTESIAN_POINT('Ctrl Pts',(22.0125240154029,0.441670299090456,483.953026373437));
#3320=CARTESIAN_POINT('Ctrl Pts',(22.0022676161394,0.636917769470742,483.920452288995));
#3321=CARTESIAN_POINT('Ctrl Pts',(21.968970069374,1.19785534826272,483.837899040254));
#3322=CARTESIAN_POINT('Ctrl Pts',(21.9262093558099,1.73365968056861,483.802437372476));
#3323=CARTESIAN_POINT('Ctrl Pts',(21.8838772101737,2.16212341671866,483.802437372476));
#3324=CARTESIAN_POINT('Ctrl Pts',(22.11563758766,0.0114907666818723,484.51794610651));
#3325=CARTESIAN_POINT('Ctrl Pts',(22.1155864326668,0.0961107785857477,484.517913719563));
#3326=CARTESIAN_POINT('Ctrl Pts',(22.1165076680643,0.135023878936235,484.523707328021));
#3327=CARTESIAN_POINT('Ctrl Pts',(22.1170376227249,0.18433498980226,484.527580215393));
#3328=CARTESIAN_POINT('Ctrl Pts',(22.1178071886595,0.239443729828258,484.533386448842));
#3329=CARTESIAN_POINT('Ctrl Pts',(22.1185262203103,0.32654041334723,484.541291502914));
#3330=CARTESIAN_POINT('Ctrl Pts',(22.1183833875961,0.454110146924236,484.550278540083));
#3331=CARTESIAN_POINT('Ctrl Pts',(22.1162557630619,0.578908276753359,484.553779761249));
#3332=CARTESIAN_POINT('Ctrl Pts',(22.1121201792778,0.729138679532701,484.555063032782));
#3333=CARTESIAN_POINT('Ctrl Pts',(22.1051163556096,0.914288064278882,484.554110463051));
#3334=CARTESIAN_POINT('Ctrl Pts',(22.0807769181309,1.4073771775216,484.549289593419));
#3335=CARTESIAN_POINT('Ctrl Pts',(22.0501792450989,1.83604904842889,484.564967187082));
#3336=CARTESIAN_POINT('Ctrl Pts',(22.0225679577711,2.17582603943864,484.59881458468));
#3337=CARTESIAN_POINT('Ctrl Pts',(22.1756536564328,0.0110926302667988,485.018654161898));
#3338=CARTESIAN_POINT('Ctrl Pts',(22.1755654225667,0.173616631739306,485.018585382244));
#3339=CARTESIAN_POINT('Ctrl Pts',(22.1755529698814,0.243259911086043,485.031155205154));
#3340=CARTESIAN_POINT('Ctrl Pts',(22.175409468174,0.329104194486413,485.040333056539));
#3341=CARTESIAN_POINT('Ctrl Pts',(22.1751628611013,0.420410454771646,485.054427802693));
#3342=CARTESIAN_POINT('Ctrl Pts',(22.1743511310428,0.552030338902156,485.076671938569));
#3343=CARTESIAN_POINT('Ctrl Pts',(22.1721356949948,0.720197123619625,485.109706109489));
#3344=CARTESIAN_POINT('Ctrl Pts',(22.1686985576648,0.861260686694023,485.136648471775));
#3345=CARTESIAN_POINT('Ctrl Pts',(22.1636155603006,1.01564616176592,485.165514221792));
#3346=CARTESIAN_POINT('Ctrl Pts',(22.1563126586725,1.19017606390072,485.196805811555));
#3347=CARTESIAN_POINT('Ctrl Pts',(22.1340156976877,1.61380170678269,485.270933943713));
#3348=CARTESIAN_POINT('Ctrl Pts',(22.1110640274106,1.93356540836107,485.338557928364));
#3349=CARTESIAN_POINT('Ctrl Pts',(22.0924352321301,2.18272891448689,485.407282240226));
#3350=CARTESIAN_POINT('Ctrl Pts',(22.208533048798,0.0106823688664122,485.521138997476));
#3351=CARTESIAN_POINT('Ctrl Pts',(22.2084189221937,0.250649209435435,485.521033315838));
#3352=CARTESIAN_POINT('Ctrl Pts',(22.20547823844,0.350788337889174,485.540469401639));
#3353=CARTESIAN_POINT('Ctrl Pts',(22.2032176727237,0.47286651509339,485.555009384357));
#3354=CARTESIAN_POINT('Ctrl Pts',(22.1997437986661,0.600024641854963,485.577477035771));
#3355=CARTESIAN_POINT('Ctrl Pts',(22.1939651590208,0.775612727367409,485.614163106488));
#3356=CARTESIAN_POINT('Ctrl Pts',(22.1847237494617,0.983604198087099,485.671329847906));
#3357=CARTESIAN_POINT('Ctrl Pts',(22.176221761027,1.14029783457166,485.72168436865));
#3358=CARTESIAN_POINT('Ctrl Pts',(22.1664737240137,1.29820394537389,485.778027692102));
#3359=CARTESIAN_POINT('Ctrl Pts',(22.1552845638548,1.46148384619849,485.841360985352));
#3360=CARTESIAN_POINT('Ctrl Pts',(22.1280126279961,1.81444919228549,485.993745636108));
#3361=CARTESIAN_POINT('Ctrl Pts',(22.1080425071247,2.02476027730074,486.112675090627));
#3362=CARTESIAN_POINT('Ctrl Pts',(22.0924352321301,2.18272891448685,486.215762017002));
#3363=CARTESIAN_POINT('Ctrl Pts',(22.0924352321301,2.18272891448685,486.215762017002));
#3364=CARTESIAN_POINT('Ctrl Pts',(22.1080425071247,2.02476027730074,486.112675090627));
#3365=CARTESIAN_POINT('Ctrl Pts',(22.1280126279961,1.81444919228549,485.993745636108));
#3366=CARTESIAN_POINT('Ctrl Pts',(22.1552845638548,1.46148384619849,485.841360985352));
#3367=CARTESIAN_POINT('Ctrl Pts',(22.1664737240137,1.29820394537389,485.778027692102));
#3368=CARTESIAN_POINT('Ctrl Pts',(22.176221761027,1.14029783457166,485.72168436865));
#3369=CARTESIAN_POINT('Ctrl Pts',(22.1847237494617,0.983604198087099,485.671329847906));
#3370=CARTESIAN_POINT('Ctrl Pts',(22.1939651590208,0.775612727367409,485.614163106488));
#3371=CARTESIAN_POINT('Ctrl Pts',(22.1997437986661,0.600024641854963,485.577477035771));
#3372=CARTESIAN_POINT('Ctrl Pts',(22.2032176727237,0.47286651509339,485.555009384357));
#3373=CARTESIAN_POINT('Ctrl Pts',(22.20547823844,0.350788337889174,485.540469401639));
#3374=CARTESIAN_POINT('Ctrl Pts',(22.2084189221937,0.250649209435435,485.521033315838));
#3375=CARTESIAN_POINT('Ctrl Pts',(22.208533048798,0.0106823688664122,485.521138997476));
#3376=CARTESIAN_POINT('Ctrl Pts',(22.0288336355404,0.0118744642776607,484.021924776912));
#3377=CARTESIAN_POINT('Ctrl Pts',(22.0288303895025,0.0185821332171778,484.021926889351));
#3378=CARTESIAN_POINT('Ctrl Pts',(22.0287106644852,0.0267529337140515,484.021289633709));
#3379=CARTESIAN_POINT('Ctrl Pts',(22.0284841311977,0.0395111204049162,484.020107625137));
#3380=CARTESIAN_POINT('Ctrl Pts',(22.028079556175,0.0583915357646365,484.018008383888));
#3381=CARTESIAN_POINT('Ctrl Pts',(22.0269236204468,0.100888723903752,484.012169913196));
#3382=CARTESIAN_POINT('Ctrl Pts',(22.0239413493876,0.187683538473153,483.997968769288));
#3383=CARTESIAN_POINT('Ctrl Pts',(22.0193978093186,0.295963258511382,483.978680560078));
#3384=CARTESIAN_POINT('Ctrl Pts',(22.0125240154029,0.441670299090456,483.953026373437));
#3385=CARTESIAN_POINT('Ctrl Pts',(22.0022676161394,0.636917769470742,483.920452288995));
#3386=CARTESIAN_POINT('Ctrl Pts',(21.968970069374,1.19785534826272,483.837899040254));
#3387=CARTESIAN_POINT('Ctrl Pts',(21.9262093558099,1.73365968056861,483.802437372476));
#3388=CARTESIAN_POINT('Ctrl Pts',(21.8838772101737,2.16212341671866,483.802437372476));
#3389=CARTESIAN_POINT('Ctrl Pts',(-7.73296075278101,-20.8096448310861,489.669666943774));
#3390=CARTESIAN_POINT('Ctrl Pts',(-7.89098320385681,-20.7509229536996,488.392896659019));
#3391=CARTESIAN_POINT('Ctrl Pts',(-8.51295351242895,-20.5292923009994,486.66949723297));
#3392=CARTESIAN_POINT('Ctrl Pts',(-10.0159534988044,-19.8253449928845,485.441681904524));
#3393=CARTESIAN_POINT('Ctrl Pts',(-10.7351747229896,-19.4361674605269,485.259749739855));
#3394=CARTESIAN_POINT('Ctrl Pts',(-11.0908513448012,-19.2310430410709,485.25996459063));
#3395=CARTESIAN_POINT('Ctrl Pts',(-8.62742688613282,-20.4772570580104,489.818361428073));
#3396=CARTESIAN_POINT('Ctrl Pts',(-8.65647494491779,-20.4613793114695,488.698370324034));
#3397=CARTESIAN_POINT('Ctrl Pts',(-9.05483418594922,-20.2927270739972,487.154777170338));
#3398=CARTESIAN_POINT('Ctrl Pts',(-10.2250218959143,-19.716036964084,486.04959164337));
#3399=CARTESIAN_POINT('Ctrl Pts',(-10.8033701375954,-19.3968324907924,485.884983905573));
#3400=CARTESIAN_POINT('Ctrl Pts',(-11.0906111944392,-19.2311815396411,485.885209590419));
#3401=CARTESIAN_POINT('Ctrl Pts',(-10.4084905241541,-20.4981854850758,490.077381405481));
#3402=CARTESIAN_POINT('Ctrl Pts',(-10.1688471248756,-20.4048264022742,489.230509807162));
#3403=CARTESIAN_POINT('Ctrl Pts',(-10.1382513313846,-20.1970104329963,488.002693114976));
#3404=CARTESIAN_POINT('Ctrl Pts',(-10.7133685647252,-19.7633066756333,487.112468506724));
#3405=CARTESIAN_POINT('Ctrl Pts',(-11.0489635155085,-19.5570933714802,486.978258336056));
#3406=CARTESIAN_POINT('Ctrl Pts',(-11.2208694497292,-19.4580138658575,486.978502506984));
#3407=CARTESIAN_POINT('Ctrl Pts',(-11.8047966047323,-21.5520100343473,490.224135672484));
#3408=CARTESIAN_POINT('Ctrl Pts',(-11.4937636850606,-21.1719718747145,489.556273669312));
#3409=CARTESIAN_POINT('Ctrl Pts',(-11.2118819025259,-20.6776480721534,488.634911663944));
#3410=CARTESIAN_POINT('Ctrl Pts',(-11.3220863720173,-20.2245484780363,487.967613581164));
#3411=CARTESIAN_POINT('Ctrl Pts',(-11.4689389772321,-20.0862884660668,487.86634846843));
#3412=CARTESIAN_POINT('Ctrl Pts',(-11.554421218625,-20.0371659733068,487.866578473567));
#3413=CARTESIAN_POINT('Ctrl Pts',(-12.2459193953236,-22.125528616948,490.257439210304));
#3414=CARTESIAN_POINT('Ctrl Pts',(-11.965344132866,-21.6166733020186,489.63975181437));
#3415=CARTESIAN_POINT('Ctrl Pts',(-11.6354473518318,-20.9720972088683,488.843131389276));
#3416=CARTESIAN_POINT('Ctrl Pts',(-11.5888766649323,-20.4847854288757,488.272827313195));
#3417=CARTESIAN_POINT('Ctrl Pts',(-11.6696414652171,-20.3665108296643,488.186062685868));
#3418=CARTESIAN_POINT('Ctrl Pts',(-11.7256879456926,-20.3344185969104,488.186277536643));
#3419=CARTESIAN_POINT('',(-7.73296075278101,-20.8096448310861,489.669666943774));
#3420=CARTESIAN_POINT('Ctrl Pts',(-9.15587835995739,-20.2240753638318,486.215668179856));
#3421=CARTESIAN_POINT('Ctrl Pts',(-9.13412435291606,-20.2339339687247,486.239252883789));
#3422=CARTESIAN_POINT('Ctrl Pts',(-8.3561973169222,-20.585150237377,487.10384841283));
#3423=CARTESIAN_POINT('Ctrl Pts',(-7.89098320385681,-20.7509229536996,488.392896659019));
#3424=CARTESIAN_POINT('Ctrl Pts',(-7.73296075278101,-20.8096448310861,489.669666943774));
#3425=CARTESIAN_POINT('',(-12.2459193953236,-22.125528616948,490.257439210304));
#3426=CARTESIAN_POINT('Origin',(-9.12628701454336,-24.5591303862367,489.669666943774));
#3427=CARTESIAN_POINT('',(-11.7256879456926,-20.3344185969103,488.186277536643));
#3428=CARTESIAN_POINT('Ctrl Pts',(-12.2459193953236,-22.125528616948,490.257439210304));
#3429=CARTESIAN_POINT('Ctrl Pts',(-11.965344132866,-21.6166733020186,489.63975181437));
#3430=CARTESIAN_POINT('Ctrl Pts',(-11.6354473518318,-20.9720972088683,488.843131389276));
#3431=CARTESIAN_POINT('Ctrl Pts',(-11.5888766649323,-20.4847854288757,488.272827313195));
#3432=CARTESIAN_POINT('Ctrl Pts',(-11.6696414652171,-20.3665108296643,488.186062685868));
#3433=CARTESIAN_POINT('Ctrl Pts',(-11.7256879456926,-20.3344185969104,488.186277536643));
#3434=CARTESIAN_POINT('Origin',(-13.0892029384591,-22.6960958412639,485.25996459063));
#3435=CARTESIAN_POINT('Ctrl Pts',(22.1999974872399,-0.0105625063408223,
485.25996459063));
#3436=CARTESIAN_POINT('Ctrl Pts',(22.199606786448,-0.831727135315757,485.259534894192));
#3437=CARTESIAN_POINT('Ctrl Pts',(22.111182058341,-2.1756733917901,485.913622942553));
#3438=CARTESIAN_POINT('Ctrl Pts',(21.9533897353795,-3.31090444348122,487.784082176689));
#3439=CARTESIAN_POINT('Ctrl Pts',(21.9022395703174,-3.62477674813689,489.031289397051));
#3440=CARTESIAN_POINT('Ctrl Pts',(21.8881614438426,-3.70788195716667,489.669666943774));
#3441=CARTESIAN_POINT('Ctrl Pts',(22.1999973553392,-0.0108397319401496,
485.885209590419));
#3442=CARTESIAN_POINT('Ctrl Pts',(22.1996721660807,-0.673998897049838,485.884758226096));
#3443=CARTESIAN_POINT('Ctrl Pts',(22.1460768251426,-1.75572378021817,486.476071264179));
#3444=CARTESIAN_POINT('Ctrl Pts',(22.0621927700993,-2.58183310039304,488.152502018022));
#3445=CARTESIAN_POINT('Ctrl Pts',(22.0479249992926,-2.75051025815406,489.258372539009));
#3446=CARTESIAN_POINT('Ctrl Pts',(22.0475382551276,-2.76705767632131,489.818361428073));
#3447=CARTESIAN_POINT('Ctrl Pts',(22.461568854604,-0.0114489368577918,486.978502577772));
#3448=CARTESIAN_POINT('Ctrl Pts',(22.4612736616229,-0.408273533107347,486.978014241726));
#3449=CARTESIAN_POINT('Ctrl Pts',(22.4950766685657,-1.04381256481376,487.459320688686));
#3450=CARTESIAN_POINT('Ctrl Pts',(22.6827850858463,-1.37027233584757,488.795367333376));
#3451=CARTESIAN_POINT('Ctrl Pts',(22.8558584875082,-1.31550272360271,489.653950733667));
#3452=CARTESIAN_POINT('Ctrl Pts',(22.9561938121906,-1.23507481545265,490.077381494692));
#3453=CARTESIAN_POINT('Ctrl Pts',(23.1299053620413,-0.0121606852982713,
487.866578473567));
#3454=CARTESIAN_POINT('Ctrl Pts',(23.1295057786576,-0.209340417179465,487.866118468767));
#3455=CARTESIAN_POINT('Ctrl Pts',(23.2908701380417,-0.513564194448427,488.227507313691));
#3456=CARTESIAN_POINT('Ctrl Pts',(23.8769271167944,-0.628093397934322,489.229548656536));
#3457=CARTESIAN_POINT('Ctrl Pts',(24.32466979766,-0.592422463960171,489.890208644082));
#3458=CARTESIAN_POINT('Ctrl Pts',(24.566986494728,-0.552751270967212,490.224135672484));
#3459=CARTESIAN_POINT('Ctrl Pts',(23.4729670489574,-0.01246566063647,488.186277536643));
#3460=CARTESIAN_POINT('Ctrl Pts',(23.4725059516263,-0.141631708295539,488.185847840206));
#3461=CARTESIAN_POINT('Ctrl Pts',(23.6909733201831,-0.332616666305675,488.493520388756));
#3462=CARTESIAN_POINT('Ctrl Pts',(24.4432510800586,-0.426869715723223,489.356895715843));
#3463=CARTESIAN_POINT('Ctrl Pts',(24.9937483779477,-0.451765911246943,489.948599187027));
#3464=CARTESIAN_POINT('Ctrl Pts',(25.2842295520983,-0.457487019427213,490.257439210304));
#3465=CARTESIAN_POINT('',(23.4729670489574,-0.0124656606364619,488.186277536663));
#3466=CARTESIAN_POINT('Origin',(26.1999970344904,-0.0124656606364619,485.25996459065));
#3467=CARTESIAN_POINT('',(25.2842295520983,-0.457487019427217,490.257439210304));
#3468=CARTESIAN_POINT('Ctrl Pts',(23.4729670489574,-0.01246566063647,488.186277536643));
#3469=CARTESIAN_POINT('Ctrl Pts',(23.4725059516263,-0.141631708295539,488.185847840206));
#3470=CARTESIAN_POINT('Ctrl Pts',(23.6909733201831,-0.332616666305675,488.493520388756));
#3471=CARTESIAN_POINT('Ctrl Pts',(24.4432510800586,-0.426869715723223,489.356895715843));
#3472=CARTESIAN_POINT('Ctrl Pts',(24.9937483779477,-0.451765911246943,489.948599187027));
#3473=CARTESIAN_POINT('Ctrl Pts',(25.2842295520983,-0.457487019427213,490.257439210304));
#3474=CARTESIAN_POINT('',(21.8881614438426,-3.70788195716667,489.669666943774));
#3475=CARTESIAN_POINT('Origin',(25.831974316607,-4.3759687962958,489.669666943774));
#3476=CARTESIAN_POINT('Ctrl Pts',(21.8881614438426,-3.70788195716667,489.669666943774));
#3477=CARTESIAN_POINT('Ctrl Pts',(21.9022395703174,-3.62477674813689,489.031289397051));
#3478=CARTESIAN_POINT('Ctrl Pts',(21.9533897353795,-3.31090444348122,487.784082176689));
#3479=CARTESIAN_POINT('Ctrl Pts',(22.0461539205303,-2.64351593248424,486.684461970484));
#3480=CARTESIAN_POINT('Ctrl Pts',(22.0894885773027,-2.20507864612608,486.241304863814));
#3481=CARTESIAN_POINT('Ctrl Pts',(22.0918336135178,-2.18092415804043,486.217536754429));
#3482=CARTESIAN_POINT('Ctrl Pts',(22.2085329596531,0.0106823682199304,485.521137635108));
#3483=CARTESIAN_POINT('Ctrl Pts',(22.2085363818256,0.00356078995547294,
485.521141309385));
#3484=CARTESIAN_POINT('Ctrl Pts',(22.2085363818256,-0.0035607899554633,
485.521141309385));
#3485=CARTESIAN_POINT('Ctrl Pts',(22.2085329596531,-0.0106823682199208,
485.521137635108));
#3486=CARTESIAN_POINT('Ctrl Pts',(22.2742869253706,0.0111592175569779,486.526047781352));
#3487=CARTESIAN_POINT('Ctrl Pts',(22.2742906199104,0.00372048027376164,
486.526051414781));
#3488=CARTESIAN_POINT('Ctrl Pts',(22.2742906199104,-0.00372048027375157,
486.526051414781));
#3489=CARTESIAN_POINT('Ctrl Pts',(22.2742869253706,-0.0111592175569678,
486.526047781352));
#3490=CARTESIAN_POINT('Ctrl Pts',(22.7362246180366,0.0118107105776222,487.499707529353));
#3491=CARTESIAN_POINT('Ctrl Pts',(22.7362284928153,0.00393744606007029,
487.499711136787));
#3492=CARTESIAN_POINT('Ctrl Pts',(22.7362284928153,-0.00393744606005963,
487.499711136787));
#3493=CARTESIAN_POINT('Ctrl Pts',(22.7362246180366,-0.0118107105776115,
487.499707529353));
#3494=CARTESIAN_POINT('Ctrl Pts',(23.4729670489574,0.0124656606364731,488.186277536663));
#3495=CARTESIAN_POINT('Ctrl Pts',(23.4729710029701,0.00415522083925285,
488.186281221406));
#3496=CARTESIAN_POINT('Ctrl Pts',(23.4729710029701,-0.0041552208392416,
488.186281221406));
#3497=CARTESIAN_POINT('Ctrl Pts',(23.4729670489574,-0.0124656606364619,
488.186277536663));
#3498=CARTESIAN_POINT('',(23.4729670489574,0.0124656606364551,488.186277536643));
#3499=CARTESIAN_POINT('Origin',(26.1999970344904,0.0124656606364718,485.25996459063));
#3500=CARTESIAN_POINT('Origin',(-2.72702998553301,0.,463.770509690892));
#3501=CARTESIAN_POINT('Ctrl Pts',(21.8881614438426,3.7078819571667,489.669666943774));
#3502=CARTESIAN_POINT('Ctrl Pts',(21.9092788835095,3.58322266810402,488.712089289411));
#3503=CARTESIAN_POINT('Ctrl Pts',(21.9943292191419,3.10050063926551,487.149307884409));
#3504=CARTESIAN_POINT('Ctrl Pts',(22.1552134952447,1.65077463737964,485.59568915665));
#3505=CARTESIAN_POINT('Ctrl Pts',(22.1997370169623,0.558012072159713,485.259678122948));
#3506=CARTESIAN_POINT('Ctrl Pts',(22.1999974872399,0.0105625063408272,485.25996459063));
#3507=CARTESIAN_POINT('Ctrl Pts',(22.0475382551276,2.76705767632131,489.818361428073));
#3508=CARTESIAN_POINT('Ctrl Pts',(22.0481183782416,2.74223625527458,488.978368151979));
#3509=CARTESIAN_POINT('Ctrl Pts',(22.0802643780491,2.44954048697786,487.585510631826));
#3510=CARTESIAN_POINT('Ctrl Pts',(22.1732485008788,1.33549507998203,486.188693421148));
#3511=CARTESIAN_POINT('Ctrl Pts',(22.1997805599341,0.45295107502307,485.884908677309));
#3512=CARTESIAN_POINT('Ctrl Pts',(22.1999973553392,0.010839731940151,485.885209590419));
#3513=CARTESIAN_POINT('Ctrl Pts',(22.9561938121907,1.2350748154526,490.077381494692));
#3514=CARTESIAN_POINT('Ctrl Pts',(22.8056890437311,1.35571810566227,489.442227835227));
#3515=CARTESIAN_POINT('Ctrl Pts',(22.6078042749844,1.36103266664823,488.347250520473));
#3516=CARTESIAN_POINT('Ctrl Pts',(22.4791123771557,0.801198117158577,487.225485404576));
#3517=CARTESIAN_POINT('Ctrl Pts',(22.4613720569538,0.276001799046652,486.978177016555));
#3518=CARTESIAN_POINT('Ctrl Pts',(22.461568854604,0.0114489368577873,486.978502577772));
#3519=CARTESIAN_POINT('Ctrl Pts',(24.5669864947282,0.552751270967184,490.224135672484));
#3520=CARTESIAN_POINT('Ctrl Pts',(24.2035071468364,0.612258764813581,489.72323920108));
#3521=CARTESIAN_POINT('Ctrl Pts',(23.6634614789906,0.636625247697687,488.891951422652));
#3522=CARTESIAN_POINT('Ctrl Pts',(23.2123248917116,0.402464878572616,488.053038299724));
#3523=CARTESIAN_POINT('Ctrl Pts',(23.1296389699657,0.143615395838037,487.86627180007));
#3524=CARTESIAN_POINT('Ctrl Pts',(23.1299053620413,0.012160685298262,487.866578473567));
#3525=CARTESIAN_POINT('Ctrl Pts',(25.2842295520985,0.457487019427202,490.257439210304));
#3526=CARTESIAN_POINT('Ctrl Pts',(24.8485026334312,0.448905255581735,489.794173692003));
#3527=CARTESIAN_POINT('Ctrl Pts',(24.1737638498086,0.418498057362929,489.06314870096));
#3528=CARTESIAN_POINT('Ctrl Pts',(23.5841198409083,0.266044292745913,488.346011079196));
#3529=CARTESIAN_POINT('Ctrl Pts',(23.4726596470981,0.0985773783301701,488.185991068961));
#3530=CARTESIAN_POINT('Ctrl Pts',(23.4729670489574,0.012465660636459,488.186277536643));
#3531=CARTESIAN_POINT('',(21.8881614438426,3.70788195716667,489.669666943774));
#3532=CARTESIAN_POINT('Ctrl Pts',(22.0924614431938,2.18244131092608,486.216053590168));
#3533=CARTESIAN_POINT('Ctrl Pts',(22.0694370186087,2.41478876940217,486.447317737034));
#3534=CARTESIAN_POINT('Ctrl Pts',(21.9792502873917,3.18608445822463,487.426379973205));
#3535=CARTESIAN_POINT('Ctrl Pts',(21.9092788835095,3.58322266810402,488.712089289411));
#3536=CARTESIAN_POINT('Ctrl Pts',(21.8881614438426,3.7078819571667,489.669666943774));
#3537=CARTESIAN_POINT('',(25.2842295520983,0.457487019427222,490.257439210304));
#3538=CARTESIAN_POINT('Origin',(25.831974316607,4.3759687962958,489.669666943774));
#3539=CARTESIAN_POINT('Ctrl Pts',(25.2842295520985,0.457487019427202,490.257439210304));
#3540=CARTESIAN_POINT('Ctrl Pts',(24.8485026334312,0.448905255581735,489.794173692003));
#3541=CARTESIAN_POINT('Ctrl Pts',(24.1737638498086,0.418498057362929,489.06314870096));
#3542=CARTESIAN_POINT('Ctrl Pts',(23.5841198409083,0.266044292745913,488.346011079196));
#3543=CARTESIAN_POINT('Ctrl Pts',(23.4726596470981,0.0985773783301701,488.185991068961));
#3544=CARTESIAN_POINT('Ctrl Pts',(23.4729670489574,0.012465660636459,488.186277536643));
#3545=CARTESIAN_POINT('Origin',(0.,0.,485.));
#3546=CARTESIAN_POINT('',(-7.73296075278094,20.8096448310861,489.669666943775));
#3547=CARTESIAN_POINT('Ctrl Pts',(-7.73296075278094,20.8096448310861,489.669666943775));
#3548=CARTESIAN_POINT('Ctrl Pts',(-7.81197104212514,20.7802842402868,489.031289365539));
#3549=CARTESIAN_POINT('Ctrl Pts',(-8.10936582443074,20.6676479003652,487.784076934853));
#3550=CARTESIAN_POINT('Ctrl Pts',(-8.7337218048692,20.4142912589152,486.684455012124));
#3551=CARTESIAN_POINT('Ctrl Pts',(-9.13508676937293,20.2326013209559,486.241299192579));
#3552=CARTESIAN_POINT('Ctrl Pts',(-9.15717728022559,20.2225551060806,486.21753157676));
#3553=CARTESIAN_POINT('',(-7.42604531717928,20.9211340741175,492.136925625831));
#3554=CARTESIAN_POINT('Origin',(0.,0.,436.423734028252));
#3555=CARTESIAN_POINT('',(-7.22695656888465,20.9907384041499,495.388387573393));
#3556=CARTESIAN_POINT('Ctrl Pts',(-7.22695656888465,20.9907384041499,495.388387573393));
#3557=CARTESIAN_POINT('Ctrl Pts',(-7.22695656888465,20.9907384041499,494.300303419119));
#3558=CARTESIAN_POINT('Ctrl Pts',(-7.29164362752677,20.9688405241851,493.211912812567));
#3559=CARTESIAN_POINT('Ctrl Pts',(-7.42604531717928,20.9211340741175,492.136925625831));
#3560=CARTESIAN_POINT('',(-7.22695656888464,20.9907384041499,550.));
#3561=CARTESIAN_POINT('',(-7.22695656888464,20.9907384041499,485.));
#3562=CARTESIAN_POINT('',(21.7919909866298,4.23664122137404,550.));
#3563=CARTESIAN_POINT('Origin',(0.,0.,550.));
#3564=CARTESIAN_POINT('',(21.7919909866298,4.23664122137405,495.388387573393));
#3565=CARTESIAN_POINT('',(21.7919909866298,4.23664122137405,485.));
#3566=CARTESIAN_POINT('',(21.8312562427556,4.029423142727,492.13692562583));
#3567=CARTESIAN_POINT('Ctrl Pts',(21.8312562427556,4.029423142727,492.13692562583));
#3568=CARTESIAN_POINT('Ctrl Pts',(21.8053703956123,4.16967164531146,493.211912812567));
#3569=CARTESIAN_POINT('Ctrl Pts',(21.7919909866298,4.23664122137405,494.300303419119));
#3570=CARTESIAN_POINT('Ctrl Pts',(21.7919909866298,4.23664122137405,495.388387573393));
#3571=CARTESIAN_POINT('Origin',(0.,0.,436.423734028252));
#3572=CARTESIAN_POINT('Origin',(0.,0.,485.));
#3573=CARTESIAN_POINT('',(-14.1552006910617,-17.1017628739194,489.669666943775));
#3574=CARTESIAN_POINT('Ctrl Pts',(-14.1552006910617,-17.1017628739194,489.669666943775));
#3575=CARTESIAN_POINT('Ctrl Pts',(-14.0578024477997,-17.1823798074189,488.712100576418));
#3576=CARTESIAN_POINT('Ctrl Pts',(-13.7488573760801,-17.4415412869482,487.426450908555));
#3577=CARTESIAN_POINT('Ctrl Pts',(-13.1259777358785,-17.9053015328389,486.447368479009));
#3578=CARTESIAN_POINT('Ctrl Pts',(-12.9362533712615,-18.041427337623,486.216084631965));
#3579=CARTESIAN_POINT('',(-14.4052109255763,-16.8917109313905,492.136925625831));
#3580=CARTESIAN_POINT('Origin',(0.,0.,436.423734028252));
#3581=CARTESIAN_POINT('',(-14.5650344177452,-16.7540971827759,495.388387573393));
#3582=CARTESIAN_POINT('Ctrl Pts',(-14.5650344177452,-16.7540971827759,495.388387573393));
#3583=CARTESIAN_POINT('Ctrl Pts',(-14.5650344177452,-16.7540971827759,494.300303419119));
#3584=CARTESIAN_POINT('Ctrl Pts',(-14.5137267680855,-16.7991688788737,493.211912812566));
#3585=CARTESIAN_POINT('Ctrl Pts',(-14.4052109255763,-16.8917109313905,492.13692562583));
#3586=CARTESIAN_POINT('',(-14.5650344177452,-16.7540971827759,550.));
#3587=CARTESIAN_POINT('',(-14.5650344177452,-16.7540971827759,485.));
#3588=CARTESIAN_POINT('',(-14.5650344177451,16.7540971827759,550.));
#3589=CARTESIAN_POINT('Origin',(0.,0.,550.));
#3590=CARTESIAN_POINT('',(-14.5650344177452,16.7540971827759,495.388387573393));
#3591=CARTESIAN_POINT('',(-14.5650344177452,16.7540971827759,485.));
#3592=CARTESIAN_POINT('',(-14.4052109255763,16.8917109313905,492.13692562583));
#3593=CARTESIAN_POINT('Ctrl Pts',(-14.4052109255763,16.8917109313905,492.13692562583));
#3594=CARTESIAN_POINT('Ctrl Pts',(-14.5137267680855,16.7991688788737,493.211912812566));
#3595=CARTESIAN_POINT('Ctrl Pts',(-14.5650344177452,16.7540971827759,494.300303419119));
#3596=CARTESIAN_POINT('Ctrl Pts',(-14.5650344177452,16.7540971827759,495.388387573393));
#3597=CARTESIAN_POINT('',(-14.1552006910616,17.1017628739194,489.669666943774));
#3598=CARTESIAN_POINT('Origin',(0.,0.,436.423734028252));
#3599=CARTESIAN_POINT('Ctrl Pts',(-12.9362800848607,18.0414122525843,486.216053837586));
#3600=CARTESIAN_POINT('Ctrl Pts',(-13.1259868779567,17.9052985943005,486.447318296567));
#3601=CARTESIAN_POINT('Ctrl Pts',(-13.7488550354926,17.4415466398414,487.426380929355));
#3602=CARTESIAN_POINT('Ctrl Pts',(-14.0578012937268,17.1823807626498,488.712089230204));
#3603=CARTESIAN_POINT('Ctrl Pts',(-14.1552006910616,17.1017628739194,489.669666943774));
#3604=CARTESIAN_POINT('Origin',(0.,0.,485.));
#3605=CARTESIAN_POINT('',(21.8312562427556,-4.029423142727,492.13692562583));
#3606=CARTESIAN_POINT('Origin',(0.,0.,436.423734028252));
#3607=CARTESIAN_POINT('',(21.7919909866298,-4.23664122137405,495.388387573393));
#3608=CARTESIAN_POINT('Ctrl Pts',(21.7919909866298,-4.23664122137405,495.388387573393));
#3609=CARTESIAN_POINT('Ctrl Pts',(21.7919909866298,-4.23664122137405,494.300303419119));
#3610=CARTESIAN_POINT('Ctrl Pts',(21.8053703956123,-4.16967164531149,493.211912812567));
#3611=CARTESIAN_POINT('Ctrl Pts',(21.8312562427556,-4.02942314272702,492.136925625831));
#3612=CARTESIAN_POINT('',(21.7919909866298,-4.23664122137404,550.));
#3613=CARTESIAN_POINT('',(21.7919909866298,-4.23664122137405,485.));
#3614=CARTESIAN_POINT('',(-7.22695656888465,-20.9907384041499,550.));
#3615=CARTESIAN_POINT('Origin',(0.,0.,550.));
#3616=CARTESIAN_POINT('',(-7.22695656888465,-20.9907384041499,495.388387573393));
#3617=CARTESIAN_POINT('',(-7.22695656888465,-20.9907384041499,485.));
#3618=CARTESIAN_POINT('',(-7.42604531717931,-20.9211340741175,492.13692562583));
#3619=CARTESIAN_POINT('Ctrl Pts',(-7.42604531717931,-20.9211340741175,492.13692562583));
#3620=CARTESIAN_POINT('Ctrl Pts',(-7.29164362752678,-20.9688405241851,493.211912812566));
#3621=CARTESIAN_POINT('Ctrl Pts',(-7.22695656888465,-20.9907384041499,494.300303419119));
#3622=CARTESIAN_POINT('Ctrl Pts',(-7.22695656888465,-20.9907384041499,495.388387573393));
#3623=CARTESIAN_POINT('Origin',(0.,0.,436.423734028252));
#3624=CARTESIAN_POINT('Origin',(0.,0.,477.));
#3625=CARTESIAN_POINT('',(-20.9999999999984,-2.57175827820924E-15,478.14285714285));
#3626=CARTESIAN_POINT('',(-20.8,-2.54726534222649E-15,477.));
#3627=CARTESIAN_POINT('Origin',(0.,0.,478.14285714285));
#3628=CARTESIAN_POINT('Origin',(-17.189364943465,19.7728534319247,485.));
#3629=CARTESIAN_POINT('',(-13.7252633283272,21.7728534319247,495.388387573393));
#3630=CARTESIAN_POINT('Origin',(-17.189364943465,19.7728534319247,495.388387573393));
#3631=CARTESIAN_POINT('',(-13.7252633283272,21.7728534319247,550.));
#3632=CARTESIAN_POINT('Origin',(-17.189364943465,19.7728534319247,550.));
#3633=CARTESIAN_POINT('',(-13.7252633283272,21.7728534319247,485.));
#3634=CARTESIAN_POINT('Ctrl Pts',(-14.5650344177452,16.7540971827759,495.388387573393));
#3635=CARTESIAN_POINT('Ctrl Pts',(-14.5650344177452,16.7540971827759,494.300303419119));
#3636=CARTESIAN_POINT('Ctrl Pts',(-14.5137267680855,16.7991688788737,493.211912812566));
#3637=CARTESIAN_POINT('Ctrl Pts',(-14.4052109255763,16.8917109313905,492.13692562583));
#3638=CARTESIAN_POINT('Ctrl Pts',(-13.7722349463762,17.4433107799567,495.388387573393));
#3639=CARTESIAN_POINT('Ctrl Pts',(-13.7992364992643,17.4211571543519,494.352375298287));
#3640=CARTESIAN_POINT('Ctrl Pts',(-13.7711914105381,17.4395295635012,493.312744306883));
#3641=CARTESIAN_POINT('Ctrl Pts',(-13.6875565521135,17.5037248749978,492.284602393851));
#3642=CARTESIAN_POINT('Ctrl Pts',(-12.8953882079747,19.218170955181,495.388387573393));
#3643=CARTESIAN_POINT('Ctrl Pts',(-12.9307571137358,19.1175880418285,494.442494750193));
#3644=CARTESIAN_POINT('Ctrl Pts',(-12.9151693245373,19.0591618212149,493.488411543043));
#3645=CARTESIAN_POINT('Ctrl Pts',(-12.8432748712376,19.045915834021,492.541868771058));
#3646=CARTESIAN_POINT('Ctrl Pts',(-13.3313265182954,21.0905348619779,495.388387573393));
#3647=CARTESIAN_POINT('Ctrl Pts',(-13.2846994098377,20.9381058726277,494.487074538601));
#3648=CARTESIAN_POINT('Ctrl Pts',(-13.1957019894292,20.8270991062711,493.583195878975));
#3649=CARTESIAN_POINT('Ctrl Pts',(-13.0602111525447,20.7591969391487,492.690089670318));
#3650=CARTESIAN_POINT('Ctrl Pts',(-13.7252633283272,21.7728534319247,495.388387573393));
#3651=CARTESIAN_POINT('Ctrl Pts',(-13.6348147105016,21.6161918303763,494.494420068147));
#3652=CARTESIAN_POINT('Ctrl Pts',(-13.5053809333419,21.4973875072448,493.602825935821));
#3653=CARTESIAN_POINT('Ctrl Pts',(-13.3333672803912,21.4201424581397,492.724697892361));
#3654=CARTESIAN_POINT('',(-13.3333672803912,21.4201424581398,492.724697892361));
#3655=CARTESIAN_POINT('Origin',(-17.0007444256802,19.9352624505599,492.13692562583));
#3656=CARTESIAN_POINT('Ctrl Pts',(-13.7252633283272,21.7728534319247,495.388387573393));
#3657=CARTESIAN_POINT('Ctrl Pts',(-13.6348147105016,21.6161918303763,494.494420068147));
#3658=CARTESIAN_POINT('Ctrl Pts',(-13.5053809333419,21.4973875072448,493.602825935821));
#3659=CARTESIAN_POINT('Ctrl Pts',(-13.3333672803912,21.4201424581397,492.724697892361));
#3660=CARTESIAN_POINT('Ctrl Pts',(-14.4052109255763,16.8917109313905,492.13692562583));
#3661=CARTESIAN_POINT('Ctrl Pts',(-14.3223906271047,16.9623398850381,491.316485424658));
#3662=CARTESIAN_POINT('Ctrl Pts',(-14.2390508771891,17.0323597240005,490.494036207974));
#3663=CARTESIAN_POINT('Ctrl Pts',(-14.1552006910616,17.1017628739194,489.669666943774));
#3664=CARTESIAN_POINT('Ctrl Pts',(-13.6875565521134,17.5037248749978,492.284602393851));
#3665=CARTESIAN_POINT('Ctrl Pts',(-13.5988696935424,17.5731607148932,491.464502527858));
#3666=CARTESIAN_POINT('Ctrl Pts',(-13.509846116687,17.6421200829719,490.642382832706));
#3667=CARTESIAN_POINT('Ctrl Pts',(-13.4201113689948,17.7101993816891,489.818361428073));
#3668=CARTESIAN_POINT('Ctrl Pts',(-12.8426117829627,19.0454741011453,492.541902888789));
#3669=CARTESIAN_POINT('Ctrl Pts',(-12.7449127523163,19.1187646761743,491.722364010875));
#3670=CARTESIAN_POINT('Ctrl Pts',(-12.6465710036838,19.1912830314252,490.900830208601));
#3671=CARTESIAN_POINT('Ctrl Pts',(-12.5477044315554,19.2631100625608,490.077381376653));
#3672=CARTESIAN_POINT('Ctrl Pts',(-13.0602111525447,20.7591969391487,492.690089670318));
#3673=CARTESIAN_POINT('Ctrl Pts',(-12.9614677178269,20.839959712127,491.870083293431));
#3674=CARTESIAN_POINT('Ctrl Pts',(-12.8621480962859,20.9199415873988,491.048063194937));
#3675=CARTESIAN_POINT('Ctrl Pts',(-12.7621898899958,20.9992587633801,490.224135672484));
#3676=CARTESIAN_POINT('Ctrl Pts',(-13.3333672803912,21.4201424581398,492.724697892361));
#3677=CARTESIAN_POINT('Ctrl Pts',(-13.2356244056184,21.5034973493816,491.904257691188));
#3678=CARTESIAN_POINT('Ctrl Pts',(-13.1372684845468,21.5861333755443,491.081808474504));
#3679=CARTESIAN_POINT('Ctrl Pts',(-13.0383101567748,21.6680415975208,490.257439210304));
#3680=CARTESIAN_POINT('',(-13.0383101567748,21.6680415975208,490.257439210304));
#3681=CARTESIAN_POINT('Origin',(-16.7056873020637,20.183161589941,489.669666943774));
#3682=CARTESIAN_POINT('Origin',(3.66737714528894,1.4848800075798,437.011506294782));
#3683=CARTESIAN_POINT('Ctrl Pts',(-14.1552006910616,17.1017628739194,489.669666943774));
#3684=CARTESIAN_POINT('Ctrl Pts',(-14.0578012937268,17.1823807626498,488.712089230204));
#3685=CARTESIAN_POINT('Ctrl Pts',(-13.682276824874,17.4973971313005,487.149309575465));
#3686=CARTESIAN_POINT('Ctrl Pts',(-12.5072203696497,18.3615898926401,485.595689958596));
#3687=CARTESIAN_POINT('Ctrl Pts',(-11.5831211678961,18.9465301610047,485.25967812293));
#3688=CARTESIAN_POINT('Ctrl Pts',(-11.1091461424388,19.2204805347301,485.25996459063));
#3689=CARTESIAN_POINT('Ctrl Pts',(-13.4201113689948,17.7101993816891,489.818361428073));
#3690=CARTESIAN_POINT('Ctrl Pts',(-13.3989054480562,17.7231124943648,488.978368100043));
#3691=CARTESIAN_POINT('Ctrl Pts',(-13.1614938573443,17.8972977464994,487.585511740433));
#3692=CARTESIAN_POINT('Ctrl Pts',(-12.2431960368075,18.534847497423,486.18869393272));
#3693=CARTESIAN_POINT('Ctrl Pts',(-11.4921574412756,18.9990983721516,485.88490867729));
#3694=CARTESIAN_POINT('Ctrl Pts',(-11.1093861609,19.220341807701,485.885209590419));
#3695=CARTESIAN_POINT('Ctrl Pts',(-12.547704138698,19.2631099646195,490.077381402077));
#3696=CARTESIAN_POINT('Ctrl Pts',(-12.5769319103934,19.0724473548489,489.442227703342));
#3697=CARTESIAN_POINT('Ctrl Pts',(-12.4825927316801,18.8984168648105,488.347251001364));
#3698=CARTESIAN_POINT('Ctrl Pts',(-11.9334158544919,19.0668835333637,487.225485485628));
#3699=CARTESIAN_POINT('Ctrl Pts',(-11.4697107083293,19.3141180640167,486.978176943045));
#3700=CARTESIAN_POINT('Ctrl Pts',(-11.2406995936949,19.446564935065,486.978502504283));
#3701=CARTESIAN_POINT('Ctrl Pts',(-12.7621898899958,20.9992587633802,490.224135672484));
#3702=CARTESIAN_POINT('Ctrl Pts',(-12.6319852093862,20.6547226461285,489.723239170112));
#3703=CARTESIAN_POINT('Ctrl Pts',(-12.3830647534795,20.1748475101317,488.891951507793));
#3704=CARTESIAN_POINT('Ctrl Pts',(-11.954707949562,19.9012313328134,488.053038240097));
#3705=CARTESIAN_POINT('Ctrl Pts',(-11.6891940731841,19.9590472263554,487.866271800052));
#3706=CARTESIAN_POINT('Ctrl Pts',(-11.5754841434164,20.0250052880086,487.866578473567));
#3707=CARTESIAN_POINT('Ctrl Pts',(-13.0383101567748,21.6680415975209,490.257439210304));
#3708=CARTESIAN_POINT('Ctrl Pts',(-12.8130146580119,21.2949818756982,489.794173663362));
#3709=CARTESIAN_POINT('Ctrl Pts',(-12.449312370651,20.7258455249964,489.063148743341));
#3710=CARTESIAN_POINT('Ctrl Pts',(-12.0224618326683,20.2914252459807,488.346010991909));
#3711=CARTESIAN_POINT('Ctrl Pts',(-11.8217003420232,20.278630856929,488.185991068943));
#3712=CARTESIAN_POINT('Ctrl Pts',(-11.7472791032648,20.3219529362739,488.186277536643));
#3713=CARTESIAN_POINT('',(-11.7472791032648,20.3219529362739,488.186277536643));
#3714=CARTESIAN_POINT('Ctrl Pts',(-13.0383101567748,21.6680415975209,490.257439210304));
#3715=CARTESIAN_POINT('Ctrl Pts',(-12.8130146580119,21.2949818756982,489.794173663362));
#3716=CARTESIAN_POINT('Ctrl Pts',(-12.449312370651,20.7258455249964,489.063148743341));
#3717=CARTESIAN_POINT('Ctrl Pts',(-12.0224618326683,20.2914252459807,488.346010991909));
#3718=CARTESIAN_POINT('Ctrl Pts',(-11.8217003420232,20.278630856929,488.185991068943));
#3719=CARTESIAN_POINT('Ctrl Pts',(-11.7472791032648,20.3219529362739,488.186277536643));
#3720=CARTESIAN_POINT('Origin',(-13.1107940960313,22.6836301806274,485.25996459063));
#3721=CARTESIAN_POINT('Ctrl Pts',(-11.1135176820776,19.2278125397336,485.521137635108));
#3722=CARTESIAN_POINT('Ctrl Pts',(-11.1073519254718,19.2313762925542,485.521141309385));
#3723=CARTESIAN_POINT('Ctrl Pts',(-11.1011844563538,19.2349370825097,485.521141309385));
#3724=CARTESIAN_POINT('Ctrl Pts',(-11.0950152775755,19.2384949079536,485.521137635108));
#3725=CARTESIAN_POINT('Ctrl Pts',(-11.146807628576,19.284518719776,486.526047781352));
#3726=CARTESIAN_POINT('Ctrl Pts',(-11.1403673403866,19.288241287983,486.526051414781));
#3727=CARTESIAN_POINT('Ctrl Pts',(-11.1339232795239,19.2919617682568,486.526051414781));
#3728=CARTESIAN_POINT('Ctrl Pts',(-11.1274792967946,19.295677937333,486.526047781352));
#3729=CARTESIAN_POINT('Ctrl Pts',(-11.3783406844153,19.68424275008,487.499707529353));
#3730=CARTESIAN_POINT('Ctrl Pts',(-11.3715241747217,19.6881827379956,487.499711136787));
#3731=CARTESIAN_POINT('Ctrl Pts',(-11.3647043180936,19.6921201840557,487.499711136787));
#3732=CARTESIAN_POINT('Ctrl Pts',(-11.3578839336213,19.6960534606577,487.499707529353));
#3733=CARTESIAN_POINT('Ctrl Pts',(-11.7472791032648,20.3219529362739,488.186277536663));
#3734=CARTESIAN_POINT('Ctrl Pts',(-11.7400840282902,20.326111580448,488.186281221406));
#3735=CARTESIAN_POINT('Ctrl Pts',(-11.7328869746799,20.3302668012872,488.186281221406));
#3736=CARTESIAN_POINT('Ctrl Pts',(-11.7256879456925,20.3344185969103,488.186277536663));
#3737=CARTESIAN_POINT('',(-11.7256879456926,20.3344185969104,488.186277536663));
#3738=CARTESIAN_POINT('Origin',(1.3635149927665,-2.36167724435349,463.770509690892));
#3739=CARTESIAN_POINT('Origin',(-13.0892029384591,22.6960958412639,485.25996459065));
#3740=CARTESIAN_POINT('Ctrl Pts',(-11.0908513448012,19.2310430410709,485.25996459063));
#3741=CARTESIAN_POINT('Ctrl Pts',(-10.3795065299093,19.6412870189982,485.259534894171));
#3742=CARTESIAN_POINT('Ctrl Pts',(-9.17139889825962,20.2366868122611,485.913613790054));
#3743=CARTESIAN_POINT('Ctrl Pts',(-8.10936582443074,20.6676479003652,487.784076934853));
#3744=CARTESIAN_POINT('Ctrl Pts',(-7.81197104212514,20.7802842402868,489.031289365539));
#3745=CARTESIAN_POINT('Ctrl Pts',(-7.73296075278094,20.8096448310861,489.669666943775));
#3746=CARTESIAN_POINT('Ctrl Pts',(-11.0906111944392,19.2311815396411,485.885209590419));
#3747=CARTESIAN_POINT('Ctrl Pts',(-10.5161358877137,19.5624795163915,485.884758226074));
#3748=CARTESIAN_POINT('Ctrl Pts',(-9.55253286241643,20.0569270457955,486.476062773976));
#3749=CARTESIAN_POINT('Ctrl Pts',(-8.7951613952661,20.3973351434371,488.152497068659));
#3750=CARTESIAN_POINT('Ctrl Pts',(-8.64195074343178,20.4693182788067,489.258372511369));
#3751=CARTESIAN_POINT('Ctrl Pts',(-8.6274268861328,20.4772570580104,489.818361428073));
#3752=CARTESIAN_POINT('Ctrl Pts',(-11.2208694497292,19.4580138658575,486.978502506984));
#3753=CARTESIAN_POINT('Ctrl Pts',(-10.8770616550664,19.6561705291445,486.978014170914));
#3754=CARTESIAN_POINT('Ctrl Pts',(-10.3435649055492,20.0032190580474,487.459313581168));
#3755=CARTESIAN_POINT('Ctrl Pts',(-10.1546990552622,20.3290074215944,488.795363251601));
#3756=CARTESIAN_POINT('Ctrl Pts',(-10.2886702442661,20.451506496775,489.65395062356));
#3757=CARTESIAN_POINT('Ctrl Pts',(-10.4084905241542,20.4981854850758,490.077381405481));
#3758=CARTESIAN_POINT('Ctrl Pts',(-11.5544212186249,20.0371659733068,487.866578473567));
#3759=CARTESIAN_POINT('Ctrl Pts',(-11.3834587615701,20.1354097947376,487.866118468744));
#3760=CARTESIAN_POINT('Ctrl Pts',(-11.2006707002414,20.4272691699562,488.2275023823));
#3761=CARTESIAN_POINT('Ctrl Pts',(-11.3945163469053,20.992073215323,489.22954575157));
#3762=CARTESIAN_POINT('Ctrl Pts',(-11.6492819875902,21.3619932060425,489.890208627606));
#3763=CARTESIAN_POINT('Ctrl Pts',(-11.8047966047324,21.5520100343475,490.224135672484));
#3764=CARTESIAN_POINT('Ctrl Pts',(-11.7256879456926,20.3344185969103,488.186277536643));
#3765=CARTESIAN_POINT('Ctrl Pts',(-11.613596312911,20.3986023019079,488.185847840184));
#3766=CARTESIAN_POINT('Ctrl Pts',(-11.5574260773183,20.6832937456801,488.493516740532));
#3767=CARTESIAN_POINT('Ctrl Pts',(-11.8519421369842,21.3819116090631,489.356893591304));
#3768=CARTESIAN_POINT('Ctrl Pts',(-12.1056334263441,21.8711039741637,489.94859917179));
#3769=CARTESIAN_POINT('Ctrl Pts',(-12.2459193953237,22.1255286169482,490.257439210305));
#3770=CARTESIAN_POINT('',(-12.2459193953237,22.1255286169482,490.257439210305));
#3771=CARTESIAN_POINT('Ctrl Pts',(-11.7256879456926,20.3344185969103,488.186277536643));
#3772=CARTESIAN_POINT('Ctrl Pts',(-11.613596312911,20.3986023019079,488.185847840184));
#3773=CARTESIAN_POINT('Ctrl Pts',(-11.5574260773183,20.6832937456801,488.493516740532));
#3774=CARTESIAN_POINT('Ctrl Pts',(-11.8519421369842,21.3819116090631,489.356893591304));
#3775=CARTESIAN_POINT('Ctrl Pts',(-12.1056334263441,21.8711039741637,489.94859917179));
#3776=CARTESIAN_POINT('Ctrl Pts',(-12.2459193953237,22.1255286169482,490.257439210305));
#3777=CARTESIAN_POINT('Origin',(-9.12628701454327,24.5591303862368,489.669666943775));
#3778=CARTESIAN_POINT('Ctrl Pts',(-7.73296075278096,20.8096448310861,489.669666943774));
#3779=CARTESIAN_POINT('Ctrl Pts',(-7.63093076878473,20.8475596474251,490.494036207974));
#3780=CARTESIAN_POINT('Ctrl Pts',(-7.52862193451667,20.8847240685159,491.316485424658));
#3781=CARTESIAN_POINT('Ctrl Pts',(-7.42604531717929,20.9211340741175,492.136925625831));
#3782=CARTESIAN_POINT('Ctrl Pts',(-8.62742688613275,20.4772570580104,489.818361428073));
#3783=CARTESIAN_POINT('Ctrl Pts',(-8.52360111012576,20.5209299797555,490.642382832706));
#3784=CARTESIAN_POINT('Ctrl Pts',(-8.41936875711296,20.5635469748086,491.464502527858));
#3785=CARTESIAN_POINT('Ctrl Pts',(-8.31489212654495,20.6056341273653,492.284602393851));
#3786=CARTESIAN_POINT('Ctrl Pts',(-10.408490469255,20.4981857547123,490.077381382826));
#3787=CARTESIAN_POINT('Ctrl Pts',(-10.296853149549,20.5478932021927,490.900830214774));
#3788=CARTESIAN_POINT('Ctrl Pts',(-10.1848795372759,20.5968004804618,491.722364016746));
#3789=CARTESIAN_POINT('Ctrl Pts',(-10.0725585221197,20.6447650354122,492.54190289466));
#3790=CARTESIAN_POINT('Ctrl Pts',(-11.8047966047322,21.5520100343473,490.224135672484));
#3791=CARTESIAN_POINT('Ctrl Pts',(-11.6861268122309,21.5989177923206,491.048063194937));
#3792=CARTESIAN_POINT('Ctrl Pts',(-11.5672006656327,21.6449401700335,491.870083293431));
#3793=CARTESIAN_POINT('Ctrl Pts',(-11.4478863351945,21.6900731064669,492.690089670318));
#3794=CARTESIAN_POINT('Ctrl Pts',(-12.2459193953235,22.125528616948,490.257439210305));
#3795=CARTESIAN_POINT('Ctrl Pts',(-12.1255056304271,22.1702749317264,491.081808474504));
#3796=CARTESIAN_POINT('Ctrl Pts',(-12.0047627719666,22.2141356449057,491.904257691189));
#3797=CARTESIAN_POINT('Ctrl Pts',(-11.883703881235,22.2571060118769,492.724697892361));
#3798=CARTESIAN_POINT('',(-11.883703881235,22.2571060118769,492.724697892361));
#3799=CARTESIAN_POINT('Origin',(-8.76407150045483,24.6907077811657,492.136925625831));
#3800=CARTESIAN_POINT('Origin',(-3.11963238078021,-2.43360176928878,437.011506294782));
#3801=CARTESIAN_POINT('Ctrl Pts',(-7.42604531717928,20.9211340741175,492.136925625831));
#3802=CARTESIAN_POINT('Ctrl Pts',(-7.29164362752677,20.9688405241851,493.211912812567));
#3803=CARTESIAN_POINT('Ctrl Pts',(-7.22695656888465,20.9907384041499,494.300303419119));
#3804=CARTESIAN_POINT('Ctrl Pts',(-7.22695656888465,20.9907384041499,495.388387573393));
#3805=CARTESIAN_POINT('Ctrl Pts',(-8.31489212654495,20.6056341273653,492.284602393851));
#3806=CARTESIAN_POINT('Ctrl Pts',(-8.2174799267727,20.6459663836547,493.312744306883));
#3807=CARTESIAN_POINT('Ctrl Pts',(-8.18754640935767,20.6610679383683,494.352375298286));
#3808=CARTESIAN_POINT('Ctrl Pts',(-8.22023278836138,20.648760720428,495.388387573393));
#3809=CARTESIAN_POINT('Ctrl Pts',(-10.0726095323461,20.6455600920139,492.541868780496));
#3810=CARTESIAN_POINT('Ctrl Pts',(-10.0481336671044,20.7144455085597,493.48841155248));
#3811=CARTESIAN_POINT('Ctrl Pts',(-10.0909383833982,20.7571579823603,494.442494750189));
#3812=CARTESIAN_POINT('Ctrl Pts',(-10.1957301944286,20.7768190681434,495.388387573393));
#3813=CARTESIAN_POINT('Ctrl Pts',(-11.4478863351945,21.6900731064669,492.690089670319));
#3814=CARTESIAN_POINT('Ctrl Pts',(-11.4389459184524,21.8413626967501,493.583195878975));
#3815=CARTESIAN_POINT('Ctrl Pts',(-11.4905818879048,21.9739401068735,494.487074538597));
#3816=CARTESIAN_POINT('Ctrl Pts',(-11.5992757107265,22.0905348619779,495.388387573393));
#3817=CARTESIAN_POINT('Ctrl Pts',(-11.8837038812351,22.2571060118769,492.724697892361));
#3818=CARTESIAN_POINT('Ctrl Pts',(-11.8645932296013,22.4446967296825,493.602825935821));
#3819=CARTESIAN_POINT('Ctrl Pts',(-11.9027639029327,22.6161918303763,494.494420068142));
#3820=CARTESIAN_POINT('Ctrl Pts',(-11.9932125207584,22.7728534319247,495.388387573393));
#3821=CARTESIAN_POINT('',(-11.9932125207584,22.7728534319247,495.388387573393));
#3822=CARTESIAN_POINT('Origin',(-8.52911090562062,24.7728534319247,495.388387573393));
#3823=CARTESIAN_POINT('Ctrl Pts',(-11.8837038812351,22.2571060118769,492.724697892361));
#3824=CARTESIAN_POINT('Ctrl Pts',(-11.8645932296013,22.4446967296825,493.602825935821));
#3825=CARTESIAN_POINT('Ctrl Pts',(-11.9027639029327,22.6161918303763,494.494420068142));
#3826=CARTESIAN_POINT('Ctrl Pts',(-11.9932125207584,22.7728534319247,495.388387573393));
#3827=CARTESIAN_POINT('Origin',(-8.52911090562061,24.7728534319247,485.));
#3828=CARTESIAN_POINT('',(-11.9932125207584,22.7728534319247,550.));
#3829=CARTESIAN_POINT('Origin',(-8.52911090562061,24.7728534319247,550.));
#3830=CARTESIAN_POINT('',(-11.9932125207584,22.7728534319247,485.));
#3831=CARTESIAN_POINT('Origin',(-20.3435254547571,37.23601969271,526.07849629595));
#3832=CARTESIAN_POINT('',(-35.0414673597614,62.6936018388733,538.345708420298));
#3833=CARTESIAN_POINT('',(-30.4500225506711,54.7409861493805,529.78817687647));
#3834=CARTESIAN_POINT('',(-35.0414673597614,62.6936018388732,550.));
#3835=CARTESIAN_POINT('',(-35.0414673597614,62.6936018388732,528.808872221962));
#3836=CARTESIAN_POINT('',(-37.0608976731386,66.1913577439872,550.));
#3837=CARTESIAN_POINT('Origin',(-37.3782257809467,50.7409861493805,529.78817687647));
#3838=CARTESIAN_POINT('',(-35.7304058284765,63.5608053774508,537.170163887237));
#3839=CARTESIAN_POINT('',(-31.1389610193862,55.608189687958,528.61263234341));
#3840=CARTESIAN_POINT('Origin',(-41.9696705900369,58.6936018388733,538.345708420298));
#3841=CARTESIAN_POINT('Origin',(-37.0608976731386,66.1913577439872,541.));
#3842=CARTESIAN_POINT('',(-36.7671550004914,64.5975545494657,535.960100553288));
#3843=CARTESIAN_POINT('',(-37.5307276961974,65.9201012537008,537.383246796181));
#3844=CARTESIAN_POINT('',(-36.9396176106044,64.7700171595787,535.758807235089));
#3845=CARTESIAN_POINT('Ctrl Pts',(-37.9081483482409,65.6837702812844,536.985128466144));
#3846=CARTESIAN_POINT('Ctrl Pts',(-37.5725337655125,65.8775374509675,536.985128466143));
#3847=CARTESIAN_POINT('Ctrl Pts',(-37.4271746620632,65.7407421373024,537.190244725394));
#3848=CARTESIAN_POINT('Ctrl Pts',(-11.7255668938713,20.3342089290057,488.186051920346));
#3849=CARTESIAN_POINT('Ctrl Pts',(-11.3899523111429,20.5279760986888,488.186051920345));
#3850=CARTESIAN_POINT('Ctrl Pts',(-11.2445932076936,20.3911807850236,488.391168179595));
#3851=CARTESIAN_POINT('',(-37.9081483482424,65.6837702812836,536.985128466144));
#3852=CARTESIAN_POINT('',(-38.0283482611904,65.8919626375783,537.209156977754));
#3853=CARTESIAN_POINT('',(-37.6540601785607,65.6568104515836,536.895190640775));
#3854=CARTESIAN_POINT('Ctrl Pts',(-37.6540601785607,65.6568104515836,536.895190640775));
#3855=CARTESIAN_POINT('Ctrl Pts',(-37.6810998014956,65.6825792534724,536.923144322157));
#3856=CARTESIAN_POINT('Ctrl Pts',(-37.7594099959934,65.7247425667624,536.968842293752));
#3857=CARTESIAN_POINT('Ctrl Pts',(-37.863922622256,65.70815282399,536.984199397985));
#3858=CARTESIAN_POINT('Ctrl Pts',(-37.9081483482439,65.6837702812827,536.985128466144));
#3859=CARTESIAN_POINT('',(-37.6043391365298,65.6094546399074,536.84443009947));
#3860=CARTESIAN_POINT('Ctrl Pts',(-37.6043391365297,65.6094546399074,536.84443009947));
#3861=CARTESIAN_POINT('Ctrl Pts',(-37.6209964787403,65.6253095930683,536.86121442899));
#3862=CARTESIAN_POINT('Ctrl Pts',(-37.6375671251204,65.6410925465023,536.878140049423));
#3863=CARTESIAN_POINT('Ctrl Pts',(-37.6540601785607,65.6568104515836,536.895190640775));
#3864=CARTESIAN_POINT('Ctrl Pts',(-36.7671550004914,64.5975545494657,535.960100553288));
#3865=CARTESIAN_POINT('Ctrl Pts',(-36.7691310652195,64.6006468735093,535.962415888374));
#3866=CARTESIAN_POINT('Ctrl Pts',(-36.771109217432,64.6037369332019,535.964731977145));
#3867=CARTESIAN_POINT('Ctrl Pts',(-37.0127007836257,64.9796192144162,536.246692809931));
#3868=CARTESIAN_POINT('Ctrl Pts',(-37.2980158119965,65.3178869995827,536.535771517958));
#3869=CARTESIAN_POINT('Ctrl Pts',(-37.6043391365298,65.6094546399074,536.84443009947));
#3870=CARTESIAN_POINT('Origin',(-11.1,19.2257639640145,487.));
#3871=CARTESIAN_POINT('',(-37.9297395058132,65.6713046206479,536.985128466164));
#3872=CARTESIAN_POINT('',(-38.0499394187627,65.8794969769419,537.209156977754));
#3873=CARTESIAN_POINT('',(-37.9260409289397,65.6734933128497,536.985171496267));
#3874=CARTESIAN_POINT('Origin',(-37.8260409289397,65.5002882320929,536.798791567952));
#3875=CARTESIAN_POINT('',(-37.9118930997255,65.681661565855,536.985171496267));
#3876=CARTESIAN_POINT('',(-37.9189670143326,65.6775774393524,536.985171496267));
#3877=CARTESIAN_POINT('Origin',(-37.8118930997255,65.5084564850981,536.798791567952));
#3878=CARTESIAN_POINT('Ctrl Pts',(-38.2195654235193,65.2832551178838,537.190244725403));
#3879=CARTESIAN_POINT('Ctrl Pts',(-38.265354088546,65.4775374509748,536.985128466153));
#3880=CARTESIAN_POINT('Ctrl Pts',(-37.9297395058181,65.6713046206566,536.985128466153));
#3881=CARTESIAN_POINT('Ctrl Pts',(-12.0370097291832,19.9337383832917,488.391216191136));
#3882=CARTESIAN_POINT('Ctrl Pts',(-12.0827983942098,20.1280207163828,488.186099931887));
#3883=CARTESIAN_POINT('Ctrl Pts',(-11.747183811482,20.3217878860645,488.186099931887));
#3884=CARTESIAN_POINT('',(-37.5595457619426,64.1400675300385,535.960100553288));
#3885=CARTESIAN_POINT('',(-38.3231184576486,65.4626142342736,537.383246796181));
#3886=CARTESIAN_POINT('',(-38.0172848783198,65.3710403046399,536.844430099414));
#3887=CARTESIAN_POINT('Ctrl Pts',(-38.0172848783198,65.3710403046398,536.844430099414));
#3888=CARTESIAN_POINT('Ctrl Pts',(-37.9179415571452,64.9599727036914,536.535771517929));
#3889=CARTESIAN_POINT('Ctrl Pts',(-37.7676505792421,64.5437487452115,536.246692810688));
#3890=CARTESIAN_POINT('Ctrl Pts',(-37.5629227548335,64.1465831742623,535.964731977149));
#3891=CARTESIAN_POINT('Ctrl Pts',(-37.5612357607572,64.1433250143157,535.962415888372));
#3892=CARTESIAN_POINT('Ctrl Pts',(-37.5595457619426,64.1400675300385,535.960100553288));
#3893=CARTESIAN_POINT('',(-38.0334356932505,65.4377778960527,536.895190640775));
#3894=CARTESIAN_POINT('Ctrl Pts',(-38.03343569325,65.4377778960508,536.895190640773));
#3895=CARTESIAN_POINT('Ctrl Pts',(-38.0280701148698,65.4156355402214,536.878140049403));
#3896=CARTESIAN_POINT('Ctrl Pts',(-38.0226869994335,65.3933934627583,536.861214428952));
#3897=CARTESIAN_POINT('Ctrl Pts',(-38.0172848783198,65.3710403046399,536.844430099414));
#3898=CARTESIAN_POINT('Ctrl Pts',(-37.9297395058128,65.6713046206481,536.985128466144));
#3899=CARTESIAN_POINT('Ctrl Pts',(-37.9729683490934,65.6451952421446,536.984199396289));
#3900=CARTESIAN_POINT('Ctrl Pts',(-38.0395933425969,65.5629754421769,536.968840719002));
#3901=CARTESIAN_POINT('Ctrl Pts',(-38.0422323348981,65.4740793636184,536.923144373173));
#3902=CARTESIAN_POINT('Ctrl Pts',(-38.0334356932505,65.4377778960527,536.895190640775));
#3903=CARTESIAN_POINT('Origin',(-38.3231184576486,65.4626142342736,537.383246796181));
#3904=CARTESIAN_POINT('',(-37.1800692276327,62.7238418237137,537.170163887237));
#3905=CARTESIAN_POINT('',(-32.1376524137346,53.9901197091026,527.772111044126));
#3906=CARTESIAN_POINT('',(-37.8632533631092,65.2735197282371,534.991646909424));
#3907=CARTESIAN_POINT('Origin',(-24.8028981231567,56.9598797242622,528.947655577187));
#3908=CARTESIAN_POINT('',(-36.7735181673303,61.6936018388732,538.345708420298));
#3909=CARTESIAN_POINT('',(-31.7311013534322,52.9598797242622,528.947655577187));
#3910=CARTESIAN_POINT('Origin',(-29.8453149370548,65.6936018388732,538.345708420298));
#3911=CARTESIAN_POINT('Origin',(-22.0755762623259,36.23601969271,526.07849629595));
#3912=CARTESIAN_POINT('',(-36.7735181673303,61.6936018388732,550.));
#3913=CARTESIAN_POINT('',(-38.7929484807074,65.1913577439872,550.));
#3914=CARTESIAN_POINT('',(-36.7735181673303,61.6936018388732,528.808872221962));
#3915=CARTESIAN_POINT('Origin',(25.7184758490856,5.,485.));
#3916=CARTESIAN_POINT('',(25.7184758490856,1.,495.388387573393));
#3917=CARTESIAN_POINT('Origin',(25.7184758490856,5.,495.388387573393));
#3918=CARTESIAN_POINT('',(25.7184758490856,1.,550.));
#3919=CARTESIAN_POINT('Origin',(25.7184758490856,5.,550.));
#3920=CARTESIAN_POINT('',(25.7184758490856,1.,485.));
#3921=CARTESIAN_POINT('Ctrl Pts',(21.7919909866298,4.23664122137405,495.388387573393));
#3922=CARTESIAN_POINT('Ctrl Pts',(21.7919909866298,4.23664122137405,494.300303419119));
#3923=CARTESIAN_POINT('Ctrl Pts',(21.8053703956123,4.16967164531146,493.211912812567));
#3924=CARTESIAN_POINT('Ctrl Pts',(21.8312562427556,4.029423142727,492.13692562583));
#3925=CARTESIAN_POINT('Ctrl Pts',(21.9924677347376,3.20544994047127,495.388387573393));
#3926=CARTESIAN_POINT('Ctrl Pts',(21.9867829086219,3.23991078401634,494.352375298286));
#3927=CARTESIAN_POINT('Ctrl Pts',(21.9886713373109,3.20643682015339,493.312744306882));
#3928=CARTESIAN_POINT('Ctrl Pts',(22.0024486786584,3.1019092523675,492.284602393851));
#3929=CARTESIAN_POINT('Ctrl Pts',(23.0911165956257,1.55864676089043,495.388387573393));
#3930=CARTESIAN_POINT('Ctrl Pts',(23.0216936903564,1.63956858845981,494.442494750192));
#3931=CARTESIAN_POINT('Ctrl Pts',(22.9633016960237,1.6552828365651,493.488411657924));
#3932=CARTESIAN_POINT('Ctrl Pts',(22.9158831079656,1.59964340721365,492.541868885941));
#3933=CARTESIAN_POINT('Ctrl Pts',(24.9306022290219,1.,495.388387573393));
#3934=CARTESIAN_POINT('Ctrl Pts',(24.7752812977426,1.03583423424579,494.4870745386));
#3935=CARTESIAN_POINT('Ctrl Pts',(24.6346479078817,1.01426359047857,493.583195878972));
#3936=CARTESIAN_POINT('Ctrl Pts',(24.5080974877393,0.930876167318263,492.690089670318));
#3937=CARTESIAN_POINT('Ctrl Pts',(25.7184758490856,1.,495.388387573393));
#3938=CARTESIAN_POINT('Ctrl Pts',(25.5375786134343,1.,494.494420068145));
#3939=CARTESIAN_POINT('Ctrl Pts',(25.3699741629432,0.947309222437237,493.602825935818));
#3940=CARTESIAN_POINT('Ctrl Pts',(25.2170711616263,0.836963553737164,492.724697892361));
#3941=CARTESIAN_POINT('',(25.2170711616263,0.836963553737159,492.724697892361));
#3942=CARTESIAN_POINT('Origin',(25.764815926135,4.75544533060574,492.13692562583));
#3943=CARTESIAN_POINT('Ctrl Pts',(25.7184758490856,1.,495.388387573393));
#3944=CARTESIAN_POINT('Ctrl Pts',(25.5375786134343,1.,494.494420068145));
#3945=CARTESIAN_POINT('Ctrl Pts',(25.3699741629432,0.947309222437237,493.602825935818));
#3946=CARTESIAN_POINT('Ctrl Pts',(25.2170711616263,0.836963553737164,492.724697892361));
#3947=CARTESIAN_POINT('Ctrl Pts',(21.8312562427556,4.029423142727,492.13692562583));
#3948=CARTESIAN_POINT('Ctrl Pts',(21.8510125616214,3.92238418347774,491.316485424658));
#3949=CARTESIAN_POINT('Ctrl Pts',(21.8699816459739,3.81519992342462,490.494036207974));
#3950=CARTESIAN_POINT('Ctrl Pts',(21.8881614438426,3.70788195716667,489.669666943774));
#3951=CARTESIAN_POINT('Ctrl Pts',(22.0024486786584,3.1019092523675,492.284602393851));
#3952=CARTESIAN_POINT('Ctrl Pts',(22.0182384506554,2.99038625991547,491.464502527858));
#3953=CARTESIAN_POINT('Ctrl Pts',(22.0334472268128,2.87880989678355,490.642382832706));
#3954=CARTESIAN_POINT('Ctrl Pts',(22.0475382551276,2.76705767632132,489.818361428073));
#3955=CARTESIAN_POINT('Ctrl Pts',(22.9151695218043,1.59929031292826,492.541902973422));
#3956=CARTESIAN_POINT('Ctrl Pts',(22.9297915063141,1.47803518294889,491.722364095508));
#3957=CARTESIAN_POINT('Ctrl Pts',(22.9434233288583,1.35660952792167,490.900830297589));
#3958=CARTESIAN_POINT('Ctrl Pts',(22.9561940764359,1.23507504930558,490.077381465641));
#3959=CARTESIAN_POINT('Ctrl Pts',(24.5080974877393,0.930876167318264,492.690089670318));
#3960=CARTESIAN_POINT('Ctrl Pts',(24.5286683834597,0.804980457906548,491.870083293431));
#3961=CARTESIAN_POINT('Ctrl Pts',(24.5482749085168,0.67897620492187,491.048063194937));
#3962=CARTESIAN_POINT('Ctrl Pts',(24.566986494728,0.552751270967226,490.224135672484));
#3963=CARTESIAN_POINT('Ctrl Pts',(25.2170711616263,0.836963553737166,492.724697892361));
#3964=CARTESIAN_POINT('Ctrl Pts',(25.240387177585,0.710638295524079,491.904257691188));
#3965=CARTESIAN_POINT('Ctrl Pts',(25.2627741149739,0.584141556182099,491.081808474504));
#3966=CARTESIAN_POINT('Ctrl Pts',(25.2842295520983,0.457487019427226,490.257439210304));
#3967=CARTESIAN_POINT('Origin',(-0.547744764508733,-3.91848177686857,437.011506294782));
#3968=CARTESIAN_POINT('Ctrl Pts',(21.8881614438426,-3.70788195716667,489.669666943774));
#3969=CARTESIAN_POINT('Ctrl Pts',(21.8699816459739,-3.81519992342462,490.494036207974));
#3970=CARTESIAN_POINT('Ctrl Pts',(21.8510125616214,-3.92238418347775,491.316485424658));
#3971=CARTESIAN_POINT('Ctrl Pts',(21.8312562427556,-4.02942314272701,492.136925625831));
#3972=CARTESIAN_POINT('Ctrl Pts',(22.0475382551276,-2.76705767632132,489.818361428073));
#3973=CARTESIAN_POINT('Ctrl Pts',(22.0334472268128,-2.87880989678355,490.642382832706));
#3974=CARTESIAN_POINT('Ctrl Pts',(22.0182384506554,-2.99038625991547,491.464502527858));
#3975=CARTESIAN_POINT('Ctrl Pts',(22.0024486786584,-3.10190925236751,492.284602393851));
#3976=CARTESIAN_POINT('Ctrl Pts',(22.9561940764359,-1.23507504930558,490.077381465641));
#3977=CARTESIAN_POINT('Ctrl Pts',(22.9434233288583,-1.35660952792168,490.900830297588));
#3978=CARTESIAN_POINT('Ctrl Pts',(22.9297915063141,-1.4780351829489,491.722364095508));
#3979=CARTESIAN_POINT('Ctrl Pts',(22.9151695218043,-1.59929031292827,492.541902973423));
#3980=CARTESIAN_POINT('Ctrl Pts',(24.566986494728,-0.552751270967226,490.224135672484));
#3981=CARTESIAN_POINT('Ctrl Pts',(24.5482749085168,-0.678976204921876,491.048063194937));
#3982=CARTESIAN_POINT('Ctrl Pts',(24.5286683834597,-0.804980457906554,491.870083293431));
#3983=CARTESIAN_POINT('Ctrl Pts',(24.5080974877393,-0.930876167318276,492.690089670318));
#3984=CARTESIAN_POINT('Ctrl Pts',(25.2842295520983,-0.457487019427226,490.257439210304));
#3985=CARTESIAN_POINT('Ctrl Pts',(25.2627741149739,-0.584141556182105,491.081808474504));
#3986=CARTESIAN_POINT('Ctrl Pts',(25.240387177585,-0.710638295524086,491.904257691189));
#3987=CARTESIAN_POINT('Ctrl Pts',(25.2170711616263,-0.836963553737178,492.724697892361));
#3988=CARTESIAN_POINT('',(25.2170711616263,-0.836963553737157,492.724697892361));
#3989=CARTESIAN_POINT('Origin',(25.764815926135,-4.75544533060574,492.13692562583));
#3990=CARTESIAN_POINT('Origin',(-0.547744764508733,3.91848177686857,437.011506294782));
#3991=CARTESIAN_POINT('Ctrl Pts',(21.8312562427556,-4.02942314272702,492.136925625831));
#3992=CARTESIAN_POINT('Ctrl Pts',(21.8053703956123,-4.16967164531149,493.211912812567));
#3993=CARTESIAN_POINT('Ctrl Pts',(21.7919909866298,-4.23664122137405,494.300303419119));
#3994=CARTESIAN_POINT('Ctrl Pts',(21.7919909866298,-4.23664122137405,495.388387573393));
#3995=CARTESIAN_POINT('Ctrl Pts',(22.0024486786584,-3.10190925236751,492.284602393851));
#3996=CARTESIAN_POINT('Ctrl Pts',(21.9886713373108,-3.20643682015345,493.312744306883));
#3997=CARTESIAN_POINT('Ctrl Pts',(21.9867829086219,-3.23991078401633,494.352375298286));
#3998=CARTESIAN_POINT('Ctrl Pts',(21.9924677347376,-3.20544994047126,495.388387573393));
#3999=CARTESIAN_POINT('Ctrl Pts',(22.9158831079656,-1.59964340721365,492.541868885941));
#4000=CARTESIAN_POINT('Ctrl Pts',(22.9633016960237,-1.65528283656524,493.488411657925));
#4001=CARTESIAN_POINT('Ctrl Pts',(23.0216936903564,-1.63956858845979,494.442494750191));
#4002=CARTESIAN_POINT('Ctrl Pts',(23.0911165956257,-1.55864676089041,495.388387573393));
#4003=CARTESIAN_POINT('Ctrl Pts',(24.5080974877393,-0.930876167318257,492.690089670318));
#4004=CARTESIAN_POINT('Ctrl Pts',(24.6346479078816,-1.01426359047876,493.583195878974));
#4005=CARTESIAN_POINT('Ctrl Pts',(24.7752812977426,-1.03583423424578,494.487074538599));
#4006=CARTESIAN_POINT('Ctrl Pts',(24.9306022290219,-0.999999999999995,495.388387573393));
#4007=CARTESIAN_POINT('Ctrl Pts',(25.2170711616263,-0.836963553737159,492.724697892361));
#4008=CARTESIAN_POINT('Ctrl Pts',(25.3699741629432,-0.947309222437446,493.602825935819));
#4009=CARTESIAN_POINT('Ctrl Pts',(25.5375786134344,-1.,494.494420068144));
#4010=CARTESIAN_POINT('Ctrl Pts',(25.7184758490856,-0.999999999999999,495.388387573393));
#4011=CARTESIAN_POINT('',(25.7184758490856,-1.,495.388387573393));
#4012=CARTESIAN_POINT('Origin',(25.7184758490856,-5.,495.388387573393));
#4013=CARTESIAN_POINT('Ctrl Pts',(25.2170711616263,-0.836963553737159,492.724697892361));
#4014=CARTESIAN_POINT('Ctrl Pts',(25.3699741629432,-0.947309222437446,493.602825935819));
#4015=CARTESIAN_POINT('Ctrl Pts',(25.5375786134344,-1.,494.494420068144));
#4016=CARTESIAN_POINT('Ctrl Pts',(25.7184758490856,-0.999999999999999,495.388387573393));
#4017=CARTESIAN_POINT('Origin',(25.7184758490856,-5.,485.));
#4018=CARTESIAN_POINT('',(25.7184758490856,-1.,550.));
#4019=CARTESIAN_POINT('Origin',(25.7184758490856,-5.,550.));
#4020=CARTESIAN_POINT('',(25.7184758490856,-1.,485.));
#4021=CARTESIAN_POINT('Origin',(42.419101717083,-1.,526.07849629595));
#4022=CARTESIAN_POINT('',(71.8149855270917,-1.,538.345708420298));
#4023=CARTESIAN_POINT('',(62.6320959089112,-1.,529.78817687647));
#4024=CARTESIAN_POINT('',(71.8149855270917,-1.,550.));
#4025=CARTESIAN_POINT('',(71.8149855270917,-1.,528.808872221962));
#4026=CARTESIAN_POINT('',(75.853846153846,-1.,550.));
#4027=CARTESIAN_POINT('Origin',(62.6320959089112,7.,529.78817687647));
#4028=CARTESIAN_POINT('',(72.9104750561092,-0.836963553737153,537.170163887237));
#4029=CARTESIAN_POINT('',(63.7275854379286,-0.836963553737152,528.61263234341));
#4030=CARTESIAN_POINT('Origin',(71.8149855270917,7.,538.345708420298));
#4031=CARTESIAN_POINT('Origin',(75.853846153846,-1.,541.));
#4032=CARTESIAN_POINT('',(74.3267007624341,-0.457487019427215,535.960100553288));
#4033=CARTESIAN_POINT('',(75.853846153846,-0.457487019427215,537.383246796181));
#4034=CARTESIAN_POINT('',(74.5622890690513,-0.394361322922901,535.758807235089));
#4035=CARTESIAN_POINT('Ctrl Pts',(75.8378878540541,-0.0124656606364618,
536.985128466144));
#4036=CARTESIAN_POINT('Ctrl Pts',(75.8378878540549,-0.400000000001363,536.985128466143));
#4037=CARTESIAN_POINT('Ctrl Pts',(75.6467400855775,-0.457487019427225,537.190244725394));
#4038=CARTESIAN_POINT('Ctrl Pts',(23.4727249757192,-0.0124656606364679,
488.186051948679));
#4039=CARTESIAN_POINT('Ctrl Pts',(23.4727249757199,-0.400000000001369,488.186051948678));
#4040=CARTESIAN_POINT('Ctrl Pts',(23.2815772072425,-0.457487019427225,488.391168207929));
#4041=CARTESIAN_POINT('',(75.8378878540541,-0.0124656606347219,536.985128466144));
#4042=CARTESIAN_POINT('',(76.0782876799531,-0.0124656606364619,537.209156977754));
#4043=CARTESIAN_POINT('',(75.6874958718114,-0.2190325555302,536.895190640775));
#4044=CARTESIAN_POINT('Ctrl Pts',(75.6874958718114,-0.219032555530205,536.895190640775));
#4045=CARTESIAN_POINT('Ctrl Pts',(75.7233321203397,-0.208499956104278,536.923144322157));
#4046=CARTESIAN_POINT('Ctrl Pts',(75.7990017181867,-0.16176299576402,536.968842293921));
#4047=CARTESIAN_POINT('Ctrl Pts',(75.8368908924535,-0.0629575341929519,
536.984199397985));
#4048=CARTESIAN_POINT('Ctrl Pts',(75.8378878540541,-0.012465660632982,536.985128466144));
#4049=CARTESIAN_POINT('',(75.6216240148675,-0.238414335193531,536.84443009947));
#4050=CARTESIAN_POINT('Ctrl Pts',(75.6216240148675,-0.23841433519354,536.84443009947));
#4051=CARTESIAN_POINT('Ctrl Pts',(75.6436834781859,-0.231916130260099,536.86121442899));
#4052=CARTESIAN_POINT('Ctrl Pts',(75.6656372399966,-0.225457006254826,536.878140049423));
#4053=CARTESIAN_POINT('Ctrl Pts',(75.6874958718114,-0.2190325555302,536.895190640775));
#4054=CARTESIAN_POINT('Ctrl Pts',(74.3267007624341,-0.457487019427217,535.960100553288));
#4055=CARTESIAN_POINT('Ctrl Pts',(74.3303668259766,-0.457321859194943,535.962415888374));
#4056=CARTESIAN_POINT('Ctrl Pts',(74.3340319722849,-0.457153758941091,535.96473197714));
#4057=CARTESIAN_POINT('Ctrl Pts',(74.7803513581171,-0.435870471575499,536.246692810889));
#4058=CARTESIAN_POINT('Ctrl Pts',(75.2159573691582,-0.357914295848673,536.535771517958));
#4059=CARTESIAN_POINT('Ctrl Pts',(75.6216240148675,-0.238414335193531,536.84443009947));
#4060=CARTESIAN_POINT('Origin',(22.2,0.,487.));
#4061=CARTESIAN_POINT('',(75.8378878540541,0.012465660636454,536.985128466164));
#4062=CARTESIAN_POINT('',(76.0782876799531,0.012465660636454,537.209156977754));
#4063=CARTESIAN_POINT('',(75.8379340286652,0.00816825300525827,536.985171496267));
#4064=CARTESIAN_POINT('Origin',(75.6379340286652,0.00816825300525827,536.798791567952));
#4065=CARTESIAN_POINT('',(75.8379340286652,-0.00816825300525827,536.985171496267));
#4066=CARTESIAN_POINT('',(75.8379340286652,0.,536.985171496267));
#4067=CARTESIAN_POINT('Origin',(75.6379340286652,-0.00816825300525827,536.798791567952));
#4068=CARTESIAN_POINT('Ctrl Pts',(75.6467400855875,0.457487019427221,537.190244725403));
#4069=CARTESIAN_POINT('Ctrl Pts',(75.8378878540641,0.400000000000199,536.985128466153));
#4070=CARTESIAN_POINT('Ctrl Pts',(75.837887854064,0.0124656606364585,536.985128466153));
#4071=CARTESIAN_POINT('Ctrl Pts',(23.2816289012799,0.457487019427221,488.391216381584));
#4072=CARTESIAN_POINT('Ctrl Pts',(23.4727766697566,0.400000000000199,488.186100122334));
#4073=CARTESIAN_POINT('Ctrl Pts',(23.4727766697565,0.0124656606364585,488.186100122334));
#4074=CARTESIAN_POINT('',(74.3267007624341,0.457487019427216,535.960100553288));
#4075=CARTESIAN_POINT('',(75.853846153846,0.457487019427216,537.383246796181));
#4076=CARTESIAN_POINT('',(75.6216240147945,0.238414335215026,536.844430099414));
#4077=CARTESIAN_POINT('Ctrl Pts',(75.6216240147944,0.238414335215057,536.844430099414));
#4078=CARTESIAN_POINT('Ctrl Pts',(75.215957369113,0.357914295855716,536.535771517929));
#4079=CARTESIAN_POINT('Ctrl Pts',(74.7803513580804,0.435870471583337,536.246692810922));
#4080=CARTESIAN_POINT('Ctrl Pts',(74.3340319723015,0.457153758939921,535.964731977148));
#4081=CARTESIAN_POINT('Ctrl Pts',(74.3303668259778,0.45732185919439,535.962415888372));
#4082=CARTESIAN_POINT('Ctrl Pts',(74.3267007624341,0.457487019427207,535.960100553288));
#4083=CARTESIAN_POINT('',(75.6874958718107,0.219032555530417,536.895190640775));
#4084=CARTESIAN_POINT('Ctrl Pts',(75.6874958718088,0.21903255553096,536.895190640773));
#4085=CARTESIAN_POINT('Ctrl Pts',(75.6656372399708,0.225457006262405,536.878140049403));
#4086=CARTESIAN_POINT('Ctrl Pts',(75.6436834781366,0.231916130274593,536.861214428952));
#4087=CARTESIAN_POINT('Ctrl Pts',(75.6216240147945,0.238414335215026,536.844430099414));
#4088=CARTESIAN_POINT('Ctrl Pts',(75.8378878540541,0.0124656606360735,536.985128466144));
#4089=CARTESIAN_POINT('Ctrl Pts',(75.8368908906333,0.0629576263451117,536.984199396289));
#4090=CARTESIAN_POINT('Ctrl Pts',(75.7989989522916,0.161766464896308,536.968840719349));
#4091=CARTESIAN_POINT('Ctrl Pts',(75.7233321857411,0.208499936882368,536.923144373173));
#4092=CARTESIAN_POINT('Ctrl Pts',(75.6874958718107,0.219032555530417,536.895190640775));
#4093=CARTESIAN_POINT('Origin',(75.853846153846,0.457487019427215,537.383246796181));
#4094=CARTESIAN_POINT('',(72.9104750561092,0.836963553737148,537.170163887237));
#4095=CARTESIAN_POINT('',(62.825641428313,0.836963553737148,527.772111044126));
#4096=CARTESIAN_POINT('',(75.4601529606327,0.153779418260624,534.991646909424));
#4097=CARTESIAN_POINT('Origin',(61.7301518992956,-7.,528.947655577187));
#4098=CARTESIAN_POINT('',(71.8149855270917,1.,538.345708420298));
#4099=CARTESIAN_POINT('',(61.7301518992956,1.,528.947655577187));
#4100=CARTESIAN_POINT('Origin',(71.8149855270917,-7.,538.345708420298));
#4101=CARTESIAN_POINT('Origin',(42.419101717083,1.,526.07849629595));
#4102=CARTESIAN_POINT('',(71.8149855270917,1.,550.));
#4103=CARTESIAN_POINT('',(75.853846153846,1.,550.));
#4104=CARTESIAN_POINT('',(71.8149855270917,1.,528.808872221962));
#4105=CARTESIAN_POINT('Origin',(-8.52911090562063,-24.7728534319247,485.));
#4106=CARTESIAN_POINT('',(-11.9932125207584,-22.7728534319247,495.388387573393));
#4107=CARTESIAN_POINT('Origin',(-8.52911090562063,-24.7728534319247,495.388387573393));
#4108=CARTESIAN_POINT('',(-11.9932125207584,-22.7728534319247,550.));
#4109=CARTESIAN_POINT('Origin',(-8.52911090562063,-24.7728534319247,550.));
#4110=CARTESIAN_POINT('',(-11.9932125207584,-22.7728534319247,485.));
#4111=CARTESIAN_POINT('Ctrl Pts',(-7.22695656888465,-20.9907384041499,495.388387573393));
#4112=CARTESIAN_POINT('Ctrl Pts',(-7.22695656888465,-20.9907384041499,494.300303419119));
#4113=CARTESIAN_POINT('Ctrl Pts',(-7.29164362752678,-20.9688405241851,493.211912812566));
#4114=CARTESIAN_POINT('Ctrl Pts',(-7.42604531717931,-20.9211340741175,492.13692562583));
#4115=CARTESIAN_POINT('Ctrl Pts',(-8.22023278836138,-20.648760720428,495.388387573393));
#4116=CARTESIAN_POINT('Ctrl Pts',(-8.18754640935767,-20.6610679383683,494.352375298287));
#4117=CARTESIAN_POINT('Ctrl Pts',(-8.21747992677281,-20.6459663836546,493.312744306882));
#4118=CARTESIAN_POINT('Ctrl Pts',(-8.31489212654497,-20.6056341273653,492.284602393851));
#4119=CARTESIAN_POINT('Ctrl Pts',(-10.1957301944286,-20.7768190681434,495.388387573393));
#4120=CARTESIAN_POINT('Ctrl Pts',(-10.0909383833982,-20.7571579823603,494.442494750192));
#4121=CARTESIAN_POINT('Ctrl Pts',(-10.0481336671047,-20.7144455085596,493.488411552478));
#4122=CARTESIAN_POINT('Ctrl Pts',(-10.0726095323461,-20.6455600920139,492.541868780495));
#4123=CARTESIAN_POINT('Ctrl Pts',(-11.5992757107265,-22.0905348619779,495.388387573393));
#4124=CARTESIAN_POINT('Ctrl Pts',(-11.4905818879048,-21.9739401068734,494.4870745386));
#4125=CARTESIAN_POINT('Ctrl Pts',(-11.4389459184528,-21.84136269675,493.583195878972));
#4126=CARTESIAN_POINT('Ctrl Pts',(-11.4478863351945,-21.6900731064669,492.690089670318));
#4127=CARTESIAN_POINT('Ctrl Pts',(-11.9932125207584,-22.7728534319247,495.388387573393));
#4128=CARTESIAN_POINT('Ctrl Pts',(-11.9027639029327,-22.6161918303763,494.494420068146));
#4129=CARTESIAN_POINT('Ctrl Pts',(-11.8645932296017,-22.4446967296823,493.602825935818));
#4130=CARTESIAN_POINT('Ctrl Pts',(-11.8837038812351,-22.2571060118769,492.724697892361));
#4131=CARTESIAN_POINT('',(-11.8837038812351,-22.2571060118769,492.724697892361));
#4132=CARTESIAN_POINT('Origin',(-8.76407150045486,-24.6907077811657,492.13692562583));
#4133=CARTESIAN_POINT('Ctrl Pts',(-11.9932125207584,-22.7728534319247,495.388387573393));
#4134=CARTESIAN_POINT('Ctrl Pts',(-11.9027639029327,-22.6161918303763,494.494420068146));
#4135=CARTESIAN_POINT('Ctrl Pts',(-11.8645932296017,-22.4446967296823,493.602825935818));
#4136=CARTESIAN_POINT('Ctrl Pts',(-11.8837038812351,-22.2571060118769,492.724697892361));
#4137=CARTESIAN_POINT('Ctrl Pts',(-7.42604531717933,-20.9211340741175,492.13692562583));
#4138=CARTESIAN_POINT('Ctrl Pts',(-7.52862193451672,-20.8847240685159,491.316485424658));
#4139=CARTESIAN_POINT('Ctrl Pts',(-7.63093076878478,-20.8475596474251,490.494036207974));
#4140=CARTESIAN_POINT('Ctrl Pts',(-7.73296075278102,-20.8096448310861,489.669666943774));
#4141=CARTESIAN_POINT('Ctrl Pts',(-8.31489212654499,-20.6056341273653,492.284602393851));
#4142=CARTESIAN_POINT('Ctrl Pts',(-8.41936875711301,-20.5635469748086,491.464502527858));
#4143=CARTESIAN_POINT('Ctrl Pts',(-8.52360111012581,-20.5209299797555,490.642382832706));
#4144=CARTESIAN_POINT('Ctrl Pts',(-8.62742688613281,-20.4772570580104,489.818361428073));
#4145=CARTESIAN_POINT('Ctrl Pts',(-10.0725585221197,-20.6447650354122,492.54190289466));
#4146=CARTESIAN_POINT('Ctrl Pts',(-10.184879537276,-20.5968004804618,491.722364016746));
#4147=CARTESIAN_POINT('Ctrl Pts',(-10.2968531495491,-20.5478932021927,490.900830214774));
#4148=CARTESIAN_POINT('Ctrl Pts',(-10.4084904692551,-20.4981857547122,490.077381382826));
#4149=CARTESIAN_POINT('Ctrl Pts',(-11.4478863351946,-21.6900731064669,492.690089670318));
#4150=CARTESIAN_POINT('Ctrl Pts',(-11.5672006656328,-21.6449401700335,491.870083293431));
#4151=CARTESIAN_POINT('Ctrl Pts',(-11.686126812231,-21.5989177923206,491.048063194937));
#4152=CARTESIAN_POINT('Ctrl Pts',(-11.8047966047323,-21.5520100343473,490.224135672484));
#4153=CARTESIAN_POINT('Ctrl Pts',(-11.8837038812351,-22.2571060118769,492.724697892361));
#4154=CARTESIAN_POINT('Ctrl Pts',(-12.0047627719666,-22.2141356449056,491.904257691188));
#4155=CARTESIAN_POINT('Ctrl Pts',(-12.1255056304271,-22.1702749317264,491.081808474504));
#4156=CARTESIAN_POINT('Ctrl Pts',(-12.2459193953236,-22.125528616948,490.257439210304));
#4157=CARTESIAN_POINT('Origin',(-3.1196323807802,2.43360176928877,437.011506294782));
#4158=CARTESIAN_POINT('Ctrl Pts',(-11.0950152775755,-19.2384949079536,485.521137635108));
#4159=CARTESIAN_POINT('Ctrl Pts',(-11.1011844563538,-19.2349370825097,485.521141309385));
#4160=CARTESIAN_POINT('Ctrl Pts',(-11.1073519254718,-19.2313762925542,485.521141309385));
#4161=CARTESIAN_POINT('Ctrl Pts',(-11.1135176820776,-19.2278125397336,485.521137635108));
#4162=CARTESIAN_POINT('Ctrl Pts',(-11.1274792967946,-19.295677937333,486.526047781352));
#4163=CARTESIAN_POINT('Ctrl Pts',(-11.1339232795239,-19.2919617682568,486.526051414781));
#4164=CARTESIAN_POINT('Ctrl Pts',(-11.1403673403866,-19.288241287983,486.526051414781));
#4165=CARTESIAN_POINT('Ctrl Pts',(-11.146807628576,-19.284518719776,486.526047781352));
#4166=CARTESIAN_POINT('Ctrl Pts',(-11.3578839336214,-19.6960534606577,487.499707529353));
#4167=CARTESIAN_POINT('Ctrl Pts',(-11.3647043180936,-19.6921201840557,487.499711136787));
#4168=CARTESIAN_POINT('Ctrl Pts',(-11.3715241747217,-19.6881827379956,487.499711136787));
#4169=CARTESIAN_POINT('Ctrl Pts',(-11.3783406844153,-19.68424275008,487.499707529353));
#4170=CARTESIAN_POINT('Ctrl Pts',(-11.7256879456926,-20.3344185969103,488.186277536663));
#4171=CARTESIAN_POINT('Ctrl Pts',(-11.7328869746799,-20.3302668012872,488.186281221406));
#4172=CARTESIAN_POINT('Ctrl Pts',(-11.7400840282902,-20.326111580448,488.186281221406));
#4173=CARTESIAN_POINT('Ctrl Pts',(-11.7472791032648,-20.3219529362739,488.186277536663));
#4174=CARTESIAN_POINT('',(-11.7472791032648,-20.3219529362739,488.186277536663));
#4175=CARTESIAN_POINT('Origin',(1.3635149927665,2.36167724435349,463.770509690892));
#4176=CARTESIAN_POINT('Origin',(-13.1107940960313,-22.6836301806274,485.25996459065));
#4177=CARTESIAN_POINT('Ctrl Pts',(-11.1091461424387,-19.2204805347301,485.25996459063));
#4178=CARTESIAN_POINT('Ctrl Pts',(-11.5831155518277,-18.946533407007,485.259678126324));
#4179=CARTESIAN_POINT('Ctrl Pts',(-12.5072454718206,-18.3615683450131,485.595762808231));
#4180=CARTESIAN_POINT('Ctrl Pts',(-13.6822873913401,-17.4973841448434,487.149425357397));
#4181=CARTESIAN_POINT('Ctrl Pts',(-14.0578024477997,-17.1823798074189,488.712100576418));
#4182=CARTESIAN_POINT('Ctrl Pts',(-14.1552006910617,-17.1017628739194,489.669666943775));
#4183=CARTESIAN_POINT('Ctrl Pts',(-11.1093861609,-19.220341807701,485.885209590419));
#4184=CARTESIAN_POINT('Ctrl Pts',(-11.492152905868,-18.9991009936366,485.884908680856));
#4185=CARTESIAN_POINT('Ctrl Pts',(-12.2432141783047,-18.5348332101126,486.188759126119));
#4186=CARTESIAN_POINT('Ctrl Pts',(-13.1614970054539,-17.897293115074,487.585614498663));
#4187=CARTESIAN_POINT('Ctrl Pts',(-13.3989056993222,-17.7231123413592,488.978378053012));
#4188=CARTESIAN_POINT('Ctrl Pts',(-13.4201113689948,-17.7101993816891,489.818361428073));
#4189=CARTESIAN_POINT('Ctrl Pts',(-11.2406995936949,-19.446564935065,486.978502504283));
#4190=CARTESIAN_POINT('Ctrl Pts',(-11.4697079948051,-19.3141196333632,486.978176946903));
#4191=CARTESIAN_POINT('Ctrl Pts',(-11.9334259339767,-19.0668861626726,487.225537262293));
#4192=CARTESIAN_POINT('Ctrl Pts',(-12.4825909797368,-18.8984352909871,488.347330979312));
#4193=CARTESIAN_POINT('Ctrl Pts',(-12.5769315640766,-19.072449613986,489.442235229189));
#4194=CARTESIAN_POINT('Ctrl Pts',(-12.547704138698,-19.2631099646195,490.077381402077));
#4195=CARTESIAN_POINT('Ctrl Pts',(-11.5754841434164,-20.0250052880085,487.866578473567));
#4196=CARTESIAN_POINT('Ctrl Pts',(-11.6891927258479,-19.9590480078851,487.866271803685));
#4197=CARTESIAN_POINT('Ctrl Pts',(-11.9547211270874,-19.9012499174359,488.0530773777));
#4198=CARTESIAN_POINT('Ctrl Pts',(-12.3830789637249,-20.1748859607085,488.892012789092));
#4199=CARTESIAN_POINT('Ctrl Pts',(-12.6319867521636,-20.654726728493,489.723245105162));
#4200=CARTESIAN_POINT('Ctrl Pts',(-12.7621898899959,-20.9992587633803,490.224135672484));
#4201=CARTESIAN_POINT('Ctrl Pts',(-11.7472791032648,-20.3219529362739,488.186277536643));
#4202=CARTESIAN_POINT('Ctrl Pts',(-11.8216994602133,-20.278631370248,488.185991072337));
#4203=CARTESIAN_POINT('Ctrl Pts',(-12.0224782680316,-20.2914492115756,488.346045014344));
#4204=CARTESIAN_POINT('Ctrl Pts',(-12.4493365299975,-20.7258893486808,489.06320328483));
#4205=CARTESIAN_POINT('Ctrl Pts',(-12.813017327508,-21.2949862960353,489.794179152527));
#4206=CARTESIAN_POINT('Ctrl Pts',(-13.0383101567749,-21.668041597521,490.257439210305));
#4207=CARTESIAN_POINT('',(-13.0383101567749,-21.668041597521,490.257439210305));
#4208=CARTESIAN_POINT('Ctrl Pts',(-11.7472791032648,-20.3219529362739,488.186277536643));
#4209=CARTESIAN_POINT('Ctrl Pts',(-11.8216994602133,-20.278631370248,488.185991072337));
#4210=CARTESIAN_POINT('Ctrl Pts',(-12.0224782680316,-20.2914492115756,488.346045014344));
#4211=CARTESIAN_POINT('Ctrl Pts',(-12.4493365299975,-20.7258893486808,489.06320328483));
#4212=CARTESIAN_POINT('Ctrl Pts',(-12.813017327508,-21.2949862960353,489.794179152527));
#4213=CARTESIAN_POINT('Ctrl Pts',(-13.0383101567749,-21.668041597521,490.257439210305));
#4214=CARTESIAN_POINT('Origin',(-16.7056873020638,-20.1831615899409,489.669666943775));
#4215=CARTESIAN_POINT('Ctrl Pts',(-14.1552006910616,-17.1017628739194,489.669666943774));
#4216=CARTESIAN_POINT('Ctrl Pts',(-14.2390508771891,-17.0323597240004,490.494036207974));
#4217=CARTESIAN_POINT('Ctrl Pts',(-14.3223906271047,-16.9623398850381,491.316485424658));
#4218=CARTESIAN_POINT('Ctrl Pts',(-14.4052109255763,-16.8917109313905,492.136925625831));
#4219=CARTESIAN_POINT('Ctrl Pts',(-13.4201113689949,-17.710199381689,489.818361428073));
#4220=CARTESIAN_POINT('Ctrl Pts',(-13.5098461166871,-17.6421200829719,490.642382832706));
#4221=CARTESIAN_POINT('Ctrl Pts',(-13.5988696935425,-17.5731607148932,491.464502527858));
#4222=CARTESIAN_POINT('Ctrl Pts',(-13.6875565521135,-17.5037248749978,492.284602393851));
#4223=CARTESIAN_POINT('Ctrl Pts',(-12.5477044315554,-19.2631100625607,490.077381376653));
#4224=CARTESIAN_POINT('Ctrl Pts',(-12.6465710036838,-19.1912830314251,490.900830208601));
#4225=CARTESIAN_POINT('Ctrl Pts',(-12.7449127523164,-19.1187646761742,491.722364010875));
#4226=CARTESIAN_POINT('Ctrl Pts',(-12.8426117829627,-19.0454741011453,492.541902888789));
#4227=CARTESIAN_POINT('Ctrl Pts',(-12.7621898899958,-20.99925876338,490.224135672484));
#4228=CARTESIAN_POINT('Ctrl Pts',(-12.8621480962859,-20.9199415873987,491.048063194937));
#4229=CARTESIAN_POINT('Ctrl Pts',(-12.961467717827,-20.8399597121269,491.870083293431));
#4230=CARTESIAN_POINT('Ctrl Pts',(-13.0602111525448,-20.7591969391486,492.690089670318));
#4231=CARTESIAN_POINT('Ctrl Pts',(-13.0383101567748,-21.6680415975207,490.257439210305));
#4232=CARTESIAN_POINT('Ctrl Pts',(-13.1372684845469,-21.5861333755443,491.081808474504));
#4233=CARTESIAN_POINT('Ctrl Pts',(-13.2356244056185,-21.5034973493815,491.904257691189));
#4234=CARTESIAN_POINT('Ctrl Pts',(-13.3333672803912,-21.4201424581397,492.724697892361));
#4235=CARTESIAN_POINT('',(-13.3333672803912,-21.4201424581397,492.724697892361));
#4236=CARTESIAN_POINT('Origin',(-17.0007444256802,-19.9352624505599,492.136925625831));
#4237=CARTESIAN_POINT('Origin',(3.66737714528893,-1.4848800075798,437.011506294782));
#4238=CARTESIAN_POINT('Ctrl Pts',(-14.4052109255763,-16.8917109313905,492.13692562583));
#4239=CARTESIAN_POINT('Ctrl Pts',(-14.5137267680855,-16.7991688788737,493.211912812566));
#4240=CARTESIAN_POINT('Ctrl Pts',(-14.5650344177452,-16.7540971827759,494.300303419119));
#4241=CARTESIAN_POINT('Ctrl Pts',(-14.5650344177452,-16.7540971827759,495.388387573393));
#4242=CARTESIAN_POINT('Ctrl Pts',(-13.6875565521135,-17.5037248749978,492.284602393851));
#4243=CARTESIAN_POINT('Ctrl Pts',(-13.7711914105381,-17.4395295635012,493.312744306883));
#4244=CARTESIAN_POINT('Ctrl Pts',(-13.7992364992643,-17.4211571543519,494.352375298286));
#4245=CARTESIAN_POINT('Ctrl Pts',(-13.7722349463762,-17.4433107799567,495.388387573393));
#4246=CARTESIAN_POINT('Ctrl Pts',(-12.8432748712376,-19.045915834021,492.541868771058));
#4247=CARTESIAN_POINT('Ctrl Pts',(-12.9151693245372,-19.059161821215,493.488411543042));
#4248=CARTESIAN_POINT('Ctrl Pts',(-12.9307571137358,-19.1175880418285,494.44249475019));
#4249=CARTESIAN_POINT('Ctrl Pts',(-12.8953882079747,-19.218170955181,495.388387573393));
#4250=CARTESIAN_POINT('Ctrl Pts',(-13.0602111525447,-20.7591969391487,492.690089670318));
#4251=CARTESIAN_POINT('Ctrl Pts',(-13.1957019894291,-20.8270991062712,493.583195878974));
#4252=CARTESIAN_POINT('Ctrl Pts',(-13.2846994098378,-20.9381058726277,494.487074538598));
#4253=CARTESIAN_POINT('Ctrl Pts',(-13.3313265182954,-21.0905348619779,495.388387573393));
#4254=CARTESIAN_POINT('Ctrl Pts',(-13.3333672803912,-21.4201424581397,492.724697892361));
#4255=CARTESIAN_POINT('Ctrl Pts',(-13.5053809333418,-21.4973875072449,493.60282593582));
#4256=CARTESIAN_POINT('Ctrl Pts',(-13.6348147105016,-21.6161918303763,494.494420068143));
#4257=CARTESIAN_POINT('Ctrl Pts',(-13.7252633283273,-21.7728534319247,495.388387573393));
#4258=CARTESIAN_POINT('',(-13.7252633283273,-21.7728534319247,495.388387573393));
#4259=CARTESIAN_POINT('Origin',(-17.189364943465,-19.7728534319247,495.388387573393));
#4260=CARTESIAN_POINT('Ctrl Pts',(-13.3333672803912,-21.4201424581397,492.724697892361));
#4261=CARTESIAN_POINT('Ctrl Pts',(-13.5053809333418,-21.4973875072449,493.60282593582));
#4262=CARTESIAN_POINT('Ctrl Pts',(-13.6348147105016,-21.6161918303763,494.494420068143));
#4263=CARTESIAN_POINT('Ctrl Pts',(-13.7252633283273,-21.7728534319247,495.388387573393));
#4264=CARTESIAN_POINT('Origin',(-17.189364943465,-19.7728534319247,485.));
#4265=CARTESIAN_POINT('',(-13.7252633283273,-21.7728534319247,550.));
#4266=CARTESIAN_POINT('Origin',(-17.189364943465,-19.7728534319247,550.));
#4267=CARTESIAN_POINT('',(-13.7252633283273,-21.7728534319247,485.));
#4268=CARTESIAN_POINT('Origin',(-22.075576262326,-36.23601969271,526.07849629595));
#4269=CARTESIAN_POINT('',(-36.7735181673304,-61.6936018388732,538.345708420298));
#4270=CARTESIAN_POINT('',(-32.1820733582401,-53.7409861493805,529.78817687647));
#4271=CARTESIAN_POINT('',(-36.7735181673303,-61.6936018388732,550.));
#4272=CARTESIAN_POINT('',(-36.7735181673303,-61.6936018388732,528.808872221962));
#4273=CARTESIAN_POINT('',(-38.7929484807075,-65.1913577439872,550.));
#4274=CARTESIAN_POINT('Origin',(-25.2538701279645,-57.7409861493805,529.78817687647));
#4275=CARTESIAN_POINT('',(-37.1800692276327,-62.7238418237136,537.170163887237));
#4276=CARTESIAN_POINT('',(-32.5886244185424,-54.7712261342209,528.61263234341));
#4277=CARTESIAN_POINT('Origin',(-29.8453149370548,-65.6936018388732,538.345708420298));
#4278=CARTESIAN_POINT('Origin',(-38.7929484807075,-65.1913577439872,541.));
#4279=CARTESIAN_POINT('',(-37.5595457619427,-64.1400675300385,535.960100553288));
#4280=CARTESIAN_POINT('',(-38.3231184576486,-65.4626142342735,537.383246796181));
#4281=CARTESIAN_POINT('',(-37.622671458447,-64.3756558366558,535.758807235089));
#4282=CARTESIAN_POINT('Ctrl Pts',(-37.9297395058132,-65.671304620648,536.985128466144));
#4283=CARTESIAN_POINT('Ctrl Pts',(-38.2653540885424,-65.4775374509662,536.985128466143));
#4284=CARTESIAN_POINT('Ctrl Pts',(-38.2195654235144,-65.2832551178751,537.190244725394));
#4285=CARTESIAN_POINT('Ctrl Pts',(-11.7471580514424,-20.3217432683671,488.186051920343));
#4286=CARTESIAN_POINT('Ctrl Pts',(-12.0827726341716,-20.1279760986853,488.186051920342));
#4287=CARTESIAN_POINT('Ctrl Pts',(-12.0369839691436,-19.9336937655942,488.391168179593));
#4288=CARTESIAN_POINT('',(-37.9297395058117,-65.6713046206488,536.985128466144));
#4289=CARTESIAN_POINT('',(-38.0499394187627,-65.8794969769419,537.209156977754));
#4290=CARTESIAN_POINT('',(-38.0334356932507,-65.4377778960534,536.895190640775));
#4291=CARTESIAN_POINT('Ctrl Pts',(-38.0334356932507,-65.4377778960533,536.895190640775));
#4292=CARTESIAN_POINT('Ctrl Pts',(-38.0422323188441,-65.4740792973681,536.923144322157));
#4293=CARTESIAN_POINT('Ctrl Pts',(-38.0395917211861,-65.5629795720857,536.968842293578));
#4294=CARTESIAN_POINT('Ctrl Pts',(-37.9729682701975,-65.645195289797,536.984199397985));
#4295=CARTESIAN_POINT('Ctrl Pts',(-37.9297395058102,-65.6713046206497,536.985128466144));
#4296=CARTESIAN_POINT('',(-38.0172848783378,-65.3710403047138,536.84443009947));
#4297=CARTESIAN_POINT('Ctrl Pts',(-38.0172848783377,-65.3710403047138,536.84443009947));
#4298=CARTESIAN_POINT('Ctrl Pts',(-38.0226869994456,-65.3933934628081,536.86121442899));
#4299=CARTESIAN_POINT('Ctrl Pts',(-38.0280701148762,-65.4156355402475,536.878140049423));
#4300=CARTESIAN_POINT('Ctrl Pts',(-38.0334356932507,-65.4377778960534,536.895190640775));
#4301=CARTESIAN_POINT('Ctrl Pts',(-37.5595457619427,-64.1400675300385,535.960100553288));
#4302=CARTESIAN_POINT('Ctrl Pts',(-37.5612357607571,-64.1433250143143,535.962415888374));
#4303=CARTESIAN_POINT('Ctrl Pts',(-37.5629227548263,-64.1465831742474,535.964731977141));
#4304=CARTESIAN_POINT('Ctrl Pts',(-37.7676505792541,-64.5437487452481,536.246692810657));
#4305=CARTESIAN_POINT('Ctrl Pts',(-37.9179415571617,-64.959972703734,536.535771517958));
#4306=CARTESIAN_POINT('Ctrl Pts',(-38.0172848783378,-65.3710403047138,536.84443009947));
#4307=CARTESIAN_POINT('Origin',(-11.1,-19.2257639640145,487.));
#4308=CARTESIAN_POINT('',(-37.908148348241,-65.6837702812844,536.985128466164));
#4309=CARTESIAN_POINT('',(-38.0283482611905,-65.8919626375783,537.209156977754));
#4310=CARTESIAN_POINT('',(-37.9118930997255,-65.681661565855,536.985171496267));
#4311=CARTESIAN_POINT('Origin',(-37.8118930997255,-65.5084564850981,536.798791567952));
#4312=CARTESIAN_POINT('',(-37.9260409289397,-65.6734933128497,536.985171496267));
#4313=CARTESIAN_POINT('',(-37.9189670143326,-65.6775774393523,536.985171496267));
#4314=CARTESIAN_POINT('Origin',(-37.8260409289397,-65.5002882320928,536.798791567952));
#4315=CARTESIAN_POINT('Ctrl Pts',(-37.4271746620682,-65.740742137311,537.190244725403));
#4316=CARTESIAN_POINT('Ctrl Pts',(-37.5725337655182,-65.8775374509749,536.985128466153));
#4317=CARTESIAN_POINT('Ctrl Pts',(-37.9081483482459,-65.683770281293,536.985128466153));
#4318=CARTESIAN_POINT('Ctrl Pts',(-11.2446189677402,-20.3912254027332,488.391216191152));
#4319=CARTESIAN_POINT('Ctrl Pts',(-11.3899780711902,-20.5280207163972,488.186099931902));
#4320=CARTESIAN_POINT('Ctrl Pts',(-11.725592653918,-20.3342535467152,488.186099931902));
#4321=CARTESIAN_POINT('',(-36.7671550004915,-64.5975545494657,535.960100553288));
#4322=CARTESIAN_POINT('',(-37.5307276961974,-65.9201012537008,537.383246796181));
#4323=CARTESIAN_POINT('',(-37.6043391364747,-65.6094546398549,536.844430099414));
#4324=CARTESIAN_POINT('Ctrl Pts',(-37.6043391364746,-65.6094546398549,536.844430099414));
#4325=CARTESIAN_POINT('Ctrl Pts',(-37.2980158119679,-65.3178869995471,536.535771517929));
#4326=CARTESIAN_POINT('Ctrl Pts',(-37.0127007835997,-64.979619214388,536.246692809963));
#4327=CARTESIAN_POINT('Ctrl Pts',(-36.7711092174414,-64.6037369332157,535.964731977153));
#4328=CARTESIAN_POINT('Ctrl Pts',(-36.7691310652207,-64.6006468735101,535.962415888372));
#4329=CARTESIAN_POINT('Ctrl Pts',(-36.7671550004915,-64.5975545494657,535.960100553288));
#4330=CARTESIAN_POINT('',(-37.6540601785602,-65.6568104515831,536.895190640775));
#4331=CARTESIAN_POINT('Ctrl Pts',(-37.6540601785588,-65.6568104515817,536.895190640773));
#4332=CARTESIAN_POINT('Ctrl Pts',(-37.637567125101,-65.6410925464838,536.878140049403));
#4333=CARTESIAN_POINT('Ctrl Pts',(-37.6209964787032,-65.6253095930328,536.861214428952));
#4334=CARTESIAN_POINT('Ctrl Pts',(-37.6043391364747,-65.6094546398549,536.844430099414));
#4335=CARTESIAN_POINT('Ctrl Pts',(-37.9081483482413,-65.6837702812842,536.985128466144));
#4336=CARTESIAN_POINT('Ctrl Pts',(-37.8639225415399,-65.7081528684897,536.984199396289));
#4337=CARTESIAN_POINT('Ctrl Pts',(-37.7594056086856,-65.724741905992,536.968840719178));
#4338=CARTESIAN_POINT('Ctrl Pts',(-37.681099850843,-65.6825793005007,536.923144373173));
#4339=CARTESIAN_POINT('Ctrl Pts',(-37.6540601785602,-65.6568104515831,536.895190640775));
#4340=CARTESIAN_POINT('Origin',(-37.5307276961974,-65.9201012537008,537.383246796181));
#4341=CARTESIAN_POINT('',(-35.7304058284766,-63.5608053774508,537.170163887237));
#4342=CARTESIAN_POINT('',(-30.6879890145785,-54.8270832628397,527.772111044126));
#4343=CARTESIAN_POINT('',(-37.5968995975235,-65.4272991464977,534.991646909424));
#4344=CARTESIAN_POINT('Origin',(-36.9272537761389,-49.9598797242621,528.947655577187));
#4345=CARTESIAN_POINT('',(-35.0414673597615,-62.6936018388732,538.345708420298));
#4346=CARTESIAN_POINT('',(-29.9990505458634,-53.9598797242622,528.947655577187));
#4347=CARTESIAN_POINT('Origin',(-41.969670590037,-58.6936018388732,538.345708420298));
#4348=CARTESIAN_POINT('Origin',(-20.3435254547571,-37.23601969271,526.07849629595));
#4349=CARTESIAN_POINT('',(-35.0414673597615,-62.6936018388732,550.));
#4350=CARTESIAN_POINT('',(-37.0608976731386,-66.1913577439872,550.));
#4351=CARTESIAN_POINT('',(-35.0414673597615,-62.6936018388732,528.808872221962));
#4352=CARTESIAN_POINT('Ctrl Pts',(74.3267007624341,-0.457487019427217,535.960100553288));
#4353=CARTESIAN_POINT('Ctrl Pts',(74.3303668259766,-0.457321859194943,535.962415888374));
#4354=CARTESIAN_POINT('Ctrl Pts',(74.3340319722849,-0.457153758941091,535.96473197714));
#4355=CARTESIAN_POINT('Ctrl Pts',(74.7803513581171,-0.435870471575499,536.246692810889));
#4356=CARTESIAN_POINT('Ctrl Pts',(75.2159573691582,-0.357914295848673,536.535771517958));
#4357=CARTESIAN_POINT('Ctrl Pts',(75.6216240148675,-0.238414335193531,536.84443009947));
#4358=CARTESIAN_POINT('Ctrl Pts',(74.3267007624341,-0.457487019427217,535.960100553288));
#4359=CARTESIAN_POINT('Ctrl Pts',(74.3303299401671,-0.45734392273293,535.962467975216));
#4360=CARTESIAN_POINT('Ctrl Pts',(74.3339755321064,-0.457166140423178,535.964818199935));
#4361=CARTESIAN_POINT('Ctrl Pts',(74.7762221103346,-0.437743940195108,536.252685670045));
#4362=CARTESIAN_POINT('Ctrl Pts',(75.2116377353539,-0.367801031733683,536.543587334336));
#4363=CARTESIAN_POINT('Ctrl Pts',(75.6200382542683,-0.253365982268401,536.851633298952));
#4364=CARTESIAN_POINT('Ctrl Pts',(74.3267007624341,-0.457487019427217,535.960100553288));
#4365=CARTESIAN_POINT('Ctrl Pts',(74.3303058129231,-0.457343734547482,535.962506104107));
#4366=CARTESIAN_POINT('Ctrl Pts',(74.3339064610508,-0.457199294847293,535.964918244224));
#4367=CARTESIAN_POINT('Ctrl Pts',(74.7725998964817,-0.4390360994318,536.258125340205));
#4368=CARTESIAN_POINT('Ctrl Pts',(75.2056864873589,-0.373406496094762,536.553182800662));
#4369=CARTESIAN_POINT('Ctrl Pts',(75.6128513547627,-0.26457436179453,536.864759427826));
#4370=CARTESIAN_POINT('Ctrl Pts',(74.3267007624341,-0.457487019427218,535.960100553288));
#4371=CARTESIAN_POINT('Ctrl Pts',(74.3302730952624,-0.457355771006925,535.962554619502));
#4372=CARTESIAN_POINT('Ctrl Pts',(74.3338455407795,-0.457221108967388,535.965008331744));
#4373=CARTESIAN_POINT('Ctrl Pts',(74.7686755051491,-0.440459541988688,536.263943354552));
#4374=CARTESIAN_POINT('Ctrl Pts',(75.198958130161,-0.375476717085282,536.563345997617));
#4375=CARTESIAN_POINT('Ctrl Pts',(75.6031900916362,-0.267163089447102,536.878097754319));
#4376=CARTESIAN_POINT('',(75.603190091608,-0.267163089454648,536.878097754284));
#4377=CARTESIAN_POINT('Origin',(75.5902491393807,-0.218866798132723,536.878097754319));
#4378=CARTESIAN_POINT('Ctrl Pts',(75.6031900916362,-0.267163089447102,536.878097754319));
#4379=CARTESIAN_POINT('Ctrl Pts',(75.198958130161,-0.375476717085282,536.563345997617));
#4380=CARTESIAN_POINT('Ctrl Pts',(74.7686755051491,-0.440459541988688,536.263943354552));
#4381=CARTESIAN_POINT('Ctrl Pts',(74.3338455407795,-0.457221108967388,535.965008331744));
#4382=CARTESIAN_POINT('Ctrl Pts',(74.3302730952624,-0.457355771006925,535.962554619502));
#4383=CARTESIAN_POINT('Ctrl Pts',(74.3267007624341,-0.457487019427218,535.960100553288));
#4384=CARTESIAN_POINT('Ctrl Pts',(75.6216240148675,-0.23841433519354,536.84443009947));
#4385=CARTESIAN_POINT('Ctrl Pts',(75.6436834781859,-0.231916130260099,536.86121442899));
#4386=CARTESIAN_POINT('Ctrl Pts',(75.6656372399966,-0.225457006254826,536.878140049423));
#4387=CARTESIAN_POINT('Ctrl Pts',(75.6874958718114,-0.2190325555302,536.895190640775));
#4388=CARTESIAN_POINT('Ctrl Pts',(75.6207178659536,-0.246958133522043,536.848546213459));
#4389=CARTESIAN_POINT('Ctrl Pts',(75.6428320273853,-0.240629910405222,536.865287154861));
#4390=CARTESIAN_POINT('Ctrl Pts',(75.6648399519816,-0.234332975431839,536.882169544557));
#4391=CARTESIAN_POINT('Ctrl Pts',(75.6867581720494,-0.228067611062528,536.89917151604));
#4392=CARTESIAN_POINT('Ctrl Pts',(75.6160574421975,-0.259964672952713,536.859038582654));
#4393=CARTESIAN_POINT('Ctrl Pts',(75.638160926456,-0.253939231178126,536.875816780703));
#4394=CARTESIAN_POINT('Ctrl Pts',(75.6601672601364,-0.247941469596206,536.892727129827));
#4395=CARTESIAN_POINT('Ctrl Pts',(75.6820844477992,-0.241967732655381,536.909755955773));
#4396=CARTESIAN_POINT('Ctrl Pts',(75.6073306329758,-0.266053634738938,536.872381328679));
#4397=CARTESIAN_POINT('Ctrl Pts',(75.6292818782053,-0.260172114950694,536.889302491344));
#4398=CARTESIAN_POINT('Ctrl Pts',(75.6511402315047,-0.25431456158797,536.906350800452));
#4399=CARTESIAN_POINT('Ctrl Pts',(75.6729139951393,-0.248480625810268,536.923513019431));
#4400=CARTESIAN_POINT('Ctrl Pts',(75.6031900916358,-0.267163089447208,536.878097754319));
#4401=CARTESIAN_POINT('Ctrl Pts',(75.6250651496167,-0.261301685326854,536.895079964951));
#4402=CARTESIAN_POINT('Ctrl Pts',(75.6468493639473,-0.255464622689187,536.912187522873));
#4403=CARTESIAN_POINT('Ctrl Pts',(75.6685509151382,-0.249649709573074,536.929406673817));
#4404=CARTESIAN_POINT('',(75.6685509151299,-0.249649709575304,536.929406673817));
#4405=CARTESIAN_POINT('Origin',(75.6556099628831,-0.201353418258627,536.929406673817));
#4406=CARTESIAN_POINT('Ctrl Pts',(75.6685509151382,-0.249649709573074,536.929406673817));
#4407=CARTESIAN_POINT('Ctrl Pts',(75.6468493639473,-0.255464622689187,536.912187522873));
#4408=CARTESIAN_POINT('Ctrl Pts',(75.6250651496167,-0.261301685326854,536.895079964951));
#4409=CARTESIAN_POINT('Ctrl Pts',(75.6031900916358,-0.267163089447208,536.878097754319));
#4410=CARTESIAN_POINT('Ctrl Pts',(75.6874958718114,-0.219032555530205,536.895190640775));
#4411=CARTESIAN_POINT('Ctrl Pts',(75.7233321203397,-0.208499956104278,536.923144322157));
#4412=CARTESIAN_POINT('Ctrl Pts',(75.7990017181867,-0.16176299576402,536.968842293921));
#4413=CARTESIAN_POINT('Ctrl Pts',(75.8368908924535,-0.0629575341929519,
536.984199397985));
#4414=CARTESIAN_POINT('Ctrl Pts',(75.8378878540541,-0.012465660632982,536.985128466144));
#4415=CARTESIAN_POINT('Ctrl Pts',(75.68675817205,-0.228067611061918,536.89917151604));
#4416=CARTESIAN_POINT('Ctrl Pts',(75.7240512638779,-0.216468216276434,536.927645890172));
#4417=CARTESIAN_POINT('Ctrl Pts',(75.8029052404878,-0.167485820097107,536.973997656344));
#4418=CARTESIAN_POINT('Ctrl Pts',(75.84257003191,-0.0650690999669301,536.989517367766));
#4419=CARTESIAN_POINT('Ctrl Pts',(75.8436045818453,-0.0126952241088721,
536.990455882723));
#4420=CARTESIAN_POINT('Ctrl Pts',(75.6820844477768,-0.241967732614604,536.909755955791));
#4421=CARTESIAN_POINT('Ctrl Pts',(75.7225209571263,-0.228986545495801,536.938498162433));
#4422=CARTESIAN_POINT('Ctrl Pts',(75.8074968408345,-0.176728423195631,536.985407305192));
#4423=CARTESIAN_POINT('Ctrl Pts',(75.8502564362223,-0.0684877492950787,
537.001223443665));
#4424=CARTESIAN_POINT('Ctrl Pts',(75.8513694755972,-0.0130966226193714,
537.002165033918));
#4425=CARTESIAN_POINT('Ctrl Pts',(75.6729139951429,-0.248480625808906,536.923513019431));
#4426=CARTESIAN_POINT('Ctrl Pts',(75.7163329998198,-0.235983373417221,536.951895649109));
#4427=CARTESIAN_POINT('Ctrl Pts',(75.8072036933376,-0.182907665213648,536.99881493391));
#4428=CARTESIAN_POINT('Ctrl Pts',(75.8525850829149,-0.0707988750363169,
537.014912534125));
#4429=CARTESIAN_POINT('Ctrl Pts',(75.85379095773,-0.0134226596746745,537.015845344714));
#4430=CARTESIAN_POINT('Ctrl Pts',(75.6685509151424,-0.249649709571967,536.929406673817));
#4431=CARTESIAN_POINT('Ctrl Pts',(75.7130243174872,-0.237733097324904,536.957636701107));
#4432=CARTESIAN_POINT('Ctrl Pts',(75.8061831490911,-0.184840150580895,537.0045606982));
#4433=CARTESIAN_POINT('Ctrl Pts',(75.8525422335814,-0.0715244717378941,
537.02077830981));
#4434=CARTESIAN_POINT('Ctrl Pts',(75.8537884355822,-0.0135400125402655,
537.021707377969));
#4435=CARTESIAN_POINT('',(75.8537884355822,-0.0135400125402664,537.021707377969));
#4436=CARTESIAN_POINT('Origin',(75.803799979235,-0.0124656606332648,537.021707377969));
#4437=CARTESIAN_POINT('Ctrl Pts',(75.8537884355822,-0.0135400125402655,
537.021707377969));
#4438=CARTESIAN_POINT('Ctrl Pts',(75.8525422335814,-0.0715244717378941,
537.02077830981));
#4439=CARTESIAN_POINT('Ctrl Pts',(75.8061831490911,-0.184840150580895,537.0045606982));
#4440=CARTESIAN_POINT('Ctrl Pts',(75.7130243174872,-0.237733097324904,536.957636701107));
#4441=CARTESIAN_POINT('Ctrl Pts',(75.6685509151424,-0.249649709571967,536.929406673817));
#4442=CARTESIAN_POINT('Ctrl Pts',(75.8378878540541,-0.0124656606343546,
536.985128466164));
#4443=CARTESIAN_POINT('Ctrl Pts',(75.8379186359436,-0.0110334119189567,
536.985157151796));
#4444=CARTESIAN_POINT('Ctrl Pts',(75.8379340286652,-0.00960083246465296,
536.985171496267));
#4445=CARTESIAN_POINT('Ctrl Pts',(75.8379340286652,-0.00816825300525827,
536.985171496267));
#4446=CARTESIAN_POINT('Ctrl Pts',(75.8478921276886,-0.0128673967171922,
536.994451445178));
#4447=CARTESIAN_POINT('Ctrl Pts',(75.8479239998102,-0.0113010174911513,
536.994481204838));
#4448=CARTESIAN_POINT('Ctrl Pts',(75.8479399953635,-0.00973496843708412,
536.994496053047));
#4449=CARTESIAN_POINT('Ctrl Pts',(75.8479399953635,-0.00816825300525827,
536.994496053047));
#4450=CARTESIAN_POINT('Ctrl Pts',(75.8537943205937,-0.0132661891886185,
537.008029300395));
#4451=CARTESIAN_POINT('Ctrl Pts',(75.8538288357118,-0.0115668071328567,
537.008058565021));
#4452=CARTESIAN_POINT('Ctrl Pts',(75.853846153846,-0.00986798016741326,
537.008073174136));
#4453=CARTESIAN_POINT('Ctrl Pts',(75.853846153846,-0.00816825300525827,
537.008073174136));
#4454=CARTESIAN_POINT('Ctrl Pts',(75.8537884355822,-0.0135400125416278,
537.021707377989));
#4455=CARTESIAN_POINT('Ctrl Pts',(75.853826912944,-0.0117497016473807,537.021736063621));
#4456=CARTESIAN_POINT('Ctrl Pts',(75.853846153846,-0.00995897732950132,
537.021750408093));
#4457=CARTESIAN_POINT('Ctrl Pts',(75.853846153846,-0.00816825300525827,
537.021750408093));
#4458=CARTESIAN_POINT('',(75.853846153846,-0.00816825300525827,537.021750408093));
#4459=CARTESIAN_POINT('Origin',(75.803846153846,-0.00816825300525827,537.021750408093));
#4460=CARTESIAN_POINT('Origin',(75.603846153846,-0.00816825300525827,536.835370479777));
#4461=CARTESIAN_POINT('Origin',(75.803846153846,0.,537.021750408093));
#4462=CARTESIAN_POINT('',(75.853846153846,0.00816825300525827,537.021750408093));
#4463=CARTESIAN_POINT('Origin',(75.803846153846,0.00816825300525827,537.021750408093));
#4464=CARTESIAN_POINT('',(75.853846153846,0.,537.021750408093));
#4465=CARTESIAN_POINT('Ctrl Pts',(75.8379340286652,0.00816825300525827,
536.985171496267));
#4466=CARTESIAN_POINT('Ctrl Pts',(75.8379340286652,0.00960083246535324,
536.985171496267));
#4467=CARTESIAN_POINT('Ctrl Pts',(75.8379186359436,0.0110334119203573,536.985157151796));
#4468=CARTESIAN_POINT('Ctrl Pts',(75.837887854054,0.012465660636455,536.985128466164));
#4469=CARTESIAN_POINT('Ctrl Pts',(75.8479399953635,0.00816825300525827,
536.994496053047));
#4470=CARTESIAN_POINT('Ctrl Pts',(75.8479399953635,0.00973496843784997,
536.994496053047));
#4471=CARTESIAN_POINT('Ctrl Pts',(75.8479239998102,0.0113010174926826,536.994481204838));
#4472=CARTESIAN_POINT('Ctrl Pts',(75.8478921276885,0.0128673967194889,536.994451445178));
#4473=CARTESIAN_POINT('Ctrl Pts',(75.853846153846,0.00816825300525827,537.008073174136));
#4474=CARTESIAN_POINT('Ctrl Pts',(75.853846153846,0.00986798016824413,537.008073174136));
#4475=CARTESIAN_POINT('Ctrl Pts',(75.8538288357117,0.0115668071345181,537.008058565021));
#4476=CARTESIAN_POINT('Ctrl Pts',(75.8537943205936,0.0132661891911101,537.008029300395));
#4477=CARTESIAN_POINT('Ctrl Pts',(75.853846153846,0.00816825300525827,537.021750408093));
#4478=CARTESIAN_POINT('Ctrl Pts',(75.853846153846,0.00995897733037667,537.021750408093));
#4479=CARTESIAN_POINT('Ctrl Pts',(75.853826912944,0.0117497016491314,537.021736063621));
#4480=CARTESIAN_POINT('Ctrl Pts',(75.8537884355821,0.0135400125442532,537.021707377989));
#4481=CARTESIAN_POINT('',(75.8537884355821,0.0135400125442535,537.021707377989));
#4482=CARTESIAN_POINT('Origin',(75.8037999792349,0.0124656606364544,537.021707377989));
#4483=CARTESIAN_POINT('Origin',(75.603846153846,0.00816825300525827,536.835370479777));
#4484=CARTESIAN_POINT('Ctrl Pts',(75.8378878540541,0.0124656606360735,536.985128466144));
#4485=CARTESIAN_POINT('Ctrl Pts',(75.8368908906333,0.0629576263451117,536.984199396289));
#4486=CARTESIAN_POINT('Ctrl Pts',(75.7989989522916,0.161766464896308,536.968840719349));
#4487=CARTESIAN_POINT('Ctrl Pts',(75.7233321857411,0.208499936882368,536.923144373173));
#4488=CARTESIAN_POINT('Ctrl Pts',(75.6874958718107,0.219032555530417,536.895190640775));
#4489=CARTESIAN_POINT('Ctrl Pts',(75.8436045818452,0.0126952241120787,536.990455882723));
#4490=CARTESIAN_POINT('Ctrl Pts',(75.8425700300212,0.0650691955539116,536.989517366052));
#4491=CARTESIAN_POINT('Ctrl Pts',(75.8029023538629,0.16748943673422,536.973996057829));
#4492=CARTESIAN_POINT('Ctrl Pts',(75.7240513319381,0.216468195107616,536.927645942138));
#4493=CARTESIAN_POINT('Ctrl Pts',(75.6867581720493,0.228067611062152,536.899171516039));
#4494=CARTESIAN_POINT('Ctrl Pts',(75.8513694755971,0.0130966226227627,537.002165033918));
#4495=CARTESIAN_POINT('Ctrl Pts',(75.8502564341902,0.0684878503888119,537.001223441946));
#4496=CARTESIAN_POINT('Ctrl Pts',(75.8074937235881,0.176732265420316,536.985405685778));
#4497=CARTESIAN_POINT('Ctrl Pts',(75.7225210309232,0.228986521805206,536.938498214888));
#4498=CARTESIAN_POINT('Ctrl Pts',(75.682084447776,0.241967732614867,536.909755955791));
#4499=CARTESIAN_POINT('Ctrl Pts',(75.8537909577299,0.013422659678187,537.015845344714));
#4500=CARTESIAN_POINT('Ctrl Pts',(75.8525850807132,0.0707989797530124,537.014912532422));
#4501=CARTESIAN_POINT('Ctrl Pts',(75.8072003668294,0.182911611901299,536.998813313806));
#4502=CARTESIAN_POINT('Ctrl Pts',(75.7163330790598,0.235983350609822,536.951895700908));
#4503=CARTESIAN_POINT('Ctrl Pts',(75.672913995142,0.248480625809159,536.92351301943));
#4504=CARTESIAN_POINT('Ctrl Pts',(75.8537884355821,0.0135400125438151,537.021707377969));
#4505=CARTESIAN_POINT('Ctrl Pts',(75.8525422313062,0.0715245775646884,537.020778308114));
#4506=CARTESIAN_POINT('Ctrl Pts',(75.8061797451614,0.184844115506411,537.004559077752));
#4507=CARTESIAN_POINT('Ctrl Pts',(75.7130243986515,0.237733075577183,536.957636752627));
#4508=CARTESIAN_POINT('Ctrl Pts',(75.6685509151415,0.249649709572209,536.929406673817));
#4509=CARTESIAN_POINT('',(75.6685509151316,0.249649709574869,536.929406673817));
#4510=CARTESIAN_POINT('Origin',(75.6556099628824,0.201353418258823,536.929406673817));
#4511=CARTESIAN_POINT('Ctrl Pts',(75.6685509151415,0.249649709572209,536.929406673817));
#4512=CARTESIAN_POINT('Ctrl Pts',(75.7130243986515,0.237733075577183,536.957636752627));
#4513=CARTESIAN_POINT('Ctrl Pts',(75.8061797451614,0.184844115506411,537.004559077752));
#4514=CARTESIAN_POINT('Ctrl Pts',(75.8525422313062,0.0715245775646884,537.020778308114));
#4515=CARTESIAN_POINT('Ctrl Pts',(75.8537884355821,0.0135400125438151,537.021707377969));
#4516=CARTESIAN_POINT('Ctrl Pts',(75.6874958718088,0.21903255553096,536.895190640773));
#4517=CARTESIAN_POINT('Ctrl Pts',(75.6656372399708,0.225457006262405,536.878140049403));
#4518=CARTESIAN_POINT('Ctrl Pts',(75.6436834781366,0.231916130274593,536.861214428952));
#4519=CARTESIAN_POINT('Ctrl Pts',(75.6216240147945,0.238414335215026,536.844430099414));
#4520=CARTESIAN_POINT('Ctrl Pts',(75.6867581720468,0.228067611063273,536.899171516038));
#4521=CARTESIAN_POINT('Ctrl Pts',(75.6648399519558,0.234332975439234,536.882169544537));
#4522=CARTESIAN_POINT('Ctrl Pts',(75.6428320273359,0.240629910419338,536.865287154823));
#4523=CARTESIAN_POINT('Ctrl Pts',(75.6207178658805,0.246958133542957,536.848546213404));
#4524=CARTESIAN_POINT('Ctrl Pts',(75.6820844477966,0.241967732656096,536.909755955771));
#4525=CARTESIAN_POINT('Ctrl Pts',(75.6601672601106,0.247941469603261,536.892727129807));
#4526=CARTESIAN_POINT('Ctrl Pts',(75.6381609264066,0.253939231191554,536.875816780665));
#4527=CARTESIAN_POINT('Ctrl Pts',(75.6160574421244,0.259964672972605,536.859038582598));
#4528=CARTESIAN_POINT('Ctrl Pts',(75.6729139951368,0.248480625810968,536.923513019429));
#4529=CARTESIAN_POINT('Ctrl Pts',(75.651140231479,0.254314561594862,536.906350800432));
#4530=CARTESIAN_POINT('Ctrl Pts',(75.6292818781562,0.260172114963799,536.889302491306));
#4531=CARTESIAN_POINT('Ctrl Pts',(75.6073306329032,0.266053634758348,536.872381328623));
#4532=CARTESIAN_POINT('Ctrl Pts',(75.6685509151357,0.249649709573771,536.929406673815));
#4533=CARTESIAN_POINT('Ctrl Pts',(75.6468493639217,0.255464622696056,536.912187522853));
#4534=CARTESIAN_POINT('Ctrl Pts',(75.6250651495678,0.261301685339914,536.895079964913));
#4535=CARTESIAN_POINT('Ctrl Pts',(75.6031900915635,0.26716308946655,536.878097754263));
#4536=CARTESIAN_POINT('',(75.6031900915634,0.26716308946659,536.878097754263));
#4537=CARTESIAN_POINT('Origin',(75.5902491393084,0.21886679815211,536.878097754263));
#4538=CARTESIAN_POINT('Ctrl Pts',(75.6031900915635,0.26716308946655,536.878097754263));
#4539=CARTESIAN_POINT('Ctrl Pts',(75.6250651495678,0.261301685339914,536.895079964913));
#4540=CARTESIAN_POINT('Ctrl Pts',(75.6468493639217,0.255464622696056,536.912187522853));
#4541=CARTESIAN_POINT('Ctrl Pts',(75.6685509151357,0.249649709573771,536.929406673815));
#4542=CARTESIAN_POINT('Ctrl Pts',(75.6216240147944,0.238414335215057,536.844430099414));
#4543=CARTESIAN_POINT('Ctrl Pts',(75.215957369113,0.357914295855716,536.535771517929));
#4544=CARTESIAN_POINT('Ctrl Pts',(74.7803513580804,0.435870471583337,536.246692810922));
#4545=CARTESIAN_POINT('Ctrl Pts',(74.3340319723015,0.457153758939921,535.964731977148));
#4546=CARTESIAN_POINT('Ctrl Pts',(74.3303668259778,0.45732185919439,535.962415888372));
#4547=CARTESIAN_POINT('Ctrl Pts',(74.3267007624341,0.457487019427207,535.960100553288));
#4548=CARTESIAN_POINT('Ctrl Pts',(75.6200382541948,0.253365982288937,536.851633298896));
#4549=CARTESIAN_POINT('Ctrl Pts',(75.2116243835689,0.367351488987029,536.543572034519));
#4550=CARTESIAN_POINT('Ctrl Pts',(74.7764139865467,0.437527352902498,536.252486626116));
#4551=CARTESIAN_POINT('Ctrl Pts',(74.3339701852973,0.457176151642839,535.964823741064));
#4552=CARTESIAN_POINT('Ctrl Pts',(74.3303355824064,0.457333163131755,535.962462132081));
#4553=CARTESIAN_POINT('Ctrl Pts',(74.3267007624341,0.45748701942721,535.960100553288));
#4554=CARTESIAN_POINT('Ctrl Pts',(75.6128513546894,0.26457436181411,536.86475942777));
#4555=CARTESIAN_POINT('Ctrl Pts',(75.2055643389923,0.373309213760654,536.553284415432));
#4556=CARTESIAN_POINT('Ctrl Pts',(74.7725475038346,0.439040986158011,536.2582018816));
#4557=CARTESIAN_POINT('Ctrl Pts',(74.3339078934074,0.457198694442177,535.964916062182));
#4558=CARTESIAN_POINT('Ctrl Pts',(74.3303043388349,0.45734446706912,535.96250837579));
#4559=CARTESIAN_POINT('Ctrl Pts',(74.3267007624341,0.457487019427213,535.960100553288));
#4560=CARTESIAN_POINT('Ctrl Pts',(75.6031900915634,0.26716308946658,536.878097754263));
#4561=CARTESIAN_POINT('Ctrl Pts',(75.1989581301164,0.375476717091181,536.563345997587));
#4562=CARTESIAN_POINT('Ctrl Pts',(74.7686755051198,0.440459541994858,536.263943354579));
#4563=CARTESIAN_POINT('Ctrl Pts',(74.3338455407954,0.45722110896646,535.965008331753));
#4564=CARTESIAN_POINT('Ctrl Pts',(74.3302730952634,0.457355771006484,535.9625546195));
#4565=CARTESIAN_POINT('Ctrl Pts',(74.326700762434,0.457487019427216,535.960100553288));
#4566=CARTESIAN_POINT('Ctrl Pts',(74.326700762434,0.457487019427216,535.960100553288));
#4567=CARTESIAN_POINT('Ctrl Pts',(74.3302730952634,0.457355771006484,535.9625546195));
#4568=CARTESIAN_POINT('Ctrl Pts',(74.3338455407954,0.45722110896646,535.965008331753));
#4569=CARTESIAN_POINT('Ctrl Pts',(74.7686755051198,0.440459541994858,536.263943354579));
#4570=CARTESIAN_POINT('Ctrl Pts',(75.1989581301164,0.375476717091181,536.563345997587));
#4571=CARTESIAN_POINT('Ctrl Pts',(75.6031900915634,0.26716308946658,536.878097754263));
#4572=CARTESIAN_POINT('Origin',(73.4667995400339,7.44260223081425,536.93435176815));
#4573=CARTESIAN_POINT('',(73.8855378879119,-0.727406610312544,538.345708420298));
#4574=CARTESIAN_POINT('',(75.537351900854,-0.284804379498292,536.93435176815));
#4575=CARTESIAN_POINT('Origin',(71.8149855270917,7.,538.345708420298));
#4576=CARTESIAN_POINT('Origin',(71.8149855270917,7.,538.345708420298));
#4577=CARTESIAN_POINT('Origin',(71.8149855270917,7.,538.345708420298));
#4578=CARTESIAN_POINT('Origin',(71.8149855270917,7.,528.808872221962));
#4579=CARTESIAN_POINT('',(73.8855378879119,-0.727406610312547,550.));
#4580=CARTESIAN_POINT('Origin',(71.8149855270917,7.,550.));
#4581=CARTESIAN_POINT('',(73.8855378879119,-0.727406610312544,528.808872221962));
#4582=CARTESIAN_POINT('Origin',(71.8149855270917,-7.,538.345708420298));
#4583=CARTESIAN_POINT('',(73.8855378879119,0.727406610312545,538.345708420298));
#4584=CARTESIAN_POINT('Origin',(71.8149855270917,-7.,538.345708420298));
#4585=CARTESIAN_POINT('Origin',(71.8149855270918,-7.,538.345708420298));
#4586=CARTESIAN_POINT('Origin',(71.8149855270917,-7.,528.808872221962));
#4587=CARTESIAN_POINT('',(73.8855378879119,0.727406610312547,550.));
#4588=CARTESIAN_POINT('Origin',(71.8149855270917,-7.,550.));
#4589=CARTESIAN_POINT('',(73.8855378879119,0.727406610312544,528.808872221962));
#4590=CARTESIAN_POINT('Origin',(74.3646634316152,-7.68318413547653,536.167191442484));
#4591=CARTESIAN_POINT('',(76.4352157924353,0.0442224748360143,536.167191442484));
#4592=CARTESIAN_POINT('Origin',(75.603846153846,0.00816825300525827,534.269624073988));
#4593=CARTESIAN_POINT('',(75.6685509151216,0.249649709577528,550.));
#4594=CARTESIAN_POINT('',(75.6685509151216,0.249649709577528,534.269624073988));
#4595=CARTESIAN_POINT('',(75.853846153846,0.0081682530052582,550.));
#4596=CARTESIAN_POINT('Origin',(75.603846153846,0.00816825300525827,550.));
#4597=CARTESIAN_POINT('',(75.853846153846,0.00816825300525827,534.269624073988));
#4598=CARTESIAN_POINT('Origin',(75.853846153846,0.,537.));
#4599=CARTESIAN_POINT('',(75.853846153846,-0.0081682530052582,550.));
#4600=CARTESIAN_POINT('',(75.853846153846,1.,550.));
#4601=CARTESIAN_POINT('',(75.853846153846,-0.00816825300525827,534.269624073988));
#4602=CARTESIAN_POINT('Origin',(75.603846153846,-0.00816825300525827,534.269624073988));
#4603=CARTESIAN_POINT('',(75.6685509151216,-0.249649709577528,550.));
#4604=CARTESIAN_POINT('Origin',(75.603846153846,-0.00816825300525827,550.));
#4605=CARTESIAN_POINT('',(75.6685509151216,-0.249649709577528,534.269624073988));
#4606=CARTESIAN_POINT('Origin',(74.3610258308185,-0.6,531.539248147975));
#4607=CARTESIAN_POINT('',(75.1324359923322,-0.393301270189222,550.));
#4608=CARTESIAN_POINT('Origin',(74.3610258308185,0.6,531.539248147975));
#4609=CARTESIAN_POINT('',(75.1324359923322,0.393301270189222,550.));
#4610=CARTESIAN_POINT('Origin',(-1.478313656799E-15,7.930380649721E-17,
550.));
#4611=CARTESIAN_POINT('',(-36.3128163405445,64.3504560883656,550.));
#4612=CARTESIAN_POINT('Origin',(-41.9696705900369,58.6936018388732,550.));
#4613=CARTESIAN_POINT('',(-37.6180724670193,65.6557122148403,550.));
#4614=CARTESIAN_POINT('',(-37.2256091048416,65.2632488526626,550.));
#4615=CARTESIAN_POINT('',(-37.9198491623159,65.6954418704898,550.));
#4616=CARTESIAN_POINT('Origin',(-37.7948491623159,65.4789355195437,550.));
#4617=CARTESIAN_POINT('',(-37.9339969915301,65.6872736174846,550.));
#4618=CARTESIAN_POINT('',(-38.7929484807074,65.1913577439872,550.));
#4619=CARTESIAN_POINT('',(-38.0504784481024,65.4060625052628,550.));
#4620=CARTESIAN_POINT('Origin',(-37.8089969915301,65.4707672665384,550.));
#4621=CARTESIAN_POINT('',(-37.5727215473673,63.6230494780531,550.));
#4622=CARTESIAN_POINT('',(-37.9068268874907,64.8699475824734,550.));
#4623=CARTESIAN_POINT('Origin',(-29.8453149370548,65.6936018388732,550.));
#4624=CARTESIAN_POINT('',(-37.5727215473674,-63.6230494780531,550.));
#4625=CARTESIAN_POINT('Origin',(-29.8453149370548,-65.6936018388732,550.));
#4626=CARTESIAN_POINT('',(-38.0504784481024,-65.4060625052628,550.));
#4627=CARTESIAN_POINT('',(-37.9068268874907,-64.8699475824734,550.));
#4628=CARTESIAN_POINT('',(-37.9339969915301,-65.6872736174845,550.));
#4629=CARTESIAN_POINT('Origin',(-37.8089969915301,-65.4707672665384,550.));
#4630=CARTESIAN_POINT('',(-37.9198491623159,-65.6954418704898,550.));
#4631=CARTESIAN_POINT('',(-37.0608976731386,-66.1913577439872,550.));
#4632=CARTESIAN_POINT('',(-37.6180724670193,-65.6557122148403,550.));
#4633=CARTESIAN_POINT('Origin',(-37.7948491623159,-65.4789355195437,550.));
#4634=CARTESIAN_POINT('',(-36.3128163405446,-64.3504560883656,550.));
#4635=CARTESIAN_POINT('',(-37.2256091048416,-65.2632488526626,550.));
#4636=CARTESIAN_POINT('Origin',(-41.969670590037,-58.6936018388732,550.));
#4637=CARTESIAN_POINT('',(-21.,2.57175827820944E-15,550.));
#4638=CARTESIAN_POINT('Origin',(1.056212174779E-13,1.600321476937E-15,550.));
#4639=CARTESIAN_POINT('Ctrl Pts',(-36.7671550004914,64.5975545494657,535.960100553288));
#4640=CARTESIAN_POINT('Ctrl Pts',(-36.7691310652195,64.6006468735093,535.962415888374));
#4641=CARTESIAN_POINT('Ctrl Pts',(-36.771109217432,64.6037369332019,535.964731977145));
#4642=CARTESIAN_POINT('Ctrl Pts',(-37.0127007836257,64.9796192144162,536.246692809931));
#4643=CARTESIAN_POINT('Ctrl Pts',(-37.2980158119965,65.3178869995827,536.535771517958));
#4644=CARTESIAN_POINT('Ctrl Pts',(-37.6043391365298,65.6094546399074,536.84443009947));
#4645=CARTESIAN_POINT('Ctrl Pts',(-36.7671550004914,64.5975545494657,535.960100553288));
#4646=CARTESIAN_POINT('Ctrl Pts',(-36.7690935147304,64.6006259612303,535.962467975216));
#4647=CARTESIAN_POINT('Ctrl Pts',(-36.7710702746648,64.6036942453146,535.964818199941));
#4648=CARTESIAN_POINT('Ctrl Pts',(-37.0090136883167,64.9769799152479,536.252685669087));
#4649=CARTESIAN_POINT('Ctrl Pts',(-37.2872938306574,65.3190894549156,536.543587334336));
#4650=CARTESIAN_POINT('Ctrl Pts',(-37.5905977500349,65.6155571544816,536.851633298952));
#4651=CARTESIAN_POINT('Ctrl Pts',(-36.7671550004914,64.5975545494657,535.960100553288));
#4652=CARTESIAN_POINT('Ctrl Pts',(-36.7690816140818,64.6006049723313,535.962506104107));
#4653=CARTESIAN_POINT('Ctrl Pts',(-36.7710070266039,64.6036510052378,535.964918244207));
#4654=CARTESIAN_POINT('Ctrl Pts',(-37.0060835314141,64.9744890656681,536.258125343135));
#4655=CARTESIAN_POINT('Ctrl Pts',(-37.2794637321232,65.3167382551483,536.553182800662));
#4656=CARTESIAN_POINT('Ctrl Pts',(-37.5772975588772,65.6149373066984,536.864759427826));
#4657=CARTESIAN_POINT('Ctrl Pts',(-36.7671550004914,64.5975545494657,535.960100553288));
#4658=CARTESIAN_POINT('Ctrl Pts',(-36.7690548313718,64.6005826562357,535.962554619502));
#4659=CARTESIAN_POINT('Ctrl Pts',(-36.7709576748861,64.6036091537953,535.965008331728));
#4660=CARTESIAN_POINT('Ctrl Pts',(-37.0028885983327,64.971802164358,536.263943357482));
#4661=CARTESIAN_POINT('Ctrl Pts',(-37.2743066895551,65.3119464373844,536.563345997617));
#4662=CARTESIAN_POINT('Ctrl Pts',(-37.5702250234034,65.6078647712245,536.878097754319));
#4663=CARTESIAN_POINT('',(-37.5702250233827,65.6078647712038,536.878097754284));
#4664=CARTESIAN_POINT('Origin',(-37.6055803624625,65.5725094321649,536.878097754319));
#4665=CARTESIAN_POINT('Ctrl Pts',(-37.5702250234034,65.6078647712245,536.878097754319));
#4666=CARTESIAN_POINT('Ctrl Pts',(-37.2743066895551,65.3119464373844,536.563345997617));
#4667=CARTESIAN_POINT('Ctrl Pts',(-37.0028885983327,64.971802164358,536.263943357482));
#4668=CARTESIAN_POINT('Ctrl Pts',(-36.7709576748861,64.6036091537953,535.965008331728));
#4669=CARTESIAN_POINT('Ctrl Pts',(-36.7690548313718,64.6005826562357,535.962554619502));
#4670=CARTESIAN_POINT('Ctrl Pts',(-36.7671550004914,64.5975545494657,535.960100553288));
#4671=CARTESIAN_POINT('Ctrl Pts',(-37.6043391365297,65.6094546399074,536.84443009947));
#4672=CARTESIAN_POINT('Ctrl Pts',(-37.6209964787403,65.6253095930683,536.86121442899));
#4673=CARTESIAN_POINT('Ctrl Pts',(-37.6375671251204,65.6410925465023,536.878140049423));
#4674=CARTESIAN_POINT('Ctrl Pts',(-37.6540601785607,65.6568104515836,536.895190640775));
#4675=CARTESIAN_POINT('Ctrl Pts',(-37.5964869156755,65.6129417910926,536.848546213459));
#4676=CARTESIAN_POINT('Ctrl Pts',(-37.6130243983713,65.6289291051174,536.865287154861));
#4677=CARTESIAN_POINT('Ctrl Pts',(-37.6294816663224,65.6448400594157,536.882169544557));
#4678=CARTESIAN_POINT('Ctrl Pts',(-37.6458667410641,65.6606891126155,536.89917151604));
#4679=CARTESIAN_POINT('Ctrl Pts',(-37.5828927146307,65.6154090075308,536.85903858597));
#4680=CARTESIAN_POINT('Ctrl Pts',(-37.5991626424058,65.6315384655235,536.875816784019));
#4681=CARTESIAN_POINT('Ctrl Pts',(-37.6153600236932,65.647597627413,536.892727133791));
#4682=CARTESIAN_POINT('Ctrl Pts',(-37.6314920254708,65.663591600238,536.909755959737));
#4683=CARTESIAN_POINT('Ctrl Pts',(-37.5732561100348,65.6108958578559,536.872381328679));
#4684=CARTESIAN_POINT('Ctrl Pts',(-37.589325278199,65.6269654339752,536.889302491344));
#4685=CARTESIAN_POINT('Ctrl Pts',(-37.6053272448648,65.642966546536,536.906350800452));
#4686=CARTESIAN_POINT('Ctrl Pts',(-37.6212664632697,65.6589062110908,536.923513019431));
#4687=CARTESIAN_POINT('Ctrl Pts',(-37.5702250234031,65.6078647712242,536.878097754319));
#4688=CARTESIAN_POINT('Ctrl Pts',(-37.5862386772636,65.6238784250847,536.895079964951));
#4689=CARTESIAN_POINT('Ctrl Pts',(-37.6021858289566,65.6398255767777,536.912187522873));
#4690=CARTESIAN_POINT('Ctrl Pts',(-37.6180724670314,65.6557122148525,536.929406673817));
#4691=CARTESIAN_POINT('',(-37.6180724670253,65.6557122148464,536.929406673817));
#4692=CARTESIAN_POINT('Origin',(-37.6534278060907,65.6203568757932,536.929406673817));
#4693=CARTESIAN_POINT('Ctrl Pts',(-37.6180724670314,65.6557122148525,536.929406673817));
#4694=CARTESIAN_POINT('Ctrl Pts',(-37.6021858289566,65.6398255767777,536.912187522873));
#4695=CARTESIAN_POINT('Ctrl Pts',(-37.5862386772636,65.6238784250847,536.895079964951));
#4696=CARTESIAN_POINT('Ctrl Pts',(-37.5702250234031,65.6078647712242,536.878097754319));
#4697=CARTESIAN_POINT('Ctrl Pts',(-37.6540601785607,65.6568104515836,536.895190640775));
#4698=CARTESIAN_POINT('Ctrl Pts',(-37.6810998014956,65.6825792534724,536.923144322157));
#4699=CARTESIAN_POINT('Ctrl Pts',(-37.7594099959934,65.7247425667624,536.968842293752));
#4700=CARTESIAN_POINT('Ctrl Pts',(-37.863922622256,65.70815282399,536.984199397985));
#4701=CARTESIAN_POINT('Ctrl Pts',(-37.9081483482439,65.6837702812827,536.985128466144));
#4702=CARTESIAN_POINT('Ctrl Pts',(-37.6458667410649,65.6606891126157,536.89917151604));
#4703=CARTESIAN_POINT('Ctrl Pts',(-37.6745586575316,65.6871861801316,536.927645890172));
#4704=CARTESIAN_POINT('Ctrl Pts',(-37.7564056459246,65.7309845283615,536.9739976562));
#4705=CARTESIAN_POINT('Ctrl Pts',(-37.8649335223823,65.7141268859179,536.989517367766));
#4706=CARTESIAN_POINT('Ctrl Pts',(-37.9108079043376,65.6888358945143,536.990455882723));
#4707=CARTESIAN_POINT('Ctrl Pts',(-37.6314920255474,65.6635916001003,536.909755959796));
#4708=CARTESIAN_POINT('Ctrl Pts',(-37.6629523180383,65.6921200508779,536.938498166438));
#4709=CARTESIAN_POINT('Ctrl Pts',(-37.7506971185355,65.739582265962,536.985407307827));
#4710=CARTESIAN_POINT('Ctrl Pts',(-37.8658160853337,65.7224928283313,537.001223445262));
#4711=CARTESIAN_POINT('Ctrl Pts',(-37.9143427278665,65.6957611853675,537.002165035515));
#4712=CARTESIAN_POINT('Ctrl Pts',(-37.6212664632727,65.6589062110932,536.923513019431));
#4713=CARTESIAN_POINT('Ctrl Pts',(-37.6537989036598,65.6902595459546,536.951895649109));
#4714=CARTESIAN_POINT('Ctrl Pts',(-37.7451991627762,65.7424180202421,536.998814933739));
#4715=CARTESIAN_POINT('Ctrl Pts',(-37.8649789171166,65.725665062043,537.014912534125));
#4716=CARTESIAN_POINT('Ctrl Pts',(-37.9152711146004,65.6980212725858,537.015845344714));
#4717=CARTESIAN_POINT('Ctrl Pts',(-37.6180724670344,65.6557122148555,536.929406673817));
#4718=CARTESIAN_POINT('Ctrl Pts',(-37.6506292571399,65.6882690049554,536.957636701107));
#4719=CARTESIAN_POINT('Ctrl Pts',(-37.7430153092313,65.7425004456594,537.004560698028));
#4720=CARTESIAN_POINT('Ctrl Pts',(-37.8643291072734,65.7259907517825,537.02077830981));
#4721=CARTESIAN_POINT('Ctrl Pts',(-37.9151682229637,65.6980777647746,537.021707377969));
#4722=CARTESIAN_POINT('',(-37.9151682229637,65.6980777647746,537.021707377969));
#4723=CARTESIAN_POINT('Origin',(-37.8911044108341,65.6542493157284,537.021707377969));
#4724=CARTESIAN_POINT('Ctrl Pts',(-37.9151682229637,65.6980777647746,537.021707377969));
#4725=CARTESIAN_POINT('Ctrl Pts',(-37.8643291072734,65.7259907517825,537.02077830981));
#4726=CARTESIAN_POINT('Ctrl Pts',(-37.7430153092313,65.7425004456594,537.004560698028));
#4727=CARTESIAN_POINT('Ctrl Pts',(-37.6506292571399,65.6882690049554,536.957636701107));
#4728=CARTESIAN_POINT('Ctrl Pts',(-37.6180724670344,65.6557122148555,536.929406673817));
#4729=CARTESIAN_POINT('Ctrl Pts',(-37.9081483482427,65.6837702812834,536.985128466164));
#4730=CARTESIAN_POINT('Ctrl Pts',(-37.9094041029596,65.6830808148239,536.985157151796));
#4731=CARTESIAN_POINT('Ctrl Pts',(-37.9106524495207,65.6823778555847,536.985171496267));
#4732=CARTESIAN_POINT('Ctrl Pts',(-37.9118930997255,65.681661565855,536.985171496267));
#4733=CARTESIAN_POINT('Ctrl Pts',(-37.9128025714066,65.6926351044387,536.994451445178));
#4734=CARTESIAN_POINT('Ctrl Pts',(-37.9141750316691,65.6918795168926,536.994481204838));
#4735=CARTESIAN_POINT('Ctrl Pts',(-37.9155392677102,65.6911103449211,536.994496053047));
#4736=CARTESIAN_POINT('Ctrl Pts',(-37.9168960830747,65.6903269872052,536.994496053047));
#4737=CARTESIAN_POINT('Ctrl Pts',(-37.9154083034481,65.6979459496682,537.008029300395));
#4738=CARTESIAN_POINT('Ctrl Pts',(-37.9168972690381,65.6971261496094,537.008058565021));
#4739=CARTESIAN_POINT('Ctrl Pts',(-37.918377155414,65.6962917340709,537.008073174136));
#4740=CARTESIAN_POINT('Ctrl Pts',(-37.9198491623159,65.6954418704898,537.008073174136));
#4741=CARTESIAN_POINT('Ctrl Pts',(-37.9151682229625,65.6980777647752,537.021707377989));
#4742=CARTESIAN_POINT('Ctrl Pts',(-37.9167379163585,65.697215931701,537.021736063621));
#4743=CARTESIAN_POINT('Ctrl Pts',(-37.9182983495599,65.6963372326519,537.021750408093));
#4744=CARTESIAN_POINT('Ctrl Pts',(-37.9198491623159,65.6954418704898,537.021750408093));
#4745=CARTESIAN_POINT('',(-37.9198491623159,65.6954418704898,537.021750408093));
#4746=CARTESIAN_POINT('Origin',(-37.8948491623159,65.6521406003006,537.021750408093));
#4747=CARTESIAN_POINT('Origin',(-37.7948491623159,65.4789355195437,536.835370479777));
#4748=CARTESIAN_POINT('Origin',(-37.901923076923,65.648056473798,537.021750408093));
#4749=CARTESIAN_POINT('',(-37.9339969915301,65.6872736174846,537.021750408093));
#4750=CARTESIAN_POINT('Origin',(-37.9089969915301,65.6439723472953,537.021750408093));
#4751=CARTESIAN_POINT('',(-37.926923076923,65.6913577439872,537.021750408093));
#4752=CARTESIAN_POINT('Ctrl Pts',(-37.9260409289397,65.6734933128498,536.985171496267));
#4753=CARTESIAN_POINT('Ctrl Pts',(-37.9272815791451,65.6727770231197,536.985171496267));
#4754=CARTESIAN_POINT('Ctrl Pts',(-37.9285145329852,65.6720474029043,536.985157151796));
#4755=CARTESIAN_POINT('Ctrl Pts',(-37.9297395058131,65.6713046206479,536.985128466164));
#4756=CARTESIAN_POINT('Ctrl Pts',(-37.9310439122889,65.6821587342,536.994496053047));
#4757=CARTESIAN_POINT('Ctrl Pts',(-37.932400727654,65.6813753764837,536.994496053047));
#4758=CARTESIAN_POINT('Ctrl Pts',(-37.9337489681424,65.6805784994007,536.994481204838));
#4759=CARTESIAN_POINT('Ctrl Pts',(-37.9350895562839,65.6797677077203,536.994451445178));
#4760=CARTESIAN_POINT('Ctrl Pts',(-37.9339969915301,65.6872736174845,537.008073174136));
#4761=CARTESIAN_POINT('Ctrl Pts',(-37.9354689984327,65.6864237539031,537.008073174136));
#4762=CARTESIAN_POINT('Ctrl Pts',(-37.936931566675,65.6855593424757,537.008058565021));
#4763=CARTESIAN_POINT('Ctrl Pts',(-37.9383860171477,65.6846797604783,537.008029300395));
#4764=CARTESIAN_POINT('Ctrl Pts',(-37.9339969915301,65.6872736174845,537.021750408093));
#4765=CARTESIAN_POINT('Ctrl Pts',(-37.9355478042868,65.686378255322,537.021750408093));
#4766=CARTESIAN_POINT('Ctrl Pts',(-37.937088996587,65.6854662300527,537.021736063621));
#4767=CARTESIAN_POINT('Ctrl Pts',(-37.9386202126219,65.6845377522322,537.021707377989));
#4768=CARTESIAN_POINT('',(-37.9386202126219,65.6845377522323,537.021707377989));
#4769=CARTESIAN_POINT('Origin',(-37.9126955684036,65.6417836550935,537.021707377989));
#4770=CARTESIAN_POINT('Origin',(-37.8089969915301,65.4707672665384,536.835370479777));
#4771=CARTESIAN_POINT('Ctrl Pts',(-37.9297395058128,65.6713046206481,536.985128466144));
#4772=CARTESIAN_POINT('Ctrl Pts',(-37.9729683490934,65.6451952421446,536.984199396289));
#4773=CARTESIAN_POINT('Ctrl Pts',(-38.0395933425969,65.5629754421769,536.968840719002));
#4774=CARTESIAN_POINT('Ctrl Pts',(-38.0422323348981,65.4740793636184,536.923144373173));
#4775=CARTESIAN_POINT('Ctrl Pts',(-38.0334356932505,65.4377778960527,536.895190640775));
#4776=CARTESIAN_POINT('Ctrl Pts',(-37.9327966775104,65.6761406704038,536.990455882723));
#4777=CARTESIAN_POINT('Ctrl Pts',(-37.977636591364,65.6490577365217,536.989517366052));
#4778=CARTESIAN_POINT('Ctrl Pts',(-38.0465012822664,65.5634944011949,536.973996057534));
#4779=CARTESIAN_POINT('Ctrl Pts',(-38.0494926220436,65.4707180333814,536.927645942138));
#4780=CARTESIAN_POINT('Ctrl Pts',(-38.0408914309849,65.432621501553,536.899171516039));
#4781=CARTESIAN_POINT('Ctrl Pts',(-37.9370267435523,65.6826645628021,537.002165035516));
#4782=CARTESIAN_POINT('Ctrl Pts',(-37.984440433241,65.6540050267852,537.001223443544));
#4783=CARTESIAN_POINT('Ctrl Pts',(-38.05680148517,65.5628492277734,536.985405688241));
#4784=CARTESIAN_POINT('Ctrl Pts',(-38.0595686498737,65.4631335901372,536.938498218896));
#4785=CARTESIAN_POINT('Ctrl Pts',(-38.0505924166332,65.4216238764847,536.909755959799));
#4786=CARTESIAN_POINT('Ctrl Pts',(-37.9385198431326,65.6845986129094,537.015845344714));
#4787=CARTESIAN_POINT('Ctrl Pts',(-37.9876062553847,65.6548661327417,537.014912532422));
#4788=CARTESIAN_POINT('Ctrl Pts',(-38.0620062840795,65.5595055021064,536.998813313455));
#4789=CARTESIAN_POINT('Ctrl Pts',(-38.0625341160282,65.4542762525649,536.951895700908));
#4790=CARTESIAN_POINT('Ctrl Pts',(-38.05164753187,65.4104255852834,536.92351301943));
#4791=CARTESIAN_POINT('Ctrl Pts',(-37.9386202126216,65.6845377522325,537.021707377969));
#4792=CARTESIAN_POINT('Ctrl Pts',(-37.988213216819,65.6544662251608,537.020778308114));
#4793=CARTESIAN_POINT('Ctrl Pts',(-38.063169570421,65.5576553659862,537.004559077401));
#4794=CARTESIAN_POINT('Ctrl Pts',(-38.0623950820954,65.4505359887946,536.957636752627));
#4795=CARTESIAN_POINT('Ctrl Pts',(-38.0504784481077,65.4060625052826,536.929406673817));
#4796=CARTESIAN_POINT('',(-38.050478448105,65.4060625052727,536.929406673817));
#4797=CARTESIAN_POINT('Origin',(-38.0021821567921,65.4190034575338,536.929406673817));
#4798=CARTESIAN_POINT('Ctrl Pts',(-38.0504784481077,65.4060625052826,536.929406673817));
#4799=CARTESIAN_POINT('Ctrl Pts',(-38.0623950820954,65.4505359887946,536.957636752627));
#4800=CARTESIAN_POINT('Ctrl Pts',(-38.063169570421,65.5576553659862,537.004559077401));
#4801=CARTESIAN_POINT('Ctrl Pts',(-37.988213216819,65.6544662251608,537.020778308114));
#4802=CARTESIAN_POINT('Ctrl Pts',(-37.9386202126216,65.6845377522325,537.021707377969));
#4803=CARTESIAN_POINT('Ctrl Pts',(-38.03343569325,65.4377778960508,536.895190640773));
#4804=CARTESIAN_POINT('Ctrl Pts',(-38.0280701148698,65.4156355402214,536.878140049403));
#4805=CARTESIAN_POINT('Ctrl Pts',(-38.0226869994335,65.3933934627583,536.861214428952));
#4806=CARTESIAN_POINT('Ctrl Pts',(-38.0172848783198,65.3710403046399,536.844430099414));
#4807=CARTESIAN_POINT('Ctrl Pts',(-38.0408914309846,65.4326215015504,536.899171516038));
#4808=CARTESIAN_POINT('Ctrl Pts',(-38.0353582856526,65.4105070839578,536.882169544537));
#4809=CARTESIAN_POINT('Ctrl Pts',(-38.0298076290015,65.3882991946624,536.865287154823));
#4810=CARTESIAN_POINT('Ctrl Pts',(-38.0242309502596,65.3659836574967,536.848546213404));
#4811=CARTESIAN_POINT('Ctrl Pts',(-38.0505924167305,65.4216238764836,536.90975595976));
#4812=CARTESIAN_POINT('Ctrl Pts',(-38.0448072308393,65.3996561666944,536.892727133796));
#4813=CARTESIAN_POINT('Ctrl Pts',(-38.038998279326,65.3775992420576,536.875816784002));
#4814=CARTESIAN_POINT('Ctrl Pts',(-38.0331647228363,65.3554443422665,536.859038585935));
#4815=CARTESIAN_POINT('Ctrl Pts',(-38.0516475318689,65.4104255852779,536.923513019429));
#4816=CARTESIAN_POINT('Ctrl Pts',(-38.0458129866329,65.3886519849223,536.906350800432));
#4817=CARTESIAN_POINT('Ctrl Pts',(-38.0399565999931,65.3667933189755,536.889302491306));
#4818=CARTESIAN_POINT('Ctrl Pts',(-38.0340745229215,65.3448422230444,536.872381328623));
#4819=CARTESIAN_POINT('Ctrl Pts',(-38.0504784481061,65.4060625052769,536.929406673815));
#4820=CARTESIAN_POINT('Ctrl Pts',(-38.0446635349838,65.3843609540629,536.912187522853));
#4821=CARTESIAN_POINT('Ctrl Pts',(-38.0388264723399,65.362576739709,536.895079964913));
#4822=CARTESIAN_POINT('Ctrl Pts',(-38.0329650682133,65.3407016817047,536.878097754263));
#4823=CARTESIAN_POINT('',(-38.0329650682133,65.3407016817046,536.878097754263));
#4824=CARTESIAN_POINT('Origin',(-37.9846687768989,65.3536426339598,536.878097754263));
#4825=CARTESIAN_POINT('Ctrl Pts',(-38.0329650682133,65.3407016817047,536.878097754263));
#4826=CARTESIAN_POINT('Ctrl Pts',(-38.0388264723399,65.362576739709,536.895079964913));
#4827=CARTESIAN_POINT('Ctrl Pts',(-38.0446635349838,65.3843609540629,536.912187522853));
#4828=CARTESIAN_POINT('Ctrl Pts',(-38.0504784481061,65.4060625052769,536.929406673815));
#4829=CARTESIAN_POINT('Ctrl Pts',(-38.0172848783198,65.3710403046398,536.844430099414));
#4830=CARTESIAN_POINT('Ctrl Pts',(-37.9179415571452,64.9599727036914,536.535771517929));
#4831=CARTESIAN_POINT('Ctrl Pts',(-37.7676505792421,64.5437487452115,536.246692810688));
#4832=CARTESIAN_POINT('Ctrl Pts',(-37.5629227548335,64.1465831742623,535.964731977149));
#4833=CARTESIAN_POINT('Ctrl Pts',(-37.5612357607572,64.1433250143157,535.962415888372));
#4834=CARTESIAN_POINT('Ctrl Pts',(-37.5595457619426,64.1400675300385,535.960100553288));
#4835=CARTESIAN_POINT('Ctrl Pts',(-38.0294405042144,65.3621911721393,536.851633298896));
#4836=CARTESIAN_POINT('Ctrl Pts',(-37.9239479133653,64.9515016315703,536.543572034519));
#4837=CARTESIAN_POINT('Ctrl Pts',(-37.7671167956172,64.539510439858,536.252486626334));
#4838=CARTESIAN_POINT('Ctrl Pts',(-37.5629112539764,64.1465184688008,535.964823741063));
#4839=CARTESIAN_POINT('Ctrl Pts',(-37.5612299284684,64.1432923046204,535.962462132081));
#4840=CARTESIAN_POINT('Ctrl Pts',(-37.5595457619426,64.1400675300385,535.960100553288));
#4841=CARTESIAN_POINT('Ctrl Pts',(-38.0355537958658,65.3503629448306,536.86475942777));
#4842=CARTESIAN_POINT('Ctrl Pts',(-37.9260774320796,64.943274616632,536.553284415432));
#4843=CARTESIAN_POINT('Ctrl Pts',(-37.7664943994088,64.535405150639,536.258201881946));
#4844=CARTESIAN_POINT('Ctrl Pts',(-37.5628996306667,64.1464532510439,535.96491606218));
#4845=CARTESIAN_POINT('Ctrl Pts',(-37.5612240961795,64.1432595949251,535.96250837579));
#4846=CARTESIAN_POINT('Ctrl Pts',(-37.5595457619426,64.1400675300385,535.960100553288));
#4847=CARTESIAN_POINT('Ctrl Pts',(-38.0329650682133,65.3407016817046,536.878097754263));
#4848=CARTESIAN_POINT('Ctrl Pts',(-37.9246514405887,64.9364697202575,536.563345997587));
#4849=CARTESIAN_POINT('Ctrl Pts',(-37.7657869051611,64.5313426232773,536.263943355247));
#4850=CARTESIAN_POINT('Ctrl Pts',(-37.5628878659098,64.1463880448369,535.965008331749));
#4851=CARTESIAN_POINT('Ctrl Pts',(-37.5612182638907,64.1432268852298,535.9625546195));
#4852=CARTESIAN_POINT('Ctrl Pts',(-37.5595457619426,64.1400675300385,535.960100553288));
#4853=CARTESIAN_POINT('Ctrl Pts',(-37.5595457619426,64.1400675300385,535.960100553288));
#4854=CARTESIAN_POINT('Ctrl Pts',(-37.5612182638907,64.1432268852298,535.9625546195));
#4855=CARTESIAN_POINT('Ctrl Pts',(-37.5628878659098,64.1463880448369,535.965008331749));
#4856=CARTESIAN_POINT('Ctrl Pts',(-37.7657869051611,64.5313426232773,536.263943355247));
#4857=CARTESIAN_POINT('Ctrl Pts',(-37.9246514405887,64.9364697202575,536.563345997587));
#4858=CARTESIAN_POINT('Ctrl Pts',(-38.0329650682133,65.3407016817046,536.878097754263));
#4859=CARTESIAN_POINT('Origin',(-43.1788823721648,59.9028136210011,536.93435176815));
#4860=CARTESIAN_POINT('',(-36.3128163405445,64.3504560883656,538.345708420298));
#4861=CARTESIAN_POINT('',(-37.5220281226724,65.5596678704935,536.93435176815));
#4862=CARTESIAN_POINT('Origin',(-41.9696705900369,58.6936018388732,538.345708420298));
#4863=CARTESIAN_POINT('Origin',(-41.9696705900369,58.6936018388732,538.345708420298));
#4864=CARTESIAN_POINT('Origin',(-41.9696705900369,58.6936018388732,538.345708420298));
#4865=CARTESIAN_POINT('Origin',(-41.9696705900369,58.6936018388732,528.808872221962));
#4866=CARTESIAN_POINT('',(-36.3128163405445,64.3504560883656,528.808872221962));
#4867=CARTESIAN_POINT('Origin',(-29.8453149370548,65.6936018388732,538.345708420298));
#4868=CARTESIAN_POINT('',(-37.5727215473673,63.6230494780531,538.345708420298));
#4869=CARTESIAN_POINT('Origin',(-29.8453149370548,65.6936018388732,538.345708420298));
#4870=CARTESIAN_POINT('Origin',(-29.8453149370548,65.6936018388733,538.345708420298));
#4871=CARTESIAN_POINT('Origin',(-29.8453149370548,65.6936018388732,528.808872221962));
#4872=CARTESIAN_POINT('',(-37.5727215473673,63.6230494780531,528.808872221962));
#4873=CARTESIAN_POINT('Origin',(-30.5284990725313,68.2432797433967,536.167191442484));
#4874=CARTESIAN_POINT('',(-38.2559056828439,66.1727273825765,536.167191442484));
#4875=CARTESIAN_POINT('Origin',(-37.8089969915301,65.4707672665384,534.269624073988));
#4876=CARTESIAN_POINT('',(-38.0504784481024,65.4060625052628,534.269624073988));
#4877=CARTESIAN_POINT('',(-37.9339969915301,65.6872736174846,534.269624073988));
#4878=CARTESIAN_POINT('Origin',(-37.926923076923,65.6913577439872,537.));
#4879=CARTESIAN_POINT('',(-37.9198491623159,65.6954418704898,534.269624073988));
#4880=CARTESIAN_POINT('Origin',(-37.7948491623159,65.4789355195437,534.269624073988));
#4881=CARTESIAN_POINT('',(-37.6180724670193,65.6557122148403,534.269624073988));
#4882=CARTESIAN_POINT('Origin',(-36.6608976731386,64.6985374209596,531.539248147975));
#4883=CARTESIAN_POINT('Origin',(-37.7001281576799,64.0985374209596,531.539248147975));
#4884=CARTESIAN_POINT('Ctrl Pts',(-37.5595457619427,-64.1400675300385,535.960100553288));
#4885=CARTESIAN_POINT('Ctrl Pts',(-37.5612357607571,-64.1433250143143,535.962415888374));
#4886=CARTESIAN_POINT('Ctrl Pts',(-37.5629227548263,-64.1465831742474,535.964731977141));
#4887=CARTESIAN_POINT('Ctrl Pts',(-37.7676505792541,-64.5437487452481,536.246692810657));
#4888=CARTESIAN_POINT('Ctrl Pts',(-37.9179415571617,-64.959972703734,536.535771517958));
#4889=CARTESIAN_POINT('Ctrl Pts',(-38.0172848783378,-65.3710403047138,536.84443009947));
#4890=CARTESIAN_POINT('Ctrl Pts',(-37.5595457619427,-64.1400675300385,535.960100553288));
#4891=CARTESIAN_POINT('Ctrl Pts',(-37.5612364254367,-64.1432820384973,535.962467975216));
#4892=CARTESIAN_POINT('Ctrl Pts',(-37.5629052574151,-64.146528104878,535.964818199937));
#4893=CARTESIAN_POINT('Ctrl Pts',(-37.7672084267807,-64.5392359774602,536.252685669813));
#4894=CARTESIAN_POINT('Ctrl Pts',(-37.9243439046965,-64.9512884231819,536.543587334336));
#4895=CARTESIAN_POINT('Ctrl Pts',(-38.0294405042334,-65.3621911722132,536.851633298952));
#4896=CARTESIAN_POINT('Ctrl Pts',(-37.5595457619427,-64.1400675300385,535.960100553288));
#4897=CARTESIAN_POINT('Ctrl Pts',(-37.5612241988414,-64.1432612377838,535.962506104107));
#4898=CARTESIAN_POINT('Ctrl Pts',(-37.5628994344561,-64.1464517103852,535.96491824422));
#4899=CARTESIAN_POINT('Ctrl Pts',(-37.7665163634223,-64.5354529671743,536.258125340881));
#4900=CARTESIAN_POINT('Ctrl Pts',(-37.9262227552357,-64.9433317590535,536.553182800662));
#4901=CARTESIAN_POINT('Ctrl Pts',(-38.0355537958855,-65.3503629449038,536.864759427826));
#4902=CARTESIAN_POINT('Ctrl Pts',(-37.5595457619427,-64.1400675300385,535.960100553288));
#4903=CARTESIAN_POINT('Ctrl Pts',(-37.5612182638906,-64.1432268852287,535.962554619502));
#4904=CARTESIAN_POINT('Ctrl Pts',(-37.5628878659027,-64.1463880448226,535.96500833174));
#4905=CARTESIAN_POINT('Ctrl Pts',(-37.7657869051711,-64.5313426233074,536.263943355228));
#4906=CARTESIAN_POINT('Ctrl Pts',(-37.924651440606,-64.9364697202991,536.563345997617));
#4907=CARTESIAN_POINT('Ctrl Pts',(-38.0329650682329,-65.3407016817774,536.878097754319));
#4908=CARTESIAN_POINT('',(-38.0329650682253,-65.3407016817491,536.878097754284));
#4909=CARTESIAN_POINT('Origin',(-37.9846687769183,-65.3536426340321,536.878097754319));
#4910=CARTESIAN_POINT('Ctrl Pts',(-38.0329650682329,-65.3407016817774,536.878097754319));
#4911=CARTESIAN_POINT('Ctrl Pts',(-37.924651440606,-64.9364697202991,536.563345997617));
#4912=CARTESIAN_POINT('Ctrl Pts',(-37.7657869051711,-64.5313426233074,536.263943355228));
#4913=CARTESIAN_POINT('Ctrl Pts',(-37.5628878659027,-64.1463880448226,535.96500833174));
#4914=CARTESIAN_POINT('Ctrl Pts',(-37.5612182638906,-64.1432268852287,535.962554619502));
#4915=CARTESIAN_POINT('Ctrl Pts',(-37.5595457619427,-64.1400675300385,535.960100553288));
#4916=CARTESIAN_POINT('Ctrl Pts',(-38.0172848783377,-65.3710403047138,536.84443009947));
#4917=CARTESIAN_POINT('Ctrl Pts',(-38.0226869994456,-65.3933934628081,536.86121442899));
#4918=CARTESIAN_POINT('Ctrl Pts',(-38.0280701148762,-65.4156355402475,536.878140049423));
#4919=CARTESIAN_POINT('Ctrl Pts',(-38.0334356932507,-65.4377778960534,536.895190640775));
#4920=CARTESIAN_POINT('Ctrl Pts',(-38.0242309502781,-65.3659836575705,536.848546213459));
#4921=CARTESIAN_POINT('Ctrl Pts',(-38.029807629014,-65.3882991947122,536.865287154861));
#4922=CARTESIAN_POINT('Ctrl Pts',(-38.0353582856592,-65.4105070839839,536.882169544557));
#4923=CARTESIAN_POINT('Ctrl Pts',(-38.0408914309853,-65.4326215015529,536.89917151604));
#4924=CARTESIAN_POINT('Ctrl Pts',(-38.0331647228556,-65.3554443423397,536.85903858599));
#4925=CARTESIAN_POINT('Ctrl Pts',(-38.0389982793391,-65.377599242107,536.87581678404));
#4926=CARTESIAN_POINT('Ctrl Pts',(-38.0448072308461,-65.3996561667203,536.892727133816));
#4927=CARTESIAN_POINT('Ctrl Pts',(-38.0505924167312,-65.4216238764861,536.909755959761));
#4928=CARTESIAN_POINT('Ctrl Pts',(-38.034074522941,-65.3448422231169,536.872381328679));
#4929=CARTESIAN_POINT('Ctrl Pts',(-38.0399566000063,-65.3667933190245,536.889302491344));
#4930=CARTESIAN_POINT('Ctrl Pts',(-38.0458129866399,-65.388651984948,536.906350800452));
#4931=CARTESIAN_POINT('Ctrl Pts',(-38.0516475318696,-65.4104255852805,536.923513019431));
#4932=CARTESIAN_POINT('Ctrl Pts',(-38.0329650682328,-65.340701681777,536.878097754319));
#4933=CARTESIAN_POINT('Ctrl Pts',(-38.0388264723531,-65.3625767397578,536.895079964951));
#4934=CARTESIAN_POINT('Ctrl Pts',(-38.0446635349907,-65.3843609540885,536.912187522873));
#4935=CARTESIAN_POINT('Ctrl Pts',(-38.0504784481068,-65.4060625052794,536.929406673817));
#4936=CARTESIAN_POINT('',(-38.0504784481046,-65.4060625052711,536.929406673817));
#4937=CARTESIAN_POINT('Origin',(-38.0021821567924,-65.4190034575345,536.929406673817));
#4938=CARTESIAN_POINT('Ctrl Pts',(-38.0504784481068,-65.4060625052794,536.929406673817));
#4939=CARTESIAN_POINT('Ctrl Pts',(-38.0446635349907,-65.3843609540885,536.912187522873));
#4940=CARTESIAN_POINT('Ctrl Pts',(-38.0388264723531,-65.3625767397578,536.895079964951));
#4941=CARTESIAN_POINT('Ctrl Pts',(-38.0329650682328,-65.340701681777,536.878097754319));
#4942=CARTESIAN_POINT('Ctrl Pts',(-38.0334356932507,-65.4377778960533,536.895190640775));
#4943=CARTESIAN_POINT('Ctrl Pts',(-38.0422323188441,-65.4740792973681,536.923144322157));
#4944=CARTESIAN_POINT('Ctrl Pts',(-38.0395917211861,-65.5629795720857,536.968842293578));
#4945=CARTESIAN_POINT('Ctrl Pts',(-37.9729682701975,-65.645195289797,536.984199397985));
#4946=CARTESIAN_POINT('Ctrl Pts',(-37.9297395058102,-65.6713046206497,536.985128466144));
#4947=CARTESIAN_POINT('Ctrl Pts',(-38.0408914309851,-65.4326215015538,536.89917151604));
#4948=CARTESIAN_POINT('Ctrl Pts',(-38.0494926063463,-65.4707179638552,536.927645890172));
#4949=CARTESIAN_POINT('Ctrl Pts',(-38.0464995934776,-65.5634987094115,536.973997656052));
#4950=CARTESIAN_POINT('Ctrl Pts',(-37.9776365095278,-65.6490577859509,536.989517367766));
#4951=CARTESIAN_POINT('Ctrl Pts',(-37.9327966775077,-65.6761406704054,536.990455882723));
#4952=CARTESIAN_POINT('Ctrl Pts',(-38.0505924166334,-65.4216238764855,536.909755959799));
#4953=CARTESIAN_POINT('Ctrl Pts',(-38.059568633492,-65.4631335143819,536.938498166441));
#4954=CARTESIAN_POINT('Ctrl Pts',(-38.0567997163272,-65.5628538485084,536.985407307659));
#4955=CARTESIAN_POINT('Ctrl Pts',(-37.9844403467074,-65.6540050790919,537.001223445263));
#4956=CARTESIAN_POINT('Ctrl Pts',(-37.9370267435494,-65.6826645628038,537.002165035516));
#4957=CARTESIAN_POINT('Ctrl Pts',(-38.0516475318703,-65.4104255852843,536.923513019431));
#4958=CARTESIAN_POINT('Ctrl Pts',(-38.06253409616,-65.4542761725373,536.951895649109));
#4959=CARTESIAN_POINT('Ctrl Pts',(-38.0620045294001,-65.5595103562994,536.998814933563));
#4960=CARTESIAN_POINT('Ctrl Pts',(-37.9876061657983,-65.6548661870067,537.014912534125));
#4961=CARTESIAN_POINT('Ctrl Pts',(-37.9385198431296,-65.6845986129112,537.015845344714));
#4962=CARTESIAN_POINT('Ctrl Pts',(-38.0504784481079,-65.4060625052835,536.929406673817));
#4963=CARTESIAN_POINT('Ctrl Pts',(-38.0623950603474,-65.4505359076304,536.957636701107));
#4964=CARTESIAN_POINT('Ctrl Pts',(-38.063167838658,-65.5576602963472,537.004560697853));
#4965=CARTESIAN_POINT('Ctrl Pts',(-37.988213126308,-65.6544662800446,537.02077830981));
#4966=CARTESIAN_POINT('Ctrl Pts',(-37.9386202126186,-65.6845377522343,537.021707377969));
#4967=CARTESIAN_POINT('',(-37.9386202126186,-65.6845377522343,537.021707377969));
#4968=CARTESIAN_POINT('Origin',(-37.9126955684009,-65.6417836550951,537.021707377969));
#4969=CARTESIAN_POINT('Ctrl Pts',(-37.9386202126186,-65.6845377522343,537.021707377969));
#4970=CARTESIAN_POINT('Ctrl Pts',(-37.988213126308,-65.6544662800446,537.02077830981));
#4971=CARTESIAN_POINT('Ctrl Pts',(-38.063167838658,-65.5576602963472,537.004560697853));
#4972=CARTESIAN_POINT('Ctrl Pts',(-38.0623950603474,-65.4505359076304,536.957636701107));
#4973=CARTESIAN_POINT('Ctrl Pts',(-38.0504784481079,-65.4060625052835,536.929406673817));
#4974=CARTESIAN_POINT('Ctrl Pts',(-37.9297395058114,-65.671304620649,536.985128466164));
#4975=CARTESIAN_POINT('Ctrl Pts',(-37.9285145329841,-65.672047402905,536.985157151796));
#4976=CARTESIAN_POINT('Ctrl Pts',(-37.9272815791445,-65.67277702312,536.985171496267));
#4977=CARTESIAN_POINT('Ctrl Pts',(-37.9260409289397,-65.6734933128497,536.985171496267));
#4978=CARTESIAN_POINT('Ctrl Pts',(-37.935089556282,-65.6797677077214,536.994451445178));
#4979=CARTESIAN_POINT('Ctrl Pts',(-37.9337489681411,-65.6805784994014,536.994481204838));
#4980=CARTESIAN_POINT('Ctrl Pts',(-37.9324007276534,-65.681375376484,536.994496053047));
#4981=CARTESIAN_POINT('Ctrl Pts',(-37.9310439122889,-65.6821587341999,536.994496053047));
#4982=CARTESIAN_POINT('Ctrl Pts',(-37.9383860171456,-65.6846797604796,537.008029300395));
#4983=CARTESIAN_POINT('Ctrl Pts',(-37.9369315666736,-65.6855593424765,537.008058565021));
#4984=CARTESIAN_POINT('Ctrl Pts',(-37.935468998432,-65.6864237539034,537.008073174136));
#4985=CARTESIAN_POINT('Ctrl Pts',(-37.9339969915301,-65.6872736174845,537.008073174136));
#4986=CARTESIAN_POINT('Ctrl Pts',(-37.9386202126197,-65.6845377522336,537.021707377989));
#4987=CARTESIAN_POINT('Ctrl Pts',(-37.9370889965856,-65.6854662300535,537.021736063621));
#4988=CARTESIAN_POINT('Ctrl Pts',(-37.9355478042861,-65.6863782553224,537.021750408093));
#4989=CARTESIAN_POINT('Ctrl Pts',(-37.9339969915301,-65.6872736174845,537.021750408093));
#4990=CARTESIAN_POINT('',(-37.9339969915301,-65.6872736174845,537.021750408093));
#4991=CARTESIAN_POINT('Origin',(-37.9089969915301,-65.6439723472953,537.021750408093));
#4992=CARTESIAN_POINT('Origin',(-37.8089969915301,-65.4707672665384,536.835370479777));
#4993=CARTESIAN_POINT('Origin',(-37.901923076923,-65.6480564737979,537.021750408093));
#4994=CARTESIAN_POINT('',(-37.9198491623159,-65.6954418704898,537.021750408093));
#4995=CARTESIAN_POINT('Origin',(-37.8948491623159,-65.6521406003006,537.021750408093));
#4996=CARTESIAN_POINT('',(-37.926923076923,-65.6913577439872,537.021750408093));
#4997=CARTESIAN_POINT('Ctrl Pts',(-37.9118930997255,-65.681661565855,536.985171496267));
#4998=CARTESIAN_POINT('Ctrl Pts',(-37.9106524495201,-65.682377855585,536.985171496267));
#4999=CARTESIAN_POINT('Ctrl Pts',(-37.9094041029584,-65.6830808148246,536.985157151796));
#5000=CARTESIAN_POINT('Ctrl Pts',(-37.9081483482409,-65.6837702812843,536.985128466164));
#5001=CARTESIAN_POINT('Ctrl Pts',(-37.9168960830747,-65.6903269872052,536.994496053047));
#5002=CARTESIAN_POINT('Ctrl Pts',(-37.9155392677096,-65.6911103449215,536.994496053047));
#5003=CARTESIAN_POINT('Ctrl Pts',(-37.9141750316678,-65.6918795168933,536.994481204838));
#5004=CARTESIAN_POINT('Ctrl Pts',(-37.9128025714046,-65.6926351044397,536.994451445178));
#5005=CARTESIAN_POINT('Ctrl Pts',(-37.9198491623159,-65.6954418704898,537.008073174136));
#5006=CARTESIAN_POINT('Ctrl Pts',(-37.9183771554133,-65.6962917340713,537.008073174136));
#5007=CARTESIAN_POINT('Ctrl Pts',(-37.9168972690367,-65.6971261496102,537.008058565021));
#5008=CARTESIAN_POINT('Ctrl Pts',(-37.9154083034459,-65.6979459496694,537.008029300395));
#5009=CARTESIAN_POINT('Ctrl Pts',(-37.9198491623159,-65.6954418704898,537.021750408093));
#5010=CARTESIAN_POINT('Ctrl Pts',(-37.9182983495592,-65.6963372326523,537.021750408093));
#5011=CARTESIAN_POINT('Ctrl Pts',(-37.916737916357,-65.6972159317018,537.021736063621));
#5012=CARTESIAN_POINT('Ctrl Pts',(-37.9151682229602,-65.6980777647765,537.021707377989));
#5013=CARTESIAN_POINT('',(-37.9151682229602,-65.6980777647765,537.021707377989));
#5014=CARTESIAN_POINT('Origin',(-37.8911044108314,-65.6542493157299,537.021707377989));
#5015=CARTESIAN_POINT('Origin',(-37.7948491623159,-65.4789355195437,536.835370479777));
#5016=CARTESIAN_POINT('Ctrl Pts',(-37.9081483482413,-65.6837702812842,536.985128466144));
#5017=CARTESIAN_POINT('Ctrl Pts',(-37.8639225415399,-65.7081528684897,536.984199396289));
#5018=CARTESIAN_POINT('Ctrl Pts',(-37.7594056086856,-65.724741905992,536.968840719178));
#5019=CARTESIAN_POINT('Ctrl Pts',(-37.681099850843,-65.6825793005007,536.923144373173));
#5020=CARTESIAN_POINT('Ctrl Pts',(-37.6540601785602,-65.6568104515831,536.895190640775));
#5021=CARTESIAN_POINT('Ctrl Pts',(-37.9108079043348,-65.6888358945158,536.990455882723));
#5022=CARTESIAN_POINT('Ctrl Pts',(-37.8649334386571,-65.7141269320756,536.989517366052));
#5023=CARTESIAN_POINT('Ctrl Pts',(-37.7564010705088,-65.7309838367883,536.973996057683));
#5024=CARTESIAN_POINT('Ctrl Pts',(-37.6745587098945,-65.687186228489,536.927645942138));
#5025=CARTESIAN_POINT('Ctrl Pts',(-37.6458667410644,-65.6606891126152,536.899171516039));
#5026=CARTESIAN_POINT('Ctrl Pts',(-37.9143427278636,-65.6957611853691,537.002165035515));
#5027=CARTESIAN_POINT('Ctrl Pts',(-37.865815996768,-65.7224928771182,537.001223443543));
#5028=CARTESIAN_POINT('Ctrl Pts',(-37.7506922324442,-65.7395814874585,536.985405688412));
#5029=CARTESIAN_POINT('Ctrl Pts',(-37.6629523754534,-65.6921201029426,536.938498218893));
#5030=CARTESIAN_POINT('Ctrl Pts',(-37.6314920255468,-65.6635916000997,536.909755959796));
#5031=CARTESIAN_POINT('Ctrl Pts',(-37.9152711145973,-65.6980212725875,537.015845344714));
#5032=CARTESIAN_POINT('Ctrl Pts',(-37.8649788253285,-65.7256651124946,537.014912532422));
#5033=CARTESIAN_POINT('Ctrl Pts',(-37.7451940815863,-65.7424171127439,536.998813313633));
#5034=CARTESIAN_POINT('Ctrl Pts',(-37.6537989630316,-65.6902596031747,536.951895700908));
#5035=CARTESIAN_POINT('Ctrl Pts',(-37.6212664632721,-65.6589062110925,536.92351301943));
#5036=CARTESIAN_POINT('Ctrl Pts',(-37.9151682229606,-65.6980777647763,537.021707377969));
#5037=CARTESIAN_POINT('Ctrl Pts',(-37.8643290144872,-65.7259908027254,537.020778308114));
#5038=CARTESIAN_POINT('Ctrl Pts',(-37.7430101735361,-65.7424994802311,537.004559077579));
#5039=CARTESIAN_POINT('Ctrl Pts',(-37.6506293165561,-65.6882690643718,536.957636752627));
#5040=CARTESIAN_POINT('Ctrl Pts',(-37.6180724670338,-65.6557122148548,536.929406673817));
#5041=CARTESIAN_POINT('',(-37.6180724670266,-65.6557122148476,536.929406673817));
#5042=CARTESIAN_POINT('Origin',(-37.6534278060902,-65.6203568757926,536.929406673817));
#5043=CARTESIAN_POINT('Ctrl Pts',(-37.6180724670338,-65.6557122148548,536.929406673817));
#5044=CARTESIAN_POINT('Ctrl Pts',(-37.6506293165561,-65.6882690643718,536.957636752627));
#5045=CARTESIAN_POINT('Ctrl Pts',(-37.7430101735361,-65.7424994802311,537.004559077579));
#5046=CARTESIAN_POINT('Ctrl Pts',(-37.8643290144872,-65.7259908027254,537.020778308114));
#5047=CARTESIAN_POINT('Ctrl Pts',(-37.9151682229606,-65.6980777647763,537.021707377969));
#5048=CARTESIAN_POINT('Ctrl Pts',(-37.6540601785588,-65.6568104515817,536.895190640773));
#5049=CARTESIAN_POINT('Ctrl Pts',(-37.637567125101,-65.6410925464838,536.878140049403));
#5050=CARTESIAN_POINT('Ctrl Pts',(-37.6209964787032,-65.6253095930328,536.861214428952));
#5051=CARTESIAN_POINT('Ctrl Pts',(-37.6043391364747,-65.6094546398549,536.844430099414));
#5052=CARTESIAN_POINT('Ctrl Pts',(-37.6458667410622,-65.6606891126136,536.899171516038));
#5053=CARTESIAN_POINT('Ctrl Pts',(-37.6294816663031,-65.644840059397,536.882169544537));
#5054=CARTESIAN_POINT('Ctrl Pts',(-37.6130243983345,-65.6289291050817,536.865287154823));
#5055=CARTESIAN_POINT('Ctrl Pts',(-37.5964869156209,-65.6129417910397,536.848546213404));
#5056=CARTESIAN_POINT('Ctrl Pts',(-37.631492025469,-65.6635916002361,536.909755959735));
#5057=CARTESIAN_POINT('Ctrl Pts',(-37.6153600236742,-65.6475976273941,536.892727133771));
#5058=CARTESIAN_POINT('Ctrl Pts',(-37.5991626423695,-65.6315384654875,536.875816783981));
#5059=CARTESIAN_POINT('Ctrl Pts',(-37.5828927145769,-65.6154090074774,536.859038585914));
#5060=CARTESIAN_POINT('Ctrl Pts',(-37.6212664632679,-65.6589062110889,536.923513019429));
#5061=CARTESIAN_POINT('Ctrl Pts',(-37.6053272448461,-65.6429665465172,536.906350800432));
#5062=CARTESIAN_POINT('Ctrl Pts',(-37.5893252781632,-65.6269654339393,536.889302491306));
#5063=CARTESIAN_POINT('Ctrl Pts',(-37.5732561099817,-65.6108958578027,536.872381328623));
#5064=CARTESIAN_POINT('Ctrl Pts',(-37.6180724670296,-65.6557122148506,536.929406673815));
#5065=CARTESIAN_POINT('Ctrl Pts',(-37.6021858289379,-65.6398255767589,536.912187522853));
#5066=CARTESIAN_POINT('Ctrl Pts',(-37.5862386772279,-65.6238784250489,536.895079964913));
#5067=CARTESIAN_POINT('Ctrl Pts',(-37.5702250233502,-65.6078647711712,536.878097754263));
#5068=CARTESIAN_POINT('',(-37.5702250233501,-65.6078647711711,536.878097754263));
#5069=CARTESIAN_POINT('Origin',(-37.6055803624095,-65.5725094321119,536.878097754263));
#5070=CARTESIAN_POINT('Ctrl Pts',(-37.5702250233502,-65.6078647711712,536.878097754263));
#5071=CARTESIAN_POINT('Ctrl Pts',(-37.5862386772279,-65.6238784250489,536.895079964913));
#5072=CARTESIAN_POINT('Ctrl Pts',(-37.6021858289379,-65.6398255767589,536.912187522853));
#5073=CARTESIAN_POINT('Ctrl Pts',(-37.6180724670296,-65.6557122148506,536.929406673815));
#5074=CARTESIAN_POINT('Ctrl Pts',(-37.6043391364746,-65.6094546398549,536.844430099414));
#5075=CARTESIAN_POINT('Ctrl Pts',(-37.2980158119679,-65.3178869995471,536.535771517929));
#5076=CARTESIAN_POINT('Ctrl Pts',(-37.0127007835997,-64.979619214388,536.246692809963));
#5077=CARTESIAN_POINT('Ctrl Pts',(-36.7711092174414,-64.6037369332157,535.964731977153));
#5078=CARTESIAN_POINT('Ctrl Pts',(-36.7691310652207,-64.6006468735101,535.962415888372));
#5079=CARTESIAN_POINT('Ctrl Pts',(-36.7671550004915,-64.5975545494657,535.960100553288));
#5080=CARTESIAN_POINT('Ctrl Pts',(-37.5905977499804,-65.6155571544282,536.851633298896));
#5081=CARTESIAN_POINT('Ctrl Pts',(-37.2876764702037,-65.3188531205573,536.543572034519));
#5082=CARTESIAN_POINT('Ctrl Pts',(-37.0092971912906,-64.9770377923832,536.252486627089));
#5083=CARTESIAN_POINT('Ctrl Pts',(-36.7710589313189,-64.6036946204457,535.964823741059));
#5084=CARTESIAN_POINT('Ctrl Pts',(-36.769105653938,-64.6006254677522,535.962462132081));
#5085=CARTESIAN_POINT('Ctrl Pts',(-36.7671550004915,-64.5975545494657,535.960100553288));
#5086=CARTESIAN_POINT('Ctrl Pts',(-37.5772975588237,-65.6149373066447,536.86475942777));
#5087=CARTESIAN_POINT('Ctrl Pts',(-37.2794869069127,-65.3165838303927,536.553284415432));
#5088=CARTESIAN_POINT('Ctrl Pts',(-37.006053103173,-64.9744461371367,536.258201883128));
#5089=CARTESIAN_POINT('Ctrl Pts',(-36.7710082627477,-64.6036519454842,535.964916062174));
#5090=CARTESIAN_POINT('Ctrl Pts',(-36.7690802426554,-64.6006040619942,535.96250837579));
#5091=CARTESIAN_POINT('Ctrl Pts',(-36.7671550004915,-64.5975545494657,535.960100553288));
#5092=CARTESIAN_POINT('Ctrl Pts',(-37.5702250233502,-65.6078647711712,536.878097754263));
#5093=CARTESIAN_POINT('Ctrl Pts',(-37.2743066895277,-65.3119464373487,536.563345997587));
#5094=CARTESIAN_POINT('Ctrl Pts',(-37.002888598312,-64.9718021643345,536.263943357514));
#5095=CARTESIAN_POINT('Ctrl Pts',(-36.7709576748949,-64.6036091538086,535.965008331736));
#5096=CARTESIAN_POINT('Ctrl Pts',(-36.7690548313727,-64.6005826562363,535.9625546195));
#5097=CARTESIAN_POINT('Ctrl Pts',(-36.7671550004915,-64.5975545494657,535.960100553288));
#5098=CARTESIAN_POINT('Ctrl Pts',(-36.7671550004915,-64.5975545494657,535.960100553288));
#5099=CARTESIAN_POINT('Ctrl Pts',(-36.7690548313727,-64.6005826562363,535.9625546195));
#5100=CARTESIAN_POINT('Ctrl Pts',(-36.7709576748949,-64.6036091538086,535.965008331736));
#5101=CARTESIAN_POINT('Ctrl Pts',(-37.002888598312,-64.9718021643345,536.263943357514));
#5102=CARTESIAN_POINT('Ctrl Pts',(-37.2743066895277,-65.3119464373487,536.563345997587));
#5103=CARTESIAN_POINT('Ctrl Pts',(-37.5702250233502,-65.6078647711712,536.878097754263));
#5104=CARTESIAN_POINT('Origin',(-30.2879171678691,-67.3454158518153,536.93435176815));
#5105=CARTESIAN_POINT('',(-37.5727215473674,-63.6230494780531,538.345708420298));
#5106=CARTESIAN_POINT('',(-38.0153237781816,-65.2748634909952,536.93435176815));
#5107=CARTESIAN_POINT('Origin',(-29.8453149370548,-65.6936018388732,538.345708420298));
#5108=CARTESIAN_POINT('Origin',(-29.8453149370548,-65.6936018388732,538.345708420298));
#5109=CARTESIAN_POINT('Origin',(-29.8453149370548,-65.6936018388732,538.345708420298));
#5110=CARTESIAN_POINT('Origin',(-29.8453149370548,-65.6936018388732,528.808872221962));
#5111=CARTESIAN_POINT('',(-37.5727215473674,-63.6230494780531,528.808872221962));
#5112=CARTESIAN_POINT('Origin',(-41.969670590037,-58.6936018388732,538.345708420298));
#5113=CARTESIAN_POINT('',(-36.3128163405446,-64.3504560883656,538.345708420298));
#5114=CARTESIAN_POINT('Origin',(-41.969670590037,-58.6936018388732,538.345708420298));
#5115=CARTESIAN_POINT('Origin',(-41.969670590037,-58.6936018388732,538.345708420298));
#5116=CARTESIAN_POINT('Origin',(-41.969670590037,-58.6936018388732,528.808872221962));
#5117=CARTESIAN_POINT('',(-36.3128163405446,-64.3504560883656,528.808872221962));
#5118=CARTESIAN_POINT('Origin',(-43.8361643590839,-60.5600956079201,536.167191442484));
#5119=CARTESIAN_POINT('',(-38.1793101095915,-66.2169498574125,536.167191442484));
#5120=CARTESIAN_POINT('Origin',(-37.7948491623159,-65.4789355195437,534.269624073988));
#5121=CARTESIAN_POINT('',(-37.6180724670193,-65.6557122148403,534.269624073988));
#5122=CARTESIAN_POINT('',(-37.9198491623159,-65.6954418704898,534.269624073988));
#5123=CARTESIAN_POINT('Origin',(-37.926923076923,-65.6913577439872,537.));
#5124=CARTESIAN_POINT('',(-37.9339969915301,-65.6872736174845,534.269624073988));
#5125=CARTESIAN_POINT('Origin',(-37.8089969915301,-65.4707672665384,534.269624073988));
#5126=CARTESIAN_POINT('',(-38.0504784481024,-65.4060625052628,534.269624073988));
#5127=CARTESIAN_POINT('Origin',(-37.7001281576799,-64.0985374209596,531.539248147975));
#5128=CARTESIAN_POINT('Origin',(-36.6608976731386,-64.6985374209596,531.539248147975));
#5129=CARTESIAN_POINT('Origin',(0.,0.,477.));
#5130=CARTESIAN_POINT('',(-21.,2.57175827820944E-15,477.));
#5131=CARTESIAN_POINT('',(0.,0.,0.));
#5132=UNCERTAINTY_MEASURE_WITH_UNIT(LENGTH_MEASURE(0.01),#5138,
'DISTANCE_ACCURACY_VALUE',
'Maximum model space distance between geometric entities at asserted c
onnectivities');
#5133=UNCERTAINTY_MEASURE_WITH_UNIT(LENGTH_MEASURE(0.01),#5138,
'DISTANCE_ACCURACY_VALUE',
'Maximum model space distance between geometric entities at asserted c
onnectivities');
#5134=UNCERTAINTY_MEASURE_WITH_UNIT(LENGTH_MEASURE(0.01),#5138,
'DISTANCE_ACCURACY_VALUE',
'Maximum model space distance between geometric entities at asserted c
onnectivities');
#5135=(
GEOMETRIC_REPRESENTATION_CONTEXT(3)
GLOBAL_UNCERTAINTY_ASSIGNED_CONTEXT((#5132))
GLOBAL_UNIT_ASSIGNED_CONTEXT((#5138,#5140,#5141))
REPRESENTATION_CONTEXT('','3D')
);
#5136=(
GEOMETRIC_REPRESENTATION_CONTEXT(3)
GLOBAL_UNCERTAINTY_ASSIGNED_CONTEXT((#5133))
GLOBAL_UNIT_ASSIGNED_CONTEXT((#5138,#5140,#5141))
REPRESENTATION_CONTEXT('','3D')
);
#5137=(
GEOMETRIC_REPRESENTATION_CONTEXT(3)
GLOBAL_UNCERTAINTY_ASSIGNED_CONTEXT((#5134))
GLOBAL_UNIT_ASSIGNED_CONTEXT((#5138,#5140,#5141))
REPRESENTATION_CONTEXT('','3D')
);
#5138=(
LENGTH_UNIT()
NAMED_UNIT(*)
SI_UNIT(.MILLI.,.METRE.)
);
#5139=(
LENGTH_UNIT()
NAMED_UNIT(*)
SI_UNIT($,.METRE.)
);
#5140=(
NAMED_UNIT(*)
PLANE_ANGLE_UNIT()
SI_UNIT($,.RADIAN.)
);
#5141=(
NAMED_UNIT(*)
SI_UNIT($,.STERADIAN.)
SOLID_ANGLE_UNIT()
);
#5142=SHAPE_DEFINITION_REPRESENTATION(#5144,#5147);
#5143=SHAPE_DEFINITION_REPRESENTATION(#5145,#5148);
#5144=PRODUCT_DEFINITION_SHAPE('',$,#5150);
#5145=PRODUCT_DEFINITION_SHAPE('',$,#5151);
#5146=PRODUCT_DEFINITION_SHAPE($,$,#16);
#5147=SHAPE_REPRESENTATION('',(#2066,#2272),#5135);
#5148=SHAPE_REPRESENTATION('',(#2067),#5136);
#5149=PRODUCT_DEFINITION_CONTEXT('part definition',#5157,'design');
#5150=PRODUCT_DEFINITION('Open CASCADE STEP translator 7.9 1',
'collar-fins v1',#5152,#5149);
#5151=PRODUCT_DEFINITION('Open CASCADE STEP translator 7.9 2',
'single-fin v2',#5153,#5149);
#5152=PRODUCT_DEFINITION_FORMATION('',$,#5159);
#5153=PRODUCT_DEFINITION_FORMATION('',$,#5160);
#5154=PRODUCT_RELATED_PRODUCT_CATEGORY('collar-fins v1',
'collar-fins v1',(#5159));
#5155=PRODUCT_RELATED_PRODUCT_CATEGORY('single-fin v2','single-fin v2',
(#5160));
#5156=APPLICATION_PROTOCOL_DEFINITION('international standard',
'automotive_design',2009,#5157);
#5157=APPLICATION_CONTEXT(
'Core Data for Automotive Mechanical Design Process');
#5158=PRODUCT_CONTEXT('part definition',#5157,'mechanical');
#5159=PRODUCT('Open CASCADE STEP translator 7.9 1','collar-fins v1',
'Open CASCADE Model',(#5158));
#5160=PRODUCT('Open CASCADE STEP translator 7.9 2','single-fin v2',
'Open CASCADE Model',(#5158));
#5161=PRESENTATION_STYLE_ASSIGNMENT((#5162));
#5162=SURFACE_STYLE_USAGE(.BOTH.,#5163);
#5163=SURFACE_SIDE_STYLE('',(#5164));
#5164=SURFACE_STYLE_FILL_AREA(#5165);
#5165=FILL_AREA_STYLE('Steel - Satin',(#5166));
#5166=FILL_AREA_STYLE_COLOUR('Steel - Satin',#5167);
#5167=COLOUR_RGB('Steel - Satin',0.627450980392157,0.627450980392157,0.627450980392157);
ENDSEC;
END-ISO-10303-21;
